ISO-10303-21;
HEADER;
FILE_DESCRIPTION (( 'STEP AP203' ),
    '1' );
FILE_NAME ('bolster_top_prog.STEP',
    '2025-12-05T11:54:10',
    ( '' ),
    ( '' ),
    'SwSTEP 2.0',
    'SolidWorks 2020',
    '' );
FILE_SCHEMA (( 'CONFIG_CONTROL_DESIGN' ));
ENDSEC;

DATA;
#1 = DIRECTION ( 'NONE',  ( -0.000000000000000000, 1.000000000000000000, -0.000000000000000000 ) ) ;
#2 = CARTESIAN_POINT ( 'NONE',  ( -70.00000000000000000, 35.00000000000000000, 45.00000000000000000 ) ) ;
#3 = VERTEX_POINT ( 'NONE', #1086 ) ;
#4 = ORIENTED_EDGE ( 'NONE', *, *, #113, .T. ) ;
#5 = LINE ( 'NONE', #933, #106 ) ;
#6 = CARTESIAN_POINT ( 'NONE',  ( -85.00000000000000000, 15.00000000000000000, -60.00000000000000000 ) ) ;
#7 = CARTESIAN_POINT ( 'NONE',  ( 70.00000000000000000, 0.000000000000000000, 45.00000000000000000 ) ) ;
#8 = AXIS2_PLACEMENT_3D ( 'NONE', #1345, #734, #1355 ) ;
#9 = DIRECTION ( 'NONE',  ( -0.000000000000000000, 1.000000000000000000, -0.000000000000000000 ) ) ;
#10 = CARTESIAN_POINT ( 'NONE',  ( -70.00000000000000000, 35.00000000000000000, -32.50000000000000000 ) ) ;
#11 = EDGE_CURVE ( 'NONE', #1066, #1657, #20, .T. ) ;
#12 = CONICAL_SURFACE ( 'NONE', #427, 7.599999999999996092, 0.7853981633974522758 ) ;
#13 = FACE_OUTER_BOUND ( 'NONE', #216, .T. ) ;
#14 = DIRECTION ( 'NONE',  ( 0.000000000000000000, 0.000000000000000000, -1.000000000000000000 ) ) ;
#15 = EDGE_LOOP ( 'NONE', ( #1104, #774 ) ) ;
#16 = EDGE_CURVE ( 'NONE', #1810, #1188, #299, .T. ) ;
#17 = CARTESIAN_POINT ( 'NONE',  ( -33.50000000000000000, 11.00000000000000000, -13.50000000000000000 ) ) ;
#18 = CARTESIAN_POINT ( 'NONE',  ( -33.50000000000000000, 11.00000000000000000, -15.50000000000000355 ) ) ;
#19 = DIRECTION ( 'NONE',  ( -0.000000000000000000, 1.000000000000000000, -0.000000000000000000 ) ) ;
#20 = CIRCLE ( 'NONE', #244, 8.600000000000051159 ) ;
#21 = AXIS2_PLACEMENT_3D ( 'NONE', #1426, #1276, #656 ) ;
#22 = VECTOR ( 'NONE', #782, 1000.000000000000000 ) ;
#23 = CARTESIAN_POINT ( 'NONE',  ( -70.00000000000000000, -0.0009999999999992653654, -52.60000000000000853 ) ) ;
#24 = CARTESIAN_POINT ( 'NONE',  ( 85.00000000000000000, 0.000000000000000000, 60.00000000000000000 ) ) ;
#25 = ORIENTED_EDGE ( 'NONE', *, *, #702, .F. ) ;
#26 = FACE_OUTER_BOUND ( 'NONE', #88, .T. ) ;
#27 = ORIENTED_EDGE ( 'NONE', *, *, #1023, .T. ) ;
#28 = EDGE_CURVE ( 'NONE', #1631, #1304, #2011, .T. ) ;
#29 = DIRECTION ( 'NONE',  ( -0.000000000000000000, 1.000000000000000000, -0.000000000000000000 ) ) ;
#30 = DIRECTION ( 'NONE',  ( -0.000000000000000000, 1.000000000000000000, -0.000000000000000000 ) ) ;
#31 = VECTOR ( 'NONE', #1713, 1000.000000000000000 ) ;
#32 = CARTESIAN_POINT ( 'NONE',  ( 70.00000000000000000, -0.0009999999999992653654, 52.59999999999999432 ) ) ;
#33 = ORIENTED_EDGE ( 'NONE', *, *, #1879, .F. ) ;
#34 = CARTESIAN_POINT ( 'NONE',  ( 70.00000000000000000, 15.00000000000000000, 45.00000000000000000 ) ) ;
#35 = AXIS2_PLACEMENT_3D ( 'NONE', #510, #220, #552 ) ;
#36 = ORIENTED_EDGE ( 'NONE', *, *, #376, .T. ) ;
#37 = FACE_OUTER_BOUND ( 'NONE', #44, .T. ) ;
#38 = FACE_OUTER_BOUND ( 'NONE', #183, .T. ) ;
#39 = VECTOR ( 'NONE', #603, 1000.000000000000000 ) ;
#40 = CYLINDRICAL_SURFACE ( 'NONE', #1569, 12.49999999999999645 ) ;
#41 = CARTESIAN_POINT ( 'NONE',  ( -70.00000000000000000, 33.99999999999995737, -45.00000000000000000 ) ) ;
#42 = ORIENTED_EDGE ( 'NONE', *, *, #1838, .F. ) ;
#43 = AXIS2_PLACEMENT_3D ( 'NONE', #1970, #880, #1952 ) ;
#44 = EDGE_LOOP ( 'NONE', ( #1218, #1261 ) ) ;
#45 = AXIS2_PLACEMENT_3D ( 'NONE', #1516, #785, #1855 ) ;
#46 = CARTESIAN_POINT ( 'NONE',  ( -54.60000000000000142, 15.00000000000000000, 42.59999999999999432 ) ) ;
#47 = ORIENTED_EDGE ( 'NONE', *, *, #519, .T. ) ;
#48 = DIRECTION ( 'NONE',  ( 0.000000000000000000, 1.000000000000000000, 0.000000000000000000 ) ) ;
#49 = AXIS2_PLACEMENT_3D ( 'NONE', #1293, #1576, #992 ) ;
#50 = CARTESIAN_POINT ( 'NONE',  ( -70.00000000000000000, 0.000000000000000000, -52.60000000000000853 ) ) ;
#51 = CARTESIAN_POINT ( 'NONE',  ( -33.50000000000000000, 0.000000000000000000, -13.50000000000000000 ) ) ;
#52 = EDGE_LOOP ( 'NONE', ( #1036, #1623 ) ) ;
#53 = FACE_OUTER_BOUND ( 'NONE', #553, .T. ) ;
#54 = ORIENTED_EDGE ( 'NONE', *, *, #1078, .F. ) ;
#55 = DIRECTION ( 'NONE',  ( 0.000000000000000000, 0.000000000000000000, 1.000000000000000000 ) ) ;
#56 = CARTESIAN_POINT ( 'NONE',  ( -70.00000000000000000, 35.00000000000000000, 45.00000000000000000 ) ) ;
#57 = AXIS2_PLACEMENT_3D ( 'NONE', #1817, #100, #1962 ) ;
#58 = CARTESIAN_POINT ( 'NONE',  ( -70.00000000000000000, 35.00000000000000000, -45.00000000000000000 ) ) ;
#59 = EDGE_CURVE ( 'NONE', #1239, #1701, #1235, .T. ) ;
#60 = ORIENTED_EDGE ( 'NONE', *, *, #662, .T. ) ;
#61 = ADVANCED_FACE ( 'NONE', ( #462 ), #435, .T. ) ;
#62 = CYLINDRICAL_SURFACE ( 'NONE', #1705, 12.49999999999999645 ) ;
#63 = ORIENTED_EDGE ( 'NONE', *, *, #517, .T. ) ;
#64 = AXIS2_PLACEMENT_3D ( 'NONE', #422, #130, #1990 ) ;
#65 = VECTOR ( 'NONE', #1010, 1000.000000000000000 ) ;
#66 = CARTESIAN_POINT ( 'NONE',  ( 48.50000000000001421, 3.999999999999999112, -38.50000000000001421 ) ) ;
#67 = DIRECTION ( 'NONE',  ( -0.000000000000000000, 1.000000000000000000, -0.000000000000000000 ) ) ;
#68 = CARTESIAN_POINT ( 'NONE',  ( -13.50000000000000178, 11.00000000000000000, -15.50000000000000000 ) ) ;
#69 = PERSON_AND_ORGANIZATION ( #259, #1477 ) ;
#70 = ORIENTED_EDGE ( 'NONE', *, *, #985, .F. ) ;
#71 = CARTESIAN_POINT ( 'NONE',  ( 70.00000000000000000, 33.99999999999995737, 45.00000000000000000 ) ) ;
#72 = DIRECTION ( 'NONE',  ( 0.000000000000000000, 1.000000000000000000, 0.000000000000000000 ) ) ;
#73 = VECTOR ( 'NONE', #1295, 1000.000000000000000 ) ;
#74 = ADVANCED_FACE ( 'NONE', ( #1393 ), #1707, .F. ) ;
#75 = CIRCLE ( 'NONE', #1629, 12.49999999999999645 ) ;
#76 = CARTESIAN_POINT ( 'NONE',  ( -70.00000000000000000, 15.00000000000000000, 32.50000000000000000 ) ) ;
#77 = CARTESIAN_POINT ( 'NONE',  ( -85.00000000000000000, 15.00000000000000000, 60.00000000000000000 ) ) ;
#78 = PERSON_AND_ORGANIZATION ( #259, #1477 ) ;
#79 = ORIENTED_EDGE ( 'NONE', *, *, #607, .T. ) ;
#80 = DIRECTION ( 'NONE',  ( 1.000000000000000000, 0.000000000000000000, 0.000000000000000000 ) ) ;
#81 = DIRECTION ( 'NONE',  ( -0.000000000000000000, 1.000000000000000000, -0.000000000000000000 ) ) ;
#82 = AXIS2_PLACEMENT_3D ( 'NONE', #1282, #1715, #1274 ) ;
#83 = EDGE_LOOP ( 'NONE', ( #813, #1956, #593, #1141 ) ) ;
#84 = EDGE_CURVE ( 'NONE', #1657, #1066, #1507, .T. ) ;
#85 = CYLINDRICAL_SURFACE ( 'NONE', #1638, 2.000000000000001776 ) ;
#86 = VERTEX_POINT ( 'NONE', #1555 ) ;
#87 = CARTESIAN_POINT ( 'NONE',  ( 70.00000000000000000, 33.99999999999999289, 45.00000000000000000 ) ) ;
#88 = EDGE_LOOP ( 'NONE', ( #1330, #190, #1912, #33 ) ) ;
#89 = ORIENTED_EDGE ( 'NONE', *, *, #375, .T. ) ;
#90 = FACE_BOUND ( 'NONE', #1878, .T. ) ;
#91 = ORIENTED_EDGE ( 'NONE', *, *, #304, .F. ) ;
#92 = FACE_BOUND ( 'NONE', #1222, .T. ) ;
#93 = DIRECTION ( 'NONE',  ( 0.000000000000000000, 0.000000000000000000, 1.000000000000000000 ) ) ;
#94 = AXIS2_PLACEMENT_3D ( 'NONE', #711, #1946, #252 ) ;
#95 = EDGE_CURVE ( 'NONE', #343, #1371, #1874, .T. ) ;
#96 = CARTESIAN_POINT ( 'NONE',  ( 48.50000000000002842, 3.999999999999999112, 36.49999999999998579 ) ) ;
#97 = ORIENTED_EDGE ( 'NONE', *, *, #1838, .T. ) ;
#98 = CALENDAR_DATE ( 2025, 5, 12 ) ;
#99 = ORIENTED_EDGE ( 'NONE', *, *, #1684, .T. ) ;
#100 = DIRECTION ( 'NONE',  ( 0.000000000000000000, -1.000000000000000000, 0.000000000000000000 ) ) ;
#101 = DIRECTION ( 'NONE',  ( 0.000000000000000000, 0.000000000000000000, 1.000000000000000000 ) ) ;
#102 = AXIS2_PLACEMENT_3D ( 'NONE', #1204, #447, #1658 ) ;
#103 = CARTESIAN_POINT ( 'NONE',  ( -85.00000000000000000, 0.000000000000000000, -60.00000000000000000 ) ) ;
#104 = AXIS2_PLACEMENT_3D ( 'NONE', #1748, #674, #1148 ) ;
#105 = DIRECTION ( 'NONE',  ( 0.000000000000000000, 0.000000000000000000, 1.000000000000000000 ) ) ;
#106 = VECTOR ( 'NONE', #1241, 1000.000000000000000 ) ;
#107 = ORIENTED_EDGE ( 'NONE', *, *, #1854, .T. ) ;
#108 = DIRECTION ( 'NONE',  ( 0.000000000000000000, 0.000000000000000000, 1.000000000000000000 ) ) ;
#109 = ADVANCED_FACE ( 'NONE', ( #228 ), #762, .F. ) ;
#110 = VERTEX_POINT ( 'NONE', #396 ) ;
#111 = CARTESIAN_POINT ( 'NONE',  ( 54.60000000000000142, 15.00000000000000000, -42.60000000000000853 ) ) ;
#112 = DIRECTION ( 'NONE',  ( -0.000000000000000000, 1.000000000000000000, -0.000000000000000000 ) ) ;
#113 = EDGE_CURVE ( 'NONE', #110, #1371, #966, .T. ) ;
#114 = CIRCLE ( 'NONE', #928, 7.600000000000009415 ) ;
#115 = VERTEX_POINT ( 'NONE', #1319 ) ;
#116 = DIRECTION ( 'NONE',  ( 0.000000000000000000, 0.000000000000000000, 1.000000000000000000 ) ) ;
#117 = CARTESIAN_POINT ( 'NONE',  ( -70.00000000000000000, 35.00000000000000000, -53.60000000000005116 ) ) ;
#118 = ORIENTED_EDGE ( 'NONE', *, *, #769, .F. ) ;
#119 = EDGE_CURVE ( 'NONE', #866, #345, #1900, .T. ) ;
#120 = DIRECTION ( 'NONE',  ( -0.000000000000000000, 0.000000000000000000, 1.000000000000000000 ) ) ;
#121 = DIRECTION ( 'NONE',  ( 0.000000000000000000, 1.000000000000000000, 0.000000000000000000 ) ) ;
#122 = ORIENTED_EDGE ( 'NONE', *, *, #1009, .F. ) ;
#123 = CARTESIAN_POINT ( 'NONE',  ( 48.50000000000002842, 3.999999999999999112, 36.49999999999998579 ) ) ;
#124 = CIRCLE ( 'NONE', #1173, 2.000000000000003553 ) ;
#125 = CIRCLE ( 'NONE', #1270, 2.000000000000005329 ) ;
#126 = FACE_OUTER_BOUND ( 'NONE', #159, .T. ) ;
#127 = VERTEX_POINT ( 'NONE', #1626 ) ;
#128 = ORIENTED_EDGE ( 'NONE', *, *, #712, .F. ) ;
#129 = ORIENTED_EDGE ( 'NONE', *, *, #1997, .F. ) ;
#130 = DIRECTION ( 'NONE',  ( 0.000000000000000000, 1.000000000000000000, -0.000000000000000000 ) ) ;
#131 = VERTEX_POINT ( 'NONE', #238 ) ;
#132 = CARTESIAN_POINT ( 'NONE',  ( 0.000000000000000000, 15.00000000000000000, 0.000000000000000000 ) ) ;
#133 = ADVANCED_FACE ( 'NONE', ( #364 ), #848, .F. ) ;
#134 = ORIENTED_EDGE ( 'NONE', *, *, #1684, .F. ) ;
#135 = DIRECTION ( 'NONE',  ( 0.000000000000000000, 0.7071067811865446862, 0.7071067811865503483 ) ) ;
#136 = EDGE_CURVE ( 'NONE', #897, #115, #499, .T. ) ;
#137 = ADVANCED_FACE ( 'NONE', ( #1017 ), #85, .F. ) ;
#138 = CARTESIAN_POINT ( 'NONE',  ( -70.00000000000000000, 33.99999999999995737, -52.60000000000000853 ) ) ;
#139 = AXIS2_PLACEMENT_3D ( 'NONE', #1129, #1087, #195 ) ;
#140 = AXIS2_PLACEMENT_3D ( 'NONE', #454, #158, #1260 ) ;
#141 = CARTESIAN_POINT ( 'NONE',  ( 48.50000000000001421, 3.999999999999999112, -34.50000000000000711 ) ) ;
#142 = ORIENTED_EDGE ( 'NONE', *, *, #169, .T. ) ;
#143 = DIRECTION ( 'NONE',  ( 0.000000000000000000, 0.000000000000000000, -1.000000000000000000 ) ) ;
#144 = ORIENTED_EDGE ( 'NONE', *, *, #1119, .F. ) ;
#145 = DIRECTION ( 'NONE',  ( 0.000000000000000000, 0.000000000000000000, 1.000000000000000000 ) ) ;
#146 = EDGE_LOOP ( 'NONE', ( #1600, #1358 ) ) ;
#147 = CARTESIAN_POINT ( 'NONE',  ( 70.00000000000000000, 35.00000000000000000, -36.39999999999994884 ) ) ;
#148 = ORIENTED_EDGE ( 'NONE', *, *, #1442, .F. ) ;
#149 = APPROVAL_PERSON_ORGANIZATION ( #78, #794, #694 ) ;
#150 = ORIENTED_EDGE ( 'NONE', *, *, #1698, .F. ) ;
#151 = VECTOR ( 'NONE', #608, 1000.000000000000000 ) ;
#152 = EDGE_CURVE ( 'NONE', #206, #1699, #209, .T. ) ;
#153 = LINE ( 'NONE', #595, #908 ) ;
#154 = AXIS2_PLACEMENT_3D ( 'NONE', #1889, #1423, #1288 ) ;
#155 = DIRECTION ( 'NONE',  ( -0.000000000000000000, 1.000000000000000000, -0.000000000000000000 ) ) ;
#156 = CARTESIAN_POINT ( 'NONE',  ( -48.50000000000001421, 3.999999999999999112, 36.50000000000000000 ) ) ;
#157 = EDGE_LOOP ( 'NONE', ( #1848, #891, #47, #1178 ) ) ;
#158 = DIRECTION ( 'NONE',  ( 0.000000000000000000, -1.000000000000000000, 0.000000000000000000 ) ) ;
#159 = EDGE_LOOP ( 'NONE', ( #89, #1327, #1683, #99 ) ) ;
#160 = VERTEX_POINT ( 'NONE', #76 ) ;
#161 = CARTESIAN_POINT ( 'NONE',  ( -33.50000000000000000, 11.00000000000000000, 13.50000000000001243 ) ) ;
#162 = AXIS2_PLACEMENT_3D ( 'NONE', #1526, #266, #888 ) ;
#163 = CARTESIAN_POINT ( 'NONE',  ( 85.00000000000000000, 0.000000000000000000, 60.00000000000000000 ) ) ;
#164 = FACE_BOUND ( 'NONE', #515, .T. ) ;
#165 = EDGE_CURVE ( 'NONE', #1773, #1631, #1417, .T. ) ;
#166 = CIRCLE ( 'NONE', #1299, 12.49999999999999645 ) ;
#167 = CARTESIAN_POINT ( 'NONE',  ( -33.50000000000000000, 0.000000000000000000, 15.50000000000001421 ) ) ;
#168 = ORIENTED_EDGE ( 'NONE', *, *, #1702, .T. ) ;
#169 = EDGE_CURVE ( 'NONE', #730, #496, #1943, .T. ) ;
#170 = DIRECTION ( 'NONE',  ( 0.000000000000000000, 0.000000000000000000, -1.000000000000000000 ) ) ;
#171 = PLANE ( 'NONE',  #331 ) ;
#172 = EDGE_LOOP ( 'NONE', ( #129, #1342, #747, #1827 ) ) ;
#173 = DIRECTION ( 'NONE',  ( -0.000000000000000000, 1.000000000000000000, -0.000000000000000000 ) ) ;
#174 = LINE ( 'NONE', #163, #1743 ) ;
#175 = DIRECTION ( 'NONE',  ( 0.000000000000000000, 1.000000000000000000, 0.000000000000000000 ) ) ;
#176 = AXIS2_PLACEMENT_3D ( 'NONE', #1263, #1721, #1412 ) ;
#177 = CIRCLE ( 'NONE', #720, 2.000000000000001776 ) ;
#178 = CARTESIAN_POINT ( 'NONE',  ( -13.49999999999999822, 0.000000000000000000, 17.50000000000000711 ) ) ;
#179 = AXIS2_PLACEMENT_3D ( 'NONE', #1668, #906, #14 ) ;
#180 = CARTESIAN_POINT ( 'NONE',  ( -33.50000000000000000, 0.000000000000000000, 15.50000000000001421 ) ) ;
#181 = EDGE_CURVE ( 'NONE', #131, #943, #800, .T. ) ;
#182 = CARTESIAN_POINT ( 'NONE',  ( 70.00000000000000000, 35.00000000000000000, -57.49999999999999289 ) ) ;
#183 = EDGE_LOOP ( 'NONE', ( #150, #60, #1978, #1549 ) ) ;
#184 = DIRECTION ( 'NONE',  ( 0.000000000000000000, 0.000000000000000000, 1.000000000000000000 ) ) ;
#185 = FACE_OUTER_BOUND ( 'NONE', #758, .T. ) ;
#186 = CARTESIAN_POINT ( 'NONE',  ( -13.50000000000000178, 0.000000000000000000, -15.50000000000000000 ) ) ;
#187 = DIRECTION ( 'NONE',  ( -0.000000000000000000, 1.000000000000000000, -0.000000000000000000 ) ) ;
#188 = ORIENTED_EDGE ( 'NONE', *, *, #1476, .F. ) ;
#189 = EDGE_CURVE ( 'NONE', #1559, #679, #1381, .T. ) ;
#190 = ORIENTED_EDGE ( 'NONE', *, *, #1002, .T. ) ;
#191 = EDGE_CURVE ( 'NONE', #1363, #255, #1317, .T. ) ;
#192 = CYLINDRICAL_SURFACE ( 'NONE', #472, 2.000000000000001776 ) ;
#193 = AXIS2_PLACEMENT_3D ( 'NONE', #448, #1042, #1196 ) ;
#194 = DIRECTION ( 'NONE',  ( 0.000000000000000000, 0.000000000000000000, -1.000000000000000000 ) ) ;
#195 = DIRECTION ( 'NONE',  ( 0.000000000000000000, 0.000000000000000000, 1.000000000000000000 ) ) ;
#196 = DIRECTION ( 'NONE',  ( 0.000000000000000000, 0.000000000000000000, 1.000000000000000000 ) ) ;
#197 = AXIS2_PLACEMENT_3D ( 'NONE', #1498, #1216, #296 ) ;
#198 = ORIENTED_EDGE ( 'NONE', *, *, #1971, .F. ) ;
#199 = ORIENTED_EDGE ( 'NONE', *, *, #1849, .F. ) ;
#200 = EDGE_CURVE ( 'NONE', #208, #453, #660, .T. ) ;
#201 = CARTESIAN_POINT ( 'NONE',  ( -54.60000000000000142, 15.00000000000000000, 42.59999999999999432 ) ) ;
#202 = CYLINDRICAL_SURFACE ( 'NONE', #864, 12.49999999999999645 ) ;
#203 = VECTOR ( 'NONE', #1993, 1000.000000000000000 ) ;
#204 = DIRECTION ( 'NONE',  ( 0.000000000000000000, -1.000000000000000000, 0.000000000000000000 ) ) ;
#205 = DIRECTION ( 'NONE',  ( 0.000000000000000000, 0.7071067811865469066, 0.7071067811865482389 ) ) ;
#206 = VERTEX_POINT ( 'NONE', #669 ) ;
#207 = CARTESIAN_POINT ( 'NONE',  ( -70.00000000000000000, 35.00000000000000000, 32.50000000000000000 ) ) ;
#208 = VERTEX_POINT ( 'NONE', #1757 ) ;
#209 = LINE ( 'NONE', #1479, #862 ) ;
#210 = FACE_OUTER_BOUND ( 'NONE', #1513, .T. ) ;
#211 = CC_DESIGN_SECURITY_CLASSIFICATION ( #1899, ( #1447 ) ) ;
#212 = DIRECTION ( 'NONE',  ( -0.000000000000000000, 1.000000000000000000, -0.000000000000000000 ) ) ;
#213 = DIRECTION ( 'NONE',  ( -0.000000000000000000, 1.000000000000000000, -0.000000000000000000 ) ) ;
#214 = ORIENTED_EDGE ( 'NONE', *, *, #1091, .F. ) ;
#215 = LINE ( 'NONE', #1314, #73 ) ;
#216 = EDGE_LOOP ( 'NONE', ( #749, #1123, #107, #1652 ) ) ;
#217 = CARTESIAN_POINT ( 'NONE',  ( -70.00000000000000000, 34.00000000000000000, 45.00000000000000000 ) ) ;
#218 = VERTEX_POINT ( 'NONE', #356 ) ;
#219 = CC_DESIGN_DATE_AND_TIME_ASSIGNMENT ( #1930, #715, ( #280 ) ) ;
#220 = DIRECTION ( 'NONE',  ( 0.000000000000000000, 1.000000000000000000, -0.000000000000000000 ) ) ;
#221 = PERSON_AND_ORGANIZATION_ROLE ( 'design_owner' ) ;
#222 = EDGE_CURVE ( 'NONE', #836, #1313, #1766, .T. ) ;
#223 = ORIENTED_EDGE ( 'NONE', *, *, #470, .F. ) ;
#224 = CIRCLE ( 'NONE', #978, 2.000000000000001776 ) ;
#225 = CARTESIAN_POINT ( 'NONE',  ( 70.00000000000000000, 35.00000000000000000, -45.00000000000000000 ) ) ;
#226 = ORIENTED_EDGE ( 'NONE', *, *, #909, .F. ) ;
#227 = CARTESIAN_POINT ( 'NONE',  ( 70.00000000000000000, 15.00000000000000000, -45.00000000000000000 ) ) ;
#228 = FACE_OUTER_BOUND ( 'NONE', #1541, .T. ) ;
#229 = CARTESIAN_POINT ( 'NONE',  ( -13.49999999999999822, 0.000000000000000000, 15.50000000000000355 ) ) ;
#230 = COORDINATED_UNIVERSAL_TIME_OFFSET ( 0, 0, .AHEAD. ) ;
#231 = EDGE_LOOP ( 'NONE', ( #315, #1948, #134, #1419 ) ) ;
#232 = EDGE_CURVE ( 'NONE', #1816, #3, #986, .T. ) ;
#233 = EDGE_CURVE ( 'NONE', #1826, #281, #390, .T. ) ;
#234 = CYLINDRICAL_SURFACE ( 'NONE', #820, 12.49999999999999645 ) ;
#235 = DIRECTION ( 'NONE',  ( 0.000000000000000000, 1.000000000000000000, 0.000000000000000000 ) ) ;
#236 = CIRCLE ( 'NONE', #1438, 11.50000000000001066 ) ;
#237 = VECTOR ( 'NONE', #1445, 999.9999999999998863 ) ;
#238 = CARTESIAN_POINT ( 'NONE',  ( -70.00000000000000000, 35.00000000000000000, -36.39999999999994884 ) ) ;
#239 = ORIENTED_EDGE ( 'NONE', *, *, #1166, .F. ) ;
#240 = DIRECTION ( 'NONE',  ( 0.000000000000000000, -1.000000000000000000, 0.000000000000000000 ) ) ;
#241 = EDGE_LOOP ( 'NONE', ( #1027, #706, #1525, #1057 ) ) ;
#242 = PERSON_AND_ORGANIZATION_ROLE ( 'creator' ) ;
#243 = VERTEX_POINT ( 'NONE', #680 ) ;
#244 = AXIS2_PLACEMENT_3D ( 'NONE', #2002, #311, #1862 ) ;
#245 = DIRECTION ( 'NONE',  ( 0.000000000000000000, 0.000000000000000000, 1.000000000000000000 ) ) ;
#246 = DIRECTION ( 'NONE',  ( 0.000000000000000000, 0.000000000000000000, -1.000000000000000000 ) ) ;
#247 = EDGE_CURVE ( 'NONE', #1761, #1180, #528, .T. ) ;
#248 = AXIS2_PLACEMENT_3D ( 'NONE', #1881, #816, #1252 ) ;
#249 = CARTESIAN_POINT ( 'NONE',  ( -13.49999999999999822, 0.000000000000000000, 15.50000000000000355 ) ) ;
#250 = ADVANCED_FACE ( 'NONE', ( #1811, #1844 ), #1670, .T. ) ;
#251 = EDGE_LOOP ( 'NONE', ( #1799, #63 ) ) ;
#252 = DIRECTION ( 'NONE',  ( 0.000000000000000000, 0.000000000000000000, 1.000000000000000000 ) ) ;
#253 = APPLICATION_CONTEXT ( 'configuration controlled 3d designs of mechanical parts and assemblies' ) ;
#254 = PERSON_AND_ORGANIZATION ( #259, #1477 ) ;
#255 = VERTEX_POINT ( 'NONE', #147 ) ;
#256 = VECTOR ( 'NONE', #1343, 1000.000000000000000 ) ;
#257 = CARTESIAN_POINT ( 'NONE',  ( 70.00000000000000000, 0.000000000000000000, -37.40000000000000568 ) ) ;
#258 = FACE_OUTER_BOUND ( 'NONE', #733, .T. ) ;
#259 = PERSON ( 'UNSPECIFIED', 'UNSPECIFIED', 'UNSPECIFIED', ('UNSPECIFIED'), ('UNSPECIFIED'), ('UNSPECIFIED') ) ;
#260 = VECTOR ( 'NONE', #279, 1000.000000000000000 ) ;
#261 = DIRECTION ( 'NONE',  ( -0.000000000000000000, 1.000000000000000000, -0.000000000000000000 ) ) ;
#262 = CARTESIAN_POINT ( 'NONE',  ( -33.50000000000000000, 11.00000000000000000, -15.50000000000000355 ) ) ;
#263 = VERTEX_POINT ( 'NONE', #416 ) ;
#264 =( NAMED_UNIT ( * ) SI_UNIT ( $, .STERADIAN. ) SOLID_ANGLE_UNIT ( ) );
#265 = ORIENTED_EDGE ( 'NONE', *, *, #1305, .T. ) ;
#266 = DIRECTION ( 'NONE',  ( 0.000000000000000000, -1.000000000000000000, 0.000000000000000000 ) ) ;
#267 = DIRECTION ( 'NONE',  ( 8.659560562354966138E-17, 0.7071067811865446862, -0.7071067811865503483 ) ) ;
#268 = CIRCLE ( 'NONE', #1693, 7.600000000000009415 ) ;
#269 = FACE_OUTER_BOUND ( 'NONE', #1382, .T. ) ;
#270 = DIRECTION ( 'NONE',  ( 0.000000000000000000, 0.000000000000000000, 1.000000000000000000 ) ) ;
#271 = EDGE_CURVE ( 'NONE', #115, #255, #285, .T. ) ;
#272 = ORIENTED_EDGE ( 'NONE', *, *, #59, .F. ) ;
#273 = CARTESIAN_POINT ( 'NONE',  ( -70.00000000000000000, 0.000000000000000000, 45.00000000000000000 ) ) ;
#274 =( GEOMETRIC_REPRESENTATION_CONTEXT ( 3 ) GLOBAL_UNCERTAINTY_ASSIGNED_CONTEXT ( ( #1233 ) ) GLOBAL_UNIT_ASSIGNED_CONTEXT ( ( #350, #1779, #264 ) ) REPRESENTATION_CONTEXT ( 'NONE', 'WORKASPACE' ) );
#275 = CARTESIAN_POINT ( 'NONE',  ( -85.00000000000000000, 15.00000000000000000, 60.00000000000000000 ) ) ;
#276 = ORIENTED_EDGE ( 'NONE', *, *, #200, .T. ) ;
#277 = ORIENTED_EDGE ( 'NONE', *, *, #1621, .F. ) ;
#278 = CARTESIAN_POINT ( 'NONE',  ( 85.00000000000000000, 15.00000000000000000, -60.00000000000000000 ) ) ;
#279 = DIRECTION ( 'NONE',  ( -0.000000000000000000, 1.000000000000000000, -0.000000000000000000 ) ) ;
#280 = PRODUCT_DEFINITION ( 'UNKNOWN', '', #1447, #449 ) ;
#281 = VERTEX_POINT ( 'NONE', #1230 ) ;
#282 = LINE ( 'NONE', #1514, #256 ) ;
#283 = CARTESIAN_POINT ( 'NONE',  ( 70.00000000000000000, 33.99999999999999289, 45.00000000000000000 ) ) ;
#284 = VERTEX_POINT ( 'NONE', #1648 ) ;
#285 = LINE ( 'NONE', #1040, #1823 ) ;
#286 = ORIENTED_EDGE ( 'NONE', *, *, #363, .T. ) ;
#287 = VECTOR ( 'NONE', #2010, 1000.000000000000000 ) ;
#288 = DIRECTION ( 'NONE',  ( 0.000000000000000000, 1.000000000000000000, -0.000000000000000000 ) ) ;
#289 = ORIENTED_EDGE ( 'NONE', *, *, #1153, .F. ) ;
#290 = VERTEX_POINT ( 'NONE', #1061 ) ;
#291 = CARTESIAN_POINT ( 'NONE',  ( -70.00000000000000000, 35.00000000000000000, 45.00000000000000000 ) ) ;
#292 = LINE ( 'NONE', #444, #1221 ) ;
#293 = DIRECTION ( 'NONE',  ( -0.000000000000000000, 1.000000000000000000, -0.000000000000000000 ) ) ;
#294 = ORIENTED_EDGE ( 'NONE', *, *, #2001, .F. ) ;
#295 = ADVANCED_FACE ( 'NONE', ( #900 ), #1223, .F. ) ;
#296 = DIRECTION ( 'NONE',  ( 0.000000000000000000, 0.000000000000000000, 1.000000000000000000 ) ) ;
#297 = AXIS2_PLACEMENT_3D ( 'NONE', #464, #1, #619 ) ;
#298 = AXIS2_PLACEMENT_3D ( 'NONE', #1688, #1678, #601 ) ;
#299 = LINE ( 'NONE', #1851, #997 ) ;
#300 = CYLINDRICAL_SURFACE ( 'NONE', #1310, 2.000000000000001776 ) ;
#301 = DIRECTION ( 'NONE',  ( 0.000000000000000000, -1.000000000000000000, 0.000000000000000000 ) ) ;
#302 = EDGE_LOOP ( 'NONE', ( #1483, #1459, #1052, #401 ) ) ;
#303 = ORIENTED_EDGE ( 'NONE', *, *, #232, .F. ) ;
#304 = EDGE_CURVE ( 'NONE', #115, #897, #1533, .T. ) ;
#305 = DIRECTION ( 'NONE',  ( 0.000000000000000000, 0.000000000000000000, 1.000000000000000000 ) ) ;
#306 = CIRCLE ( 'NONE', #1964, 2.000000000000005329 ) ;
#307 = ADVANCED_FACE ( 'NONE', ( #1049 ), #624, .T. ) ;
#308 = CARTESIAN_POINT ( 'NONE',  ( -48.50000000000001421, 3.999999999999999112, 38.50000000000000000 ) ) ;
#309 = LINE ( 'NONE', #1723, #31 ) ;
#310 = CARTESIAN_POINT ( 'NONE',  ( 70.00000000000000000, 15.00000000000000000, -45.00000000000000000 ) ) ;
#311 = DIRECTION ( 'NONE',  ( -0.000000000000000000, -1.000000000000000000, -0.000000000000000000 ) ) ;
#312 = CARTESIAN_POINT ( 'NONE',  ( -13.49999999999999822, 11.00000000000000000, 15.50000000000000355 ) ) ;
#313 = ORIENTED_EDGE ( 'NONE', *, *, #28, .T. ) ;
#314 = DIRECTION ( 'NONE',  ( 0.000000000000000000, 0.000000000000000000, -1.000000000000000000 ) ) ;
#315 = ORIENTED_EDGE ( 'NONE', *, *, #516, .T. ) ;
#316 = ORIENTED_EDGE ( 'NONE', *, *, #539, .F. ) ;
#317 = CARTESIAN_POINT ( 'NONE',  ( 70.00000000000000000, -0.0009999999999992653654, -37.40000000000000568 ) ) ;
#318 = FACE_OUTER_BOUND ( 'NONE', #1208, .T. ) ;
#319 = LINE ( 'NONE', #1390, #287 ) ;
#320 = ADVANCED_FACE ( 'NONE', ( #269 ), #1974, .T. ) ;
#321 = AXIS2_PLACEMENT_3D ( 'NONE', #704, #841, #1462 ) ;
#322 = FACE_OUTER_BOUND ( 'NONE', #1152, .T. ) ;
#323 = CARTESIAN_POINT ( 'NONE',  ( 70.00000000000000000, 35.00000000000000000, 45.00000000000000000 ) ) ;
#324 = CARTESIAN_POINT ( 'NONE',  ( -70.00000000000000000, 33.99999999999995737, -45.00000000000000000 ) ) ;
#325 = EDGE_LOOP ( 'NONE', ( #585, #79 ) ) ;
#326 = CARTESIAN_POINT ( 'NONE',  ( -48.50000000000001421, 3.999999999999999112, -36.50000000000000000 ) ) ;
#327 = CARTESIAN_POINT ( 'NONE',  ( 48.50000000000002842, 3.999999999999999112, 34.49999999999997868 ) ) ;
#328 = EDGE_CURVE ( 'NONE', #1294, #1315, #892, .T. ) ;
#329 = CONICAL_SURFACE ( 'NONE', #104, 11.50000000000001066, 0.7853981633974405074 ) ;
#330 = CARTESIAN_POINT ( 'NONE',  ( -85.00000000000000000, 15.00000000000000000, -60.00000000000000000 ) ) ;
#331 = AXIS2_PLACEMENT_3D ( 'NONE', #275, #899, #750 ) ;
#332 = FACE_OUTER_BOUND ( 'NONE', #1992, .T. ) ;
#333 = CARTESIAN_POINT ( 'NONE',  ( -70.00000000000000000, 35.00000000000000000, -57.49999999999999289 ) ) ;
#334 = ORIENTED_EDGE ( 'NONE', *, *, #1637, .T. ) ;
#335 = EDGE_LOOP ( 'NONE', ( #886, #1494, #1511, #1905 ) ) ;
#336 = DIRECTION ( 'NONE',  ( -0.000000000000000000, 1.000000000000000000, -0.000000000000000000 ) ) ;
#337 = ORIENTED_EDGE ( 'NONE', *, *, #1130, .T. ) ;
#338 = AXIS2_PLACEMENT_3D ( 'NONE', #1873, #48, #664 ) ;
#339 = CARTESIAN_POINT ( 'NONE',  ( -13.50000000000000178, 0.000000000000000000, -17.50000000000000355 ) ) ;
#340 = EDGE_CURVE ( 'NONE', #263, #610, #1924, .T. ) ;
#341 = CYLINDRICAL_SURFACE ( 'NONE', #418, 2.000000000000005329 ) ;
#342 = CARTESIAN_POINT ( 'NONE',  ( -70.00000000000000000, 33.99999999999995737, 52.60000000000000853 ) ) ;
#343 = VERTEX_POINT ( 'NONE', #1214 ) ;
#344 = EDGE_CURVE ( 'NONE', #3, #1977, #268, .T. ) ;
#345 = VERTEX_POINT ( 'NONE', #1082 ) ;
#346 = DIRECTION ( 'NONE',  ( -0.000000000000000000, 1.000000000000000000, -0.000000000000000000 ) ) ;
#347 = CONICAL_SURFACE ( 'NONE', #873, 11.50000000000001066, 0.7853981633974405074 ) ;
#348 = CARTESIAN_POINT ( 'NONE',  ( -33.50000000000000000, 11.00000000000000000, 15.50000000000001421 ) ) ;
#349 = CARTESIAN_POINT ( 'NONE',  ( -70.00000000000000000, 35.00000000000000000, -45.00000000000000000 ) ) ;
#350 =( LENGTH_UNIT ( ) NAMED_UNIT ( * ) SI_UNIT ( .MILLI., .METRE. ) );
#351 = AXIS2_PLACEMENT_3D ( 'NONE', #56, #1796, #1032 ) ;
#352 = ORIENTED_EDGE ( 'NONE', *, *, #1050, .T. ) ;
#353 = FACE_BOUND ( 'NONE', #1888, .T. ) ;
#354 = ORIENTED_EDGE ( 'NONE', *, *, #1091, .T. ) ;
#355 = ADVANCED_FACE ( 'NONE', ( #1520 ), #1194, .T. ) ;
#356 = CARTESIAN_POINT ( 'NONE',  ( -48.50000000000001421, 3.999999999999999112, -38.50000000000000000 ) ) ;
#357 = CYLINDRICAL_SURFACE ( 'NONE', #94, 2.000000000000001776 ) ;
#358 = CARTESIAN_POINT ( 'NONE',  ( 48.50000000000002842, 3.999999999999999112, 36.49999999999998579 ) ) ;
#359 = CYLINDRICAL_SURFACE ( 'NONE', #1195, 7.599999999999996092 ) ;
#360 = ORIENTED_EDGE ( 'NONE', *, *, #555, .T. ) ;
#361 = FACE_BOUND ( 'NONE', #15, .T. ) ;
#362 = EDGE_LOOP ( 'NONE', ( #1690, #370 ) ) ;
#363 = EDGE_CURVE ( 'NONE', #1806, #1180, #1804, .T. ) ;
#364 = FACE_OUTER_BOUND ( 'NONE', #895, .T. ) ;
#365 = EDGE_CURVE ( 'NONE', #836, #1294, #743, .T. ) ;
#366 = AXIS2_PLACEMENT_3D ( 'NONE', #1404, #1098, #939 ) ;
#367 = LINE ( 'NONE', #77, #1588 ) ;
#368 = FACE_OUTER_BOUND ( 'NONE', #1642, .T. ) ;
#369 = AXIS2_PLACEMENT_3D ( 'NONE', #1264, #1746, #507 ) ;
#370 = ORIENTED_EDGE ( 'NONE', *, *, #1107, .T. ) ;
#371 = DIRECTION ( 'NONE',  ( 0.000000000000000000, -0.000000000000000000, 1.000000000000000000 ) ) ;
#372 = EDGE_LOOP ( 'NONE', ( #2006, #767 ) ) ;
#373 = DIRECTION ( 'NONE',  ( -0.000000000000000000, -1.000000000000000000, -0.000000000000000000 ) ) ;
#374 = CARTESIAN_POINT ( 'NONE',  ( -13.49999999999999822, 0.000000000000000000, 17.50000000000000711 ) ) ;
#375 = EDGE_CURVE ( 'NONE', #843, #1806, #563, .T. ) ;
#376 = EDGE_CURVE ( 'NONE', #727, #281, #1984, .T. ) ;
#377 = EDGE_LOOP ( 'NONE', ( #1436, #695 ) ) ;
#378 = CALENDAR_DATE ( 2025, 5, 12 ) ;
#379 = ORIENTED_EDGE ( 'NONE', *, *, #832, .F. ) ;
#380 = CIRCLE ( 'NONE', #1522, 7.599999999999996092 ) ;
#381 = FACE_OUTER_BOUND ( 'NONE', #146, .T. ) ;
#382 = CARTESIAN_POINT ( 'NONE',  ( 48.50000000000002842, 11.00000000000000000, 36.49999999999998579 ) ) ;
#383 = CARTESIAN_POINT ( 'NONE',  ( 70.00000000000000000, 33.99999999999995737, -45.00000000000000000 ) ) ;
#384 = ORIENTED_EDGE ( 'NONE', *, *, #1971, .T. ) ;
#385 = CARTESIAN_POINT ( 'NONE',  ( -70.00000000000000000, 33.99999999999995737, 45.00000000000000000 ) ) ;
#386 = EDGE_LOOP ( 'NONE', ( #1374, #1427, #1750, #926 ) ) ;
#387 = EDGE_CURVE ( 'NONE', #1315, #1183, #1681, .T. ) ;
#388 = CALENDAR_DATE ( 2025, 5, 12 ) ;
#389 = ORIENTED_EDGE ( 'NONE', *, *, #769, .T. ) ;
#390 = CIRCLE ( 'NONE', #1763, 12.49999999999999645 ) ;
#391 = DIRECTION ( 'NONE',  ( 0.000000000000000000, 0.000000000000000000, 1.000000000000000000 ) ) ;
#392 = EDGE_CURVE ( 'NONE', #281, #1826, #426, .T. ) ;
#393 = DIRECTION ( 'NONE',  ( -0.000000000000000000, 1.000000000000000000, -0.000000000000000000 ) ) ;
#394 = AXIS2_PLACEMENT_3D ( 'NONE', #1284, #665, #834 ) ;
#395 = AXIS2_PLACEMENT_3D ( 'NONE', #1941, #1634, #868 ) ;
#396 = CARTESIAN_POINT ( 'NONE',  ( 48.50000000000001421, 11.00000000000000000, -38.50000000000001421 ) ) ;
#397 = ORIENTED_EDGE ( 'NONE', *, *, #1612, .F. ) ;
#398 = FACE_OUTER_BOUND ( 'NONE', #845, .T. ) ;
#399 = ORIENTED_EDGE ( 'NONE', *, *, #1776, .T. ) ;
#400 = CC_DESIGN_APPROVAL ( #794, ( #1899 ) ) ;
#401 = ORIENTED_EDGE ( 'NONE', *, *, #1587, .F. ) ;
#402 = AXIS2_PLACEMENT_3D ( 'NONE', #1775, #1488, #93 ) ;
#403 = APPROVAL ( #1035, 'UNSPECIFIED' ) ;
#404 = DIRECTION ( 'NONE',  ( 0.000000000000000000, 0.000000000000000000, 1.000000000000000000 ) ) ;
#405 = DIRECTION ( 'NONE',  ( 0.000000000000000000, 0.000000000000000000, 1.000000000000000000 ) ) ;
#406 = CARTESIAN_POINT ( 'NONE',  ( 54.60000000000000142, 11.00000000000000000, 42.59999999999999432 ) ) ;
#407 = CARTESIAN_POINT ( 'NONE',  ( 48.50000000000001421, 3.999999999999999112, -36.50000000000001421 ) ) ;
#408 = APPROVAL_ROLE ( '' ) ;
#409 = ORIENTED_EDGE ( 'NONE', *, *, #392, .T. ) ;
#410 = CIRCLE ( 'NONE', #57, 12.49999999999999645 ) ;
#411 = CARTESIAN_POINT ( 'NONE',  ( -85.00000000000000000, 0.000000000000000000, -60.00000000000000000 ) ) ;
#412 = CYLINDRICAL_SURFACE ( 'NONE', #43, 2.000000000000001776 ) ;
#413 = AXIS2_PLACEMENT_3D ( 'NONE', #96, #1147, #990 ) ;
#414 = EDGE_LOOP ( 'NONE', ( #559, #622, #574, #1502 ) ) ;
#415 = EDGE_CURVE ( 'NONE', #1183, #1421, #1560, .T. ) ;
#416 = CARTESIAN_POINT ( 'NONE',  ( -48.50000000000001421, 3.999999999999999112, 34.49999999999999289 ) ) ;
#417 = DIRECTION ( 'NONE',  ( 0.000000000000000000, -0.7071067811865531239, -0.7071067811865420216 ) ) ;
#418 = AXIS2_PLACEMENT_3D ( 'NONE', #186, #784, #1267 ) ;
#419 = ORIENTED_EDGE ( 'NONE', *, *, #16, .T. ) ;
#420 = EDGE_LOOP ( 'NONE', ( #1053, #389, #1859, #1113 ) ) ;
#421 = ORIENTED_EDGE ( 'NONE', *, *, #191, .F. ) ;
#422 = CARTESIAN_POINT ( 'NONE',  ( -33.50000000000000000, 0.000000000000000000, 15.50000000000001421 ) ) ;
#423 = ORIENTED_EDGE ( 'NONE', *, *, #885, .T. ) ;
#424 = FACE_OUTER_BOUND ( 'NONE', #1785, .T. ) ;
#425 = VERTEX_POINT ( 'NONE', #17 ) ;
#426 = CIRCLE ( 'NONE', #1338, 12.49999999999999645 ) ;
#427 = AXIS2_PLACEMENT_3D ( 'NONE', #811, #1875, #611 ) ;
#428 = CARTESIAN_POINT ( 'NONE',  ( -70.00000000000000000, 35.00000000000000000, -45.00000000000000000 ) ) ;
#429 = PRODUCT_RELATED_PRODUCT_CATEGORY ( 'detail', '', ( #1745 ) ) ;
#430 = CARTESIAN_POINT ( 'NONE',  ( 70.00000000000000000, 15.00000000000000000, -32.50000000000000000 ) ) ;
#431 = EDGE_CURVE ( 'NONE', #263, #1354, #5, .T. ) ;
#432 = ORIENTED_EDGE ( 'NONE', *, *, #885, .F. ) ;
#433 = CARTESIAN_POINT ( 'NONE',  ( -70.00000000000000000, 35.00000000000000000, -45.00000000000000000 ) ) ;
#434 = DIRECTION ( 'NONE',  ( 0.000000000000000000, -0.000000000000000000, 1.000000000000000000 ) ) ;
#435 = CONICAL_SURFACE ( 'NONE', #691, 11.50000000000001066, 0.7853981633974396193 ) ;
#436 = ORIENTED_EDGE ( 'NONE', *, *, #1647, .T. ) ;
#437 = CIRCLE ( 'NONE', #1165, 12.49999999999999645 ) ;
#438 = DIRECTION ( 'NONE',  ( 8.659560562354866298E-17, -0.7071067811865531239, 0.7071067811865420216 ) ) ;
#439 = PLANE ( 'NONE',  #977 ) ;
#440 = ADVANCED_FACE ( 'NONE', ( #623 ), #479, .F. ) ;
#441 = ORIENTED_EDGE ( 'NONE', *, *, #1650, .T. ) ;
#442 = VERTEX_POINT ( 'NONE', #1550 ) ;
#443 = DIRECTION ( 'NONE',  ( -0.000000000000000000, 1.000000000000000000, -0.000000000000000000 ) ) ;
#444 = CARTESIAN_POINT ( 'NONE',  ( -85.00000000000000000, 15.00000000000000000, -60.00000000000000000 ) ) ;
#445 = AXIS2_PLACEMENT_3D ( 'NONE', #729, #1351, #143 ) ;
#446 = ORIENTED_EDGE ( 'NONE', *, *, #973, .T. ) ;
#447 = DIRECTION ( 'NONE',  ( 0.000000000000000000, -1.000000000000000000, 0.000000000000000000 ) ) ;
#448 = CARTESIAN_POINT ( 'NONE',  ( 70.00000000000000000, 33.99999999999995737, 45.00000000000000000 ) ) ;
#449 = DESIGN_CONTEXT ( 'detailed design', #253, 'design' ) ;
#450 = ORIENTED_EDGE ( 'NONE', *, *, #344, .T. ) ;
#451 = DIRECTION ( 'NONE',  ( 0.000000000000000000, -1.000000000000000000, 0.000000000000000000 ) ) ;
#452 = DIRECTION ( 'NONE',  ( 0.000000000000000000, 0.000000000000000000, 1.000000000000000000 ) ) ;
#453 = VERTEX_POINT ( 'NONE', #1115 ) ;
#454 = CARTESIAN_POINT ( 'NONE',  ( 70.00000000000000000, 35.00000000000000000, 45.00000000000000000 ) ) ;
#455 = ORIENTED_EDGE ( 'NONE', *, *, #1740, .T. ) ;
#456 = EDGE_CURVE ( 'NONE', #910, #86, #682, .T. ) ;
#457 = ORIENTED_EDGE ( 'NONE', *, *, #1013, .F. ) ;
#458 = LINE ( 'NONE', #777, #463 ) ;
#459 = EDGE_LOOP ( 'NONE', ( #1089, #1694 ) ) ;
#460 = AXIS2_PLACEMENT_3D ( 'NONE', #1540, #765, #1530 ) ;
#461 = PLANE ( 'NONE',  #1429 ) ;
#462 = FACE_OUTER_BOUND ( 'NONE', #467, .T. ) ;
#463 = VECTOR ( 'NONE', #1094, 1000.000000000000000 ) ;
#464 = CARTESIAN_POINT ( 'NONE',  ( -33.50000000000000000, 0.000000000000000000, -15.50000000000000355 ) ) ;
#465 = CARTESIAN_POINT ( 'NONE',  ( 54.60000000000000142, 15.00000000000000000, 42.59999999999999432 ) ) ;
#466 = ORIENTED_EDGE ( 'NONE', *, *, #1337, .T. ) ;
#467 = EDGE_LOOP ( 'NONE', ( #1357, #1174, #587, #1866 ) ) ;
#468 = CARTESIAN_POINT ( 'NONE',  ( 70.00000000000000000, 35.00000000000000000, -33.49999999999998579 ) ) ;
#469 = CIRCLE ( 'NONE', #21, 2.000000000000001776 ) ;
#470 = EDGE_CURVE ( 'NONE', #1437, #218, #1090, .T. ) ;
#471 = EDGE_CURVE ( 'NONE', #1548, #86, #2007, .T. ) ;
#472 = AXIS2_PLACEMENT_3D ( 'NONE', #498, #947, #488 ) ;
#473 = DIRECTION ( 'NONE',  ( -0.000000000000000000, 1.000000000000000000, -0.000000000000000000 ) ) ;
#474 = CARTESIAN_POINT ( 'NONE',  ( -70.00000000000000000, 35.00000000000000000, 45.00000000000000000 ) ) ;
#475 = DIRECTION ( 'NONE',  ( 0.000000000000000000, -1.000000000000000000, 0.000000000000000000 ) ) ;
#476 = CARTESIAN_POINT ( 'NONE',  ( -48.50000000000001421, 3.999999999999999112, -38.50000000000000000 ) ) ;
#477 = CARTESIAN_POINT ( 'NONE',  ( 70.00000000000000000, -0.0009999999999992653654, 45.00000000000000000 ) ) ;
#478 = VERTEX_POINT ( 'NONE', #161 ) ;
#479 = CYLINDRICAL_SURFACE ( 'NONE', #1409, 2.000000000000001776 ) ;
#480 = AXIS2_PLACEMENT_3D ( 'NONE', #1228, #759, #1209 ) ;
#481 = CYLINDRICAL_SURFACE ( 'NONE', #1103, 7.600000000000009415 ) ;
#482 = CARTESIAN_POINT ( 'NONE',  ( -48.50000000000001421, 3.999999999999999112, -36.50000000000000000 ) ) ;
#483 = EDGE_CURVE ( 'NONE', #843, #1761, #458, .T. ) ;
#484 = FACE_OUTER_BOUND ( 'NONE', #83, .T. ) ;
#485 = DIRECTION ( 'NONE',  ( -0.000000000000000000, 1.000000000000000000, -0.000000000000000000 ) ) ;
#486 = DIRECTION ( 'NONE',  ( -0.000000000000000000, 1.000000000000000000, -0.000000000000000000 ) ) ;
#487 = ORIENTED_EDGE ( 'NONE', *, *, #1292, .F. ) ;
#488 = DIRECTION ( 'NONE',  ( 0.000000000000000000, 0.000000000000000000, 1.000000000000000000 ) ) ;
#489 = EDGE_CURVE ( 'NONE', #281, #1083, #1869, .T. ) ;
#490 = EDGE_LOOP ( 'NONE', ( #1770, #198 ) ) ;
#491 = DIRECTION ( 'NONE',  ( -1.000000000000000000, -0.000000000000000000, -0.000000000000000000 ) ) ;
#492 = EDGE_CURVE ( 'NONE', #1212, #115, #1700, .T. ) ;
#493 = CONICAL_SURFACE ( 'NONE', #140, 11.50000000000001066, 0.7853981633974396193 ) ;
#494 = CARTESIAN_POINT ( 'NONE',  ( 48.50000000000001421, 11.00000000000000000, -34.50000000000000711 ) ) ;
#495 = DIRECTION ( 'NONE',  ( 0.000000000000000000, 0.000000000000000000, -1.000000000000000000 ) ) ;
#496 = VERTEX_POINT ( 'NONE', #201 ) ;
#497 = ORIENTED_EDGE ( 'NONE', *, *, #869, .T. ) ;
#498 = CARTESIAN_POINT ( 'NONE',  ( 48.50000000000001421, 3.999999999999999112, -36.50000000000001421 ) ) ;
#499 = CIRCLE ( 'NONE', #894, 7.599999999999996092 ) ;
#500 = ORIENTED_EDGE ( 'NONE', *, *, #415, .T. ) ;
#501 = DIRECTION ( 'NONE',  ( 0.000000000000000000, 0.000000000000000000, -1.000000000000000000 ) ) ;
#502 = DIRECTION ( 'NONE',  ( 0.000000000000000000, 0.000000000000000000, -1.000000000000000000 ) ) ;
#503 = EDGE_CURVE ( 'NONE', #799, #425, #1602, .T. ) ;
#504 = DIRECTION ( 'NONE',  ( 0.000000000000000000, 1.000000000000000000, -0.000000000000000000 ) ) ;
#505 = ORIENTED_EDGE ( 'NONE', *, *, #917, .F. ) ;
#506 = ORIENTED_EDGE ( 'NONE', *, *, #1574, .T. ) ;
#507 = DIRECTION ( 'NONE',  ( 0.000000000000000000, 0.000000000000000000, 1.000000000000000000 ) ) ;
#508 = ORIENTED_EDGE ( 'NONE', *, *, #1350, .F. ) ;
#509 = CIRCLE ( 'NONE', #445, 12.49999999999999645 ) ;
#510 = CARTESIAN_POINT ( 'NONE',  ( -33.50000000000000000, 11.00000000000000000, 15.50000000000001421 ) ) ;
#511 = AXIS2_PLACEMENT_3D ( 'NONE', #1370, #1645, #1495 ) ;
#512 = CIRCLE ( 'NONE', #1649, 2.000000000000001776 ) ;
#513 = DIRECTION ( 'NONE',  ( 0.000000000000000000, 1.000000000000000000, 0.000000000000000000 ) ) ;
#514 = LINE ( 'NONE', #51, #1544 ) ;
#515 = EDGE_LOOP ( 'NONE', ( #1336, #1744 ) ) ;
#516 = EDGE_CURVE ( 'NONE', #496, #1761, #936, .T. ) ;
#517 = EDGE_CURVE ( 'NONE', #1482, #1816, #1868, .T. ) ;
#518 = DIRECTION ( 'NONE',  ( 0.000000000000000000, 0.000000000000000000, -1.000000000000000000 ) ) ;
#519 = EDGE_CURVE ( 'NONE', #1354, #902, #988, .T. ) ;
#520 = CARTESIAN_POINT ( 'NONE',  ( -70.00000000000000000, -0.0009999999999992653654, -37.39999999999999147 ) ) ;
#521 = CARTESIAN_POINT ( 'NONE',  ( 70.00000000000000000, 33.99999999999999289, -57.49999999999999289 ) ) ;
#522 = AXIS2_PLACEMENT_3D ( 'NONE', #326, #1880, #1711 ) ;
#523 = DIRECTION ( 'NONE',  ( 0.000000000000000000, 0.000000000000000000, 1.000000000000000000 ) ) ;
#524 = DATE_AND_TIME ( #378, #860 ) ;
#525 = EDGE_LOOP ( 'NONE', ( #621, #505 ) ) ;
#526 = AXIS2_PLACEMENT_3D ( 'NONE', #1448, #1458, #1162 ) ;
#527 = FACE_BOUND ( 'NONE', #772, .T. ) ;
#528 = LINE ( 'NONE', #1164, #788 ) ;
#529 = CC_DESIGN_APPROVAL ( #403, ( #1447 ) ) ;
#530 = CLOSED_SHELL ( 'NONE', ( #1636, #922, #1318, #1329, #1778, #1515, #1391, #1597, #1499, #1724, #690, #109, #1143, #1972, #307, #1000, #1271, #1853, #1579, #320, #1377, #1836, #755, #935, #1741, #1663, #74, #1176, #1821, #1601, #606, #951, #1867, #295, #1105, #858, #1553, #701, #250, #1465, #1834, #1659, #1378, #1756, #1528, #1466, #883, #61, #1280, #1809, #1566, #1138, #1726, #731, #1039, #440, #1539, #137, #582, #854, #355, #633, #819, #1431, #1926, #133, #663 ) ) ;
#531 = CARTESIAN_POINT ( 'NONE',  ( 70.00000000000000000, 35.00000000000000000, 56.50000000000000711 ) ) ;
#532 = CIRCLE ( 'NONE', #338, 7.600000000000009415 ) ;
#533 = ORIENTED_EDGE ( 'NONE', *, *, #1078, .T. ) ;
#534 = ORIENTED_EDGE ( 'NONE', *, *, #1291, .T. ) ;
#535 = CARTESIAN_POINT ( 'NONE',  ( 0.000000000000000000, 0.000000000000000000, 0.000000000000000000 ) ) ;
#536 = EDGE_LOOP ( 'NONE', ( #615, #294, #419, #544 ) ) ;
#537 = LINE ( 'NONE', #847, #1250 ) ;
#538 = DIRECTION ( 'NONE',  ( 0.000000000000000000, -1.000000000000000000, 0.000000000000000000 ) ) ;
#539 = EDGE_CURVE ( 'NONE', #243, #1810, #1033, .T. ) ;
#540 = EDGE_CURVE ( 'NONE', #1313, #1315, #174, .T. ) ;
#541 = ORIENTED_EDGE ( 'NONE', *, *, #84, .F. ) ;
#542 = CARTESIAN_POINT ( 'NONE',  ( 70.00000000000000000, 0.000000000000000000, 52.59999999999999432 ) ) ;
#543 = APPROVAL_DATE_TIME ( #1769, #794 ) ;
#544 = ORIENTED_EDGE ( 'NONE', *, *, #1751, .T. ) ;
#545 = AXIS2_PLACEMENT_3D ( 'NONE', #407, #901, #1682 ) ;
#546 = VECTOR ( 'NONE', #491, 1000.000000000000000 ) ;
#547 = DIRECTION ( 'NONE',  ( 0.000000000000000000, 0.000000000000000000, -1.000000000000000000 ) ) ;
#548 = CYLINDRICAL_SURFACE ( 'NONE', #1895, 12.49999999999999645 ) ;
#549 = CARTESIAN_POINT ( 'NONE',  ( -54.60000000000000142, 15.00000000000000000, 42.59999999999999432 ) ) ;
#550 = EDGE_CURVE ( 'NONE', #1945, #1518, #1640, .T. ) ;
#551 = EDGE_CURVE ( 'NONE', #1518, #799, #1572, .T. ) ;
#552 = DIRECTION ( 'NONE',  ( 0.000000000000000000, 0.000000000000000000, -1.000000000000000000 ) ) ;
#553 = EDGE_LOOP ( 'NONE', ( #829, #97 ) ) ;
#554 = PERSON_AND_ORGANIZATION ( #259, #1477 ) ;
#555 = EDGE_CURVE ( 'NONE', #160, #1083, #830, .T. ) ;
#556 = ORIENTED_EDGE ( 'NONE', *, *, #1023, .F. ) ;
#557 = AXIS2_PLACEMENT_3D ( 'NONE', #123, #1073, #911 ) ;
#558 = PLANE ( 'NONE',  #1598 ) ;
#559 = ORIENTED_EDGE ( 'NONE', *, *, #973, .F. ) ;
#560 = CARTESIAN_POINT ( 'NONE',  ( 70.00000000000000000, 15.00000000000000000, 32.50000000000000000 ) ) ;
#561 = VECTOR ( 'NONE', #1808, 1000.000000000000000 ) ;
#562 = VECTOR ( 'NONE', #1991, 1000.000000000000000 ) ;
#563 = LINE ( 'NONE', #406, #1568 ) ;
#564 = VERTEX_POINT ( 'NONE', #6 ) ;
#565 = CARTESIAN_POINT ( 'NONE',  ( -33.50000000000000000, 11.00000000000000000, 17.50000000000001421 ) ) ;
#566 = ORIENTED_EDGE ( 'NONE', *, *, #1913, .T. ) ;
#567 = VECTOR ( 'NONE', #1760, 1000.000000000000000 ) ;
#568 = ORIENTED_EDGE ( 'NONE', *, *, #1849, .T. ) ;
#569 = CYLINDRICAL_SURFACE ( 'NONE', #480, 12.49999999999999645 ) ;
#570 = CARTESIAN_POINT ( 'NONE',  ( -70.00000000000000000, 15.00000000000000000, 45.00000000000000000 ) ) ;
#571 = CARTESIAN_POINT ( 'NONE',  ( -70.00000000000000000, 34.00000000000000000, 45.00000000000000000 ) ) ;
#572 = CARTESIAN_POINT ( 'NONE',  ( 70.00000000000000000, 33.99999999999995737, 45.00000000000000000 ) ) ;
#573 = ORIENTED_EDGE ( 'NONE', *, *, #551, .T. ) ;
#574 = ORIENTED_EDGE ( 'NONE', *, *, #119, .F. ) ;
#575 = CARTESIAN_POINT ( 'NONE',  ( 70.00000000000000000, 0.000000000000000000, 37.40000000000000568 ) ) ;
#576 = DIRECTION ( 'NONE',  ( -0.000000000000000000, -1.000000000000000000, -0.000000000000000000 ) ) ;
#577 = CC_DESIGN_PERSON_AND_ORGANIZATION_ASSIGNMENT ( #875, #844, ( #280 ) ) ;
#578 = CIRCLE ( 'NONE', #1975, 11.50000000000001066 ) ;
#579 = ORIENTED_EDGE ( 'NONE', *, *, #1350, .T. ) ;
#580 = EDGE_LOOP ( 'NONE', ( #1386, #1732, #879, #286 ) ) ;
#581 = CARTESIAN_POINT ( 'NONE',  ( -70.00000000000000000, 33.99999999999995737, -45.00000000000000000 ) ) ;
#582 = ADVANCED_FACE ( 'NONE', ( #37 ), #1589, .F. ) ;
#583 = CARTESIAN_POINT ( 'NONE',  ( -85.00000000000000000, 15.00000000000000000, 60.00000000000000000 ) ) ;
#584 = ORIENTED_EDGE ( 'NONE', *, *, #1213, .F. ) ;
#585 = ORIENTED_EDGE ( 'NONE', *, *, #119, .T. ) ;
#586 = DIRECTION ( 'NONE',  ( 1.000000000000000000, 0.000000000000000000, 0.000000000000000000 ) ) ;
#587 = ORIENTED_EDGE ( 'NONE', *, *, #1202, .T. ) ;
#588 = DIRECTION ( 'NONE',  ( 0.000000000000000000, 0.000000000000000000, 1.000000000000000000 ) ) ;
#589 = ORIENTED_EDGE ( 'NONE', *, *, #609, .F. ) ;
#590 = VERTEX_POINT ( 'NONE', #1870 ) ;
#591 = CIRCLE ( 'NONE', #989, 12.49999999999999645 ) ;
#592 = DIRECTION ( 'NONE',  ( 0.000000000000000000, -0.000000000000000000, 1.000000000000000000 ) ) ;
#593 = ORIENTED_EDGE ( 'NONE', *, *, #609, .T. ) ;
#594 = EDGE_CURVE ( 'NONE', #1168, #290, #1897, .T. ) ;
#595 = CARTESIAN_POINT ( 'NONE',  ( -48.50000000000001421, 3.999999999999999112, -34.49999999999999289 ) ) ;
#596 = EDGE_CURVE ( 'NONE', #739, #914, #1904, .T. ) ;
#597 = VERTEX_POINT ( 'NONE', #968 ) ;
#598 = ORIENTED_EDGE ( 'NONE', *, *, #1050, .F. ) ;
#599 = DIRECTION ( 'NONE',  ( 0.000000000000000000, 1.000000000000000000, 0.000000000000000000 ) ) ;
#600 = VECTOR ( 'NONE', #812, 1000.000000000000000 ) ;
#601 = DIRECTION ( 'NONE',  ( 0.000000000000000000, 0.000000000000000000, 1.000000000000000000 ) ) ;
#602 = ORIENTED_EDGE ( 'NONE', *, *, #152, .T. ) ;
#603 = DIRECTION ( 'NONE',  ( 0.000000000000000000, 0.000000000000000000, -1.000000000000000000 ) ) ;
#604 = ORIENTED_EDGE ( 'NONE', *, *, #1292, .T. ) ;
#605 = DIRECTION ( 'NONE',  ( 0.000000000000000000, 0.000000000000000000, 1.000000000000000000 ) ) ;
#606 = ADVANCED_FACE ( 'NONE', ( #1439 ), #481, .F. ) ;
#607 = EDGE_CURVE ( 'NONE', #345, #866, #1001, .T. ) ;
#608 = DIRECTION ( 'NONE',  ( -0.000000000000000000, -1.000000000000000000, -0.000000000000000000 ) ) ;
#609 = EDGE_CURVE ( 'NONE', #641, #965, #1703, .T. ) ;
#610 = VERTEX_POINT ( 'NONE', #308 ) ;
#611 = DIRECTION ( 'NONE',  ( 0.000000000000000000, 0.000000000000000000, 1.000000000000000000 ) ) ;
#612 = CARTESIAN_POINT ( 'NONE',  ( 70.00000000000000000, 15.00000000000000000, 45.00000000000000000 ) ) ;
#613 = CONICAL_SURFACE ( 'NONE', #193, 7.599999999999996092, 0.7853981633974522758 ) ;
#614 = DIRECTION ( 'NONE',  ( 8.659560562354858902E-17, -0.7071067811865536790, 0.7071067811865414665 ) ) ;
#615 = ORIENTED_EDGE ( 'NONE', *, *, #815, .F. ) ;
#616 = CIRCLE ( 'NONE', #1755, 2.000000000000001776 ) ;
#617 = DIRECTION ( 'NONE',  ( 0.000000000000000000, 0.000000000000000000, 1.000000000000000000 ) ) ;
#618 = DIRECTION ( 'NONE',  ( 0.000000000000000000, 0.000000000000000000, 1.000000000000000000 ) ) ;
#619 = DIRECTION ( 'NONE',  ( 0.000000000000000000, 0.000000000000000000, 1.000000000000000000 ) ) ;
#620 = FACE_OUTER_BOUND ( 'NONE', #335, .T. ) ;
#621 = ORIENTED_EDGE ( 'NONE', *, *, #1751, .F. ) ;
#622 = ORIENTED_EDGE ( 'NONE', *, *, #1119, .T. ) ;
#623 = FACE_OUTER_BOUND ( 'NONE', #1022, .T. ) ;
#624 = CONICAL_SURFACE ( 'NONE', #102, 11.50000000000001066, 0.7853981633974396193 ) ;
#625 = DIRECTION ( 'NONE',  ( 0.000000000000000000, 0.000000000000000000, -1.000000000000000000 ) ) ;
#626 = CARTESIAN_POINT ( 'NONE',  ( -70.00000000000000000, 35.00000000000000000, 33.49999999999998579 ) ) ;
#627 = VECTOR ( 'NONE', #822, 1000.000000000000000 ) ;
#628 = CARTESIAN_POINT ( 'NONE',  ( -70.00000000000000000, 35.00000000000000000, 56.50000000000000711 ) ) ;
#629 = DIRECTION ( 'NONE',  ( 0.000000000000000000, 0.000000000000000000, -1.000000000000000000 ) ) ;
#630 = DIRECTION ( 'NONE',  ( 0.000000000000000000, 1.000000000000000000, 0.000000000000000000 ) ) ;
#631 = FACE_OUTER_BOUND ( 'NONE', #1832, .T. ) ;
#632 = ORIENTED_EDGE ( 'NONE', *, *, #1203, .T. ) ;
#633 = ADVANCED_FACE ( 'NONE', ( #318 ), #192, .F. ) ;
#634 = AXIS2_PLACEMENT_3D ( 'NONE', #1154, #1793, #55 ) ;
#635 = DIRECTION ( 'NONE',  ( 0.000000000000000000, 0.000000000000000000, 1.000000000000000000 ) ) ;
#636 = DIRECTION ( 'NONE',  ( -0.000000000000000000, 1.000000000000000000, -0.000000000000000000 ) ) ;
#637 = LINE ( 'NONE', #791, #1146 ) ;
#638 = LINE ( 'NONE', #1136, #728 ) ;
#639 = CARTESIAN_POINT ( 'NONE',  ( 70.00000000000000000, 35.00000000000000000, -45.00000000000000000 ) ) ;
#640 = DIRECTION ( 'NONE',  ( 0.000000000000000000, 1.000000000000000000, 0.000000000000000000 ) ) ;
#641 = VERTEX_POINT ( 'NONE', #1734 ) ;
#642 = ORIENTED_EDGE ( 'NONE', *, *, #974, .T. ) ;
#643 = EDGE_CURVE ( 'NONE', #1816, #1482, #1774, .T. ) ;
#644 = CARTESIAN_POINT ( 'NONE',  ( -33.50000000000000000, 0.000000000000000000, 17.50000000000001421 ) ) ;
#645 = VECTOR ( 'NONE', #1254, 1000.000000000000114 ) ;
#646 = DIRECTION ( 'NONE',  ( -0.000000000000000000, 1.000000000000000000, -0.000000000000000000 ) ) ;
#647 = FACE_OUTER_BOUND ( 'NONE', #1044, .T. ) ;
#648 = DIRECTION ( 'NONE',  ( 0.000000000000000000, 0.000000000000000000, 1.000000000000000000 ) ) ;
#649 = EDGE_LOOP ( 'NONE', ( #239, #36, #1410, #214 ) ) ;
#650 = ORIENTED_EDGE ( 'NONE', *, *, #1822, .T. ) ;
#651 = CARTESIAN_POINT ( 'NONE',  ( -48.50000000000001421, 11.00000000000000000, 36.50000000000000000 ) ) ;
#652 = EDGE_CURVE ( 'NONE', #965, #478, #1068, .T. ) ;
#653 = CARTESIAN_POINT ( 'NONE',  ( 70.00000000000000000, -0.0009999999999992653654, -52.59999999999999432 ) ) ;
#654 = AXIS2_PLACEMENT_3D ( 'NONE', #2, #1709, #314 ) ;
#655 = LINE ( 'NONE', #1158, #627 ) ;
#656 = DIRECTION ( 'NONE',  ( 0.000000000000000000, 0.000000000000000000, -1.000000000000000000 ) ) ;
#657 = ORIENTED_EDGE ( 'NONE', *, *, #1958, .T. ) ;
#658 = ORIENTED_EDGE ( 'NONE', *, *, #555, .F. ) ;
#659 = DIRECTION ( 'NONE',  ( 1.000000000000000000, 0.000000000000000000, 0.000000000000000000 ) ) ;
#660 = CIRCLE ( 'NONE', #1803, 2.000000000000001776 ) ;
#661 = ORIENTED_EDGE ( 'NONE', *, *, #1273, .T. ) ;
#662 = EDGE_CURVE ( 'NONE', #1567, #897, #1443, .T. ) ;
#663 = ADVANCED_FACE ( 'NONE', ( #484 ), #979, .F. ) ;
#664 = DIRECTION ( 'NONE',  ( 0.000000000000000000, 0.000000000000000000, 1.000000000000000000 ) ) ;
#665 = DIRECTION ( 'NONE',  ( 0.000000000000000000, 1.000000000000000000, 0.000000000000000000 ) ) ;
#666 = DIRECTION ( 'NONE',  ( 0.000000000000000000, 0.000000000000000000, 1.000000000000000000 ) ) ;
#667 = ORIENTED_EDGE ( 'NONE', *, *, #271, .T. ) ;
#668 = CYLINDRICAL_SURFACE ( 'NONE', #1794, 2.000000000000001776 ) ;
#669 = CARTESIAN_POINT ( 'NONE',  ( 70.00000000000000000, 33.99999999999999289, 57.49999999999999289 ) ) ;
#670 = AXIS2_PLACEMENT_3D ( 'NONE', #273, #443, #1828 ) ;
#671 = CARTESIAN_POINT ( 'NONE',  ( -48.50000000000001421, 11.00000000000000000, 38.50000000000000000 ) ) ;
#672 = VECTOR ( 'NONE', #1800, 1000.000000000000000 ) ;
#673 = VECTOR ( 'NONE', #1300, 1000.000000000000000 ) ;
#674 = DIRECTION ( 'NONE',  ( 0.000000000000000000, -1.000000000000000000, 0.000000000000000000 ) ) ;
#675 = FACE_OUTER_BOUND ( 'NONE', #1399, .T. ) ;
#676 = VERTEX_POINT ( 'NONE', #1415 ) ;
#677 = EDGE_CURVE ( 'NONE', #1806, #1332, #1120, .T. ) ;
#678 = DIRECTION ( 'NONE',  ( -0.000000000000000000, 1.000000000000000000, -0.000000000000000000 ) ) ;
#679 = VERTEX_POINT ( 'NONE', #178 ) ;
#680 = CARTESIAN_POINT ( 'NONE',  ( -13.50000000000000178, 0.000000000000000000, -17.50000000000000355 ) ) ;
#681 = DIRECTION ( 'NONE',  ( 0.000000000000000000, 1.000000000000000000, -0.000000000000000000 ) ) ;
#682 = CIRCLE ( 'NONE', #176, 12.49999999999999645 ) ;
#683 = PERSON_AND_ORGANIZATION_ROLE ( 'classification_officer' ) ;
#684 = EDGE_LOOP ( 'NONE', ( #497, #686 ) ) ;
#685 = DIRECTION ( 'NONE',  ( -0.000000000000000000, -1.000000000000000000, -0.000000000000000000 ) ) ;
#686 = ORIENTED_EDGE ( 'NONE', *, *, #904, .T. ) ;
#687 = DIRECTION ( 'NONE',  ( 0.000000000000000000, 0.000000000000000000, -1.000000000000000000 ) ) ;
#688 = ORIENTED_EDGE ( 'NONE', *, *, #363, .F. ) ;
#689 = DIRECTION ( 'NONE',  ( 0.000000000000000000, 0.000000000000000000, 1.000000000000000000 ) ) ;
#690 = ADVANCED_FACE ( 'NONE', ( #185 ), #1835, .T. ) ;
#691 = AXIS2_PLACEMENT_3D ( 'NONE', #770, #451, #629 ) ;
#692 = FACE_OUTER_BOUND ( 'NONE', #1367, .T. ) ;
#693 = AXIS2_PLACEMENT_3D ( 'NONE', #167, #803, #959 ) ;
#694 = APPROVAL_ROLE ( '' ) ;
#695 = ORIENTED_EDGE ( 'NONE', *, *, #1215, .T. ) ;
#696 = FACE_OUTER_BOUND ( 'NONE', #786, .T. ) ;
#697 = CARTESIAN_POINT ( 'NONE',  ( -54.60000000000000142, 11.00000000000000000, -42.60000000000000853 ) ) ;
#698 = ORIENTED_EDGE ( 'NONE', *, *, #1621, .T. ) ;
#699 = CC_DESIGN_DATE_AND_TIME_ASSIGNMENT ( #1189, #1021, ( #1899 ) ) ;
#700 = DIRECTION ( 'NONE',  ( -0.000000000000000000, -1.000000000000000000, -0.000000000000000000 ) ) ;
#701 = ADVANCED_FACE ( 'NONE', ( #322 ), #202, .T. ) ;
#702 = EDGE_CURVE ( 'NONE', #1226, #807, #532, .T. ) ;
#703 = EDGE_LOOP ( 'NONE', ( #1968, #721, #446, #508 ) ) ;
#704 = CARTESIAN_POINT ( 'NONE',  ( 70.00000000000000000, 33.99999999999995737, -45.00000000000000000 ) ) ;
#705 = ORIENTED_EDGE ( 'NONE', *, *, #2001, .T. ) ;
#706 = ORIENTED_EDGE ( 'NONE', *, *, #344, .F. ) ;
#707 = FACE_OUTER_BOUND ( 'NONE', #737, .T. ) ;
#708 = CARTESIAN_POINT ( 'NONE',  ( -85.00000000000000000, 0.000000000000000000, 60.00000000000000000 ) ) ;
#709 = CARTESIAN_POINT ( 'NONE',  ( -48.50000000000001421, 11.00000000000000000, -36.50000000000000000 ) ) ;
#710 = ORIENTED_EDGE ( 'NONE', *, *, #1854, .F. ) ;
#711 = CARTESIAN_POINT ( 'NONE',  ( 48.50000000000002842, 3.999999999999999112, 36.49999999999998579 ) ) ;
#712 = EDGE_CURVE ( 'NONE', #1482, #1977, #969, .T. ) ;
#713 = EDGE_CURVE ( 'NONE', #284, #496, #638, .T. ) ;
#714 = ORIENTED_EDGE ( 'NONE', *, *, #1137, .F. ) ;
#715 = DATE_TIME_ROLE ( 'creation_date' ) ;
#716 = VERTEX_POINT ( 'NONE', #1433 ) ;
#717 = VECTOR ( 'NONE', #636, 1000.000000000000000 ) ;
#718 = DIRECTION ( 'NONE',  ( 0.000000000000000000, 0.000000000000000000, -1.000000000000000000 ) ) ;
#719 = FACE_BOUND ( 'NONE', #1529, .T. ) ;
#720 = AXIS2_PLACEMENT_3D ( 'NONE', #1467, #1615, #1151 ) ;
#721 = ORIENTED_EDGE ( 'NONE', *, *, #59, .T. ) ;
#722 = DIRECTION ( 'NONE',  ( -1.000000000000000000, -0.000000000000000000, -0.000000000000000000 ) ) ;
#723 = AXIS2_PLACEMENT_3D ( 'NONE', #18, #957, #1117 ) ;
#724 = CARTESIAN_POINT ( 'NONE',  ( -70.00000000000000000, 35.00000000000000000, 33.49999999999998579 ) ) ;
#725 = CC_DESIGN_PERSON_AND_ORGANIZATION_ASSIGNMENT ( #1613, #221, ( #1745 ) ) ;
#726 = APPLICATION_PROTOCOL_DEFINITION ( 'international standard', 'config_control_design', 1994, #253 ) ;
#727 = VERTEX_POINT ( 'NONE', #628 ) ;
#728 = VECTOR ( 'NONE', #9, 1000.000000000000000 ) ;
#729 = CARTESIAN_POINT ( 'NONE',  ( -70.00000000000000000, 15.00000000000000000, -45.00000000000000000 ) ) ;
#730 = VERTEX_POINT ( 'NONE', #1289 ) ;
#731 = ADVANCED_FACE ( 'NONE', ( #1747 ), #1255, .F. ) ;
#732 = DIRECTION ( 'NONE',  ( 0.000000000000000000, 1.000000000000000000, 0.000000000000000000 ) ) ;
#733 = EDGE_LOOP ( 'NONE', ( #1687, #1200, #1512, #1231 ) ) ;
#734 = DIRECTION ( 'NONE',  ( 0.000000000000000000, 1.000000000000000000, -0.000000000000000000 ) ) ;
#735 = DIRECTION ( 'NONE',  ( 0.000000000000000000, 1.000000000000000000, 0.000000000000000000 ) ) ;
#736 = ORIENTED_EDGE ( 'NONE', *, *, #1947, .T. ) ;
#737 = EDGE_LOOP ( 'NONE', ( #1060, #1877, #1353, #1856 ) ) ;
#738 = FACE_OUTER_BOUND ( 'NONE', #1938, .T. ) ;
#739 = VERTEX_POINT ( 'NONE', #950 ) ;
#740 = CARTESIAN_POINT ( 'NONE',  ( 54.60000000000000142, 11.00000000000000000, -42.60000000000000853 ) ) ;
#741 = VERTEX_POINT ( 'NONE', #1706 ) ;
#742 = EDGE_LOOP ( 'NONE', ( #1325, #122 ) ) ;
#743 = LINE ( 'NONE', #753, #39 ) ;
#744 = CARTESIAN_POINT ( 'NONE',  ( -70.00000000000000000, 35.00000000000000000, -56.50000000000000711 ) ) ;
#745 = ORIENTED_EDGE ( 'NONE', *, *, #1847, .T. ) ;
#746 = ORIENTED_EDGE ( 'NONE', *, *, #1067, .T. ) ;
#747 = ORIENTED_EDGE ( 'NONE', *, *, #1587, .T. ) ;
#748 = CARTESIAN_POINT ( 'NONE',  ( -70.00000000000000000, 35.00000000000000000, -45.00000000000000000 ) ) ;
#749 = ORIENTED_EDGE ( 'NONE', *, *, #551, .F. ) ;
#750 = DIRECTION ( 'NONE',  ( -1.000000000000000000, 0.000000000000000000, -0.000000000000000000 ) ) ;
#751 = EDGE_LOOP ( 'NONE', ( #658, #1797 ) ) ;
#752 = EDGE_CURVE ( 'NONE', #1961, #1020, #437, .T. ) ;
#753 = CARTESIAN_POINT ( 'NONE',  ( 85.00000000000000000, 15.00000000000000000, 60.00000000000000000 ) ) ;
#754 = VECTOR ( 'NONE', #393, 1000.000000000000000 ) ;
#755 = ADVANCED_FACE ( 'NONE', ( #38 ), #1582, .F. ) ;
#756 = FACE_BOUND ( 'NONE', #525, .T. ) ;
#757 = DIRECTION ( 'NONE',  ( -0.000000000000000000, 1.000000000000000000, -0.000000000000000000 ) ) ;
#758 = EDGE_LOOP ( 'NONE', ( #42, #1534, #826, #1931 ) ) ;
#759 = DIRECTION ( 'NONE',  ( -0.000000000000000000, -1.000000000000000000, -0.000000000000000000 ) ) ;
#760 = APPROVAL_PERSON_ORGANIZATION ( #1622, #403, #408 ) ;
#761 = CARTESIAN_POINT ( 'NONE',  ( -13.49999999999999822, 11.00000000000000000, 17.50000000000000711 ) ) ;
#762 = CONICAL_SURFACE ( 'NONE', #634, 7.599999999999996092, 0.7853981633974522758 ) ;
#763 = ORIENTED_EDGE ( 'NONE', *, *, #165, .T. ) ;
#764 = AXIS2_PLACEMENT_3D ( 'NONE', #1279, #1432, #1551 ) ;
#765 = DIRECTION ( 'NONE',  ( 0.000000000000000000, 1.000000000000000000, 0.000000000000000000 ) ) ;
#766 = EDGE_LOOP ( 'NONE', ( #705, #1095 ) ) ;
#767 = ORIENTED_EDGE ( 'NONE', *, *, #596, .T. ) ;
#768 = DIRECTION ( 'NONE',  ( 0.000000000000000000, -1.000000000000000000, 0.000000000000000000 ) ) ;
#769 = EDGE_CURVE ( 'NONE', #739, #1631, #1573, .T. ) ;
#770 = CARTESIAN_POINT ( 'NONE',  ( 70.00000000000000000, 35.00000000000000000, -45.00000000000000000 ) ) ;
#771 = LINE ( 'NONE', #1395, #1124 ) ;
#772 = EDGE_LOOP ( 'NONE', ( #1170, #1665 ) ) ;
#773 = FACE_BOUND ( 'NONE', #490, .T. ) ;
#774 = ORIENTED_EDGE ( 'NONE', *, *, #191, .T. ) ;
#775 = CIRCLE ( 'NONE', #1909, 8.600000000000051159 ) ;
#776 = ORIENTED_EDGE ( 'NONE', *, *, #962, .T. ) ;
#777 = CARTESIAN_POINT ( 'NONE',  ( 54.60000000000000142, 11.00000000000000000, 42.59999999999999432 ) ) ;
#778 = CIRCLE ( 'NONE', #1914, 2.000000000000001776 ) ;
#779 = DIRECTION ( 'NONE',  ( 0.000000000000000000, 0.000000000000000000, -1.000000000000000000 ) ) ;
#780 = CARTESIAN_POINT ( 'NONE',  ( 70.00000000000000000, 33.99999999999995737, 37.40000000000000568 ) ) ;
#781 = EDGE_CURVE ( 'NONE', #1294, #564, #1883, .T. ) ;
#782 = DIRECTION ( 'NONE',  ( -1.000000000000000000, -0.000000000000000000, -0.000000000000000000 ) ) ;
#783 = CARTESIAN_POINT ( 'NONE',  ( 70.00000000000000000, -0.0009999999999992653654, 37.40000000000000568 ) ) ;
#784 = DIRECTION ( 'NONE',  ( -0.000000000000000000, 1.000000000000000000, -0.000000000000000000 ) ) ;
#785 = DIRECTION ( 'NONE',  ( -0.000000000000000000, 1.000000000000000000, -0.000000000000000000 ) ) ;
#786 = EDGE_LOOP ( 'NONE', ( #1296, #337, #334, #1654 ) ) ;
#787 = DIRECTION ( 'NONE',  ( 0.000000000000000000, -1.000000000000000000, 0.000000000000000000 ) ) ;
#788 = VECTOR ( 'NONE', #920, 1000.000000000000000 ) ;
#789 = CIRCLE ( 'NONE', #1500, 11.50000000000001066 ) ;
#790 = DIRECTION ( 'NONE',  ( 0.000000000000000000, 0.000000000000000000, -1.000000000000000000 ) ) ;
#791 = CARTESIAN_POINT ( 'NONE',  ( -70.00000000000000000, 33.99999999999995737, 37.39999999999999147 ) ) ;
#792 = AXIS2_PLACEMENT_3D ( 'NONE', #1608, #80, #547 ) ;
#793 = CARTESIAN_POINT ( 'NONE',  ( 70.00000000000000000, 35.00000000000000000, -45.00000000000000000 ) ) ;
#794 = APPROVAL ( #1472, 'UNSPECIFIED' ) ;
#795 = LINE ( 'NONE', #1575, #1142 ) ;
#796 = DIRECTION ( 'NONE',  ( 0.000000000000000000, 0.000000000000000000, -1.000000000000000000 ) ) ;
#797 = ORIENTED_EDGE ( 'NONE', *, *, #1574, .F. ) ;
#798 = VECTOR ( 'NONE', #806, 1000.000000000000000 ) ;
#799 = VERTEX_POINT ( 'NONE', #1128 ) ;
#800 = CIRCLE ( 'NONE', #1133, 8.600000000000051159 ) ;
#801 = VECTOR ( 'NONE', #30, 1000.000000000000000 ) ;
#802 = DIRECTION ( 'NONE',  ( -0.000000000000000000, 1.000000000000000000, -0.000000000000000000 ) ) ;
#803 = DIRECTION ( 'NONE',  ( -0.000000000000000000, 1.000000000000000000, -0.000000000000000000 ) ) ;
#804 = DIRECTION ( 'NONE',  ( 0.000000000000000000, 0.7071067811865446862, 0.7071067811865503483 ) ) ;
#805 = EDGE_LOOP ( 'NONE', ( #118, #1730, #776, #932 ) ) ;
#806 = DIRECTION ( 'NONE',  ( -0.000000000000000000, 1.000000000000000000, -0.000000000000000000 ) ) ;
#807 = VERTEX_POINT ( 'NONE', #1725 ) ;
#808 = AXIS2_PLACEMENT_3D ( 'NONE', #915, #878, #718 ) ;
#809 = CARTESIAN_POINT ( 'NONE',  ( -70.00000000000000000, 0.000000000000000000, -45.00000000000000000 ) ) ;
#810 = DIRECTION ( 'NONE',  ( -0.000000000000000000, 1.000000000000000000, -0.000000000000000000 ) ) ;
#811 = CARTESIAN_POINT ( 'NONE',  ( 70.00000000000000000, 33.99999999999995737, 45.00000000000000000 ) ) ;
#812 = DIRECTION ( 'NONE',  ( -0.000000000000000000, -1.000000000000000000, -0.000000000000000000 ) ) ;
#813 = ORIENTED_EDGE ( 'NONE', *, *, #1776, .F. ) ;
#814 = PRODUCT_DEFINITION_SHAPE ( 'NONE', 'NONE',  #280 ) ;
#815 = EDGE_CURVE ( 'NONE', #243, #442, #1736, .T. ) ;
#816 = DIRECTION ( 'NONE',  ( 0.000000000000000000, -1.000000000000000000, 0.000000000000000000 ) ) ;
#817 = ORIENTED_EDGE ( 'NONE', *, *, #1452, .F. ) ;
#818 = VECTOR ( 'NONE', #438, 999.9999999999998863 ) ;
#819 = ADVANCED_FACE ( 'NONE', ( #1898 ), #1641, .F. ) ;
#820 = AXIS2_PLACEMENT_3D ( 'NONE', #1933, #1322, #1633 ) ;
#821 = CARTESIAN_POINT ( 'NONE',  ( 70.00000000000000000, 35.00000000000000000, -45.00000000000000000 ) ) ;
#822 = DIRECTION ( 'NONE',  ( -0.000000000000000000, -1.000000000000000000, -0.000000000000000000 ) ) ;
#823 = DIRECTION ( 'NONE',  ( -0.000000000000000000, 1.000000000000000000, -0.000000000000000000 ) ) ;
#824 = ORIENTED_EDGE ( 'NONE', *, *, #643, .F. ) ;
#825 = PLANE ( 'NONE',  #526 ) ;
#826 = ORIENTED_EDGE ( 'NONE', *, *, #456, .F. ) ;
#827 = LOCAL_TIME ( 11, 54, 10.00000000000000000, #1653 ) ;
#828 = DIRECTION ( 'NONE',  ( 0.000000000000000000, 0.000000000000000000, 1.000000000000000000 ) ) ;
#829 = ORIENTED_EDGE ( 'NONE', *, *, #1675, .T. ) ;
#830 = CIRCLE ( 'NONE', #967, 12.49999999999999645 ) ;
#831 = LINE ( 'NONE', #374, #673 ) ;
#832 = EDGE_CURVE ( 'NONE', #478, #965, #1850, .T. ) ;
#833 = EDGE_CURVE ( 'NONE', #1692, #1421, #367, .T. ) ;
#834 = DIRECTION ( 'NONE',  ( 0.000000000000000000, 0.000000000000000000, 1.000000000000000000 ) ) ;
#835 = CARTESIAN_POINT ( 'NONE',  ( -70.00000000000000000, 33.99999999999995737, -37.39999999999999147 ) ) ;
#836 = VERTEX_POINT ( 'NONE', #863 ) ;
#837 = DIRECTION ( 'NONE',  ( 0.000000000000000000, 1.000000000000000000, 0.000000000000000000 ) ) ;
#838 = ORIENTED_EDGE ( 'NONE', *, *, #489, .T. ) ;
#839 = DIRECTION ( 'NONE',  ( 0.000000000000000000, -1.000000000000000000, 0.000000000000000000 ) ) ;
#840 = AXIS2_PLACEMENT_3D ( 'NONE', #1969, #1503, #1686 ) ;
#841 = DIRECTION ( 'NONE',  ( 0.000000000000000000, 1.000000000000000000, 0.000000000000000000 ) ) ;
#842 = CONICAL_SURFACE ( 'NONE', #321, 7.599999999999996092, 0.7853981633974522758 ) ;
#843 = VERTEX_POINT ( 'NONE', #1453 ) ;
#844 = PERSON_AND_ORGANIZATION_ROLE ( 'creator' ) ;
#845 = EDGE_LOOP ( 'NONE', ( #1440, #1211, #27, #265 ) ) ;
#846 = DIRECTION ( 'NONE',  ( 0.000000000000000000, 1.000000000000000000, 0.000000000000000000 ) ) ;
#847 = CARTESIAN_POINT ( 'NONE',  ( -13.49999999999999822, 0.000000000000000000, 13.49999999999999822 ) ) ;
#848 = CYLINDRICAL_SURFACE ( 'NONE', #1932, 2.000000000000005329 ) ;
#849 = CARTESIAN_POINT ( 'NONE',  ( 70.00000000000000000, 35.00000000000000000, 53.60000000000005116 ) ) ;
#850 = ORIENTED_EDGE ( 'NONE', *, *, #516, .F. ) ;
#851 = CIRCLE ( 'NONE', #1019, 11.50000000000001066 ) ;
#852 = APPROVAL_DATE_TIME ( #524, #949 ) ;
#853 = EDGE_LOOP ( 'NONE', ( #1830, #688, #913, #1815 ) ) ;
#854 = ADVANCED_FACE ( 'NONE', ( #398 ), #357, .F. ) ;
#855 = CIRCLE ( 'NONE', #958, 11.50000000000001066 ) ;
#856 = CARTESIAN_POINT ( 'NONE',  ( -70.00000000000000000, 33.99999999999995737, -45.00000000000000000 ) ) ;
#857 = FACE_OUTER_BOUND ( 'NONE', #1114, .T. ) ;
#858 = ADVANCED_FACE ( 'NONE', ( #1919 ), #1186, .T. ) ;
#859 = DIRECTION ( 'NONE',  ( 0.000000000000000000, 0.000000000000000000, 1.000000000000000000 ) ) ;
#860 = LOCAL_TIME ( 11, 54, 10.00000000000000000, #1012 ) ;
#861 = ORIENTED_EDGE ( 'NONE', *, *, #189, .F. ) ;
#862 = VECTOR ( 'NONE', #373, 1000.000000000000000 ) ;
#863 = CARTESIAN_POINT ( 'NONE',  ( 85.00000000000000000, 15.00000000000000000, 60.00000000000000000 ) ) ;
#864 = AXIS2_PLACEMENT_3D ( 'NONE', #821, #1403, #194 ) ;
#865 = ORIENTED_EDGE ( 'NONE', *, *, #1765, .T. ) ;
#866 = VERTEX_POINT ( 'NONE', #849 ) ;
#867 = FACE_BOUND ( 'NONE', #766, .T. ) ;
#868 = DIRECTION ( 'NONE',  ( -0.000000000000000000, 0.000000000000000000, 1.000000000000000000 ) ) ;
#869 = EDGE_CURVE ( 'NONE', #1680, #1168, #224, .T. ) ;
#870 = EDGE_CURVE ( 'NONE', #807, #1226, #1492, .T. ) ;
#871 = DIRECTION ( 'NONE',  ( -0.000000000000000000, 1.000000000000000000, -0.000000000000000000 ) ) ;
#872 = VERTEX_POINT ( 'NONE', #1018 ) ;
#873 = AXIS2_PLACEMENT_3D ( 'NONE', #433, #1199, #1840 ) ;
#874 = DIRECTION ( 'NONE',  ( 0.000000000000000000, 1.000000000000000000, 0.000000000000000000 ) ) ;
#875 = PERSON_AND_ORGANIZATION ( #259, #1477 ) ;
#876 = CIRCLE ( 'NONE', #511, 12.49999999999999645 ) ;
#877 = ORIENTED_EDGE ( 'NONE', *, *, #917, .T. ) ;
#878 = DIRECTION ( 'NONE',  ( 1.000000000000000000, -0.000000000000000000, 0.000000000000000000 ) ) ;
#879 = ORIENTED_EDGE ( 'NONE', *, *, #677, .F. ) ;
#880 = DIRECTION ( 'NONE',  ( -0.000000000000000000, 1.000000000000000000, -0.000000000000000000 ) ) ;
#881 = CARTESIAN_POINT ( 'NONE',  ( -70.00000000000000000, -0.0009999999999992653654, -45.00000000000000000 ) ) ;
#882 = EDGE_CURVE ( 'NONE', #206, #872, #166, .T. ) ;
#883 = ADVANCED_FACE ( 'NONE', ( #210 ), #842, .F. ) ;
#884 = CYLINDRICAL_SURFACE ( 'NONE', #197, 7.600000000000009415 ) ;
#885 = EDGE_CURVE ( 'NONE', #1005, #727, #578, .T. ) ;
#886 = ORIENTED_EDGE ( 'NONE', *, *, #921, .F. ) ;
#887 = ORIENTED_EDGE ( 'NONE', *, *, #492, .T. ) ;
#888 = DIRECTION ( 'NONE',  ( 0.000000000000000000, 0.000000000000000000, 1.000000000000000000 ) ) ;
#889 = CARTESIAN_POINT ( 'NONE',  ( -70.00000000000000000, 35.00000000000000000, 53.60000000000005116 ) ) ;
#890 = AXIS2_PLACEMENT_3D ( 'NONE', #570, #1025, #1475 ) ;
#891 = ORIENTED_EDGE ( 'NONE', *, *, #431, .T. ) ;
#892 = LINE ( 'NONE', #278, #203 ) ;
#893 = DIRECTION ( 'NONE',  ( 0.000000000000000000, 1.000000000000000000, 0.000000000000000000 ) ) ;
#894 = AXIS2_PLACEMENT_3D ( 'NONE', #383, #1954, #1326 ) ;
#895 = EDGE_LOOP ( 'NONE', ( #1916, #70, #1959, #955 ) ) ;
#896 = AXIS2_PLACEMENT_3D ( 'NONE', #1484, #108, #1798 ) ;
#897 = VERTEX_POINT ( 'NONE', #1339 ) ;
#898 = DIRECTION ( 'NONE',  ( 0.000000000000000000, 1.000000000000000000, 0.000000000000000000 ) ) ;
#899 = DIRECTION ( 'NONE',  ( 0.000000000000000000, 0.000000000000000000, -1.000000000000000000 ) ) ;
#900 = FACE_OUTER_BOUND ( 'NONE', #2008, .T. ) ;
#901 = DIRECTION ( 'NONE',  ( 0.000000000000000000, 1.000000000000000000, -0.000000000000000000 ) ) ;
#902 = VERTEX_POINT ( 'NONE', #671 ) ;
#903 = ORIENTED_EDGE ( 'NONE', *, *, #1245, .T. ) ;
#904 = EDGE_CURVE ( 'NONE', #1168, #1680, #1619, .T. ) ;
#905 = DIRECTION ( 'NONE',  ( -0.000000000000000000, -1.000000000000000000, -0.000000000000000000 ) ) ;
#906 = DIRECTION ( 'NONE',  ( 0.000000000000000000, 1.000000000000000000, -0.000000000000000000 ) ) ;
#907 = AXIS2_PLACEMENT_3D ( 'NONE', #482, #1109, #617 ) ;
#908 = VECTOR ( 'NONE', #1833, 1000.000000000000000 ) ;
#909 = EDGE_CURVE ( 'NONE', #679, #1843, #831, .T. ) ;
#910 = VERTEX_POINT ( 'NONE', #521 ) ;
#911 = DIRECTION ( 'NONE',  ( 0.000000000000000000, -0.000000000000000000, 1.000000000000000000 ) ) ;
#912 = CARTESIAN_POINT ( 'NONE',  ( -13.49999999999999822, 0.000000000000000000, 15.50000000000000355 ) ) ;
#913 = ORIENTED_EDGE ( 'NONE', *, *, #375, .F. ) ;
#914 = VERTEX_POINT ( 'NONE', #1157 ) ;
#915 = CARTESIAN_POINT ( 'NONE',  ( -85.00000000000000000, 15.00000000000000000, 60.00000000000000000 ) ) ;
#916 = PLANE ( 'NONE',  #1571 ) ;
#917 = EDGE_CURVE ( 'NONE', #442, #1188, #1813, .T. ) ;
#918 = AXIS2_PLACEMENT_3D ( 'NONE', #1375, #1497, #1965 ) ;
#919 = VECTOR ( 'NONE', #685, 1000.000000000000000 ) ;
#920 = DIRECTION ( 'NONE',  ( 0.000000000000000000, 0.000000000000000000, -1.000000000000000000 ) ) ;
#921 = EDGE_CURVE ( 'NONE', #2009, #206, #1312, .T. ) ;
#922 = ADVANCED_FACE ( 'NONE', ( #692 ), #1620, .F. ) ;
#923 = VERTEX_POINT ( 'NONE', #542 ) ;
#924 = CIRCLE ( 'NONE', #1927, 2.000000000000001776 ) ;
#925 = FACE_OUTER_BOUND ( 'NONE', #414, .T. ) ;
#926 = ORIENTED_EDGE ( 'NONE', *, *, #974, .F. ) ;
#927 = DIRECTION ( 'NONE',  ( -0.000000000000000000, 1.000000000000000000, -0.000000000000000000 ) ) ;
#928 = AXIS2_PLACEMENT_3D ( 'NONE', #324, #1584, #196 ) ;
#929 = FACE_OUTER_BOUND ( 'NONE', #703, .T. ) ;
#930 = VECTOR ( 'NONE', #1297, 1000.000000000000000 ) ;
#931 = VERTEX_POINT ( 'NONE', #1175 ) ;
#932 = ORIENTED_EDGE ( 'NONE', *, *, #1234, .F. ) ;
#933 = CARTESIAN_POINT ( 'NONE',  ( -48.50000000000001421, 3.999999999999999112, 34.49999999999999289 ) ) ;
#934 = EDGE_LOOP ( 'NONE', ( #1248, #1065, #455, #556 ) ) ;
#935 = ADVANCED_FACE ( 'NONE', ( #1787 ), #884, .F. ) ;
#936 = LINE ( 'NONE', #46, #1309 ) ;
#937 = DIRECTION ( 'NONE',  ( 0.000000000000000000, -0.000000000000000000, 1.000000000000000000 ) ) ;
#938 = DIRECTION ( 'NONE',  ( 0.000000000000000000, 0.000000000000000000, -1.000000000000000000 ) ) ;
#939 = DIRECTION ( 'NONE',  ( 0.000000000000000000, 0.000000000000000000, 1.000000000000000000 ) ) ;
#940 = DIRECTION ( 'NONE',  ( -0.000000000000000000, -1.000000000000000000, -0.000000000000000000 ) ) ;
#941 = CARTESIAN_POINT ( 'NONE',  ( -70.00000000000000000, 0.000000000000000000, -37.39999999999999147 ) ) ;
#942 = EDGE_LOOP ( 'NONE', ( #865, #602, #384, #1922 ) ) ;
#943 = VERTEX_POINT ( 'NONE', #117 ) ;
#944 = DIRECTION ( 'NONE',  ( -0.000000000000000000, -0.000000000000000000, 1.000000000000000000 ) ) ;
#945 = CIRCLE ( 'NONE', #976, 8.600000000000051159 ) ;
#946 = AXIS2_PLACEMENT_3D ( 'NONE', #68, #681, #1167 ) ;
#947 = DIRECTION ( 'NONE',  ( -0.000000000000000000, 1.000000000000000000, -0.000000000000000000 ) ) ;
#948 = PLANE ( 'NONE',  #1045 ) ;
#949 = APPROVAL ( #1004, 'UNSPECIFIED' ) ;
#950 = CARTESIAN_POINT ( 'NONE',  ( -70.00000000000000000, 35.00000000000000000, -33.49999999999998579 ) ) ;
#951 = ADVANCED_FACE ( 'NONE', ( #1366 ), #1205, .F. ) ;
#952 = CARTESIAN_POINT ( 'NONE',  ( 85.00000000000000000, 0.000000000000000000, -60.00000000000000000 ) ) ;
#953 = ORIENTED_EDGE ( 'NONE', *, *, #503, .T. ) ;
#954 = FACE_OUTER_BOUND ( 'NONE', #536, .T. ) ;
#955 = ORIENTED_EDGE ( 'NONE', *, *, #1789, .T. ) ;
#956 = CIRCLE ( 'NONE', #1340, 2.000000000000005329 ) ;
#957 = DIRECTION ( 'NONE',  ( 0.000000000000000000, 1.000000000000000000, 0.000000000000000000 ) ) ;
#958 = AXIS2_PLACEMENT_3D ( 'NONE', #1229, #1841, #145 ) ;
#959 = DIRECTION ( 'NONE',  ( 0.000000000000000000, 0.000000000000000000, 1.000000000000000000 ) ) ;
#960 = CYLINDRICAL_SURFACE ( 'NONE', #1581, 2.000000000000003553 ) ;
#961 = EDGE_CURVE ( 'NONE', #1692, #836, #1814, .T. ) ;
#962 = EDGE_CURVE ( 'NONE', #914, #1773, #1661, .T. ) ;
#963 = CARTESIAN_POINT ( 'NONE',  ( -70.00000000000000000, -0.0009999999999992653654, 37.39999999999999147 ) ) ;
#964 = ORIENTED_EDGE ( 'NONE', *, *, #1637, .F. ) ;
#965 = VERTEX_POINT ( 'NONE', #565 ) ;
#966 = CIRCLE ( 'NONE', #1771, 2.000000000000001776 ) ;
#967 = AXIS2_PLACEMENT_3D ( 'NONE', #1413, #975, #790 ) ;
#968 = CARTESIAN_POINT ( 'NONE',  ( -13.49999999999999822, 11.00000000000000000, 13.49999999999999822 ) ) ;
#969 = LINE ( 'NONE', #23, #801 ) ;
#970 = DIRECTION ( 'NONE',  ( 0.000000000000000000, 0.000000000000000000, 1.000000000000000000 ) ) ;
#971 = CARTESIAN_POINT ( 'NONE',  ( -33.50000000000000000, 0.000000000000000000, -13.50000000000000000 ) ) ;
#972 = ORIENTED_EDGE ( 'NONE', *, *, #222, .T. ) ;
#973 = EDGE_CURVE ( 'NONE', #1701, #1754, #1719, .T. ) ;
#974 = EDGE_CURVE ( 'NONE', #1437, #208, #153, .T. ) ;
#975 = DIRECTION ( 'NONE',  ( -0.000000000000000000, 1.000000000000000000, -0.000000000000000000 ) ) ;
#976 = AXIS2_PLACEMENT_3D ( 'NONE', #639, #940, #452 ) ;
#977 = AXIS2_PLACEMENT_3D ( 'NONE', #1074, #768, #1957 ) ;
#978 = AXIS2_PLACEMENT_3D ( 'NONE', #1481, #1929, #1611 ) ;
#979 = CYLINDRICAL_SURFACE ( 'NONE', #693, 2.000000000000001776 ) ;
#980 = DIRECTION ( 'NONE',  ( 0.000000000000000000, 0.000000000000000000, -1.000000000000000000 ) ) ;
#981 = CARTESIAN_POINT ( 'NONE',  ( -70.00000000000000000, 35.00000000000000000, -45.00000000000000000 ) ) ;
#982 = ORIENTED_EDGE ( 'NONE', *, *, #152, .F. ) ;
#983 = FACE_BOUND ( 'NONE', #251, .T. ) ;
#984 = EDGE_LOOP ( 'NONE', ( #1348, #584, #887, #1321 ) ) ;
#985 = EDGE_CURVE ( 'NONE', #679, #1559, #125, .T. ) ;
#986 = LINE ( 'NONE', #520, #1185 ) ;
#987 = ORIENTED_EDGE ( 'NONE', *, *, #222, .F. ) ;
#988 = CIRCLE ( 'NONE', #1249, 2.000000000000001776 ) ;
#989 = AXIS2_PLACEMENT_3D ( 'NONE', #227, #112, #246 ) ;
#990 = DIRECTION ( 'NONE',  ( 0.000000000000000000, 0.000000000000000000, 1.000000000000000000 ) ) ;
#991 = CARTESIAN_POINT ( 'NONE',  ( -54.60000000000000142, 11.00000000000000000, 42.59999999999999432 ) ) ;
#992 = DIRECTION ( 'NONE',  ( 0.000000000000000000, 0.000000000000000000, 1.000000000000000000 ) ) ;
#993 = VECTOR ( 'NONE', #293, 1000.000000000000000 ) ;
#994 = ORIENTED_EDGE ( 'NONE', *, *, #2000, .F. ) ;
#995 = PLANE ( 'NONE',  #792 ) ;
#996 = ORIENTED_EDGE ( 'NONE', *, *, #781, .F. ) ;
#997 = VECTOR ( 'NONE', #1545, 1000.000000000000000 ) ;
#998 = CONICAL_SURFACE ( 'NONE', #1225, 7.600000000000009415, 0.7853981633974491672 ) ;
#999 = CARTESIAN_POINT ( 'NONE',  ( 85.00000000000000000, 15.00000000000000000, 60.00000000000000000 ) ) ;
#1000 = ADVANCED_FACE ( 'NONE', ( #925 ), #613, .F. ) ;
#1001 = CIRCLE ( 'NONE', #1347, 8.600000000000051159 ) ;
#1002 = EDGE_CURVE ( 'NONE', #1977, #943, #1509, .T. ) ;
#1003 = DIRECTION ( 'NONE',  ( -0.000000000000000000, -1.000000000000000000, -0.000000000000000000 ) ) ;
#1004 = APPROVAL_STATUS ( 'not_yet_approved' ) ;
#1005 = VERTEX_POINT ( 'NONE', #724 ) ;
#1006 = DIRECTION ( 'NONE',  ( 0.000000000000000000, 1.000000000000000000, 0.000000000000000000 ) ) ;
#1007 = CARTESIAN_POINT ( 'NONE',  ( -13.49999999999999822, 0.000000000000000000, 15.50000000000000355 ) ) ;
#1008 = CIRCLE ( 'NONE', #840, 7.599999999999996092 ) ;
#1009 = EDGE_CURVE ( 'NONE', #453, #208, #1716, .T. ) ;
#1010 = DIRECTION ( 'NONE',  ( 8.659560562354858902E-17, -0.7071067811865536790, 0.7071067811865414665 ) ) ;
#1011 = AXIS2_PLACEMENT_3D ( 'NONE', #1603, #1630, #1767 ) ;
#1012 = COORDINATED_UNIVERSAL_TIME_OFFSET ( 0, 0, .AHEAD. ) ;
#1013 = EDGE_CURVE ( 'NONE', #425, #799, #124, .T. ) ;
#1014 = ORIENTED_EDGE ( 'NONE', *, *, #1362, .F. ) ;
#1015 = DIRECTION ( 'NONE',  ( 0.000000000000000000, -1.000000000000000000, 0.000000000000000000 ) ) ;
#1016 = DIRECTION ( 'NONE',  ( -1.000000000000000000, 0.000000000000000000, 0.000000000000000000 ) ) ;
#1017 = FACE_OUTER_BOUND ( 'NONE', #1451, .T. ) ;
#1018 = CARTESIAN_POINT ( 'NONE',  ( 70.00000000000000000, 33.99999999999999289, 32.50000000000000000 ) ) ;
#1019 = AXIS2_PLACEMENT_3D ( 'NONE', #1963, #732, #1193 ) ;
#1020 = VERTEX_POINT ( 'NONE', #430 ) ;
#1021 = DATE_TIME_ROLE ( 'classification_date' ) ;
#1022 = EDGE_LOOP ( 'NONE', ( #1014, #223, #642, #276 ) ) ;
#1023 = EDGE_CURVE ( 'NONE', #1680, #931, #1846, .T. ) ;
#1024 = DIRECTION ( 'NONE',  ( 0.000000000000000000, 0.000000000000000000, 1.000000000000000000 ) ) ;
#1025 = DIRECTION ( 'NONE',  ( -0.000000000000000000, 1.000000000000000000, -0.000000000000000000 ) ) ;
#1026 = APPLICATION_CONTEXT ( 'configuration controlled 3d designs of mechanical parts and assemblies' ) ;
#1027 = ORIENTED_EDGE ( 'NONE', *, *, #1002, .F. ) ;
#1028 = CARTESIAN_POINT ( 'NONE',  ( -70.00000000000000000, 35.00000000000000000, -45.00000000000000000 ) ) ;
#1029 = AXIS2_PLACEMENT_3D ( 'NONE', #1718, #486, #1140 ) ;
#1030 = ORIENTED_EDGE ( 'NONE', *, *, #11, .F. ) ;
#1031 = AXIS2_PLACEMENT_3D ( 'NONE', #1335, #700, #859 ) ;
#1032 = DIRECTION ( 'NONE',  ( 0.000000000000000000, 0.000000000000000000, -1.000000000000000000 ) ) ;
#1033 = CIRCLE ( 'NONE', #764, 2.000000000000005329 ) ;
#1034 = ORIENTED_EDGE ( 'NONE', *, *, #113, .F. ) ;
#1035 = APPROVAL_STATUS ( 'not_yet_approved' ) ;
#1036 = ORIENTED_EDGE ( 'NONE', *, *, #985, .T. ) ;
#1037 = FACE_OUTER_BOUND ( 'NONE', #942, .T. ) ;
#1038 = FACE_BOUND ( 'NONE', #1446, .T. ) ;
#1039 = ADVANCED_FACE ( 'NONE', ( #1543, #1062, #756, #1805, #1356, #1998, #1976, #1671, #126 ), #439, .F. ) ;
#1040 = CARTESIAN_POINT ( 'NONE',  ( 70.00000000000000000, 33.99999999999995737, -37.40000000000000568 ) ) ;
#1041 = CIRCLE ( 'NONE', #162, 12.49999999999999645 ) ;
#1042 = DIRECTION ( 'NONE',  ( 0.000000000000000000, 1.000000000000000000, 0.000000000000000000 ) ) ;
#1043 = APPROVAL_DATE_TIME ( #1463, #403 ) ;
#1044 = EDGE_LOOP ( 'NONE', ( #1903, #573, #953, #710 ) ) ;
#1045 = AXIS2_PLACEMENT_3D ( 'NONE', #474, #175, #937 ) ;
#1046 = CARTESIAN_POINT ( 'NONE',  ( -13.50000000000000178, 11.00000000000000000, -13.49999999999999467 ) ) ;
#1047 = DIRECTION ( 'NONE',  ( -0.000000000000000000, 1.000000000000000000, -0.000000000000000000 ) ) ;
#1048 = EDGE_LOOP ( 'NONE', ( #566, #1206 ) ) ;
#1049 = FACE_OUTER_BOUND ( 'NONE', #1585, .T. ) ;
#1050 = EDGE_CURVE ( 'NONE', #1595, #343, #1080, .T. ) ;
#1051 = DIRECTION ( 'NONE',  ( 0.000000000000000000, 1.000000000000000000, 0.000000000000000000 ) ) ;
#1052 = ORIENTED_EDGE ( 'NONE', *, *, #870, .T. ) ;
#1053 = ORIENTED_EDGE ( 'NONE', *, *, #596, .F. ) ;
#1054 = VECTOR ( 'NONE', #722, 1000.000000000000000 ) ;
#1055 = AXIS2_PLACEMENT_3D ( 'NONE', #535, #1015, #1951 ) ;
#1056 = CARTESIAN_POINT ( 'NONE',  ( -70.00000000000000000, 0.000000000000000000, 52.60000000000000853 ) ) ;
#1057 = ORIENTED_EDGE ( 'NONE', *, *, #1215, .F. ) ;
#1058 = FACE_OUTER_BOUND ( 'NONE', #1389, .T. ) ;
#1059 = AXIS2_PLACEMENT_3D ( 'NONE', #1697, #1876, #1247 ) ;
#1060 = ORIENTED_EDGE ( 'NONE', *, *, #540, .F. ) ;
#1061 = CARTESIAN_POINT ( 'NONE',  ( 48.50000000000002842, 11.00000000000000000, 34.49999999999997868 ) ) ;
#1062 = FACE_BOUND ( 'NONE', #1092, .T. ) ;
#1063 = EDGE_CURVE ( 'NONE', #610, #263, #616, .T. ) ;
#1064 = AXIS2_PLACEMENT_3D ( 'NONE', #1928, #538, #689 ) ;
#1065 = ORIENTED_EDGE ( 'NONE', *, *, #594, .T. ) ;
#1066 = VERTEX_POINT ( 'NONE', #1379 ) ;
#1067 = EDGE_CURVE ( 'NONE', #807, #1066, #637, .T. ) ;
#1068 = CIRCLE ( 'NONE', #1672, 2.000000000000001776 ) ;
#1069 = LINE ( 'NONE', #1077, #1075 ) ;
#1070 = ORIENTED_EDGE ( 'NONE', *, *, #1674, .T. ) ;
#1071 = DIRECTION ( 'NONE',  ( 0.000000000000000000, 0.000000000000000000, 1.000000000000000000 ) ) ;
#1072 = EDGE_LOOP ( 'NONE', ( #1720, #1673, #657, #303 ) ) ;
#1073 = DIRECTION ( 'NONE',  ( 0.000000000000000000, 1.000000000000000000, 0.000000000000000000 ) ) ;
#1074 = CARTESIAN_POINT ( 'NONE',  ( 0.000000000000000000, 11.00000000000000000, 0.000000000000000000 ) ) ;
#1075 = VECTOR ( 'NONE', #1677, 1000.000000000000000 ) ;
#1076 = ORIENTED_EDGE ( 'NONE', *, *, #1198, .T. ) ;
#1077 = CARTESIAN_POINT ( 'NONE',  ( 70.00000000000000000, 35.00000000000000000, -56.50000000000000711 ) ) ;
#1078 = EDGE_CURVE ( 'NONE', #902, #1354, #512, .T. ) ;
#1079 = FACE_BOUND ( 'NONE', #325, .T. ) ;
#1080 = CIRCLE ( 'NONE', #545, 2.000000000000001776 ) ;
#1081 = AXIS2_PLACEMENT_3D ( 'NONE', #229, #1320, #1936 ) ;
#1082 = CARTESIAN_POINT ( 'NONE',  ( 70.00000000000000000, 35.00000000000000000, 36.39999999999994884 ) ) ;
#1083 = VERTEX_POINT ( 'NONE', #1243 ) ;
#1084 = DIRECTION ( 'NONE',  ( 8.659560562354941486E-17, 0.7071067811865469066, -0.7071067811865482389 ) ) ;
#1085 = ORIENTED_EDGE ( 'NONE', *, *, #232, .T. ) ;
#1086 = CARTESIAN_POINT ( 'NONE',  ( -70.00000000000000000, 33.99999999999995737, -37.39999999999999147 ) ) ;
#1087 = DIRECTION ( 'NONE',  ( -0.000000000000000000, 1.000000000000000000, -0.000000000000000000 ) ) ;
#1088 = CARTESIAN_POINT ( 'NONE',  ( -33.50000000000000000, 0.000000000000000000, 13.50000000000001243 ) ) ;
#1089 = ORIENTED_EDGE ( 'NONE', *, *, #1305, .F. ) ;
#1090 = CIRCLE ( 'NONE', #522, 2.000000000000001776 ) ;
#1091 = EDGE_CURVE ( 'NONE', #1005, #1826, #1265, .T. ) ;
#1092 = EDGE_LOOP ( 'NONE', ( #1269, #148 ) ) ;
#1093 = CIRCLE ( 'NONE', #1795, 7.599999999999996092 ) ;
#1094 = DIRECTION ( 'NONE',  ( -0.000000000000000000, 1.000000000000000000, -0.000000000000000000 ) ) ;
#1095 = ORIENTED_EDGE ( 'NONE', *, *, #539, .T. ) ;
#1096 = CARTESIAN_POINT ( 'NONE',  ( -54.60000000000000142, 11.00000000000000000, 42.59999999999999432 ) ) ;
#1097 = DIRECTION ( 'NONE',  ( -1.000000000000000000, 0.000000000000000000, -0.000000000000000000 ) ) ;
#1098 = DIRECTION ( 'NONE',  ( -0.000000000000000000, -1.000000000000000000, -0.000000000000000000 ) ) ;
#1099 = DIRECTION ( 'NONE',  ( 0.000000000000000000, 0.000000000000000000, 1.000000000000000000 ) ) ;
#1100 = LOCAL_TIME ( 11, 54, 10.00000000000000000, #230 ) ;
#1101 = DIRECTION ( 'NONE',  ( -0.000000000000000000, -1.000000000000000000, -0.000000000000000000 ) ) ;
#1102 = ORIENTED_EDGE ( 'NONE', *, *, #247, .F. ) ;
#1103 = AXIS2_PLACEMENT_3D ( 'NONE', #1125, #802, #184 ) ;
#1104 = ORIENTED_EDGE ( 'NONE', *, *, #1307, .T. ) ;
#1105 = ADVANCED_FACE ( 'NONE', ( #164, #1704 ), #948, .T. ) ;
#1106 = DIRECTION ( 'NONE',  ( -0.000000000000000000, -1.000000000000000000, -0.000000000000000000 ) ) ;
#1107 = EDGE_CURVE ( 'NONE', #1239, #923, #380, .T. ) ;
#1108 = DIRECTION ( 'NONE',  ( 0.000000000000000000, 0.000000000000000000, 1.000000000000000000 ) ) ;
#1109 = DIRECTION ( 'NONE',  ( 0.000000000000000000, 1.000000000000000000, 0.000000000000000000 ) ) ;
#1110 = CARTESIAN_POINT ( 'NONE',  ( -54.60000000000000142, 11.00000000000000000, -42.60000000000000853 ) ) ;
#1111 = DIRECTION ( 'NONE',  ( -1.000000000000000000, -0.000000000000000000, -0.000000000000000000 ) ) ;
#1112 = LINE ( 'NONE', #1285, #567 ) ;
#1113 = ORIENTED_EDGE ( 'NONE', *, *, #962, .F. ) ;
#1114 = EDGE_LOOP ( 'NONE', ( #982, #1161, #1628, #745 ) ) ;
#1115 = CARTESIAN_POINT ( 'NONE',  ( -48.50000000000001421, 11.00000000000000000, -38.50000000000000000 ) ) ;
#1116 = AXIS2_PLACEMENT_3D ( 'NONE', #572, #1232, #105 ) ;
#1117 = DIRECTION ( 'NONE',  ( 0.000000000000000000, 0.000000000000000000, 1.000000000000000000 ) ) ;
#1118 = CARTESIAN_POINT ( 'NONE',  ( -48.50000000000001421, 11.00000000000000000, 36.50000000000000000 ) ) ;
#1119 = EDGE_CURVE ( 'NONE', #1701, #345, #1402, .T. ) ;
#1120 = LINE ( 'NONE', #1110, #22 ) ;
#1121 = CARTESIAN_POINT ( 'NONE',  ( 48.50000000000002842, 11.00000000000000000, 36.49999999999998579 ) ) ;
#1122 = LINE ( 'NONE', #333, #600 ) ;
#1123 = ORIENTED_EDGE ( 'NONE', *, *, #550, .F. ) ;
#1124 = VECTOR ( 'NONE', #1111, 1000.000000000000000 ) ;
#1125 = CARTESIAN_POINT ( 'NONE',  ( -70.00000000000000000, -0.0009999999999992653654, 45.00000000000000000 ) ) ;
#1126 = AXIS2_PLACEMENT_3D ( 'NONE', #132, #1557, #1865 ) ;
#1127 = EDGE_CURVE ( 'NONE', #218, #1437, #1783, .T. ) ;
#1128 = CARTESIAN_POINT ( 'NONE',  ( -33.50000000000000000, 11.00000000000000000, -17.50000000000000711 ) ) ;
#1129 = CARTESIAN_POINT ( 'NONE',  ( -70.00000000000000000, -0.0009999999999992653654, -45.00000000000000000 ) ) ;
#1130 = EDGE_CURVE ( 'NONE', #86, #1020, #309, .T. ) ;
#1131 = ORIENTED_EDGE ( 'NONE', *, *, #833, .T. ) ;
#1132 = VECTOR ( 'NONE', #1911, 1000.000000000000000 ) ;
#1133 = AXIS2_PLACEMENT_3D ( 'NONE', #1028, #1639, #828 ) ;
#1134 = VECTOR ( 'NONE', #1272, 1000.000000000000000 ) ;
#1135 = DIRECTION ( 'NONE',  ( -0.000000000000000000, -1.000000000000000000, -0.000000000000000000 ) ) ;
#1136 = CARTESIAN_POINT ( 'NONE',  ( -54.60000000000000142, 11.00000000000000000, 42.59999999999999432 ) ) ;
#1137 = EDGE_CURVE ( 'NONE', #564, #1692, #319, .T. ) ;
#1138 = ADVANCED_FACE ( 'NONE', ( #1860 ), #461, .F. ) ;
#1139 = LINE ( 'NONE', #991, #1664 ) ;
#1140 = DIRECTION ( 'NONE',  ( 0.000000000000000000, 0.000000000000000000, 1.000000000000000000 ) ) ;
#1141 = ORIENTED_EDGE ( 'NONE', *, *, #652, .T. ) ;
#1142 = VECTOR ( 'NONE', #804, 1000.000000000000114 ) ;
#1143 = ADVANCED_FACE ( 'NONE', ( #1219 ), #347, .T. ) ;
#1144 = CIRCLE ( 'NONE', #1392, 11.50000000000001066 ) ;
#1145 = DIRECTION ( 'NONE',  ( 0.000000000000000000, 0.000000000000000000, 1.000000000000000000 ) ) ;
#1146 = VECTOR ( 'NONE', #1552, 999.9999999999998863 ) ;
#1147 = DIRECTION ( 'NONE',  ( 0.000000000000000000, 1.000000000000000000, 0.000000000000000000 ) ) ;
#1148 = DIRECTION ( 'NONE',  ( 0.000000000000000000, 0.000000000000000000, -1.000000000000000000 ) ) ;
#1149 = DIRECTION ( 'NONE',  ( -0.000000000000000000, -1.000000000000000000, -0.000000000000000000 ) ) ;
#1150 = ORIENTED_EDGE ( 'NONE', *, *, #1422, .F. ) ;
#1151 = DIRECTION ( 'NONE',  ( 0.000000000000000000, 0.000000000000000000, -1.000000000000000000 ) ) ;
#1152 = EDGE_LOOP ( 'NONE', ( #1980, #903, #736, #1558 ) ) ;
#1153 = EDGE_CURVE ( 'NONE', #1595, #110, #282, .T. ) ;
#1154 = CARTESIAN_POINT ( 'NONE',  ( 70.00000000000000000, 33.99999999999995737, -45.00000000000000000 ) ) ;
#1155 = VECTOR ( 'NONE', #944, 1000.000000000000000 ) ;
#1156 = CONICAL_SURFACE ( 'NONE', #1695, 11.50000000000001066, 0.7853981633974405074 ) ;
#1157 = CARTESIAN_POINT ( 'NONE',  ( -70.00000000000000000, 35.00000000000000000, -56.50000000000000711 ) ) ;
#1158 = CARTESIAN_POINT ( 'NONE',  ( 70.00000000000000000, 35.00000000000000000, 32.50000000000000000 ) ) ;
#1159 = ORIENTED_EDGE ( 'NONE', *, *, #328, .T. ) ;
#1160 = COORDINATED_UNIVERSAL_TIME_OFFSET ( 0, 0, .AHEAD. ) ;
#1161 = ORIENTED_EDGE ( 'NONE', *, *, #882, .T. ) ;
#1162 = DIRECTION ( 'NONE',  ( 0.000000000000000000, -0.000000000000000000, 1.000000000000000000 ) ) ;
#1163 = CC_DESIGN_PERSON_AND_ORGANIZATION_ASSIGNMENT ( #554, #683, ( #1899 ) ) ;
#1164 = CARTESIAN_POINT ( 'NONE',  ( 54.60000000000000142, 15.00000000000000000, 42.59999999999999432 ) ) ;
#1165 = AXIS2_PLACEMENT_3D ( 'NONE', #310, #646, #1590 ) ;
#1166 = EDGE_CURVE ( 'NONE', #727, #1005, #1144, .T. ) ;
#1167 = DIRECTION ( 'NONE',  ( 0.000000000000000000, 0.000000000000000000, -1.000000000000000000 ) ) ;
#1168 = VERTEX_POINT ( 'NONE', #1192 ) ;
#1169 = FACE_BOUND ( 'NONE', #52, .T. ) ;
#1170 = ORIENTED_EDGE ( 'NONE', *, *, #1213, .T. ) ;
#1171 = FACE_OUTER_BOUND ( 'NONE', #1644, .T. ) ;
#1172 = CARTESIAN_POINT ( 'NONE',  ( 48.50000000000001421, 11.00000000000000000, -36.50000000000001421 ) ) ;
#1173 = AXIS2_PLACEMENT_3D ( 'NONE', #262, #735, #1521 ) ;
#1174 = ORIENTED_EDGE ( 'NONE', *, *, #1675, .F. ) ;
#1175 = CARTESIAN_POINT ( 'NONE',  ( 48.50000000000002842, 11.00000000000000000, 38.49999999999998579 ) ) ;
#1176 = ADVANCED_FACE ( 'NONE', ( #738 ), #1536, .F. ) ;
#1177 = AXIS2_PLACEMENT_3D ( 'NONE', #385, #874, #1471 ) ;
#1178 = ORIENTED_EDGE ( 'NONE', *, *, #1283, .F. ) ;
#1179 = COORDINATED_UNIVERSAL_TIME_OFFSET ( 0, 0, .AHEAD. ) ;
#1180 = VERTEX_POINT ( 'NONE', #111 ) ;
#1181 = CARTESIAN_POINT ( 'NONE',  ( -13.49999999999999822, 0.000000000000000000, 13.49999999999999822 ) ) ;
#1182 = CARTESIAN_POINT ( 'NONE',  ( 70.00000000000000000, 33.99999999999995737, -52.59999999999999432 ) ) ;
#1183 = VERTEX_POINT ( 'NONE', #411 ) ;
#1184 = DIRECTION ( 'NONE',  ( -0.000000000000000000, -0.000000000000000000, 1.000000000000000000 ) ) ;
#1185 = VECTOR ( 'NONE', #1610, 1000.000000000000000 ) ;
#1186 = CYLINDRICAL_SURFACE ( 'NONE', #351, 12.49999999999999645 ) ;
#1187 = AXIS2_PLACEMENT_3D ( 'NONE', #1487, #1016, #101 ) ;
#1188 = VERTEX_POINT ( 'NONE', #1046 ) ;
#1189 = DATE_AND_TIME ( #388, #1100 ) ;
#1190 = ORIENTED_EDGE ( 'NONE', *, *, #540, .T. ) ;
#1191 = AXIS2_PLACEMENT_3D ( 'NONE', #1527, #121, #588 ) ;
#1192 = CARTESIAN_POINT ( 'NONE',  ( 48.50000000000002842, 3.999999999999999112, 34.49999999999997868 ) ) ;
#1193 = DIRECTION ( 'NONE',  ( 0.000000000000000000, 0.000000000000000000, 1.000000000000000000 ) ) ;
#1194 = PLANE ( 'NONE',  #557 ) ;
#1195 = AXIS2_PLACEMENT_3D ( 'NONE', #477, #187, #666 ) ;
#1196 = DIRECTION ( 'NONE',  ( 0.000000000000000000, 0.000000000000000000, 1.000000000000000000 ) ) ;
#1197 = ORIENTED_EDGE ( 'NONE', *, *, #833, .F. ) ;
#1198 = EDGE_CURVE ( 'NONE', #676, #1217, #1939, .T. ) ;
#1199 = DIRECTION ( 'NONE',  ( 0.000000000000000000, -1.000000000000000000, 0.000000000000000000 ) ) ;
#1200 = ORIENTED_EDGE ( 'NONE', *, *, #781, .T. ) ;
#1201 = LINE ( 'NONE', #1182, #1278 ) ;
#1202 = EDGE_CURVE ( 'NONE', #716, #910, #1069, .T. ) ;
#1203 = EDGE_CURVE ( 'NONE', #1304, #127, #509, .T. ) ;
#1204 = CARTESIAN_POINT ( 'NONE',  ( 70.00000000000000000, 35.00000000000000000, 45.00000000000000000 ) ) ;
#1205 = CYLINDRICAL_SURFACE ( 'NONE', #1887, 7.599999999999996092 ) ;
#1206 = ORIENTED_EDGE ( 'NONE', *, *, #1452, .T. ) ;
#1207 = VECTOR ( 'NONE', #1987, 1000.000000000000000 ) ;
#1208 = EDGE_LOOP ( 'NONE', ( #289, #1632, #1302, #1819 ) ) ;
#1209 = DIRECTION ( 'NONE',  ( 0.000000000000000000, 0.000000000000000000, -1.000000000000000000 ) ) ;
#1210 = CARTESIAN_POINT ( 'NONE',  ( 70.00000000000000000, 33.99999999999995737, 37.40000000000000568 ) ) ;
#1211 = ORIENTED_EDGE ( 'NONE', *, *, #869, .F. ) ;
#1212 = VERTEX_POINT ( 'NONE', #257 ) ;
#1213 = EDGE_CURVE ( 'NONE', #1212, #1567, #1008, .T. ) ;
#1214 = CARTESIAN_POINT ( 'NONE',  ( 48.50000000000001421, 3.999999999999999112, -34.50000000000000711 ) ) ;
#1215 = EDGE_CURVE ( 'NONE', #943, #131, #775, .T. ) ;
#1216 = DIRECTION ( 'NONE',  ( -0.000000000000000000, 1.000000000000000000, -0.000000000000000000 ) ) ;
#1217 = VERTEX_POINT ( 'NONE', #1056 ) ;
#1218 = ORIENTED_EDGE ( 'NONE', *, *, #1063, .T. ) ;
#1219 = FACE_OUTER_BOUND ( 'NONE', #420, .T. ) ;
#1220 = CARTESIAN_POINT ( 'NONE',  ( 70.00000000000000000, 35.00000000000000000, 45.00000000000000000 ) ) ;
#1221 = VECTOR ( 'NONE', #1101, 1000.000000000000000 ) ;
#1222 = EDGE_LOOP ( 'NONE', ( #1150, #1102, #850, #1983 ) ) ;
#1223 = CYLINDRICAL_SURFACE ( 'NONE', #1953, 7.600000000000009415 ) ;
#1224 = CARTESIAN_POINT ( 'NONE',  ( 70.00000000000000000, -0.0009999999999992653654, -45.00000000000000000 ) ) ;
#1225 = AXIS2_PLACEMENT_3D ( 'NONE', #41, #640, #648 ) ;
#1226 = VERTEX_POINT ( 'NONE', #1655 ) ;
#1227 = VECTOR ( 'NONE', #29, 1000.000000000000000 ) ;
#1228 = CARTESIAN_POINT ( 'NONE',  ( 70.00000000000000000, 35.00000000000000000, 45.00000000000000000 ) ) ;
#1229 = CARTESIAN_POINT ( 'NONE',  ( 70.00000000000000000, 35.00000000000000000, -45.00000000000000000 ) ) ;
#1230 = CARTESIAN_POINT ( 'NONE',  ( -70.00000000000000000, 34.00000000000000000, 57.49999999999999289 ) ) ;
#1231 = ORIENTED_EDGE ( 'NONE', *, *, #961, .T. ) ;
#1232 = DIRECTION ( 'NONE',  ( 0.000000000000000000, 1.000000000000000000, 0.000000000000000000 ) ) ;
#1233 = UNCERTAINTY_MEASURE_WITH_UNIT (LENGTH_MEASURE( 1.000000000000000082E-05 ), #350, 'distance_accuracy_value', 'NONE');
#1234 = EDGE_CURVE ( 'NONE', #1631, #1773, #1041, .T. ) ;
#1235 = LINE ( 'NONE', #783, #1738 ) ;
#1236 = EDGE_LOOP ( 'NONE', ( #487, #399, #1369, #589 ) ) ;
#1237 = DIRECTION ( 'NONE',  ( -0.000000000000000000, 1.000000000000000000, -0.000000000000000000 ) ) ;
#1238 = CYLINDRICAL_SURFACE ( 'NONE', #1059, 2.000000000000001776 ) ;
#1239 = VERTEX_POINT ( 'NONE', #575 ) ;
#1240 = ORIENTED_EDGE ( 'NONE', *, *, #28, .F. ) ;
#1241 = DIRECTION ( 'NONE',  ( -0.000000000000000000, 1.000000000000000000, -0.000000000000000000 ) ) ;
#1242 = ORIENTED_EDGE ( 'NONE', *, *, #1765, .F. ) ;
#1243 = CARTESIAN_POINT ( 'NONE',  ( -70.00000000000000000, 15.00000000000000000, 57.49999999999999289 ) ) ;
#1244 = DIRECTION ( 'NONE',  ( 1.000000000000000000, 0.000000000000000000, -0.000000000000000000 ) ) ;
#1245 = EDGE_CURVE ( 'NONE', #86, #910, #410, .T. ) ;
#1246 = CARTESIAN_POINT ( 'NONE',  ( -48.50000000000001421, 3.999999999999999112, -34.49999999999999289 ) ) ;
#1247 = DIRECTION ( 'NONE',  ( 0.000000000000000000, 0.000000000000000000, 1.000000000000000000 ) ) ;
#1248 = ORIENTED_EDGE ( 'NONE', *, *, #904, .F. ) ;
#1249 = AXIS2_PLACEMENT_3D ( 'NONE', #651, #1722, #1561 ) ;
#1250 = VECTOR ( 'NONE', #1047, 1000.000000000000000 ) ;
#1251 = CARTESIAN_POINT ( 'NONE',  ( -48.50000000000001421, 3.999999999999999112, -36.50000000000000000 ) ) ;
#1252 = DIRECTION ( 'NONE',  ( 0.000000000000000000, -0.000000000000000000, -1.000000000000000000 ) ) ;
#1253 = AXIS2_PLACEMENT_3D ( 'NONE', #428, #1506, #592 ) ;
#1254 = DIRECTION ( 'NONE',  ( 8.659560562354966138E-17, 0.7071067811865446862, -0.7071067811865503483 ) ) ;
#1255 = PLANE ( 'NONE',  #1872 ) ;
#1256 = CARTESIAN_POINT ( 'NONE',  ( -85.00000000000000000, 15.00000000000000000, -60.00000000000000000 ) ) ;
#1257 = AXIS2_PLACEMENT_3D ( 'NONE', #1256, #618, #1244 ) ;
#1258 = DIRECTION ( 'NONE',  ( 0.000000000000000000, 0.000000000000000000, 1.000000000000000000 ) ) ;
#1259 = ORIENTED_EDGE ( 'NONE', *, *, #376, .F. ) ;
#1260 = DIRECTION ( 'NONE',  ( 0.000000000000000000, 0.000000000000000000, -1.000000000000000000 ) ) ;
#1261 = ORIENTED_EDGE ( 'NONE', *, *, #340, .T. ) ;
#1262 = AXIS2_PLACEMENT_3D ( 'NONE', #809, #336, #1580 ) ;
#1263 = CARTESIAN_POINT ( 'NONE',  ( 70.00000000000000000, 33.99999999999999289, -45.00000000000000000 ) ) ;
#1264 = CARTESIAN_POINT ( 'NONE',  ( -33.50000000000000000, 0.000000000000000000, -15.50000000000000355 ) ) ;
#1265 = LINE ( 'NONE', #626, #1917 ) ;
#1266 = DIRECTION ( 'NONE',  ( 0.000000000000000000, 0.000000000000000000, -1.000000000000000000 ) ) ;
#1267 = DIRECTION ( 'NONE',  ( 0.000000000000000000, 0.000000000000000000, 1.000000000000000000 ) ) ;
#1268 = DIRECTION ( 'NONE',  ( -0.000000000000000000, 1.000000000000000000, -0.000000000000000000 ) ) ;
#1269 = ORIENTED_EDGE ( 'NONE', *, *, #1789, .F. ) ;
#1270 = AXIS2_PLACEMENT_3D ( 'NONE', #912, #1051, #270 ) ;
#1271 = ADVANCED_FACE ( 'NONE', ( #1037 ), #569, .T. ) ;
#1272 = DIRECTION ( 'NONE',  ( -0.000000000000000000, 1.000000000000000000, -0.000000000000000000 ) ) ;
#1273 = EDGE_CURVE ( 'NONE', #641, #590, #1714, .T. ) ;
#1274 = DIRECTION ( 'NONE',  ( 0.000000000000000000, 0.000000000000000000, 1.000000000000000000 ) ) ;
#1275 = CARTESIAN_POINT ( 'NONE',  ( -48.50000000000001421, 11.00000000000000000, 34.49999999999999289 ) ) ;
#1276 = DIRECTION ( 'NONE',  ( 0.000000000000000000, 1.000000000000000000, -0.000000000000000000 ) ) ;
#1277 = ORIENTED_EDGE ( 'NONE', *, *, #1986, .F. ) ;
#1278 = VECTOR ( 'NONE', #267, 1000.000000000000114 ) ;
#1279 = CARTESIAN_POINT ( 'NONE',  ( -13.50000000000000178, 0.000000000000000000, -15.50000000000000000 ) ) ;
#1280 = ADVANCED_FACE ( 'NONE', ( #1384 ), #1298, .F. ) ;
#1281 = CONICAL_SURFACE ( 'NONE', #1896, 7.600000000000009415, 0.7853981633974491672 ) ;
#1282 = CARTESIAN_POINT ( 'NONE',  ( 70.00000000000000000, -0.0009999999999992653654, -45.00000000000000000 ) ) ;
#1283 = EDGE_CURVE ( 'NONE', #610, #902, #1979, .T. ) ;
#1284 = CARTESIAN_POINT ( 'NONE',  ( -33.50000000000000000, 0.000000000000000000, -15.50000000000000355 ) ) ;
#1285 = CARTESIAN_POINT ( 'NONE',  ( 70.00000000000000000, 35.00000000000000000, 33.49999999999998579 ) ) ;
#1286 = ORIENTED_EDGE ( 'NONE', *, *, #1786, .F. ) ;
#1287 = AXIS2_PLACEMENT_3D ( 'NONE', #249, #1618, #1918 ) ;
#1288 = DIRECTION ( 'NONE',  ( 0.000000000000000000, 0.000000000000000000, 1.000000000000000000 ) ) ;
#1289 = CARTESIAN_POINT ( 'NONE',  ( -54.60000000000000142, 15.00000000000000000, -42.60000000000000853 ) ) ;
#1290 = FACE_OUTER_BOUND ( 'NONE', #649, .T. ) ;
#1291 = EDGE_CURVE ( 'NONE', #127, #1304, #876, .T. ) ;
#1292 = EDGE_CURVE ( 'NONE', #590, #641, #1812, .T. ) ;
#1293 = CARTESIAN_POINT ( 'NONE',  ( 70.00000000000000000, 35.00000000000000000, 45.00000000000000000 ) ) ;
#1294 = VERTEX_POINT ( 'NONE', #1727 ) ;
#1295 = DIRECTION ( 'NONE',  ( -0.000000000000000000, 1.000000000000000000, -0.000000000000000000 ) ) ;
#1296 = ORIENTED_EDGE ( 'NONE', *, *, #456, .T. ) ;
#1297 = DIRECTION ( 'NONE',  ( -0.000000000000000000, -1.000000000000000000, -0.000000000000000000 ) ) ;
#1298 = CONICAL_SURFACE ( 'NONE', #1396, 7.600000000000009415, 0.7853981633974491672 ) ;
#1299 = AXIS2_PLACEMENT_3D ( 'NONE', #87, #240, #1758 ) ;
#1300 = DIRECTION ( 'NONE',  ( -0.000000000000000000, 1.000000000000000000, -0.000000000000000000 ) ) ;
#1301 = DIRECTION ( 'NONE',  ( 0.000000000000000000, 0.000000000000000000, 1.000000000000000000 ) ) ;
#1302 = ORIENTED_EDGE ( 'NONE', *, *, #95, .T. ) ;
#1303 = LINE ( 'NONE', #835, #1802 ) ;
#1304 = VERTEX_POINT ( 'NONE', #1418 ) ;
#1305 = EDGE_CURVE ( 'NONE', #931, #290, #778, .T. ) ;
#1306 = FACE_BOUND ( 'NONE', #1323, .T. ) ;
#1307 = EDGE_CURVE ( 'NONE', #255, #1363, #945, .T. ) ;
#1308 = DIRECTION ( 'NONE',  ( 0.000000000000000000, 0.000000000000000000, 1.000000000000000000 ) ) ;
#1309 = VECTOR ( 'NONE', #659, 1000.000000000000000 ) ;
#1310 = AXIS2_PLACEMENT_3D ( 'NONE', #156, #1237, #1099 ) ;
#1311 = CIRCLE ( 'NONE', #1988, 12.49999999999999645 ) ;
#1312 = LINE ( 'NONE', #531, #65 ) ;
#1313 = VERTEX_POINT ( 'NONE', #24 ) ;
#1314 = CARTESIAN_POINT ( 'NONE',  ( -70.00000000000000000, -0.0009999999999992653654, 52.60000000000000853 ) ) ;
#1315 = VERTEX_POINT ( 'NONE', #952 ) ;
#1316 = LINE ( 'NONE', #1934, #561 ) ;
#1317 = CIRCLE ( 'NONE', #402, 8.600000000000051159 ) ;
#1318 = ADVANCED_FACE ( 'NONE', ( #332 ), #341, .F. ) ;
#1319 = CARTESIAN_POINT ( 'NONE',  ( 70.00000000000000000, 33.99999999999995737, -37.40000000000000568 ) ) ;
#1320 = DIRECTION ( 'NONE',  ( -0.000000000000000000, 1.000000000000000000, -0.000000000000000000 ) ) ;
#1321 = ORIENTED_EDGE ( 'NONE', *, *, #304, .T. ) ;
#1322 = DIRECTION ( 'NONE',  ( -0.000000000000000000, -1.000000000000000000, -0.000000000000000000 ) ) ;
#1323 = EDGE_LOOP ( 'NONE', ( #1837, #1505 ) ) ;
#1324 = DIRECTION ( 'NONE',  ( 0.000000000000000000, 0.000000000000000000, 1.000000000000000000 ) ) ;
#1325 = ORIENTED_EDGE ( 'NONE', *, *, #200, .F. ) ;
#1326 = DIRECTION ( 'NONE',  ( 0.000000000000000000, 0.000000000000000000, 1.000000000000000000 ) ) ;
#1327 = ORIENTED_EDGE ( 'NONE', *, *, #677, .T. ) ;
#1328 = DIRECTION ( 'NONE',  ( 0.000000000000000000, 1.000000000000000000, 0.000000000000000000 ) ) ;
#1329 = ADVANCED_FACE ( 'NONE', ( #647 ), #960, .F. ) ;
#1330 = ORIENTED_EDGE ( 'NONE', *, *, #1958, .F. ) ;
#1331 = CALENDAR_DATE ( 2025, 5, 12 ) ;
#1332 = VERTEX_POINT ( 'NONE', #1405 ) ;
#1333 = PLANE ( 'NONE',  #1055 ) ;
#1334 = PLANE ( 'NONE',  #1187 ) ;
#1335 = CARTESIAN_POINT ( 'NONE',  ( 70.00000000000000000, 35.00000000000000000, 45.00000000000000000 ) ) ;
#1336 = ORIENTED_EDGE ( 'NONE', *, *, #84, .T. ) ;
#1337 = EDGE_CURVE ( 'NONE', #1754, #866, #795, .T. ) ;
#1338 = AXIS2_PLACEMENT_3D ( 'NONE', #571, #787, #305 ) ;
#1339 = CARTESIAN_POINT ( 'NONE',  ( 70.00000000000000000, 33.99999999999995737, -52.59999999999999432 ) ) ;
#1340 = AXIS2_PLACEMENT_3D ( 'NONE', #312, #630, #1258 ) ;
#1341 = PERSON_AND_ORGANIZATION_ROLE ( 'design_supplier' ) ;
#1342 = ORIENTED_EDGE ( 'NONE', *, *, #1822, .F. ) ;
#1343 = DIRECTION ( 'NONE',  ( -0.000000000000000000, 1.000000000000000000, -0.000000000000000000 ) ) ;
#1344 = DIRECTION ( 'NONE',  ( 0.000000000000000000, 0.000000000000000000, -1.000000000000000000 ) ) ;
#1345 = CARTESIAN_POINT ( 'NONE',  ( -48.50000000000001421, 3.999999999999999112, 36.50000000000000000 ) ) ;
#1346 = CARTESIAN_POINT ( 'NONE',  ( -48.50000000000001421, 11.00000000000000000, -36.50000000000000000 ) ) ;
#1347 = AXIS2_PLACEMENT_3D ( 'NONE', #1906, #1135, #1108 ) ;
#1348 = ORIENTED_EDGE ( 'NONE', *, *, #662, .F. ) ;
#1349 = EDGE_LOOP ( 'NONE', ( #1667, #409, #698, #360 ) ) ;
#1350 = EDGE_CURVE ( 'NONE', #923, #1754, #1425, .T. ) ;
#1351 = DIRECTION ( 'NONE',  ( -0.000000000000000000, 1.000000000000000000, -0.000000000000000000 ) ) ;
#1352 = CARTESIAN_POINT ( 'NONE',  ( -85.00000000000000000, 15.00000000000000000, 60.00000000000000000 ) ) ;
#1353 = ORIENTED_EDGE ( 'NONE', *, *, #415, .F. ) ;
#1354 = VERTEX_POINT ( 'NONE', #1275 ) ;
#1355 = DIRECTION ( 'NONE',  ( 0.000000000000000000, 0.000000000000000000, -1.000000000000000000 ) ) ;
#1356 = FACE_BOUND ( 'NONE', #1531, .T. ) ;
#1357 = ORIENTED_EDGE ( 'NONE', *, *, #471, .F. ) ;
#1358 = ORIENTED_EDGE ( 'NONE', *, *, #1127, .T. ) ;
#1359 = DIRECTION ( 'NONE',  ( 0.000000000000000000, 0.000000000000000000, 1.000000000000000000 ) ) ;
#1360 = ORIENTED_EDGE ( 'NONE', *, *, #815, .T. ) ;
#1361 = LINE ( 'NONE', #1088, #562 ) ;
#1362 = EDGE_CURVE ( 'NONE', #218, #453, #1717, .T. ) ;
#1363 = VERTEX_POINT ( 'NONE', #1892 ) ;
#1364 = DIRECTION ( 'NONE',  ( 0.000000000000000000, 0.000000000000000000, -1.000000000000000000 ) ) ;
#1365 = MANIFOLD_SOLID_BREP ( 'Cut-Extrude4', #530 ) ;
#1366 = FACE_OUTER_BOUND ( 'NONE', #984, .T. ) ;
#1367 = EDGE_LOOP ( 'NONE', ( #861, #436, #1973, #226 ) ) ;
#1368 = CIRCLE ( 'NONE', #890, 12.49999999999999645 ) ;
#1369 = ORIENTED_EDGE ( 'NONE', *, *, #832, .T. ) ;
#1370 = CARTESIAN_POINT ( 'NONE',  ( -70.00000000000000000, 15.00000000000000000, -45.00000000000000000 ) ) ;
#1371 = VERTEX_POINT ( 'NONE', #494 ) ;
#1372 = CYLINDRICAL_SURFACE ( 'NONE', #298, 7.599999999999996092 ) ;
#1373 = CONICAL_SURFACE ( 'NONE', #654, 11.50000000000001066, 0.7853981633974405074 ) ;
#1374 = ORIENTED_EDGE ( 'NONE', *, *, #1127, .F. ) ;
#1375 = CARTESIAN_POINT ( 'NONE',  ( -70.00000000000000000, 35.00000000000000000, 45.00000000000000000 ) ) ;
#1376 = ORIENTED_EDGE ( 'NONE', *, *, #365, .F. ) ;
#1377 = ADVANCED_FACE ( 'NONE', ( #1556 ), #1708, .F. ) ;
#1378 = ADVANCED_FACE ( 'NONE', ( #1583 ), #12, .F. ) ;
#1379 = CARTESIAN_POINT ( 'NONE',  ( -70.00000000000000000, 35.00000000000000000, 36.39999999999994884 ) ) ;
#1380 = CC_DESIGN_APPROVAL ( #949, ( #280 ) ) ;
#1381 = CIRCLE ( 'NONE', #1287, 2.000000000000005329 ) ;
#1382 = EDGE_LOOP ( 'NONE', ( #1428, #838, #441, #277 ) ) ;
#1383 = VECTOR ( 'NONE', #1554, 1000.000000000000000 ) ;
#1384 = FACE_OUTER_BOUND ( 'NONE', #1710, .T. ) ;
#1385 = CARTESIAN_POINT ( 'NONE',  ( 70.00000000000000000, 33.99999999999995737, 52.59999999999999432 ) ) ;
#1386 = ORIENTED_EDGE ( 'NONE', *, *, #1422, .T. ) ;
#1387 = DIRECTION ( 'NONE',  ( 0.000000000000000000, 0.000000000000000000, 1.000000000000000000 ) ) ;
#1388 = ORIENTED_EDGE ( 'NONE', *, *, #1674, .F. ) ;
#1389 = EDGE_LOOP ( 'NONE', ( #598, #1406, #4, #1535 ) ) ;
#1390 = CARTESIAN_POINT ( 'NONE',  ( -85.00000000000000000, 15.00000000000000000, 60.00000000000000000 ) ) ;
#1391 = ADVANCED_FACE ( 'NONE', ( #1852 ), #300, .F. ) ;
#1392 = AXIS2_PLACEMENT_3D ( 'NONE', #291, #599, #1807 ) ;
#1393 = FACE_OUTER_BOUND ( 'NONE', #1857, .T. ) ;
#1394 = VECTOR ( 'NONE', #1084, 999.9999999999998863 ) ;
#1395 = CARTESIAN_POINT ( 'NONE',  ( -54.60000000000000142, 15.00000000000000000, -42.60000000000000853 ) ) ;
#1396 = AXIS2_PLACEMENT_3D ( 'NONE', #1666, #898, #1359 ) ;
#1397 = CARTESIAN_POINT ( 'NONE',  ( -70.00000000000000000, 34.00000000000000000, -57.49999999999999289 ) ) ;
#1398 = EDGE_LOOP ( 'NONE', ( #763, #313, #632, #1277 ) ) ;
#1399 = EDGE_LOOP ( 'NONE', ( #272, #397, #579, #506 ) ) ;
#1400 = CARTESIAN_POINT ( 'NONE',  ( -70.00000000000000000, 35.00000000000000000, 57.49999999999999289 ) ) ;
#1401 = CARTESIAN_POINT ( 'NONE',  ( -33.50000000000000000, 0.000000000000000000, -17.50000000000000711 ) ) ;
#1402 = LINE ( 'NONE', #780, #645 ) ;
#1403 = DIRECTION ( 'NONE',  ( -0.000000000000000000, -1.000000000000000000, -0.000000000000000000 ) ) ;
#1404 = CARTESIAN_POINT ( 'NONE',  ( -70.00000000000000000, 35.00000000000000000, 45.00000000000000000 ) ) ;
#1405 = CARTESIAN_POINT ( 'NONE',  ( -54.60000000000000142, 11.00000000000000000, -42.60000000000000853 ) ) ;
#1406 = ORIENTED_EDGE ( 'NONE', *, *, #1153, .T. ) ;
#1407 = FACE_OUTER_BOUND ( 'NONE', #1048, .T. ) ;
#1408 = ORIENTED_EDGE ( 'NONE', *, *, #519, .F. ) ;
#1409 = AXIS2_PLACEMENT_3D ( 'NONE', #1251, #173, #635 ) ;
#1410 = ORIENTED_EDGE ( 'NONE', *, *, #233, .F. ) ;
#1411 = CIRCLE ( 'NONE', #394, 2.000000000000003553 ) ;
#1412 = DIRECTION ( 'NONE',  ( 0.000000000000000000, 0.000000000000000000, 1.000000000000000000 ) ) ;
#1413 = CARTESIAN_POINT ( 'NONE',  ( -70.00000000000000000, 15.00000000000000000, 45.00000000000000000 ) ) ;
#1414 = DIRECTION ( 'NONE',  ( 0.000000000000000000, 1.000000000000000000, -0.000000000000000000 ) ) ;
#1415 = CARTESIAN_POINT ( 'NONE',  ( -70.00000000000000000, 0.000000000000000000, 37.39999999999999147 ) ) ;
#1416 = CIRCLE ( 'NONE', #1994, 12.49999999999999645 ) ;
#1417 = CIRCLE ( 'NONE', #1064, 12.49999999999999645 ) ;
#1418 = CARTESIAN_POINT ( 'NONE',  ( -70.00000000000000000, 15.00000000000000000, -32.50000000000000000 ) ) ;
#1419 = ORIENTED_EDGE ( 'NONE', *, *, #713, .T. ) ;
#1420 = DIRECTION ( 'NONE',  ( 0.000000000000000000, 0.000000000000000000, -1.000000000000000000 ) ) ;
#1421 = VERTEX_POINT ( 'NONE', #1546 ) ;
#1422 = EDGE_CURVE ( 'NONE', #1180, #730, #771, .T. ) ;
#1423 = DIRECTION ( 'NONE',  ( 0.000000000000000000, 1.000000000000000000, 0.000000000000000000 ) ) ;
#1424 = DIRECTION ( 'NONE',  ( 0.000000000000000000, 1.000000000000000000, -0.000000000000000000 ) ) ;
#1425 = LINE ( 'NONE', #32, #1679 ) ;
#1426 = CARTESIAN_POINT ( 'NONE',  ( 48.50000000000001421, 11.00000000000000000, -36.50000000000001421 ) ) ;
#1427 = ORIENTED_EDGE ( 'NONE', *, *, #1362, .T. ) ;
#1428 = ORIENTED_EDGE ( 'NONE', *, *, #233, .T. ) ;
#1429 = AXIS2_PLACEMENT_3D ( 'NONE', #1096, #120, #586 ) ;
#1430 = CC_DESIGN_PERSON_AND_ORGANIZATION_ASSIGNMENT ( #1493, #242, ( #1447 ) ) ;
#1431 = ADVANCED_FACE ( 'NONE', ( #13 ), #1864, .F. ) ;
#1432 = DIRECTION ( 'NONE',  ( 0.000000000000000000, 1.000000000000000000, -0.000000000000000000 ) ) ;
#1433 = CARTESIAN_POINT ( 'NONE',  ( 70.00000000000000000, 35.00000000000000000, -56.50000000000000711 ) ) ;
#1434 = DIRECTION ( 'NONE',  ( -0.000000000000000000, 1.000000000000000000, -0.000000000000000000 ) ) ;
#1435 = LINE ( 'NONE', #963, #798 ) ;
#1436 = ORIENTED_EDGE ( 'NONE', *, *, #181, .T. ) ;
#1437 = VERTEX_POINT ( 'NONE', #1246 ) ;
#1438 = AXIS2_PLACEMENT_3D ( 'NONE', #58, #1591, #1301 ) ;
#1439 = FACE_OUTER_BOUND ( 'NONE', #172, .T. ) ;
#1440 = ORIENTED_EDGE ( 'NONE', *, *, #594, .F. ) ;
#1441 = CIRCLE ( 'NONE', #179, 2.000000000000005329 ) ;
#1442 = EDGE_CURVE ( 'NONE', #597, #1843, #956, .T. ) ;
#1443 = LINE ( 'NONE', #653, #1383 ) ;
#1444 = DIRECTION ( 'NONE',  ( -0.000000000000000000, -0.000000000000000000, 1.000000000000000000 ) ) ;
#1445 = DIRECTION ( 'NONE',  ( 0.000000000000000000, 0.7071067811865469066, 0.7071067811865482389 ) ) ;
#1446 = EDGE_LOOP ( 'NONE', ( #1464, #1473 ) ) ;
#1447 = PRODUCT_DEFINITION_FORMATION_WITH_SPECIFIED_SOURCE ( 'ANY', '', #1745, .NOT_KNOWN. ) ;
#1448 = CARTESIAN_POINT ( 'NONE',  ( -48.50000000000001421, 3.999999999999999112, -36.50000000000000000 ) ) ;
#1449 = ORIENTED_EDGE ( 'NONE', *, *, #1786, .T. ) ;
#1450 = DIRECTION ( 'NONE',  ( 0.000000000000000000, 1.000000000000000000, -0.000000000000000000 ) ) ;
#1451 = EDGE_LOOP ( 'NONE', ( #1523, #1519, #1942, #533 ) ) ;
#1452 = EDGE_CURVE ( 'NONE', #2009, #741, #789, .T. ) ;
#1453 = CARTESIAN_POINT ( 'NONE',  ( 54.60000000000000142, 11.00000000000000000, 42.59999999999999432 ) ) ;
#1454 = DIRECTION ( 'NONE',  ( 0.000000000000000000, 0.000000000000000000, 1.000000000000000000 ) ) ;
#1455 = CYLINDRICAL_SURFACE ( 'NONE', #1029, 2.000000000000005329 ) ;
#1456 = EDGE_CURVE ( 'NONE', #914, #739, #236, .T. ) ;
#1457 = ORIENTED_EDGE ( 'NONE', *, *, #392, .F. ) ;
#1458 = DIRECTION ( 'NONE',  ( 0.000000000000000000, 1.000000000000000000, 0.000000000000000000 ) ) ;
#1459 = ORIENTED_EDGE ( 'NONE', *, *, #1997, .T. ) ;
#1460 = DIRECTION ( 'NONE',  ( 0.000000000000000000, 0.000000000000000000, 1.000000000000000000 ) ) ;
#1461 = VECTOR ( 'NONE', #417, 999.9999999999998863 ) ;
#1462 = DIRECTION ( 'NONE',  ( 0.000000000000000000, 0.000000000000000000, 1.000000000000000000 ) ) ;
#1463 = DATE_AND_TIME ( #98, #1508 ) ;
#1464 = ORIENTED_EDGE ( 'NONE', *, *, #1291, .F. ) ;
#1465 = ADVANCED_FACE ( 'NONE', ( #368 ), #40, .T. ) ;
#1466 = ADVANCED_FACE ( 'NONE', ( #1910 ), #1156, .T. ) ;
#1467 = CARTESIAN_POINT ( 'NONE',  ( 48.50000000000001421, 3.999999999999999112, -36.50000000000001421 ) ) ;
#1468 = CARTESIAN_POINT ( 'NONE',  ( -70.00000000000000000, 33.99999999999995737, 45.00000000000000000 ) ) ;
#1469 = CARTESIAN_POINT ( 'NONE',  ( -48.50000000000001421, 3.999999999999999112, 36.50000000000000000 ) ) ;
#1470 = CIRCLE ( 'NONE', #45, 7.600000000000009415 ) ;
#1471 = DIRECTION ( 'NONE',  ( 0.000000000000000000, 0.000000000000000000, 1.000000000000000000 ) ) ;
#1472 = APPROVAL_STATUS ( 'not_yet_approved' ) ;
#1473 = ORIENTED_EDGE ( 'NONE', *, *, #1203, .F. ) ;
#1474 = CARTESIAN_POINT ( 'NONE',  ( 70.00000000000000000, 35.00000000000000000, -33.49999999999998579 ) ) ;
#1475 = DIRECTION ( 'NONE',  ( 0.000000000000000000, 0.000000000000000000, -1.000000000000000000 ) ) ;
#1476 = EDGE_CURVE ( 'NONE', #1332, #284, #1139, .T. ) ;
#1477 = ORGANIZATION ( 'UNSPECIFIED', 'UNSPECIFIED', '' ) ;
#1478 = VECTOR ( 'NONE', #757, 1000.000000000000000 ) ;
#1479 = CARTESIAN_POINT ( 'NONE',  ( 70.00000000000000000, 35.00000000000000000, 57.49999999999999289 ) ) ;
#1480 = EDGE_CURVE ( 'NONE', #872, #1669, #655, .T. ) ;
#1481 = CARTESIAN_POINT ( 'NONE',  ( 48.50000000000002842, 3.999999999999999112, 36.49999999999998579 ) ) ;
#1482 = VERTEX_POINT ( 'NONE', #50 ) ;
#1483 = ORIENTED_EDGE ( 'NONE', *, *, #1198, .F. ) ;
#1484 = CARTESIAN_POINT ( 'NONE',  ( 0.000000000000000000, 0.000000000000000000, 0.000000000000000000 ) ) ;
#1485 = ORIENTED_EDGE ( 'NONE', *, *, #1166, .T. ) ;
#1486 = FACE_OUTER_BOUND ( 'NONE', #853, .T. ) ;
#1487 = CARTESIAN_POINT ( 'NONE',  ( 85.00000000000000000, 15.00000000000000000, 60.00000000000000000 ) ) ;
#1488 = DIRECTION ( 'NONE',  ( -0.000000000000000000, -1.000000000000000000, -0.000000000000000000 ) ) ;
#1489 = EDGE_CURVE ( 'NONE', #1518, #1945, #1411, .T. ) ;
#1490 = ORIENTED_EDGE ( 'NONE', *, *, #503, .F. ) ;
#1491 = DIRECTION ( 'NONE',  ( 0.000000000000000000, 0.000000000000000000, 1.000000000000000000 ) ) ;
#1492 = CIRCLE ( 'NONE', #1177, 7.600000000000009415 ) ;
#1493 = PERSON_AND_ORGANIZATION ( #259, #1477 ) ;
#1494 = ORIENTED_EDGE ( 'NONE', *, *, #1913, .F. ) ;
#1495 = DIRECTION ( 'NONE',  ( 0.000000000000000000, 0.000000000000000000, -1.000000000000000000 ) ) ;
#1496 = DIRECTION ( 'NONE',  ( 1.000000000000000000, 0.000000000000000000, 0.000000000000000000 ) ) ;
#1497 = DIRECTION ( 'NONE',  ( -0.000000000000000000, -1.000000000000000000, -0.000000000000000000 ) ) ;
#1498 = CARTESIAN_POINT ( 'NONE',  ( -70.00000000000000000, -0.0009999999999992653654, 45.00000000000000000 ) ) ;
#1499 = ADVANCED_FACE ( 'NONE', ( #1290 ), #329, .T. ) ;
#1500 = AXIS2_PLACEMENT_3D ( 'NONE', #323, #513, #1454 ) ;
#1501 = ORIENTED_EDGE ( 'NONE', *, *, #1986, .T. ) ;
#1502 = ORIENTED_EDGE ( 'NONE', *, *, #1337, .F. ) ;
#1503 = DIRECTION ( 'NONE',  ( -0.000000000000000000, 1.000000000000000000, -0.000000000000000000 ) ) ;
#1504 = LINE ( 'NONE', #697, #754 ) ;
#1505 = ORIENTED_EDGE ( 'NONE', *, *, #1489, .T. ) ;
#1506 = DIRECTION ( 'NONE',  ( 0.000000000000000000, 1.000000000000000000, 0.000000000000000000 ) ) ;
#1507 = CIRCLE ( 'NONE', #366, 8.600000000000051159 ) ;
#1508 = LOCAL_TIME ( 11, 54, 10.00000000000000000, #1160 ) ;
#1509 = LINE ( 'NONE', #138, #1394 ) ;
#1510 = CC_DESIGN_PERSON_AND_ORGANIZATION_ASSIGNMENT ( #69, #1341, ( #1447 ) ) ;
#1511 = ORIENTED_EDGE ( 'NONE', *, *, #1890, .T. ) ;
#1512 = ORIENTED_EDGE ( 'NONE', *, *, #1137, .T. ) ;
#1513 = EDGE_LOOP ( 'NONE', ( #1388, #91, #667, #421 ) ) ;
#1514 = CARTESIAN_POINT ( 'NONE',  ( 48.50000000000001421, 3.999999999999999112, -38.50000000000001421 ) ) ;
#1515 = ADVANCED_FACE ( 'NONE', ( #1759 ), #1901, .F. ) ;
#1516 = CARTESIAN_POINT ( 'NONE',  ( -70.00000000000000000, 0.000000000000000000, 45.00000000000000000 ) ) ;
#1517 = ADVANCED_BREP_SHAPE_REPRESENTATION ( 'bolster_top_prog', ( #1365, #896 ), #274 ) ;
#1518 = VERTEX_POINT ( 'NONE', #1768 ) ;
#1519 = ORIENTED_EDGE ( 'NONE', *, *, #1063, .F. ) ;
#1520 = FACE_OUTER_BOUND ( 'NONE', #684, .T. ) ;
#1521 = DIRECTION ( 'NONE',  ( 0.000000000000000000, 0.000000000000000000, 1.000000000000000000 ) ) ;
#1522 = AXIS2_PLACEMENT_3D ( 'NONE', #7, #19, #1882 ) ;
#1523 = ORIENTED_EDGE ( 'NONE', *, *, #431, .F. ) ;
#1524 = ORIENTED_EDGE ( 'NONE', *, *, #16, .F. ) ;
#1525 = ORIENTED_EDGE ( 'NONE', *, *, #1879, .T. ) ;
#1526 = CARTESIAN_POINT ( 'NONE',  ( -70.00000000000000000, 34.00000000000000000, -45.00000000000000000 ) ) ;
#1527 = CARTESIAN_POINT ( 'NONE',  ( -13.49999999999999822, 11.00000000000000000, 15.50000000000000355 ) ) ;
#1528 = ADVANCED_FACE ( 'NONE', ( #1762 ), #1825, .F. ) ;
#1529 = EDGE_LOOP ( 'NONE', ( #1570, #964 ) ) ;
#1530 = DIRECTION ( 'NONE',  ( 0.000000000000000000, 0.000000000000000000, 1.000000000000000000 ) ) ;
#1531 = EDGE_LOOP ( 'NONE', ( #994, #1034 ) ) ;
#1532 = DIRECTION ( 'NONE',  ( 0.000000000000000000, 0.000000000000000000, -1.000000000000000000 ) ) ;
#1533 = CIRCLE ( 'NONE', #460, 7.599999999999996092 ) ;
#1534 = ORIENTED_EDGE ( 'NONE', *, *, #471, .T. ) ;
#1535 = ORIENTED_EDGE ( 'NONE', *, *, #95, .F. ) ;
#1536 = PLANE ( 'NONE',  #808 ) ;
#1537 = CARTESIAN_POINT ( 'NONE',  ( -13.50000000000000178, 0.000000000000000000, -13.49999999999999467 ) ) ;
#1538 = ORIENTED_EDGE ( 'NONE', *, *, #387, .T. ) ;
#1539 = ADVANCED_FACE ( 'NONE', ( #381 ), #825, .T. ) ;
#1540 = CARTESIAN_POINT ( 'NONE',  ( 70.00000000000000000, 33.99999999999995737, -45.00000000000000000 ) ) ;
#1541 = EDGE_LOOP ( 'NONE', ( #1676, #1070, #1894, #1982 ) ) ;
#1542 = EDGE_CURVE ( 'NONE', #343, #1595, #177, .T. ) ;
#1543 = FACE_BOUND ( 'NONE', #1606, .T. ) ;
#1544 = VECTOR ( 'NONE', #1268, 1000.000000000000000 ) ;
#1545 = DIRECTION ( 'NONE',  ( -0.000000000000000000, 1.000000000000000000, -0.000000000000000000 ) ) ;
#1546 = CARTESIAN_POINT ( 'NONE',  ( -85.00000000000000000, 0.000000000000000000, 60.00000000000000000 ) ) ;
#1547 = PLANE ( 'NONE',  #1126 ) ;
#1548 = VERTEX_POINT ( 'NONE', #1474 ) ;
#1549 = ORIENTED_EDGE ( 'NONE', *, *, #492, .F. ) ;
#1550 = CARTESIAN_POINT ( 'NONE',  ( -13.50000000000000178, 11.00000000000000000, -17.50000000000000355 ) ) ;
#1551 = DIRECTION ( 'NONE',  ( 0.000000000000000000, 0.000000000000000000, -1.000000000000000000 ) ) ;
#1552 = DIRECTION ( 'NONE',  ( 8.659560562354941486E-17, 0.7071067811865469066, -0.7071067811865482389 ) ) ;
#1553 = ADVANCED_FACE ( 'NONE', ( #361, #53 ), #558, .T. ) ;
#1554 = DIRECTION ( 'NONE',  ( -0.000000000000000000, 1.000000000000000000, -0.000000000000000000 ) ) ;
#1555 = CARTESIAN_POINT ( 'NONE',  ( 70.00000000000000000, 33.99999999999999289, -32.50000000000000000 ) ) ;
#1556 = FACE_OUTER_BOUND ( 'NONE', #1072, .T. ) ;
#1557 = DIRECTION ( 'NONE',  ( 0.000000000000000000, -1.000000000000000000, 0.000000000000000000 ) ) ;
#1558 = ORIENTED_EDGE ( 'NONE', *, *, #752, .T. ) ;
#1559 = VERTEX_POINT ( 'NONE', #1181 ) ;
#1560 = LINE ( 'NONE', #1858, #1155 ) ;
#1561 = DIRECTION ( 'NONE',  ( 0.000000000000000000, 0.000000000000000000, -1.000000000000000000 ) ) ;
#1562 = DIRECTION ( 'NONE',  ( 0.000000000000000000, 0.000000000000000000, -1.000000000000000000 ) ) ;
#1563 = CARTESIAN_POINT ( 'NONE',  ( -70.00000000000000000, 35.00000000000000000, -33.49999999999998579 ) ) ;
#1564 = DIRECTION ( 'NONE',  ( 0.000000000000000000, 0.000000000000000000, 1.000000000000000000 ) ) ;
#1565 = LINE ( 'NONE', #182, #1132 ) ;
#1566 = ADVANCED_FACE ( 'NONE', ( #1486 ), #995, .F. ) ;
#1567 = VERTEX_POINT ( 'NONE', #1791 ) ;
#1568 = VECTOR ( 'NONE', #1364, 1000.000000000000000 ) ;
#1569 = AXIS2_PLACEMENT_3D ( 'NONE', #349, #1604, #980 ) ;
#1570 = ORIENTED_EDGE ( 'NONE', *, *, #752, .F. ) ;
#1571 = AXIS2_PLACEMENT_3D ( 'NONE', #1220, #1829, #434 ) ;
#1572 = LINE ( 'NONE', #1401, #1227 ) ;
#1573 = LINE ( 'NONE', #1563, #1578 ) ;
#1574 = EDGE_CURVE ( 'NONE', #1754, #1701, #1925, .T. ) ;
#1575 = CARTESIAN_POINT ( 'NONE',  ( 70.00000000000000000, 33.99999999999995737, 52.59999999999999432 ) ) ;
#1576 = DIRECTION ( 'NONE',  ( 0.000000000000000000, 1.000000000000000000, 0.000000000000000000 ) ) ;
#1577 = EDGE_LOOP ( 'NONE', ( #144, #797, #466, #1790 ) ) ;
#1578 = VECTOR ( 'NONE', #1891, 999.9999999999998863 ) ;
#1579 = ADVANCED_FACE ( 'NONE', ( #696 ), #234, .T. ) ;
#1580 = DIRECTION ( 'NONE',  ( 0.000000000000000000, 0.000000000000000000, -1.000000000000000000 ) ) ;
#1581 = AXIS2_PLACEMENT_3D ( 'NONE', #1885, #485, #970 ) ;
#1582 = CYLINDRICAL_SURFACE ( 'NONE', #82, 7.599999999999996092 ) ;
#1583 = FACE_OUTER_BOUND ( 'NONE', #1577, .T. ) ;
#1584 = DIRECTION ( 'NONE',  ( 0.000000000000000000, 1.000000000000000000, 0.000000000000000000 ) ) ;
#1585 = EDGE_LOOP ( 'NONE', ( #817, #1735, #1242, #1845 ) ) ;
#1586 = ORIENTED_EDGE ( 'NONE', *, *, #1685, .T. ) ;
#1587 = EDGE_CURVE ( 'NONE', #1217, #1226, #215, .T. ) ;
#1588 = VECTOR ( 'NONE', #1003, 1000.000000000000000 ) ;
#1589 = PLANE ( 'NONE',  #248 ) ;
#1590 = DIRECTION ( 'NONE',  ( 0.000000000000000000, 0.000000000000000000, -1.000000000000000000 ) ) ;
#1591 = DIRECTION ( 'NONE',  ( 0.000000000000000000, 1.000000000000000000, 0.000000000000000000 ) ) ;
#1592 = LINE ( 'NONE', #342, #237 ) ;
#1593 = EDGE_LOOP ( 'NONE', ( #1190, #1967, #1376, #972 ) ) ;
#1594 = LINE ( 'NONE', #207, #919 ) ;
#1595 = VERTEX_POINT ( 'NONE', #66 ) ;
#1596 = VECTOR ( 'NONE', #614, 1000.000000000000000 ) ;
#1597 = ADVANCED_FACE ( 'NONE', ( #1940 ), #668, .F. ) ;
#1598 = AXIS2_PLACEMENT_3D ( 'NONE', #225, #846, #371 ) ;
#1599 = DIRECTION ( 'NONE',  ( 0.000000000000000000, 0.000000000000000000, -1.000000000000000000 ) ) ;
#1600 = ORIENTED_EDGE ( 'NONE', *, *, #470, .T. ) ;
#1601 = ADVANCED_FACE ( 'NONE', ( #353, #1169, #867, #1306, #983, #1923, #527, #90, #707 ), #1333, .T. ) ;
#1602 = CIRCLE ( 'NONE', #723, 2.000000000000003553 ) ;
#1603 = CARTESIAN_POINT ( 'NONE',  ( 48.50000000000001421, 3.999999999999999112, -36.50000000000001421 ) ) ;
#1604 = DIRECTION ( 'NONE',  ( -0.000000000000000000, -1.000000000000000000, -0.000000000000000000 ) ) ;
#1605 = CARTESIAN_POINT ( 'NONE',  ( 70.00000000000000000, 15.00000000000000000, -57.49999999999999289 ) ) ;
#1606 = EDGE_LOOP ( 'NONE', ( #1616, #379 ) ) ;
#1607 = APPROVAL_PERSON_ORGANIZATION ( #254, #949, #1921 ) ;
#1608 = CARTESIAN_POINT ( 'NONE',  ( 54.60000000000000142, 11.00000000000000000, 42.59999999999999432 ) ) ;
#1609 = AXIS2_PLACEMENT_3D ( 'NONE', #793, #475, #938 ) ;
#1610 = DIRECTION ( 'NONE',  ( -0.000000000000000000, 1.000000000000000000, -0.000000000000000000 ) ) ;
#1611 = DIRECTION ( 'NONE',  ( 0.000000000000000000, 0.000000000000000000, 1.000000000000000000 ) ) ;
#1612 = EDGE_CURVE ( 'NONE', #923, #1239, #1731, .T. ) ;
#1613 = PERSON_AND_ORGANIZATION ( #259, #1477 ) ;
#1614 = ORIENTED_EDGE ( 'NONE', *, *, #1067, .F. ) ;
#1615 = DIRECTION ( 'NONE',  ( 0.000000000000000000, 1.000000000000000000, -0.000000000000000000 ) ) ;
#1616 = ORIENTED_EDGE ( 'NONE', *, *, #652, .F. ) ;
#1617 = FACE_OUTER_BOUND ( 'NONE', #1593, .T. ) ;
#1618 = DIRECTION ( 'NONE',  ( 0.000000000000000000, 1.000000000000000000, 0.000000000000000000 ) ) ;
#1619 = CIRCLE ( 'NONE', #413, 2.000000000000001776 ) ;
#1620 = CYLINDRICAL_SURFACE ( 'NONE', #1081, 2.000000000000005329 ) ;
#1621 = EDGE_CURVE ( 'NONE', #1826, #160, #1594, .T. ) ;
#1622 = PERSON_AND_ORGANIZATION ( #259, #1477 ) ;
#1623 = ORIENTED_EDGE ( 'NONE', *, *, #189, .T. ) ;
#1624 = FACE_OUTER_BOUND ( 'NONE', #1236, .T. ) ;
#1625 = CARTESIAN_POINT ( 'NONE',  ( 70.00000000000000000, 0.000000000000000000, -45.00000000000000000 ) ) ;
#1626 = CARTESIAN_POINT ( 'NONE',  ( -70.00000000000000000, 15.00000000000000000, -57.49999999999999289 ) ) ;
#1627 = AXIS2_PLACEMENT_3D ( 'NONE', #358, #212, #523 ) ;
#1628 = ORIENTED_EDGE ( 'NONE', *, *, #1480, .T. ) ;
#1629 = AXIS2_PLACEMENT_3D ( 'NONE', #283, #301, #1071 ) ;
#1630 = DIRECTION ( 'NONE',  ( 0.000000000000000000, -1.000000000000000000, 0.000000000000000000 ) ) ;
#1631 = VERTEX_POINT ( 'NONE', #1781 ) ;
#1632 = ORIENTED_EDGE ( 'NONE', *, *, #1542, .F. ) ;
#1633 = DIRECTION ( 'NONE',  ( 0.000000000000000000, 0.000000000000000000, -1.000000000000000000 ) ) ;
#1634 = DIRECTION ( 'NONE',  ( -1.000000000000000000, 0.000000000000000000, -0.000000000000000000 ) ) ;
#1635 = LOCAL_TIME ( 11, 54, 10.00000000000000000, #1179 ) ;
#1636 = ADVANCED_FACE ( 'NONE', ( #1624 ), #412, .F. ) ;
#1637 = EDGE_CURVE ( 'NONE', #1020, #1961, #591, .T. ) ;
#1638 = AXIS2_PLACEMENT_3D ( 'NONE', #1469, #871, #1308 ) ;
#1639 = DIRECTION ( 'NONE',  ( -0.000000000000000000, -1.000000000000000000, -0.000000000000000000 ) ) ;
#1640 = CIRCLE ( 'NONE', #369, 2.000000000000003553 ) ;
#1641 = PLANE ( 'NONE',  #1011 ) ;
#1642 = EDGE_LOOP ( 'NONE', ( #1240, #1985, #1501, #534 ) ) ;
#1643 = APPLICATION_PROTOCOL_DEFINITION ( 'international standard', 'config_control_design', 1994, #1026 ) ;
#1644 = EDGE_LOOP ( 'NONE', ( #142, #1839, #188, #168 ) ) ;
#1645 = DIRECTION ( 'NONE',  ( -0.000000000000000000, 1.000000000000000000, -0.000000000000000000 ) ) ;
#1646 = FACE_BOUND ( 'NONE', #751, .T. ) ;
#1647 = EDGE_CURVE ( 'NONE', #1559, #597, #537, .T. ) ;
#1648 = CARTESIAN_POINT ( 'NONE',  ( -54.60000000000000142, 11.00000000000000000, 42.59999999999999432 ) ) ;
#1649 = AXIS2_PLACEMENT_3D ( 'NONE', #1118, #1414, #1562 ) ;
#1650 = EDGE_CURVE ( 'NONE', #1083, #160, #1368, .T. ) ;
#1651 = CARTESIAN_POINT ( 'NONE',  ( -48.50000000000001421, 3.999999999999999112, 36.50000000000000000 ) ) ;
#1652 = ORIENTED_EDGE ( 'NONE', *, *, #1013, .T. ) ;
#1653 = COORDINATED_UNIVERSAL_TIME_OFFSET ( 0, 0, .AHEAD. ) ;
#1654 = ORIENTED_EDGE ( 'NONE', *, *, #1947, .F. ) ;
#1655 = CARTESIAN_POINT ( 'NONE',  ( -70.00000000000000000, 33.99999999999995737, 52.60000000000000853 ) ) ;
#1656 = LINE ( 'NONE', #708, #1955 ) ;
#1657 = VERTEX_POINT ( 'NONE', #889 ) ;
#1658 = DIRECTION ( 'NONE',  ( 0.000000000000000000, 0.000000000000000000, -1.000000000000000000 ) ) ;
#1659 = ADVANCED_FACE ( 'NONE', ( #857 ), #548, .T. ) ;
#1660 = VECTOR ( 'NONE', #1106, 1000.000000000000000 ) ;
#1661 = LINE ( 'NONE', #744, #1461 ) ;
#1662 = AXIS2_PLACEMENT_3D ( 'NONE', #856, #837, #391 ) ;
#1663 = ADVANCED_FACE ( 'NONE', ( #1617 ), #1334, .F. ) ;
#1664 = VECTOR ( 'NONE', #1444, 1000.000000000000000 ) ;
#1665 = ORIENTED_EDGE ( 'NONE', *, *, #1698, .T. ) ;
#1666 = CARTESIAN_POINT ( 'NONE',  ( -70.00000000000000000, 33.99999999999995737, 45.00000000000000000 ) ) ;
#1667 = ORIENTED_EDGE ( 'NONE', *, *, #489, .F. ) ;
#1668 = CARTESIAN_POINT ( 'NONE',  ( -13.50000000000000178, 11.00000000000000000, -15.50000000000000000 ) ) ;
#1669 = VERTEX_POINT ( 'NONE', #560 ) ;
#1670 = PLANE ( 'NONE',  #1253 ) ;
#1671 = FACE_BOUND ( 'NONE', #742, .T. ) ;
#1672 = AXIS2_PLACEMENT_3D ( 'NONE', #348, #1424, #1266 ) ;
#1673 = ORIENTED_EDGE ( 'NONE', *, *, #712, .T. ) ;
#1674 = EDGE_CURVE ( 'NONE', #897, #1363, #1201, .T. ) ;
#1675 = EDGE_CURVE ( 'NONE', #716, #1548, #851, .T. ) ;
#1676 = ORIENTED_EDGE ( 'NONE', *, *, #136, .F. ) ;
#1677 = DIRECTION ( 'NONE',  ( 0.000000000000000000, -0.7071067811865536790, -0.7071067811865414665 ) ) ;
#1678 = DIRECTION ( 'NONE',  ( -0.000000000000000000, 1.000000000000000000, -0.000000000000000000 ) ) ;
#1679 = VECTOR ( 'NONE', #1434, 1000.000000000000000 ) ;
#1680 = VERTEX_POINT ( 'NONE', #1801 ) ;
#1681 = LINE ( 'NONE', #103, #1054 ) ;
#1682 = DIRECTION ( 'NONE',  ( 0.000000000000000000, 0.000000000000000000, -1.000000000000000000 ) ) ;
#1683 = ORIENTED_EDGE ( 'NONE', *, *, #1476, .T. ) ;
#1684 = EDGE_CURVE ( 'NONE', #284, #843, #1316, .T. ) ;
#1685 = EDGE_CURVE ( 'NONE', #1421, #1313, #1656, .T. ) ;
#1686 = DIRECTION ( 'NONE',  ( 0.000000000000000000, 0.000000000000000000, -1.000000000000000000 ) ) ;
#1687 = ORIENTED_EDGE ( 'NONE', *, *, #365, .T. ) ;
#1688 = CARTESIAN_POINT ( 'NONE',  ( 70.00000000000000000, -0.0009999999999992653654, 45.00000000000000000 ) ) ;
#1689 = CARTESIAN_POINT ( 'NONE',  ( 54.60000000000000142, 11.00000000000000000, -42.60000000000000853 ) ) ;
#1690 = ORIENTED_EDGE ( 'NONE', *, *, #1612, .T. ) ;
#1691 = CARTESIAN_POINT ( 'NONE',  ( 48.50000000000002842, 3.999999999999999112, 38.49999999999998579 ) ) ;
#1692 = VERTEX_POINT ( 'NONE', #1352 ) ;
#1693 = AXIS2_PLACEMENT_3D ( 'NONE', #581, #1820, #1387 ) ;
#1694 = ORIENTED_EDGE ( 'NONE', *, *, #1740, .F. ) ;
#1695 = AXIS2_PLACEMENT_3D ( 'NONE', #1920, #204, #502 ) ;
#1696 = DIRECTION ( 'NONE',  ( 0.000000000000000000, 1.000000000000000000, -0.000000000000000000 ) ) ;
#1697 = CARTESIAN_POINT ( 'NONE',  ( 48.50000000000001421, 3.999999999999999112, -36.50000000000001421 ) ) ;
#1698 = EDGE_CURVE ( 'NONE', #1567, #1212, #1093, .T. ) ;
#1699 = VERTEX_POINT ( 'NONE', #1818 ) ;
#1700 = LINE ( 'NONE', #317, #717 ) ;
#1701 = VERTEX_POINT ( 'NONE', #1210 ) ;
#1702 = EDGE_CURVE ( 'NONE', #1332, #730, #1504, .T. ) ;
#1703 = LINE ( 'NONE', #644, #1134 ) ;
#1704 = FACE_OUTER_BOUND ( 'NONE', #1907, .T. ) ;
#1705 = AXIS2_PLACEMENT_3D ( 'NONE', #981, #1149, #1729 ) ;
#1706 = CARTESIAN_POINT ( 'NONE',  ( 70.00000000000000000, 35.00000000000000000, 33.49999999999998579 ) ) ;
#1707 = PLANE ( 'NONE',  #1257 ) ;
#1708 = CYLINDRICAL_SURFACE ( 'NONE', #139, 7.600000000000009415 ) ;
#1709 = DIRECTION ( 'NONE',  ( 0.000000000000000000, -1.000000000000000000, 0.000000000000000000 ) ) ;
#1710 = EDGE_LOOP ( 'NONE', ( #1614, #25, #568, #1030 ) ) ;
#1711 = DIRECTION ( 'NONE',  ( 0.000000000000000000, 0.000000000000000000, 1.000000000000000000 ) ) ;
#1712 = CARTESIAN_POINT ( 'NONE',  ( -70.00000000000000000, 0.000000000000000000, -45.00000000000000000 ) ) ;
#1713 = DIRECTION ( 'NONE',  ( -0.000000000000000000, -1.000000000000000000, -0.000000000000000000 ) ) ;
#1714 = CIRCLE ( 'NONE', #64, 2.000000000000001776 ) ;
#1715 = DIRECTION ( 'NONE',  ( -0.000000000000000000, 1.000000000000000000, -0.000000000000000000 ) ) ;
#1716 = CIRCLE ( 'NONE', #1884, 2.000000000000001776 ) ;
#1717 = LINE ( 'NONE', #476, #1842 ) ;
#1718 = CARTESIAN_POINT ( 'NONE',  ( -13.50000000000000178, 0.000000000000000000, -15.50000000000000000 ) ) ;
#1719 = CIRCLE ( 'NONE', #1116, 7.599999999999996092 ) ;
#1720 = ORIENTED_EDGE ( 'NONE', *, *, #517, .F. ) ;
#1721 = DIRECTION ( 'NONE',  ( 0.000000000000000000, -1.000000000000000000, 0.000000000000000000 ) ) ;
#1722 = DIRECTION ( 'NONE',  ( 0.000000000000000000, 1.000000000000000000, -0.000000000000000000 ) ) ;
#1723 = CARTESIAN_POINT ( 'NONE',  ( 70.00000000000000000, 35.00000000000000000, -32.50000000000000000 ) ) ;
#1724 = ADVANCED_FACE ( 'NONE', ( #424 ), #1281, .F. ) ;
#1725 = CARTESIAN_POINT ( 'NONE',  ( -70.00000000000000000, 33.99999999999995737, 37.39999999999999147 ) ) ;
#1726 = ADVANCED_FACE ( 'NONE', ( #1171 ), #1782, .F. ) ;
#1727 = CARTESIAN_POINT ( 'NONE',  ( 85.00000000000000000, 15.00000000000000000, -60.00000000000000000 ) ) ;
#1728 = ORIENTED_EDGE ( 'NONE', *, *, #961, .F. ) ;
#1729 = DIRECTION ( 'NONE',  ( 0.000000000000000000, 0.000000000000000000, -1.000000000000000000 ) ) ;
#1730 = ORIENTED_EDGE ( 'NONE', *, *, #1456, .F. ) ;
#1731 = CIRCLE ( 'NONE', #1764, 7.599999999999996092 ) ;
#1732 = ORIENTED_EDGE ( 'NONE', *, *, #1702, .F. ) ;
#1733 = CIRCLE ( 'NONE', #1191, 2.000000000000005329 ) ;
#1734 = CARTESIAN_POINT ( 'NONE',  ( -33.50000000000000000, 0.000000000000000000, 17.50000000000001421 ) ) ;
#1735 = ORIENTED_EDGE ( 'NONE', *, *, #921, .T. ) ;
#1736 = LINE ( 'NONE', #339, #1944 ) ;
#1737 = CIRCLE ( 'NONE', #49, 11.50000000000001066 ) ;
#1738 = VECTOR ( 'NONE', #155, 1000.000000000000000 ) ;
#1739 = DIRECTION ( 'NONE',  ( 0.000000000000000000, 1.000000000000000000, 0.000000000000000000 ) ) ;
#1740 = EDGE_CURVE ( 'NONE', #290, #931, #924, .T. ) ;
#1741 = ADVANCED_FACE ( 'NONE', ( #92, #1038, #1646, #258, #719, #773 ), #1547, .F. ) ;
#1742 = ORIENTED_EDGE ( 'NONE', *, *, #870, .F. ) ;
#1743 = VECTOR ( 'NONE', #779, 1000.000000000000000 ) ;
#1744 = ORIENTED_EDGE ( 'NONE', *, *, #11, .T. ) ;
#1745 = PRODUCT ( 'bolster_top_prog', 'bolster_top_prog', '', ( #1949 ) ) ;
#1746 = DIRECTION ( 'NONE',  ( 0.000000000000000000, 1.000000000000000000, 0.000000000000000000 ) ) ;
#1747 = FACE_OUTER_BOUND ( 'NONE', #580, .T. ) ;
#1748 = CARTESIAN_POINT ( 'NONE',  ( -70.00000000000000000, 35.00000000000000000, 45.00000000000000000 ) ) ;
#1749 = CARTESIAN_POINT ( 'NONE',  ( 70.00000000000000000, 35.00000000000000000, 56.50000000000000711 ) ) ;
#1750 = ORIENTED_EDGE ( 'NONE', *, *, #1009, .T. ) ;
#1751 = EDGE_CURVE ( 'NONE', #1188, #442, #1441, .T. ) ;
#1752 = AXIS2_PLACEMENT_3D ( 'NONE', #180, #1696, #170 ) ;
#1753 = DIRECTION ( 'NONE',  ( -0.000000000000000000, 1.000000000000000000, -0.000000000000000000 ) ) ;
#1754 = VERTEX_POINT ( 'NONE', #1385 ) ;
#1755 = AXIS2_PLACEMENT_3D ( 'NONE', #1651, #288, #1532 ) ;
#1756 = ADVANCED_FACE ( 'NONE', ( #620 ), #493, .T. ) ;
#1757 = CARTESIAN_POINT ( 'NONE',  ( -48.50000000000001421, 11.00000000000000000, -34.49999999999999289 ) ) ;
#1758 = DIRECTION ( 'NONE',  ( 0.000000000000000000, 0.000000000000000000, 1.000000000000000000 ) ) ;
#1759 = FACE_OUTER_BOUND ( 'NONE', #934, .T. ) ;
#1760 = DIRECTION ( 'NONE',  ( 0.000000000000000000, -0.7071067811865536790, -0.7071067811865414665 ) ) ;
#1761 = VERTEX_POINT ( 'NONE', #465 ) ;
#1762 = FACE_OUTER_BOUND ( 'NONE', #241, .T. ) ;
#1763 = AXIS2_PLACEMENT_3D ( 'NONE', #217, #839, #1460 ) ;
#1764 = AXIS2_PLACEMENT_3D ( 'NONE', #1772, #1753, #518 ) ;
#1765 = EDGE_CURVE ( 'NONE', #872, #206, #75, .T. ) ;
#1766 = LINE ( 'NONE', #999, #930 ) ;
#1767 = DIRECTION ( 'NONE',  ( 0.000000000000000000, -0.000000000000000000, -1.000000000000000000 ) ) ;
#1768 = CARTESIAN_POINT ( 'NONE',  ( -33.50000000000000000, 0.000000000000000000, -17.50000000000000711 ) ) ;
#1769 = DATE_AND_TIME ( #1937, #827 ) ;
#1770 = ORIENTED_EDGE ( 'NONE', *, *, #1847, .F. ) ;
#1771 = AXIS2_PLACEMENT_3D ( 'NONE', #1172, #1450, #1599 ) ;
#1772 = CARTESIAN_POINT ( 'NONE',  ( 70.00000000000000000, 0.000000000000000000, 45.00000000000000000 ) ) ;
#1773 = VERTEX_POINT ( 'NONE', #1397 ) ;
#1774 = CIRCLE ( 'NONE', #1262, 7.600000000000009415 ) ;
#1775 = CARTESIAN_POINT ( 'NONE',  ( 70.00000000000000000, 35.00000000000000000, -45.00000000000000000 ) ) ;
#1776 = EDGE_CURVE ( 'NONE', #590, #478, #1361, .T. ) ;
#1777 = CARTESIAN_POINT ( 'NONE',  ( -70.00000000000000000, 35.00000000000000000, 45.00000000000000000 ) ) ;
#1778 = ADVANCED_FACE ( 'NONE', ( #1058 ), #1238, .F. ) ;
#1779 =( NAMED_UNIT ( * ) PLANE_ANGLE_UNIT ( ) SI_UNIT ( $, .RADIAN. ) );
#1780 = EDGE_LOOP ( 'NONE', ( #1586, #987, #1728, #1131 ) ) ;
#1781 = CARTESIAN_POINT ( 'NONE',  ( -70.00000000000000000, 34.00000000000000000, -32.50000000000000000 ) ) ;
#1782 = PLANE ( 'NONE',  #395 ) ;
#1783 = CIRCLE ( 'NONE', #907, 2.000000000000001776 ) ;
#1784 = DIRECTION ( 'NONE',  ( 0.000000000000000000, 0.000000000000000000, 1.000000000000000000 ) ) ;
#1785 = EDGE_LOOP ( 'NONE', ( #1742, #746, #541, #199 ) ) ;
#1786 = EDGE_CURVE ( 'NONE', #564, #1183, #292, .T. ) ;
#1787 = FACE_OUTER_BOUND ( 'NONE', #302, .T. ) ;
#1788 = SHAPE_DEFINITION_REPRESENTATION ( #814, #1517 ) ;
#1789 = EDGE_CURVE ( 'NONE', #1843, #597, #1733, .T. ) ;
#1790 = ORIENTED_EDGE ( 'NONE', *, *, #607, .F. ) ;
#1791 = CARTESIAN_POINT ( 'NONE',  ( 70.00000000000000000, 0.000000000000000000, -52.59999999999999432 ) ) ;
#1792 = CARTESIAN_POINT ( 'NONE',  ( 70.00000000000000000, 35.00000000000000000, 45.00000000000000000 ) ) ;
#1793 = DIRECTION ( 'NONE',  ( 0.000000000000000000, 1.000000000000000000, 0.000000000000000000 ) ) ;
#1794 = AXIS2_PLACEMENT_3D ( 'NONE', #1915, #678, #245 ) ;
#1795 = AXIS2_PLACEMENT_3D ( 'NONE', #1625, #81, #1344 ) ;
#1796 = DIRECTION ( 'NONE',  ( -0.000000000000000000, -1.000000000000000000, -0.000000000000000000 ) ) ;
#1797 = ORIENTED_EDGE ( 'NONE', *, *, #1650, .F. ) ;
#1798 = DIRECTION ( 'NONE',  ( 1.000000000000000000, 0.000000000000000000, 0.000000000000000000 ) ) ;
#1799 = ORIENTED_EDGE ( 'NONE', *, *, #643, .T. ) ;
#1800 = DIRECTION ( 'NONE',  ( -0.000000000000000000, 1.000000000000000000, -0.000000000000000000 ) ) ;
#1801 = CARTESIAN_POINT ( 'NONE',  ( 48.50000000000002842, 3.999999999999999112, 38.49999999999998579 ) ) ;
#1802 = VECTOR ( 'NONE', #205, 999.9999999999998863 ) ;
#1803 = AXIS2_PLACEMENT_3D ( 'NONE', #709, #1935, #1145 ) ;
#1804 = LINE ( 'NONE', #1689, #993 ) ;
#1805 = FACE_BOUND ( 'NONE', #1989, .T. ) ;
#1806 = VERTEX_POINT ( 'NONE', #740 ) ;
#1807 = DIRECTION ( 'NONE',  ( 0.000000000000000000, 0.000000000000000000, 1.000000000000000000 ) ) ;
#1808 = DIRECTION ( 'NONE',  ( 1.000000000000000000, 0.000000000000000000, 0.000000000000000000 ) ) ;
#1809 = ADVANCED_FACE ( 'NONE', ( #631 ), #1373, .T. ) ;
#1810 = VERTEX_POINT ( 'NONE', #1537 ) ;
#1811 = FACE_BOUND ( 'NONE', #377, .T. ) ;
#1812 = CIRCLE ( 'NONE', #1752, 2.000000000000001776 ) ;
#1813 = CIRCLE ( 'NONE', #946, 2.000000000000005329 ) ;
#1814 = LINE ( 'NONE', #583, #1207 ) ;
#1815 = ORIENTED_EDGE ( 'NONE', *, *, #483, .T. ) ;
#1816 = VERTEX_POINT ( 'NONE', #941 ) ;
#1817 = CARTESIAN_POINT ( 'NONE',  ( 70.00000000000000000, 33.99999999999999289, -45.00000000000000000 ) ) ;
#1818 = CARTESIAN_POINT ( 'NONE',  ( 70.00000000000000000, 15.00000000000000000, 57.49999999999999289 ) ) ;
#1819 = ORIENTED_EDGE ( 'NONE', *, *, #2000, .T. ) ;
#1820 = DIRECTION ( 'NONE',  ( 0.000000000000000000, 1.000000000000000000, 0.000000000000000000 ) ) ;
#1821 = ADVANCED_FACE ( 'NONE', ( #2005 ), #171, .F. ) ;
#1822 = EDGE_CURVE ( 'NONE', #1217, #676, #1470, .T. ) ;
#1823 = VECTOR ( 'NONE', #135, 1000.000000000000114 ) ;
#1824 = DIRECTION ( 'NONE',  ( 0.000000000000000000, 0.000000000000000000, 1.000000000000000000 ) ) ;
#1825 = CONICAL_SURFACE ( 'NONE', #1662, 7.600000000000009415, 0.7853981633974491672 ) ;
#1826 = VERTEX_POINT ( 'NONE', #1981 ) ;
#1827 = ORIENTED_EDGE ( 'NONE', *, *, #702, .T. ) ;
#1828 = DIRECTION ( 'NONE',  ( 0.000000000000000000, 0.000000000000000000, -1.000000000000000000 ) ) ;
#1829 = DIRECTION ( 'NONE',  ( 0.000000000000000000, 1.000000000000000000, 0.000000000000000000 ) ) ;
#1830 = ORIENTED_EDGE ( 'NONE', *, *, #247, .T. ) ;
#1831 = CARTESIAN_POINT ( 'NONE',  ( -70.00000000000000000, 35.00000000000000000, 56.50000000000000711 ) ) ;
#1832 = EDGE_LOOP ( 'NONE', ( #1259, #432, #354, #1457 ) ) ;
#1833 = DIRECTION ( 'NONE',  ( -0.000000000000000000, 1.000000000000000000, -0.000000000000000000 ) ) ;
#1834 = ADVANCED_FACE ( 'NONE', ( #1079, #1407 ), #916, .T. ) ;
#1835 = CONICAL_SURFACE ( 'NONE', #1609, 11.50000000000001066, 0.7853981633974396193 ) ;
#1836 = ADVANCED_FACE ( 'NONE', ( #929 ), #1372, .F. ) ;
#1837 = ORIENTED_EDGE ( 'NONE', *, *, #550, .T. ) ;
#1838 = EDGE_CURVE ( 'NONE', #1548, #716, #855, .T. ) ;
#1839 = ORIENTED_EDGE ( 'NONE', *, *, #713, .F. ) ;
#1840 = DIRECTION ( 'NONE',  ( 0.000000000000000000, 0.000000000000000000, -1.000000000000000000 ) ) ;
#1841 = DIRECTION ( 'NONE',  ( 0.000000000000000000, 1.000000000000000000, 0.000000000000000000 ) ) ;
#1842 = VECTOR ( 'NONE', #927, 1000.000000000000000 ) ;
#1843 = VERTEX_POINT ( 'NONE', #761 ) ;
#1844 = FACE_OUTER_BOUND ( 'NONE', #372, .T. ) ;
#1845 = ORIENTED_EDGE ( 'NONE', *, *, #1890, .F. ) ;
#1846 = LINE ( 'NONE', #1691, #260 ) ;
#1847 = EDGE_CURVE ( 'NONE', #1669, #1699, #1311, .T. ) ;
#1848 = ORIENTED_EDGE ( 'NONE', *, *, #340, .F. ) ;
#1849 = EDGE_CURVE ( 'NONE', #1226, #1657, #1592, .T. ) ;
#1850 = CIRCLE ( 'NONE', #35, 2.000000000000001776 ) ;
#1851 = CARTESIAN_POINT ( 'NONE',  ( -13.50000000000000178, 0.000000000000000000, -13.49999999999999467 ) ) ;
#1852 = FACE_OUTER_BOUND ( 'NONE', #157, .T. ) ;
#1853 = ADVANCED_FACE ( 'NONE', ( #1886 ), #62, .T. ) ;
#1854 = EDGE_CURVE ( 'NONE', #1945, #425, #514, .T. ) ;
#1855 = DIRECTION ( 'NONE',  ( 0.000000000000000000, 0.000000000000000000, -1.000000000000000000 ) ) ;
#1856 = ORIENTED_EDGE ( 'NONE', *, *, #387, .F. ) ;
#1857 = EDGE_LOOP ( 'NONE', ( #1538, #1286, #996, #1159 ) ) ;
#1858 = CARTESIAN_POINT ( 'NONE',  ( -85.00000000000000000, 0.000000000000000000, 60.00000000000000000 ) ) ;
#1859 = ORIENTED_EDGE ( 'NONE', *, *, #165, .F. ) ;
#1860 = FACE_OUTER_BOUND ( 'NONE', #231, .T. ) ;
#1861 = AXIS2_PLACEMENT_3D ( 'NONE', #1712, #346, #625 ) ;
#1862 = DIRECTION ( 'NONE',  ( 0.000000000000000000, 0.000000000000000000, 1.000000000000000000 ) ) ;
#1863 = AXIS2_PLACEMENT_3D ( 'NONE', #71, #1006, #1024 ) ;
#1864 = CYLINDRICAL_SURFACE ( 'NONE', #297, 2.000000000000003553 ) ;
#1865 = DIRECTION ( 'NONE',  ( 0.000000000000000000, -0.000000000000000000, -1.000000000000000000 ) ) ;
#1866 = ORIENTED_EDGE ( 'NONE', *, *, #1245, .F. ) ;
#1867 = ADVANCED_FACE ( 'NONE', ( #675 ), #359, .F. ) ;
#1868 = CIRCLE ( 'NONE', #1861, 7.600000000000009415 ) ;
#1869 = LINE ( 'NONE', #1400, #1660 ) ;
#1870 = CARTESIAN_POINT ( 'NONE',  ( -33.50000000000000000, 0.000000000000000000, 13.50000000000001243 ) ) ;
#1871 = DIRECTION ( 'NONE',  ( 0.000000000000000000, -0.7071067811865531239, -0.7071067811865420216 ) ) ;
#1872 = AXIS2_PLACEMENT_3D ( 'NONE', #1908, #501, #1097 ) ;
#1873 = CARTESIAN_POINT ( 'NONE',  ( -70.00000000000000000, 33.99999999999995737, 45.00000000000000000 ) ) ;
#1874 = LINE ( 'NONE', #141, #1478 ) ;
#1875 = DIRECTION ( 'NONE',  ( 0.000000000000000000, 1.000000000000000000, 0.000000000000000000 ) ) ;
#1876 = DIRECTION ( 'NONE',  ( -0.000000000000000000, 1.000000000000000000, -0.000000000000000000 ) ) ;
#1877 = ORIENTED_EDGE ( 'NONE', *, *, #1685, .F. ) ;
#1878 = EDGE_LOOP ( 'NONE', ( #650, #1076 ) ) ;
#1879 = EDGE_CURVE ( 'NONE', #3, #131, #1303, .T. ) ;
#1880 = DIRECTION ( 'NONE',  ( 0.000000000000000000, 1.000000000000000000, 0.000000000000000000 ) ) ;
#1881 = CARTESIAN_POINT ( 'NONE',  ( -48.50000000000001421, 3.999999999999999112, 36.50000000000000000 ) ) ;
#1882 = DIRECTION ( 'NONE',  ( 0.000000000000000000, 0.000000000000000000, -1.000000000000000000 ) ) ;
#1883 = LINE ( 'NONE', #330, #546 ) ;
#1884 = AXIS2_PLACEMENT_3D ( 'NONE', #1346, #893, #1824 ) ;
#1885 = CARTESIAN_POINT ( 'NONE',  ( -33.50000000000000000, 0.000000000000000000, -15.50000000000000355 ) ) ;
#1886 = FACE_OUTER_BOUND ( 'NONE', #1398, .T. ) ;
#1887 = AXIS2_PLACEMENT_3D ( 'NONE', #1224, #1966, #605 ) ;
#1888 = EDGE_LOOP ( 'NONE', ( #661, #604 ) ) ;
#1889 = CARTESIAN_POINT ( 'NONE',  ( -70.00000000000000000, 35.00000000000000000, -45.00000000000000000 ) ) ;
#1890 = EDGE_CURVE ( 'NONE', #741, #872, #1112, .T. ) ;
#1891 = DIRECTION ( 'NONE',  ( 8.659560562354866298E-17, -0.7071067811865531239, 0.7071067811865420216 ) ) ;
#1892 = CARTESIAN_POINT ( 'NONE',  ( 70.00000000000000000, 35.00000000000000000, -53.60000000000005116 ) ) ;
#1893 = CARTESIAN_POINT ( 'NONE',  ( -13.50000000000000178, 0.000000000000000000, -15.50000000000000000 ) ) ;
#1894 = ORIENTED_EDGE ( 'NONE', *, *, #1307, .F. ) ;
#1895 = AXIS2_PLACEMENT_3D ( 'NONE', #1792, #576, #687 ) ;
#1896 = AXIS2_PLACEMENT_3D ( 'NONE', #1468, #72, #1324 ) ;
#1897 = LINE ( 'NONE', #327, #1999 ) ;
#1898 = FACE_OUTER_BOUND ( 'NONE', #1995, .T. ) ;
#1899 = SECURITY_CLASSIFICATION ( '', '', #1960 ) ;
#1900 = CIRCLE ( 'NONE', #1031, 8.600000000000051159 ) ;
#1901 = CYLINDRICAL_SURFACE ( 'NONE', #1627, 2.000000000000001776 ) ;
#1902 = CARTESIAN_POINT ( 'NONE',  ( -70.00000000000000000, 33.99999999999995737, -52.60000000000000853 ) ) ;
#1903 = ORIENTED_EDGE ( 'NONE', *, *, #1489, .F. ) ;
#1904 = CIRCLE ( 'NONE', #154, 11.50000000000001066 ) ;
#1905 = ORIENTED_EDGE ( 'NONE', *, *, #882, .F. ) ;
#1906 = CARTESIAN_POINT ( 'NONE',  ( 70.00000000000000000, 35.00000000000000000, 45.00000000000000000 ) ) ;
#1907 = EDGE_LOOP ( 'NONE', ( #423, #1485 ) ) ;
#1908 = CARTESIAN_POINT ( 'NONE',  ( -54.60000000000000142, 11.00000000000000000, -42.60000000000000853 ) ) ;
#1909 = AXIS2_PLACEMENT_3D ( 'NONE', #748, #905, #404 ) ;
#1910 = FACE_OUTER_BOUND ( 'NONE', #805, .T. ) ;
#1911 = DIRECTION ( 'NONE',  ( -0.000000000000000000, -1.000000000000000000, -0.000000000000000000 ) ) ;
#1912 = ORIENTED_EDGE ( 'NONE', *, *, #181, .F. ) ;
#1913 = EDGE_CURVE ( 'NONE', #741, #2009, #1737, .T. ) ;
#1914 = AXIS2_PLACEMENT_3D ( 'NONE', #1121, #1739, #1564 ) ;
#1915 = CARTESIAN_POINT ( 'NONE',  ( -48.50000000000001421, 3.999999999999999112, -36.50000000000000000 ) ) ;
#1916 = ORIENTED_EDGE ( 'NONE', *, *, #1647, .F. ) ;
#1917 = VECTOR ( 'NONE', #1871, 999.9999999999998863 ) ;
#1918 = DIRECTION ( 'NONE',  ( 0.000000000000000000, 0.000000000000000000, 1.000000000000000000 ) ) ;
#1919 = FACE_OUTER_BOUND ( 'NONE', #1349, .T. ) ;
#1920 = CARTESIAN_POINT ( 'NONE',  ( -70.00000000000000000, 35.00000000000000000, -45.00000000000000000 ) ) ;
#1921 = APPROVAL_ROLE ( '' ) ;
#1922 = ORIENTED_EDGE ( 'NONE', *, *, #1480, .F. ) ;
#1923 = FACE_BOUND ( 'NONE', #362, .T. ) ;
#1924 = CIRCLE ( 'NONE', #8, 2.000000000000001776 ) ;
#1925 = CIRCLE ( 'NONE', #1863, 7.599999999999996092 ) ;
#1926 = ADVANCED_FACE ( 'NONE', ( #954 ), #1455, .F. ) ;
#1927 = AXIS2_PLACEMENT_3D ( 'NONE', #382, #235, #405 ) ;
#1928 = CARTESIAN_POINT ( 'NONE',  ( -70.00000000000000000, 34.00000000000000000, -45.00000000000000000 ) ) ;
#1929 = DIRECTION ( 'NONE',  ( 0.000000000000000000, 1.000000000000000000, 0.000000000000000000 ) ) ;
#1930 = DATE_AND_TIME ( #1331, #1635 ) ;
#1931 = ORIENTED_EDGE ( 'NONE', *, *, #1202, .F. ) ;
#1932 = AXIS2_PLACEMENT_3D ( 'NONE', #1007, #67, #1784 ) ;
#1933 = CARTESIAN_POINT ( 'NONE',  ( 70.00000000000000000, 35.00000000000000000, -45.00000000000000000 ) ) ;
#1934 = CARTESIAN_POINT ( 'NONE',  ( -54.60000000000000142, 11.00000000000000000, 42.59999999999999432 ) ) ;
#1935 = DIRECTION ( 'NONE',  ( 0.000000000000000000, 1.000000000000000000, 0.000000000000000000 ) ) ;
#1936 = DIRECTION ( 'NONE',  ( 0.000000000000000000, 0.000000000000000000, 1.000000000000000000 ) ) ;
#1937 = CALENDAR_DATE ( 2025, 5, 12 ) ;
#1938 = EDGE_LOOP ( 'NONE', ( #500, #1197, #714, #1449 ) ) ;
#1939 = CIRCLE ( 'NONE', #670, 7.600000000000009415 ) ;
#1940 = FACE_OUTER_BOUND ( 'NONE', #386, .T. ) ;
#1941 = CARTESIAN_POINT ( 'NONE',  ( -54.60000000000000142, 11.00000000000000000, 42.59999999999999432 ) ) ;
#1942 = ORIENTED_EDGE ( 'NONE', *, *, #1283, .T. ) ;
#1943 = LINE ( 'NONE', #549, #1996 ) ;
#1944 = VECTOR ( 'NONE', #810, 1000.000000000000000 ) ;
#1945 = VERTEX_POINT ( 'NONE', #971 ) ;
#1946 = DIRECTION ( 'NONE',  ( -0.000000000000000000, 1.000000000000000000, -0.000000000000000000 ) ) ;
#1947 = EDGE_CURVE ( 'NONE', #910, #1961, #1565, .T. ) ;
#1948 = ORIENTED_EDGE ( 'NONE', *, *, #483, .F. ) ;
#1949 = MECHANICAL_CONTEXT ( 'NONE', #1026, 'mechanical' ) ;
#1950 = EDGE_LOOP ( 'NONE', ( #54, #1408 ) ) ;
#1951 = DIRECTION ( 'NONE',  ( 0.000000000000000000, -0.000000000000000000, -1.000000000000000000 ) ) ;
#1952 = DIRECTION ( 'NONE',  ( 0.000000000000000000, 0.000000000000000000, 1.000000000000000000 ) ) ;
#1953 = AXIS2_PLACEMENT_3D ( 'NONE', #881, #261, #116 ) ;
#1954 = DIRECTION ( 'NONE',  ( 0.000000000000000000, 1.000000000000000000, 0.000000000000000000 ) ) ;
#1955 = VECTOR ( 'NONE', #1496, 1000.000000000000000 ) ;
#1956 = ORIENTED_EDGE ( 'NONE', *, *, #1273, .F. ) ;
#1957 = DIRECTION ( 'NONE',  ( 0.000000000000000000, -0.000000000000000000, -1.000000000000000000 ) ) ;
#1958 = EDGE_CURVE ( 'NONE', #1977, #3, #114, .T. ) ;
#1959 = ORIENTED_EDGE ( 'NONE', *, *, #909, .T. ) ;
#1960 = SECURITY_CLASSIFICATION_LEVEL ( 'unclassified' ) ;
#1961 = VERTEX_POINT ( 'NONE', #1605 ) ;
#1962 = DIRECTION ( 'NONE',  ( 0.000000000000000000, 0.000000000000000000, 1.000000000000000000 ) ) ;
#1963 = CARTESIAN_POINT ( 'NONE',  ( 70.00000000000000000, 35.00000000000000000, -45.00000000000000000 ) ) ;
#1964 = AXIS2_PLACEMENT_3D ( 'NONE', #1893, #504, #495 ) ;
#1965 = DIRECTION ( 'NONE',  ( 0.000000000000000000, 0.000000000000000000, -1.000000000000000000 ) ) ;
#1966 = DIRECTION ( 'NONE',  ( -0.000000000000000000, 1.000000000000000000, -0.000000000000000000 ) ) ;
#1967 = ORIENTED_EDGE ( 'NONE', *, *, #328, .F. ) ;
#1968 = ORIENTED_EDGE ( 'NONE', *, *, #1107, .F. ) ;
#1969 = CARTESIAN_POINT ( 'NONE',  ( 70.00000000000000000, 0.000000000000000000, -45.00000000000000000 ) ) ;
#1970 = CARTESIAN_POINT ( 'NONE',  ( -33.50000000000000000, 0.000000000000000000, 15.50000000000001421 ) ) ;
#1971 = EDGE_CURVE ( 'NONE', #1699, #1669, #1416, .T. ) ;
#1972 = ADVANCED_FACE ( 'NONE', ( #26 ), #998, .F. ) ;
#1973 = ORIENTED_EDGE ( 'NONE', *, *, #1442, .T. ) ;
#1974 = CYLINDRICAL_SURFACE ( 'NONE', #918, 12.49999999999999645 ) ;
#1975 = AXIS2_PLACEMENT_3D ( 'NONE', #1777, #1328, #1491 ) ;
#1976 = FACE_BOUND ( 'NONE', #1950, .T. ) ;
#1977 = VERTEX_POINT ( 'NONE', #1902 ) ;
#1978 = ORIENTED_EDGE ( 'NONE', *, *, #136, .T. ) ;
#1979 = LINE ( 'NONE', #2004, #672 ) ;
#1980 = ORIENTED_EDGE ( 'NONE', *, *, #1130, .F. ) ;
#1981 = CARTESIAN_POINT ( 'NONE',  ( -70.00000000000000000, 34.00000000000000000, 32.50000000000000000 ) ) ;
#1982 = ORIENTED_EDGE ( 'NONE', *, *, #271, .F. ) ;
#1983 = ORIENTED_EDGE ( 'NONE', *, *, #169, .F. ) ;
#1984 = LINE ( 'NONE', #1831, #818 ) ;
#1985 = ORIENTED_EDGE ( 'NONE', *, *, #1234, .T. ) ;
#1986 = EDGE_CURVE ( 'NONE', #1773, #127, #1122, .T. ) ;
#1987 = DIRECTION ( 'NONE',  ( 1.000000000000000000, 0.000000000000000000, 0.000000000000000000 ) ) ;
#1988 = AXIS2_PLACEMENT_3D ( 'NONE', #612, #213, #796 ) ;
#1989 = EDGE_LOOP ( 'NONE', ( #457, #1490 ) ) ;
#1990 = DIRECTION ( 'NONE',  ( 0.000000000000000000, 0.000000000000000000, -1.000000000000000000 ) ) ;
#1991 = DIRECTION ( 'NONE',  ( -0.000000000000000000, 1.000000000000000000, -0.000000000000000000 ) ) ;
#1992 = EDGE_LOOP ( 'NONE', ( #316, #1360, #877, #1524 ) ) ;
#1993 = DIRECTION ( 'NONE',  ( -0.000000000000000000, -1.000000000000000000, -0.000000000000000000 ) ) ;
#1994 = AXIS2_PLACEMENT_3D ( 'NONE', #34, #823, #1420 ) ;
#1995 = EDGE_LOOP ( 'NONE', ( #2003, #352 ) ) ;
#1996 = VECTOR ( 'NONE', #1184, 1000.000000000000000 ) ;
#1997 = EDGE_CURVE ( 'NONE', #676, #807, #1435, .T. ) ;
#1998 = FACE_BOUND ( 'NONE', #459, .T. ) ;
#1999 = VECTOR ( 'NONE', #473, 1000.000000000000000 ) ;
#2000 = EDGE_CURVE ( 'NONE', #1371, #110, #469, .T. ) ;
#2001 = EDGE_CURVE ( 'NONE', #1810, #243, #306, .T. ) ;
#2002 = CARTESIAN_POINT ( 'NONE',  ( -70.00000000000000000, 35.00000000000000000, 45.00000000000000000 ) ) ;
#2003 = ORIENTED_EDGE ( 'NONE', *, *, #1542, .T. ) ;
#2004 = CARTESIAN_POINT ( 'NONE',  ( -48.50000000000001421, 3.999999999999999112, 38.50000000000000000 ) ) ;
#2005 = FACE_OUTER_BOUND ( 'NONE', #1780, .T. ) ;
#2006 = ORIENTED_EDGE ( 'NONE', *, *, #1456, .T. ) ;
#2007 = LINE ( 'NONE', #468, #1596 ) ;
#2008 = EDGE_LOOP ( 'NONE', ( #128, #824, #1085, #450 ) ) ;
#2009 = VERTEX_POINT ( 'NONE', #1749 ) ;
#2010 = DIRECTION ( 'NONE',  ( -0.000000000000000000, -0.000000000000000000, 1.000000000000000000 ) ) ;
#2011 = LINE ( 'NONE', #10, #151 ) ;
ENDSEC;
END-ISO-10303-21;
