ISO-10303-21;
HEADER;
FILE_DESCRIPTION (( 'STEP AP203' ),
    '1' );
FILE_NAME ('bending_die_top.STEP',
    '2025-12-05T12:02:07',
    ( '' ),
    ( '' ),
    '',
    '',
    '' );
FILE_SCHEMA (( 'CONFIG_CONTROL_DESIGN' ));
ENDSEC;

DATA;
#1 = ADVANCED_FACE ( 'NONE', ( #2172 ), #251, .F. ) ;
#2 = VECTOR ( 'NONE', #1751, 1000.000000000000114 ) ;
#3 = CARTESIAN_POINT ( 'NONE',  ( 25.60999999999998877, 5.200000000000006395, -10.30000000000000604 ) ) ;
#4 = CARTESIAN_POINT ( 'NONE',  ( -10.92264973081037915, -4.820944533000782961, 6.892247547221455939 ) ) ;
#5 = LOCAL_TIME ( 12, 2, 7.000000000000000000, #1526 ) ;
#6 = CARTESIAN_POINT ( 'NONE',  ( 25.60999999999999233, 5.200000000000006395, 12.00000000000000000 ) ) ;
#7 = DIRECTION ( 'NONE',  ( 0.000000000000000000, -0.000000000000000000, 1.000000000000000000 ) ) ;
#8 = ORIENTED_EDGE ( 'NONE', *, *, #2237, .T. ) ;
#9 = EDGE_CURVE ( 'NONE', #2230, #2205, #79, .T. ) ;
#10 = DATE_AND_TIME ( #570, #5 ) ;
#11 = CARTESIAN_POINT ( 'NONE',  ( 25.60999999999999233, 5.200000000000006395, 12.00000000000000000 ) ) ;
#12 = EDGE_CURVE ( 'NONE', #1185, #1108, #1790, .T. ) ;
#13 = DIRECTION ( 'NONE',  ( -0.000000000000000000, -1.000000000000000000, -0.000000000000000000 ) ) ;
#14 = EDGE_LOOP ( 'NONE', ( #2265, #134, #2029, #644 ) ) ;
#15 = DIRECTION ( 'NONE',  ( 1.000000000000000000, 1.734723475976807341E-16, -1.261617073437677999E-16 ) ) ;
#16 = DIRECTION ( 'NONE',  ( 1.000000000000000000, 1.897353801849631034E-16, 0.000000000000000000 ) ) ;
#17 = ORIENTED_EDGE ( 'NONE', *, *, #958, .T. ) ;
#18 = EDGE_LOOP ( 'NONE', ( #1581, #57, #190, #365 ) ) ;
#19 = PLANE ( 'NONE',  #1857 ) ;
#20 = ORIENTED_EDGE ( 'NONE', *, *, #102, .F. ) ;
#21 = PERSON_AND_ORGANIZATION ( #1986, #989 ) ;
#22 = EDGE_CURVE ( 'NONE', #1938, #664, #24, .T. ) ;
#23 = DIRECTION ( 'NONE',  ( 0.000000000000000000, 0.000000000000000000, -1.000000000000000000 ) ) ;
#24 = CIRCLE ( 'NONE', #920, 1.181774139397037349 ) ;
#25 = LINE ( 'NONE', #1158, #1327 ) ;
#26 = VECTOR ( 'NONE', #1102, 1000.000000000000000 ) ;
#27 = DIRECTION ( 'NONE',  ( 0.5000000000000007772, 0.8660254037844381525, 0.000000000000000000 ) ) ;
#28 = PRODUCT_RELATED_PRODUCT_CATEGORY ( 'detail', '', ( #1201 ) ) ;
#29 = FACE_OUTER_BOUND ( 'NONE', #1037, .T. ) ;
#30 = AXIS2_PLACEMENT_3D ( 'NONE', #1424, #480, #1400 ) ;
#31 = DIRECTION ( 'NONE',  ( -2.364625268284084345E-16, -6.563153543648568722E-32, -1.000000000000000000 ) ) ;
#32 = ORIENTED_EDGE ( 'NONE', *, *, #2481, .T. ) ;
#33 = ORIENTED_EDGE ( 'NONE', *, *, #831, .F. ) ;
#34 = CARTESIAN_POINT ( 'NONE',  ( -19.69000000000000483, 8.599999999999999645, -12.00000000000000711 ) ) ;
#35 = ORIENTED_EDGE ( 'NONE', *, *, #1985, .T. ) ;
#36 = ORIENTED_EDGE ( 'NONE', *, *, #9, .F. ) ;
#37 = DIRECTION ( 'NONE',  ( 0.000000000000000000, 0.000000000000000000, 1.000000000000000000 ) ) ;
#38 = CARTESIAN_POINT ( 'NONE',  ( -10.92264973081037915, 0.2000000000000000111, -5.000000000000000000 ) ) ;
#39 = CIRCLE ( 'NONE', #1896, 3.000000000000000000 ) ;
#40 = DIRECTION ( 'NONE',  ( -0.000000000000000000, -1.000000000000000000, -0.000000000000000000 ) ) ;
#41 = DIRECTION ( 'NONE',  ( -1.836970198721029441E-16, 1.000000000000000000, 0.000000000000000000 ) ) ;
#42 = VECTOR ( 'NONE', #143, 1000.000000000000000 ) ;
#43 = DIRECTION ( 'NONE',  ( 0.000000000000000000, 0.000000000000000000, -1.000000000000000000 ) ) ;
#44 = DIRECTION ( 'NONE',  ( -0.000000000000000000, -0.000000000000000000, -1.000000000000000000 ) ) ;
#45 = EDGE_CURVE ( 'NONE', #1963, #1031, #1243, .T. ) ;
#46 = CC_DESIGN_PERSON_AND_ORGANIZATION_ASSIGNMENT ( #603, #1729, ( #1201 ) ) ;
#47 = CARTESIAN_POINT ( 'NONE',  ( 25.08284271247460495, 5.200000000000006395, -4.000000000000000000 ) ) ;
#48 = ORIENTED_EDGE ( 'NONE', *, *, #1748, .F. ) ;
#49 = PLANE ( 'NONE',  #564 ) ;
#50 = ORIENTED_EDGE ( 'NONE', *, *, #371, .F. ) ;
#51 = ORIENTED_EDGE ( 'NONE', *, *, #309, .T. ) ;
#52 = CARTESIAN_POINT ( 'NONE',  ( 25.08284271247460495, -7.299999999999998046, 4.000000000000000000 ) ) ;
#53 = CARTESIAN_POINT ( 'NONE',  ( -11.92264973081037205, -46.43513903303121992, -4.000000000000000000 ) ) ;
#54 = DIRECTION ( 'NONE',  ( 1.000000000000000000, 1.836970198721029688E-16, 0.000000000000000000 ) ) ;
#55 = PLANE ( 'NONE',  #1519 ) ;
#56 = DIRECTION ( 'NONE',  ( 0.000000000000000000, -1.000000000000000000, 0.000000000000000000 ) ) ;
#57 = ORIENTED_EDGE ( 'NONE', *, *, #186, .T. ) ;
#58 = ADVANCED_FACE ( 'NONE', ( #666 ), #1216, .T. ) ;
#59 = DIRECTION ( 'NONE',  ( -0.4999999999999984457, -0.7071067811865472397, -0.5000000000000021094 ) ) ;
#60 = EDGE_LOOP ( 'NONE', ( #1933, #2334, #1837, #1529 ) ) ;
#61 = AXIS2_PLACEMENT_3D ( 'NONE', #390, #933, #944 ) ;
#62 = DIRECTION ( 'NONE',  ( 6.720199616770284819E-17, -0.05233595624294395260, 0.9986295347545739443 ) ) ;
#63 = ORIENTED_EDGE ( 'NONE', *, *, #831, .T. ) ;
#64 = ORIENTED_EDGE ( 'NONE', *, *, #1537, .T. ) ;
#65 = VECTOR ( 'NONE', #1583, 1000.000000000000000 ) ;
#66 = DIRECTION ( 'NONE',  ( 1.000000000000000000, 0.000000000000000000, 0.000000000000000000 ) ) ;
#67 = DIRECTION ( 'NONE',  ( 1.084202172485499750E-16, -1.084202172485504311E-16, 1.000000000000000000 ) ) ;
#68 = FACE_OUTER_BOUND ( 'NONE', #1241, .T. ) ;
#69 = CARTESIAN_POINT ( 'NONE',  ( 29.60999999999998877, 10.70000000000000639, -15.00000000000000000 ) ) ;
#70 = VECTOR ( 'NONE', #382, 1000.000000000000000 ) ;
#71 = LINE ( 'NONE', #1190, #2101 ) ;
#72 = TOROIDAL_SURFACE ( 'NONE', #1440, 0.6824593720197505986, 0.5000000000000000000 ) ;
#73 = CIRCLE ( 'NONE', #30, 1.199999999999999734 ) ;
#74 = DIRECTION ( 'NONE',  ( 1.000000000000000000, 0.000000000000000000, 0.000000000000000000 ) ) ;
#75 = ORIENTED_EDGE ( 'NONE', *, *, #1171, .T. ) ;
#76 = EDGE_LOOP ( 'NONE', ( #1592, #331, #1961, #689 ) ) ;
#77 = DIRECTION ( 'NONE',  ( 0.8660254037844382635, -0.5000000000000008882, 0.000000000000000000 ) ) ;
#78 = EDGE_CURVE ( 'NONE', #164, #1089, #2198, .T. ) ;
#79 = LINE ( 'NONE', #1759, #1126 ) ;
#80 = DIRECTION ( 'NONE',  ( 0.000000000000000000, 0.000000000000000000, -1.000000000000000000 ) ) ;
#81 = AXIS2_PLACEMENT_3D ( 'NONE', #1470, #343, #946 ) ;
#82 = CARTESIAN_POINT ( 'NONE',  ( 27.30999999999999517, 8.600000000000006750, -12.00000000000000711 ) ) ;
#83 = EDGE_CURVE ( 'NONE', #1713, #1788, #959, .T. ) ;
#84 = CARTESIAN_POINT ( 'NONE',  ( -10.92264973081038093, -7.299999999999966072, -12.32937191272624311 ) ) ;
#85 = DIRECTION ( 'NONE',  ( -0.000000000000000000, -1.000000000000000000, -0.000000000000000000 ) ) ;
#86 = DIRECTION ( 'NONE',  ( 0.000000000000000000, 0.000000000000000000, -1.000000000000000000 ) ) ;
#87 = VERTEX_POINT ( 'NONE', #278 ) ;
#88 = VERTEX_POINT ( 'NONE', #808 ) ;
#89 = DIRECTION ( 'NONE',  ( -1.836970198721029688E-16, 1.000000000000000000, 0.000000000000000000 ) ) ;
#90 = DIRECTION ( 'NONE',  ( 0.000000000000000000, 0.000000000000000000, -1.000000000000000000 ) ) ;
#91 = EDGE_CURVE ( 'NONE', #2208, #1684, #1797, .T. ) ;
#92 = APPROVAL_PERSON_ORGANIZATION ( #1148, #1987, #976 ) ;
#93 = FACE_OUTER_BOUND ( 'NONE', #405, .T. ) ;
#94 = CARTESIAN_POINT ( 'NONE',  ( -25.39000000000001123, 10.69999999999999751, 14.99999999999999822 ) ) ;
#95 = PLANE ( 'NONE',  #593 ) ;
#96 = EDGE_CURVE ( 'NONE', #1086, #575, #1552, .T. ) ;
#97 = LINE ( 'NONE', #473, #470 ) ;
#98 = ORIENTED_EDGE ( 'NONE', *, *, #900, .F. ) ;
#99 = DIRECTION ( 'NONE',  ( 0.7071067811865524577, -0.7071067811865425767, 0.000000000000000000 ) ) ;
#100 = CARTESIAN_POINT ( 'NONE',  ( -25.39000000000001123, 11.19999999999999751, -15.00000000000000711 ) ) ;
#101 = DIRECTION ( 'NONE',  ( -1.000000000000000000, -1.836970198721029688E-16, 0.000000000000000000 ) ) ;
#102 = EDGE_CURVE ( 'NONE', #741, #562, #223, .T. ) ;
#103 = LINE ( 'NONE', #2412, #511 ) ;
#104 = LINE ( 'NONE', #876, #1321 ) ;
#105 = AXIS2_PLACEMENT_3D ( 'NONE', #694, #1880, #1091 ) ;
#106 = EDGE_LOOP ( 'NONE', ( #197, #1867 ) ) ;
#107 = AXIS2_PLACEMENT_3D ( 'NONE', #1989, #1045, #1617 ) ;
#108 = ORIENTED_EDGE ( 'NONE', *, *, #537, .F. ) ;
#109 = EDGE_CURVE ( 'NONE', #2044, #1684, #462, .T. ) ;
#110 = CIRCLE ( 'NONE', #1842, 1.700000000000003508 ) ;
#111 = CARTESIAN_POINT ( 'NONE',  ( -21.39000000000001123, 8.599999999999999645, -12.00000000000000711 ) ) ;
#112 = EDGE_LOOP ( 'NONE', ( #1512, #2250 ) ) ;
#113 = AXIS2_PLACEMENT_3D ( 'NONE', #11, #342, #1348 ) ;
#114 = CARTESIAN_POINT ( 'NONE',  ( -4.922649730810379154, -7.299999999999998046, 0.000000000000000000 ) ) ;
#115 = CARTESIAN_POINT ( 'NONE',  ( -10.92264973081038093, -7.299999999999966072, -9.846670806258075004 ) ) ;
#116 = EDGE_LOOP ( 'NONE', ( #1705, #2417, #538, #590, #407, #1175, #1103 ) ) ;
#117 = ORIENTED_EDGE ( 'NONE', *, *, #897, .F. ) ;
#118 = LINE ( 'NONE', #2477, #1548 ) ;
#119 = DIRECTION ( 'NONE',  ( -0.000000000000000000, -1.000000000000000000, -0.000000000000000000 ) ) ;
#120 = LINE ( 'NONE', #890, #1642 ) ;
#121 = EDGE_LOOP ( 'NONE', ( #1275, #2199 ) ) ;
#122 = DIRECTION ( 'NONE',  ( 0.000000000000000000, 0.000000000000000000, -1.000000000000000000 ) ) ;
#123 = ADVANCED_FACE ( 'NONE', ( #239 ), #858, .T. ) ;
#124 = CARTESIAN_POINT ( 'NONE',  ( 29.60999999999998877, 10.70000000000000462, 14.99999999999999289 ) ) ;
#125 = VERTEX_POINT ( 'NONE', #645 ) ;
#126 = APPROVAL ( #967, 'UNSPECIFIED' ) ;
#127 = DIRECTION ( 'NONE',  ( -1.000000000000000000, -1.836970198721029688E-16, 0.000000000000000000 ) ) ;
#128 = FACE_OUTER_BOUND ( 'NONE', #1990, .T. ) ;
#129 = EDGE_LOOP ( 'NONE', ( #2098, #1605, #955, #922 ) ) ;
#130 = ORIENTED_EDGE ( 'NONE', *, *, #660, .F. ) ;
#131 = ORIENTED_EDGE ( 'NONE', *, *, #289, .F. ) ;
#132 = DIRECTION ( 'NONE',  ( 1.000000000000000000, 1.836970198721029688E-16, 0.000000000000000000 ) ) ;
#133 = CYLINDRICAL_SURFACE ( 'NONE', #1129, 1.199999999999999512 ) ;
#134 = ORIENTED_EDGE ( 'NONE', *, *, #1235, .F. ) ;
#135 = VERTEX_POINT ( 'NONE', #1408 ) ;
#136 = DIRECTION ( 'NONE',  ( -1.836970198721029688E-16, 1.000000000000000000, 0.000000000000000000 ) ) ;
#137 = EDGE_CURVE ( 'NONE', #707, #788, #1011, .T. ) ;
#138 = CARTESIAN_POINT ( 'NONE',  ( -10.92264973081038093, -7.299999999999966072, -12.32937191272624311 ) ) ;
#139 = CARTESIAN_POINT ( 'NONE',  ( -4.922649730810380042, 0.2000000000000014266, 0.000000000000000000 ) ) ;
#140 = EDGE_LOOP ( 'NONE', ( #2233, #392, #1757, #2128 ) ) ;
#141 = DIRECTION ( 'NONE',  ( -0.000000000000000000, -1.000000000000000000, -0.000000000000000000 ) ) ;
#142 = LINE ( 'NONE', #2232, #2211 ) ;
#143 = DIRECTION ( 'NONE',  ( -1.000000000000000000, -1.734723475976807341E-16, 1.261617073437677999E-16 ) ) ;
#144 = VERTEX_POINT ( 'NONE', #450 ) ;
#145 = CARTESIAN_POINT ( 'NONE',  ( 25.60999999999998877, 11.20000000000000639, -12.00000000000000711 ) ) ;
#146 = AXIS2_PLACEMENT_3D ( 'NONE', #2006, #1396, #66 ) ;
#147 = CIRCLE ( 'NONE', #754, 1.700000000000003508 ) ;
#148 = CARTESIAN_POINT ( 'NONE',  ( -10.92264973081037915, -4.299999999999993605, 9.846670806258080333 ) ) ;
#149 = LINE ( 'NONE', #2084, #305 ) ;
#150 = CIRCLE ( 'NONE', #2370, 1.700000000000003508 ) ;
#151 = ORIENTED_EDGE ( 'NONE', *, *, #900, .T. ) ;
#152 = CARTESIAN_POINT ( 'NONE',  ( 29.10999999999999588, 11.20000000000000639, 14.79289321881343788 ) ) ;
#153 = DIRECTION ( 'NONE',  ( -1.836970198721029688E-16, 1.000000000000000000, 0.000000000000000000 ) ) ;
#154 = EDGE_CURVE ( 'NONE', #2437, #437, #1227, .T. ) ;
#155 = CYLINDRICAL_SURFACE ( 'NONE', #1252, 0.9999999999999904521 ) ;
#156 = AXIS2_PLACEMENT_3D ( 'NONE', #180, #2351, #1541 ) ;
#157 = FACE_OUTER_BOUND ( 'NONE', #1688, .T. ) ;
#158 = AXIS2_PLACEMENT_3D ( 'NONE', #1205, #1982, #1054 ) ;
#159 = AXIS2_PLACEMENT_3D ( 'NONE', #1368, #62, #2152 ) ;
#160 = FACE_OUTER_BOUND ( 'NONE', #941, .T. ) ;
#161 = CARTESIAN_POINT ( 'NONE',  ( -21.94559707276013327, -7.299999999999996270, 3.999999999999998224 ) ) ;
#162 = CIRCLE ( 'NONE', #1090, 2.999999999999999112 ) ;
#163 = ORIENTED_EDGE ( 'NONE', *, *, #522, .F. ) ;
#164 = VERTEX_POINT ( 'NONE', #38 ) ;
#165 = CARTESIAN_POINT ( 'NONE',  ( -12.96188021535170165, 5.200000000000000178, -4.000000000000000000 ) ) ;
#166 = ADVANCED_FACE ( 'NONE', ( #2155 ), #1036, .F. ) ;
#167 = LINE ( 'NONE', #1703, #2037 ) ;
#168 = ORIENTED_EDGE ( 'NONE', *, *, #785, .T. ) ;
#169 = ORIENTED_EDGE ( 'NONE', *, *, #171, .T. ) ;
#170 = FACE_OUTER_BOUND ( 'NONE', #420, .T. ) ;
#171 = EDGE_CURVE ( 'NONE', #1086, #804, #1826, .T. ) ;
#172 = DESIGN_CONTEXT ( 'detailed design', #2192, 'design' ) ;
#173 = DIRECTION ( 'NONE',  ( -1.836970198721029441E-16, 1.000000000000000000, 0.000000000000000000 ) ) ;
#174 = DIRECTION ( 'NONE',  ( -0.7071067811865500152, -1.226634733346703501E-16, 0.7071067811865451302 ) ) ;
#175 = ORIENTED_EDGE ( 'NONE', *, *, #1509, .T. ) ;
#176 = PERSON_AND_ORGANIZATION ( #1986, #989 ) ;
#177 = CARTESIAN_POINT ( 'NONE',  ( 25.60999999999999233, 5.200000000000006395, 12.00000000000000000 ) ) ;
#178 = ORIENTED_EDGE ( 'NONE', *, *, #1430, .T. ) ;
#179 = VERTEX_POINT ( 'NONE', #910 ) ;
#180 = CARTESIAN_POINT ( 'NONE',  ( -5.605109102830130752, -6.799999999999998934, 0.000000000000000000 ) ) ;
#181 = EDGE_CURVE ( 'NONE', #2258, #135, #1489, .T. ) ;
#182 = AXIS2_PLACEMENT_3D ( 'NONE', #264, #1038, #23 ) ;
#183 = ORIENTED_EDGE ( 'NONE', *, *, #1780, .T. ) ;
#184 = ADVANCED_FACE ( 'NONE', ( #1476 ), #2268, .F. ) ;
#185 = EDGE_CURVE ( 'NONE', #1185, #2470, #336, .T. ) ;
#186 = EDGE_CURVE ( 'NONE', #235, #461, #528, .T. ) ;
#187 = VECTOR ( 'NONE', #656, 1000.000000000000000 ) ;
#188 = DIRECTION ( 'NONE',  ( 0.000000000000000000, -0.000000000000000000, 1.000000000000000000 ) ) ;
#189 = CARTESIAN_POINT ( 'NONE',  ( 12.93431457505075954, -0.1514718625761424797, 4.000000000000000000 ) ) ;
#190 = ORIENTED_EDGE ( 'NONE', *, *, #279, .T. ) ;
#191 = AXIS2_PLACEMENT_3D ( 'NONE', #596, #428, #733 ) ;
#192 = CARTESIAN_POINT ( 'NONE',  ( 12.64142135623731988, 0.1414213562373139998, 4.000000000000000000 ) ) ;
#193 = DIRECTION ( 'NONE',  ( -0.000000000000000000, -1.000000000000000000, -0.000000000000000000 ) ) ;
#194 = VECTOR ( 'NONE', #2054, 1000.000000000000114 ) ;
#195 = ADVANCED_FACE ( 'NONE', ( #1451 ), #1061, .T. ) ;
#196 = DIRECTION ( 'NONE',  ( 0.000000000000000000, 0.000000000000000000, -1.000000000000000000 ) ) ;
#197 = ORIENTED_EDGE ( 'NONE', *, *, #1335, .T. ) ;
#198 = EDGE_CURVE ( 'NONE', #2016, #975, #1885, .T. ) ;
#199 = DIRECTION ( 'NONE',  ( -1.000000000000000000, -1.923584499571055817E-16, 0.000000000000000000 ) ) ;
#200 = ORIENTED_EDGE ( 'NONE', *, *, #260, .F. ) ;
#201 = CALENDAR_DATE ( 2025, 5, 12 ) ;
#202 = VECTOR ( 'NONE', #1997, 1000.000000000000000 ) ;
#203 = DIRECTION ( 'NONE',  ( 0.000000000000000000, 0.000000000000000000, -1.000000000000000000 ) ) ;
#204 = CARTESIAN_POINT ( 'NONE',  ( -21.39000000000001123, 5.199999999999999289, -8.750000000000007105 ) ) ;
#205 = CARTESIAN_POINT ( 'NONE',  ( 11.08578643762692728, 5.200000000000003730, 12.32937191272624489 ) ) ;
#206 = ADVANCED_FACE ( 'NONE', ( #2409 ), #487, .T. ) ;
#207 = DIRECTION ( 'NONE',  ( -1.000000000000000000, 1.497596003246586686E-15, 2.364625268284084345E-16 ) ) ;
#208 = CARTESIAN_POINT ( 'NONE',  ( 11.08578643762689886, 5.200000000000003730, 5.000000000000000000 ) ) ;
#209 = ORIENTED_EDGE ( 'NONE', *, *, #154, .T. ) ;
#210 = PERSON_AND_ORGANIZATION_ROLE ( 'creator' ) ;
#211 = CARTESIAN_POINT ( 'NONE',  ( 12.93431457505075777, 5.200000000000004619, 4.000000000000000000 ) ) ;
#212 = CYLINDRICAL_SURFACE ( 'NONE', #2013, 3.249999999999999556 ) ;
#213 = CARTESIAN_POINT ( 'NONE',  ( -32.89568015002853940, -34.92635427477337373, 4.000000000000000000 ) ) ;
#214 = CARTESIAN_POINT ( 'NONE',  ( -10.92264973081037205, -45.05881859347591245, -13.98727039043267517 ) ) ;
#215 = APPROVAL_PERSON_ORGANIZATION ( #764, #126, #1930 ) ;
#216 = CIRCLE ( 'NONE', #344, 1.550000000000000044 ) ;
#217 = CARTESIAN_POINT ( 'NONE',  ( -24.39000000000000767, 10.69999999999999574, -16.00000000000000000 ) ) ;
#218 = ORIENTED_EDGE ( 'NONE', *, *, #1506, .T. ) ;
#219 = CARTESIAN_POINT ( 'NONE',  ( -10.92264973081038271, 5.200000000000001066, -12.32937191272624311 ) ) ;
#220 = ORIENTED_EDGE ( 'NONE', *, *, #2471, .F. ) ;
#221 = CARTESIAN_POINT ( 'NONE',  ( 0.000000000000000000, 0.000000000000000000, 0.000000000000000000 ) ) ;
#222 = CLOSED_SHELL ( 'NONE', ( #1413, #1257, #2247, #2500, #2125, #2404, #1965, #2081, #2139, #1540, #58, #242, #393, #2423, #2071, #123, #195, #2356, #1802, #206, #893, #1365, #1849, #1208, #1832, #1595, #2432, #1817, #2206, #2260, #1084, #1029, #524, #1546, #634, #2375, #226, #166, #2069, #2298, #540, #2452, #569, #337, #348, #1452, #2497, #771, #2346, #439, #1763, #1588, #1272, #1063, #608, #612, #1707, #1355, #758, #1311, #1497, #732, #1781, #1936, #1614, #2360, #2018, #1576, #277, #409, #1563, #1, #865, #847, #1479, #813, #184, #492, #551, #710, #1240, #2056 ) ) ;
#223 = LINE ( 'NONE', #820, #422 ) ;
#224 = DIRECTION ( 'NONE',  ( 0.000000000000000000, 1.000000000000000000, 0.000000000000000000 ) ) ;
#225 = VECTOR ( 'NONE', #1404, 1000.000000000000000 ) ;
#226 = ADVANCED_FACE ( 'NONE', ( #1266 ), #2030, .T. ) ;
#227 = CARTESIAN_POINT ( 'NONE',  ( 25.60999999999998877, 8.600000000000006750, -12.00000000000000711 ) ) ;
#228 = VECTOR ( 'NONE', #855, 1000.000000000000000 ) ;
#229 = CARTESIAN_POINT ( 'NONE',  ( 21.32548339959388883, -7.299999999999998934, 4.000000000000000000 ) ) ;
#230 = DIRECTION ( 'NONE',  ( 0.000000000000000000, 0.000000000000000000, -1.000000000000000000 ) ) ;
#231 = EDGE_CURVE ( 'NONE', #2225, #2496, #2088, .T. ) ;
#232 = CIRCLE ( 'NONE', #2092, 1.199999999999999734 ) ;
#233 = DIRECTION ( 'NONE',  ( 0.000000000000000000, -1.000000000000000000, 0.000000000000000000 ) ) ;
#234 = VERTEX_POINT ( 'NONE', #2072 ) ;
#235 = VERTEX_POINT ( 'NONE', #299 ) ;
#236 = FACE_OUTER_BOUND ( 'NONE', #2374, .T. ) ;
#237 = ORIENTED_EDGE ( 'NONE', *, *, #1662, .T. ) ;
#238 = AXIS2_PLACEMENT_3D ( 'NONE', #2089, #1136, #1656 ) ;
#239 = FACE_OUTER_BOUND ( 'NONE', #500, .T. ) ;
#240 = DIRECTION ( 'NONE',  ( -1.836970198721029688E-16, 1.000000000000000000, 0.000000000000000000 ) ) ;
#241 = FACE_BOUND ( 'NONE', #517, .T. ) ;
#242 = ADVANCED_FACE ( 'NONE', ( #1839 ), #2461, .F. ) ;
#243 = FACE_BOUND ( 'NONE', #1432, .T. ) ;
#244 = CARTESIAN_POINT ( 'NONE',  ( -20.19499999999991857, 5.199999999999999289, -20.19500000000005713 ) ) ;
#245 = VERTEX_POINT ( 'NONE', #925 ) ;
#246 = CARTESIAN_POINT ( 'NONE',  ( 21.32548339959388883, -4.299999999999998934, 4.000000000000000000 ) ) ;
#247 = VERTEX_POINT ( 'NONE', #1686 ) ;
#248 = DIRECTION ( 'NONE',  ( 1.836970198721029688E-16, -1.000000000000000000, 0.000000000000000000 ) ) ;
#249 = EDGE_LOOP ( 'NONE', ( #1976, #1033, #1770, #680 ) ) ;
#250 = ORIENTED_EDGE ( 'NONE', *, *, #785, .F. ) ;
#251 = PLANE ( 'NONE',  #1716 ) ;
#252 = CARTESIAN_POINT ( 'NONE',  ( -21.39000000000001123, 11.19999999999999751, 12.00000000000000000 ) ) ;
#253 = CARTESIAN_POINT ( 'NONE',  ( -4.922649730810379154, -6.826167978121470803, 0.000000000000000000 ) ) ;
#254 = FACE_OUTER_BOUND ( 'NONE', #745, .T. ) ;
#255 = CARTESIAN_POINT ( 'NONE',  ( 11.08578643762693083, -7.299999999999998934, 9.846670806258080333 ) ) ;
#256 = EDGE_CURVE ( 'NONE', #434, #1532, #268, .T. ) ;
#257 = EDGE_CURVE ( 'NONE', #1620, #2229, #1291, .T. ) ;
#258 = DIRECTION ( 'NONE',  ( 1.836970198721029688E-16, -1.000000000000000000, -0.000000000000000000 ) ) ;
#259 = DIRECTION ( 'NONE',  ( 0.000000000000000000, -0.9848077530122073542, 0.1736481776669345778 ) ) ;
#260 = EDGE_CURVE ( 'NONE', #1684, #2208, #1753, .T. ) ;
#261 = ORIENTED_EDGE ( 'NONE', *, *, #647, .F. ) ;
#262 = AXIS2_PLACEMENT_3D ( 'NONE', #2046, #2254, #2228 ) ;
#263 = DIRECTION ( 'NONE',  ( 1.000000000000000000, 1.807003620809172660E-16, -5.782411586589352462E-17 ) ) ;
#264 = CARTESIAN_POINT ( 'NONE',  ( -21.39000000000001123, 11.19999999999999751, -12.00000000000000711 ) ) ;
#265 = AXIS2_PLACEMENT_3D ( 'NONE', #100, #940, #1303 ) ;
#266 = FACE_BOUND ( 'NONE', #2168, .T. ) ;
#267 = DIRECTION ( 'NONE',  ( 0.7071067811865500152, 1.298934084353244243E-16, -0.7071067811865451302 ) ) ;
#268 = CIRCLE ( 'NONE', #1836, 0.6824593720197508206 ) ;
#269 = CARTESIAN_POINT ( 'NONE',  ( -6.104423870207416947, -6.826167978121470803, 0.000000000000000000 ) ) ;
#270 = EDGE_LOOP ( 'NONE', ( #625, #352, #168, #1785 ) ) ;
#271 = VECTOR ( 'NONE', #606, 1000.000000000000114 ) ;
#272 = VECTOR ( 'NONE', #1079, 1000.000000000000227 ) ;
#273 = EDGE_LOOP ( 'NONE', ( #1833, #1343, #791, #1434 ) ) ;
#274 = DIRECTION ( 'NONE',  ( -1.000000000000000000, 0.000000000000000000, 0.000000000000000000 ) ) ;
#275 = VERTEX_POINT ( 'NONE', #2238 ) ;
#276 = EDGE_LOOP ( 'NONE', ( #1712, #218, #175, #1048 ) ) ;
#277 = ADVANCED_FACE ( 'NONE', ( #2278, #1664 ), #2019, .F. ) ;
#278 = CARTESIAN_POINT ( 'NONE',  ( -16.07957166897568868, -5.799999999999989164, -4.000000000000000000 ) ) ;
#279 = EDGE_CURVE ( 'NONE', #461, #2258, #972, .T. ) ;
#280 = DIRECTION ( 'NONE',  ( -1.836970198721030427E-16, 1.000000000000000000, 2.168404344971008128E-16 ) ) ;
#281 = FACE_BOUND ( 'NONE', #121, .T. ) ;
#282 = DIRECTION ( 'NONE',  ( -1.000000000000000000, 0.000000000000000000, 0.000000000000000000 ) ) ;
#283 = LINE ( 'NONE', #1861, #1082 ) ;
#284 = ORIENTED_EDGE ( 'NONE', *, *, #354, .F. ) ;
#285 = CARTESIAN_POINT ( 'NONE',  ( -21.94559707276013327, -5.621833108410255471E-15, -9.517385609111224164E-15 ) ) ;
#286 = ORIENTED_EDGE ( 'NONE', *, *, #1380, .T. ) ;
#287 = ORIENTED_EDGE ( 'NONE', *, *, #9, .T. ) ;
#288 = ORIENTED_EDGE ( 'NONE', *, *, #1395, .F. ) ;
#289 = EDGE_CURVE ( 'NONE', #88, #1918, #717, .T. ) ;
#290 = CARTESIAN_POINT ( 'NONE',  ( 27.30999999999999872, 8.600000000000006750, 12.00000000000000000 ) ) ;
#291 = ORIENTED_EDGE ( 'NONE', *, *, #456, .F. ) ;
#292 = PLANE ( 'NONE',  #1475 ) ;
#293 = CARTESIAN_POINT ( 'NONE',  ( 11.08578643762690064, -0.7916221867996749983, 6.181769303614649935 ) ) ;
#294 = DIRECTION ( 'NONE',  ( -4.336808689942017736E-16, -2.168404344971008868E-16, 1.000000000000000000 ) ) ;
#295 = CARTESIAN_POINT ( 'NONE',  ( 25.60999999999999233, 8.600000000000006750, 8.750000000000000000 ) ) ;
#296 = EDGE_CURVE ( 'NONE', #1307, #707, #1698, .T. ) ;
#297 = DIRECTION ( 'NONE',  ( 0.000000000000000000, -0.000000000000000000, 1.000000000000000000 ) ) ;
#298 = ORIENTED_EDGE ( 'NONE', *, *, #83, .F. ) ;
#299 = CARTESIAN_POINT ( 'NONE',  ( 11.08578643762692373, 5.200000000000003730, -12.32937191272625022 ) ) ;
#300 = LINE ( 'NONE', #2434, #584 ) ;
#301 = VECTOR ( 'NONE', #67, 1000.000000000000000 ) ;
#302 = ORIENTED_EDGE ( 'NONE', *, *, #819, .F. ) ;
#303 = CARTESIAN_POINT ( 'NONE',  ( -12.96188021535169277, -46.43513903303121992, 4.000000000000000000 ) ) ;
#304 = DIRECTION ( 'NONE',  ( 0.000000000000000000, 0.000000000000000000, -1.000000000000000000 ) ) ;
#305 = VECTOR ( 'NONE', #1726, 1000.000000000000000 ) ;
#306 = EDGE_CURVE ( 'NONE', #1393, #2437, #2447, .T. ) ;
#307 = LINE ( 'NONE', #333, #840 ) ;
#308 = AXIS2_PLACEMENT_3D ( 'NONE', #2309, #2473, #1916 ) ;
#309 = EDGE_CURVE ( 'NONE', #460, #1232, #2366, .T. ) ;
#310 = ORIENTED_EDGE ( 'NONE', *, *, #137, .T. ) ;
#311 = AXIS2_PLACEMENT_3D ( 'NONE', #111, #882, #1088 ) ;
#312 = AXIS2_PLACEMENT_3D ( 'NONE', #1561, #1740, #2093 ) ;
#313 = CARTESIAN_POINT ( 'NONE',  ( -4.922649730810379154, -6.826167978121469027, 1.181774139397037571 ) ) ;
#314 = ORIENTED_EDGE ( 'NONE', *, *, #2142, .T. ) ;
#315 = CARTESIAN_POINT ( 'NONE',  ( 0.000000000000000000, 0.000000000000000000, 12.32937191272624489 ) ) ;
#316 = CARTESIAN_POINT ( 'NONE',  ( -25.39000000000001123, 10.69999999999999574, -16.00000000000000000 ) ) ;
#317 = VERTEX_POINT ( 'NONE', #349 ) ;
#318 = ORIENTED_EDGE ( 'NONE', *, *, #1380, .F. ) ;
#319 = ORIENTED_EDGE ( 'NONE', *, *, #1235, .T. ) ;
#320 = DIRECTION ( 'NONE',  ( -1.000000000000000000, -1.836970198721029441E-16, 0.000000000000000000 ) ) ;
#321 = AXIS2_PLACEMENT_3D ( 'NONE', #227, #13, #1560 ) ;
#322 = DIRECTION ( 'NONE',  ( -0.000000000000000000, -1.000000000000000000, -0.000000000000000000 ) ) ;
#323 = CARTESIAN_POINT ( 'NONE',  ( -25.39000000000001123, 5.199999999999998401, -16.00000000000000000 ) ) ;
#324 = EDGE_CURVE ( 'NONE', #1232, #1304, #1510, .T. ) ;
#325 = VECTOR ( 'NONE', #1968, 1000.000000000000000 ) ;
#326 = VERTEX_POINT ( 'NONE', #2116 ) ;
#327 = DIRECTION ( 'NONE',  ( 1.000000000000000000, 0.000000000000000000, 0.000000000000000000 ) ) ;
#328 = VERTEX_POINT ( 'NONE', #2094 ) ;
#329 = DIRECTION ( 'NONE',  ( 1.000000000000000000, 0.000000000000000000, -0.000000000000000000 ) ) ;
#330 = CARTESIAN_POINT ( 'NONE',  ( -21.39000000000001123, 5.199999999999999289, 12.00000000000000000 ) ) ;
#331 = ORIENTED_EDGE ( 'NONE', *, *, #1159, .T. ) ;
#332 = DIRECTION ( 'NONE',  ( -0.000000000000000000, -1.000000000000000000, -0.000000000000000000 ) ) ;
#333 = CARTESIAN_POINT ( 'NONE',  ( 25.60999999999999233, 5.200000000000006395, 15.25000000000000000 ) ) ;
#334 = LINE ( 'NONE', #323, #42 ) ;
#335 = LINE ( 'NONE', #1431, #875 ) ;
#336 = LINE ( 'NONE', #2253, #346 ) ;
#337 = ADVANCED_FACE ( 'NONE', ( #2105 ), #1906, .F. ) ;
#338 = CARTESIAN_POINT ( 'NONE',  ( -1.699847919394105207E-16, 0.7187699221847390074, -5.915446423351530036 ) ) ;
#339 = VERTEX_POINT ( 'NONE', #778 ) ;
#340 = ORIENTED_EDGE ( 'NONE', *, *, #2402, .T. ) ;
#341 = FACE_OUTER_BOUND ( 'NONE', #2153, .T. ) ;
#342 = DIRECTION ( 'NONE',  ( -0.000000000000000000, -1.000000000000000000, -0.000000000000000000 ) ) ;
#343 = DIRECTION ( 'NONE',  ( -0.000000000000000000, -1.000000000000000000, -0.000000000000000000 ) ) ;
#344 = AXIS2_PLACEMENT_3D ( 'NONE', #1119, #1928, #1524 ) ;
#345 = LINE ( 'NONE', #1685, #1553 ) ;
#346 = VECTOR ( 'NONE', #1279, 1000.000000000000000 ) ;
#347 = CIRCLE ( 'NONE', #552, 0.6824593720197505986 ) ;
#348 = ADVANCED_FACE ( 'NONE', ( #1533 ), #1522, .F. ) ;
#349 = CARTESIAN_POINT ( 'NONE',  ( -10.92264973081037915, -0.7916221867996799944, 6.181769303614649935 ) ) ;
#350 = FACE_OUTER_BOUND ( 'NONE', #1073, .T. ) ;
#351 = VECTOR ( 'NONE', #2365, 1000.000000000000000 ) ;
#352 = ORIENTED_EDGE ( 'NONE', *, *, #573, .T. ) ;
#353 = DIRECTION ( 'NONE',  ( 0.000000000000000000, 1.000000000000000000, 0.000000000000000000 ) ) ;
#354 = EDGE_CURVE ( 'NONE', #1736, #1945, #2251, .T. ) ;
#355 = DIRECTION ( 'NONE',  ( -1.836970198721029688E-16, 1.000000000000000000, 0.000000000000000000 ) ) ;
#356 = DIRECTION ( 'NONE',  ( -0.7071067811865451302, -1.226634733346695120E-16, -0.7071067811865500152 ) ) ;
#357 = CYLINDRICAL_SURFACE ( 'NONE', #2124, 1.700000000000001954 ) ;
#358 = CIRCLE ( 'NONE', #1766, 0.5000000000000000000 ) ;
#359 = VECTOR ( 'NONE', #2183, 1000.000000000000114 ) ;
#360 = DIRECTION ( 'NONE',  ( 1.000000000000000000, 1.836970198721029441E-16, -0.000000000000000000 ) ) ;
#361 = CARTESIAN_POINT ( 'NONE',  ( -11.92264973081037915, 0.2000000000000000111, 4.000000000000000000 ) ) ;
#362 = AXIS2_PLACEMENT_3D ( 'NONE', #563, #739, #1706 ) ;
#363 = EDGE_CURVE ( 'NONE', #2117, #761, #2332, .T. ) ;
#364 = EDGE_LOOP ( 'NONE', ( #1142, #372, #237, #397 ) ) ;
#365 = ORIENTED_EDGE ( 'NONE', *, *, #181, .T. ) ;
#366 = DATE_AND_TIME ( #1538, #1629 ) ;
#367 = DIRECTION ( 'NONE',  ( -0.000000000000000000, -1.000000000000000000, -0.000000000000000000 ) ) ;
#368 = ORIENTED_EDGE ( 'NONE', *, *, #1446, .F. ) ;
#369 = APPROVAL ( #2504, 'UNSPECIFIED' ) ;
#370 = CYLINDRICAL_SURFACE ( 'NONE', #1603, 3.249999999999999556 ) ;
#371 = EDGE_CURVE ( 'NONE', #2117, #2242, #743, .T. ) ;
#372 = ORIENTED_EDGE ( 'NONE', *, *, #198, .F. ) ;
#373 = DIRECTION ( 'NONE',  ( 1.000000000000000000, 0.000000000000000000, -1.261617073437677999E-16 ) ) ;
#374 = DIRECTION ( 'NONE',  ( 0.000000000000000000, 0.000000000000000000, -1.000000000000000000 ) ) ;
#375 = ORIENTED_EDGE ( 'NONE', *, *, #1695, .T. ) ;
#376 = PERSON_AND_ORGANIZATION ( #1986, #989 ) ;
#377 = PLANE ( 'NONE',  #760 ) ;
#378 = CARTESIAN_POINT ( 'NONE',  ( -21.39000000000001123, 5.199999999999999289, 15.25000000000000000 ) ) ;
#379 = AXIS2_PLACEMENT_3D ( 'NONE', #1204, #424, #224 ) ;
#380 = EDGE_CURVE ( 'NONE', #2493, #1927, #772, .T. ) ;
#381 = AXIS2_PLACEMENT_3D ( 'NONE', #949, #196, #587 ) ;
#382 = DIRECTION ( 'NONE',  ( -1.925323299505950410E-16, 0.9986295347545739443, -0.05233595624294395260 ) ) ;
#383 = EDGE_LOOP ( 'NONE', ( #490, #1876, #368, #638 ) ) ;
#384 = LINE ( 'NONE', #1699, #2203 ) ;
#385 = ORIENTED_EDGE ( 'NONE', *, *, #231, .F. ) ;
#386 = ORIENTED_EDGE ( 'NONE', *, *, #2224, .T. ) ;
#387 = AXIS2_PLACEMENT_3D ( 'NONE', #1366, #31, #404 ) ;
#388 = APPLICATION_PROTOCOL_DEFINITION ( 'international standard', 'config_control_design', 1994, #1289 ) ;
#389 = VECTOR ( 'NONE', #980, 1000.000000000000000 ) ;
#390 = CARTESIAN_POINT ( 'NONE',  ( 2.577350269189625287, 0.2000000000000027867, -1.550000000000000044 ) ) ;
#391 = CARTESIAN_POINT ( 'NONE',  ( 25.60999999999998877, 5.200000000000006395, -12.00000000000000711 ) ) ;
#392 = ORIENTED_EDGE ( 'NONE', *, *, #2416, .T. ) ;
#393 = ADVANCED_FACE ( 'NONE', ( #1926 ), #2288, .T. ) ;
#394 = VECTOR ( 'NONE', #767, 1000.000000000000000 ) ;
#395 = CARTESIAN_POINT ( 'NONE',  ( 25.08284271247460495, 5.200000000000006395, 4.000000000000000000 ) ) ;
#396 = DIRECTION ( 'NONE',  ( -1.000000000000000000, -1.836970198721029688E-16, -0.000000000000000000 ) ) ;
#397 = ORIENTED_EDGE ( 'NONE', *, *, #819, .T. ) ;
#398 = VERTEX_POINT ( 'NONE', #2083 ) ;
#399 = APPROVAL_DATE_TIME ( #10, #369 ) ;
#400 = VECTOR ( 'NONE', #396, 1000.000000000000000 ) ;
#401 = DIRECTION ( 'NONE',  ( -0.000000000000000000, -1.000000000000000000, -0.000000000000000000 ) ) ;
#402 = FACE_OUTER_BOUND ( 'NONE', #2272, .T. ) ;
#403 = FACE_OUTER_BOUND ( 'NONE', #60, .T. ) ;
#404 = DIRECTION ( 'NONE',  ( -1.000000000000000000, 0.000000000000000000, 2.364625268284084345E-16 ) ) ;
#405 = EDGE_LOOP ( 'NONE', ( #1022, #1825, #50, #886 ) ) ;
#406 = DIRECTION ( 'NONE',  ( 0.000000000000000000, 0.000000000000000000, 1.000000000000000000 ) ) ;
#407 = ORIENTED_EDGE ( 'NONE', *, *, #2052, .T. ) ;
#408 = PERSON_AND_ORGANIZATION_ROLE ( 'creator' ) ;
#409 = ADVANCED_FACE ( 'NONE', ( #1935 ), #1710, .F. ) ;
#410 = CARTESIAN_POINT ( 'NONE',  ( -21.39000000000001123, 8.599999999999999645, -12.00000000000000711 ) ) ;
#411 = LINE ( 'NONE', #1362, #1363 ) ;
#412 = DIRECTION ( 'NONE',  ( 1.000000000000000000, 1.734723475976807341E-16, 0.000000000000000000 ) ) ;
#413 = DIRECTION ( 'NONE',  ( 1.000000000000000000, 0.000000000000000000, 0.000000000000000000 ) ) ;
#414 = CIRCLE ( 'NONE', #748, 3.249999999999999556 ) ;
#415 = CONICAL_SURFACE ( 'NONE', #1122, 1.550000000000000266, 0.05235987755983000091 ) ;
#416 = CARTESIAN_POINT ( 'NONE',  ( 21.95144660940661652, 11.20000000000000462, 21.95144660940676928 ) ) ;
#417 = ORIENTED_EDGE ( 'NONE', *, *, #1164, .T. ) ;
#418 = CARTESIAN_POINT ( 'NONE',  ( -4.922649730810379154, -6.799999999999998934, 0.000000000000000000 ) ) ;
#419 = EDGE_LOOP ( 'NONE', ( #2387, #2085, #1721, #455 ) ) ;
#420 = EDGE_LOOP ( 'NONE', ( #417, #1183, #2113, #2154 ) ) ;
#421 = EDGE_CURVE ( 'NONE', #2144, #562, #1035, .T. ) ;
#422 = VECTOR ( 'NONE', #1379, 1000.000000000000000 ) ;
#423 = VERTEX_POINT ( 'NONE', #787 ) ;
#424 = DIRECTION ( 'NONE',  ( 1.000000000000000000, 1.836970198721029934E-16, -1.736293957777878705E-16 ) ) ;
#425 = AXIS2_PLACEMENT_3D ( 'NONE', #246, #1181, #233 ) ;
#426 = FACE_BOUND ( 'NONE', #1570, .T. ) ;
#427 = AXIS2_PLACEMENT_3D ( 'NONE', #1874, #1271, #1668 ) ;
#428 = DIRECTION ( 'NONE',  ( -1.000000000000000000, 0.000000000000000000, 0.000000000000000000 ) ) ;
#429 = CARTESIAN_POINT ( 'NONE',  ( 11.08578643762692728, -7.299999999999998934, -9.846670806258080333 ) ) ;
#430 = CIRCLE ( 'NONE', #113, 3.249999999999999556 ) ;
#431 = FACE_OUTER_BOUND ( 'NONE', #2214, .T. ) ;
#432 = VECTOR ( 'NONE', #1749, 1000.000000000000000 ) ;
#433 = ORIENTED_EDGE ( 'NONE', *, *, #729, .F. ) ;
#434 = VERTEX_POINT ( 'NONE', #1131 ) ;
#435 = PLANE ( 'NONE',  #159 ) ;
#436 = EDGE_LOOP ( 'NONE', ( #1223, #1375, #459, #2130 ) ) ;
#437 = VERTEX_POINT ( 'NONE', #1894 ) ;
#438 = CARTESIAN_POINT ( 'NONE',  ( -21.39000000000001123, 5.199999999999999289, -12.00000000000000711 ) ) ;
#439 = ADVANCED_FACE ( 'NONE', ( #160 ), #921, .T. ) ;
#440 = CARTESIAN_POINT ( 'NONE',  ( -11.92264973081038093, 5.200000000000000178, 4.000000000000000000 ) ) ;
#441 = LINE ( 'NONE', #1025, #325 ) ;
#442 = LINE ( 'NONE', #94, #1394 ) ;
#443 = LINE ( 'NONE', #2191, #2136 ) ;
#444 = EDGE_CURVE ( 'NONE', #766, #398, #347, .T. ) ;
#445 = EDGE_CURVE ( 'NONE', #1947, #1439, #1374, .T. ) ;
#446 = CARTESIAN_POINT ( 'NONE',  ( 11.08578643762690064, -4.820944533000797172, -6.892247547221458603 ) ) ;
#447 = ORIENTED_EDGE ( 'NONE', *, *, #1087, .T. ) ;
#448 = CARTESIAN_POINT ( 'NONE',  ( -18.67764788032900469, -7.299999999999995381, 4.000000000000000000 ) ) ;
#449 = VERTEX_POINT ( 'NONE', #1194 ) ;
#450 = CARTESIAN_POINT ( 'NONE',  ( 11.08578643762690064, -0.7916221867996749983, -6.181769303614649935 ) ) ;
#451 = DIRECTION ( 'NONE',  ( -0.000000000000000000, -1.000000000000000000, -0.000000000000000000 ) ) ;
#452 = DIRECTION ( 'NONE',  ( 1.734723475976807094E-15, 1.000000000000000000, 0.000000000000000000 ) ) ;
#453 = DIRECTION ( 'NONE',  ( -0.7071067811865451302, -1.298934084353235368E-16, -0.7071067811865500152 ) ) ;
#454 = CARTESIAN_POINT ( 'NONE',  ( 21.32548339959388883, -7.299999999999998046, -4.000000000000000000 ) ) ;
#455 = ORIENTED_EDGE ( 'NONE', *, *, #1537, .F. ) ;
#456 = EDGE_CURVE ( 'NONE', #1326, #496, #2181, .T. ) ;
#457 = EDGE_CURVE ( 'NONE', #2144, #164, #843, .T. ) ;
#458 = CARTESIAN_POINT ( 'NONE',  ( 12.08578643762689886, 5.200000000000004619, 5.000000000000000000 ) ) ;
#459 = ORIENTED_EDGE ( 'NONE', *, *, #2341, .T. ) ;
#460 = VERTEX_POINT ( 'NONE', #640 ) ;
#461 = VERTEX_POINT ( 'NONE', #829 ) ;
#462 = LINE ( 'NONE', #1050, #2403 ) ;
#463 = ORIENTED_EDGE ( 'NONE', *, *, #799, .F. ) ;
#464 = CARTESIAN_POINT ( 'NONE',  ( 2.577350269189625287, 0.2000000000000027867, -1.550000000000000044 ) ) ;
#465 = DIRECTION ( 'NONE',  ( 1.000000000000000000, 1.734723475976807341E-16, 0.000000000000000000 ) ) ;
#466 = CARTESIAN_POINT ( 'NONE',  ( 19.20416305603424334, -6.421320343559636434, 4.000000000000000000 ) ) ;
#467 = AXIS2_PLACEMENT_3D ( 'NONE', #2226, #99, #1652 ) ;
#468 = DIRECTION ( 'NONE',  ( 0.000000000000000000, 0.000000000000000000, -1.000000000000000000 ) ) ;
#469 = ORIENTED_EDGE ( 'NONE', *, *, #1939, .F. ) ;
#470 = VECTOR ( 'NONE', #136, 1000.000000000000000 ) ;
#471 = AXIS2_PLACEMENT_3D ( 'NONE', #650, #861, #1600 ) ;
#472 = EDGE_CURVE ( 'NONE', #908, #2230, #1577, .T. ) ;
#473 = CARTESIAN_POINT ( 'NONE',  ( -10.92264973081036317, -46.43513903303121992, 5.000000000000000000 ) ) ;
#474 = ORIENTED_EDGE ( 'NONE', *, *, #1416, .T. ) ;
#475 = EDGE_LOOP ( 'NONE', ( #447, #615, #1864, #318, #220, #1336, #1071 ) ) ;
#476 = EDGE_LOOP ( 'NONE', ( #2429, #1676, #35, #2119, #2368, #2301, #2343 ) ) ;
#477 = DIRECTION ( 'NONE',  ( -0.000000000000000000, -1.000000000000000000, -0.000000000000000000 ) ) ;
#478 = CARTESIAN_POINT ( 'NONE',  ( -24.66798473952745496, 10.02888547170008593, -16.67111452829989915 ) ) ;
#479 = CYLINDRICAL_SURFACE ( 'NONE', #158, 1.000000000000000888 ) ;
#480 = DIRECTION ( 'NONE',  ( 0.000000000000000000, -0.000000000000000000, 1.000000000000000000 ) ) ;
#481 = DIRECTION ( 'NONE',  ( 1.000000000000000000, 2.102772545373674817E-16, 3.707755340424024963E-17 ) ) ;
#482 = AXIS2_PLACEMENT_3D ( 'NONE', #1586, #1984, #468 ) ;
#483 = ORIENTED_EDGE ( 'NONE', *, *, #597, .F. ) ;
#484 = DIRECTION ( 'NONE',  ( -1.084202172485499750E-16, 1.084202172485504187E-16, -1.000000000000000000 ) ) ;
#485 = ORIENTED_EDGE ( 'NONE', *, *, #1752, .F. ) ;
#486 = EDGE_CURVE ( 'NONE', #1253, #1244, #1768, .T. ) ;
#487 = PLANE ( 'NONE',  #671 ) ;
#488 = DIRECTION ( 'NONE',  ( 0.000000000000000000, 0.000000000000000000, -1.000000000000000000 ) ) ;
#489 = ORIENTED_EDGE ( 'NONE', *, *, #78, .F. ) ;
#490 = ORIENTED_EDGE ( 'NONE', *, *, #836, .T. ) ;
#491 =( NAMED_UNIT ( * ) SI_UNIT ( $, .STERADIAN. ) SOLID_ANGLE_UNIT ( ) );
#492 = ADVANCED_FACE ( 'NONE', ( #1417 ), #1590, .F. ) ;
#493 = DIRECTION ( 'NONE',  ( -0.7071067811865451302, -1.226634733346694873E-16, -0.7071067811865500152 ) ) ;
#494 = CARTESIAN_POINT ( 'NONE',  ( 28.60999999999998877, 5.200000000000007283, -16.00000000000000711 ) ) ;
#495 = CARTESIAN_POINT ( 'NONE',  ( 11.08578643762689886, -1.000000000000000000, -5.000000000000000000 ) ) ;
#496 = VERTEX_POINT ( 'NONE', #1975 ) ;
#497 = ORIENTED_EDGE ( 'NONE', *, *, #501, .T. ) ;
#498 = CARTESIAN_POINT ( 'NONE',  ( 25.60999999999999233, 5.200000000000006395, 13.70000000000000284 ) ) ;
#499 = LINE ( 'NONE', #1280, #2158 ) ;
#500 = EDGE_LOOP ( 'NONE', ( #738, #2096, #1120, #1859, #130, #2281, #1536 ) ) ;
#501 = EDGE_CURVE ( 'NONE', #1445, #1963, #1640, .T. ) ;
#502 = VERTEX_POINT ( 'NONE', #991 ) ;
#503 = VERTEX_POINT ( 'NONE', #623 ) ;
#504 = DIRECTION ( 'NONE',  ( -1.000000000000000000, 2.364625268284083852E-16, -8.386765834394592606E-17 ) ) ;
#505 = CC_DESIGN_APPROVAL ( #126, ( #1915 ) ) ;
#506 = VECTOR ( 'NONE', #871, 999.9999999999998863 ) ;
#507 = CARTESIAN_POINT ( 'NONE',  ( -18.67764788032900469, -7.299999999999995381, 3.999999999999998224 ) ) ;
#508 = CARTESIAN_POINT ( 'NONE',  ( -4.922649730810378266, -7.299999999999998046, 0.6824593720197508206 ) ) ;
#509 = CIRCLE ( 'NONE', #1388, 1.000000000000000888 ) ;
#510 = VERTEX_POINT ( 'NONE', #446 ) ;
#511 = VECTOR ( 'NONE', #1821, 1000.000000000000000 ) ;
#512 = DIRECTION ( 'NONE',  ( -4.336808689942017736E-16, 0.000000000000000000, 1.000000000000000000 ) ) ;
#513 = ORIENTED_EDGE ( 'NONE', *, *, #109, .F. ) ;
#514 = CARTESIAN_POINT ( 'NONE',  ( 12.93431457505076665, -46.43513903303121992, -4.000000000000000000 ) ) ;
#515 = ORIENTED_EDGE ( 'NONE', *, *, #1055, .T. ) ;
#516 = LINE ( 'NONE', #316, #2082 ) ;
#517 = EDGE_LOOP ( 'NONE', ( #2349, #1741 ) ) ;
#518 = ORIENTED_EDGE ( 'NONE', *, *, #1879, .T. ) ;
#519 = DIRECTION ( 'NONE',  ( 0.000000000000000000, -1.000000000000000000, 0.000000000000000000 ) ) ;
#520 = DIRECTION ( 'NONE',  ( -0.000000000000000000, -1.000000000000000000, -0.000000000000000000 ) ) ;
#521 = CARTESIAN_POINT ( 'NONE',  ( -12.96188021535169987, -0.3999999999999950262, 4.000000000000000000 ) ) ;
#522 = EDGE_CURVE ( 'NONE', #2255, #398, #996, .T. ) ;
#523 = ORIENTED_EDGE ( 'NONE', *, *, #1527, .T. ) ;
#524 = ADVANCED_FACE ( 'NONE', ( #2167 ), #1960, .T. ) ;
#525 = DIRECTION ( 'NONE',  ( 0.000000000000000000, 0.000000000000000000, -1.000000000000000000 ) ) ;
#526 = AXIS2_PLACEMENT_3D ( 'NONE', #1613, #85, #1207 ) ;
#527 = EDGE_LOOP ( 'NONE', ( #319, #691 ) ) ;
#528 = LINE ( 'NONE', #682, #1192 ) ;
#529 = DIRECTION ( 'NONE',  ( 4.153223329382519334E-17, -0.1736481776669345778, 0.9848077530122073542 ) ) ;
#530 = ORIENTED_EDGE ( 'NONE', *, *, #1265, .T. ) ;
#531 = ORIENTED_EDGE ( 'NONE', *, *, #1283, .T. ) ;
#532 = ORIENTED_EDGE ( 'NONE', *, *, #629, .T. ) ;
#533 = DIRECTION ( 'NONE',  ( -1.836970198721029441E-16, 1.000000000000000000, 0.000000000000000000 ) ) ;
#534 = DIRECTION ( 'NONE',  ( -1.000000000000000000, 0.000000000000000000, 0.000000000000000000 ) ) ;
#535 = PRODUCT_DEFINITION_FORMATION_WITH_SPECIFIED_SOURCE ( 'ANY', '', #1201, .NOT_KNOWN. ) ;
#536 = DIRECTION ( 'NONE',  ( -1.000000000000000000, 0.000000000000000000, 0.000000000000000000 ) ) ;
#537 = EDGE_CURVE ( 'NONE', #460, #895, #1800, .T. ) ;
#538 = ORIENTED_EDGE ( 'NONE', *, *, #1117, .T. ) ;
#539 = DIRECTION ( 'NONE',  ( 0.000000000000000000, 0.000000000000000000, -1.000000000000000000 ) ) ;
#540 = ADVANCED_FACE ( 'NONE', ( #431 ), #802, .T. ) ;
#541 = DIRECTION ( 'NONE',  ( 0.000000000000000000, -1.000000000000000000, 0.000000000000000000 ) ) ;
#542 = LINE ( 'NONE', #1674, #688 ) ;
#543 = ORIENTED_EDGE ( 'NONE', *, *, #154, .F. ) ;
#544 = CARTESIAN_POINT ( 'NONE',  ( 25.60999999999998877, 5.200000000000006395, -13.70000000000000817 ) ) ;
#545 = VERTEX_POINT ( 'NONE', #47 ) ;
#546 = LINE ( 'NONE', #508, #681 ) ;
#547 = AXIS2_PLACEMENT_3D ( 'NONE', #1269, #1123, #2034 ) ;
#548 = ORIENTED_EDGE ( 'NONE', *, *, #1104, .T. ) ;
#549 = VECTOR ( 'NONE', #884, 1000.000000000000000 ) ;
#550 = CARTESIAN_POINT ( 'NONE',  ( -4.873186291215687447E-17, 11.20000000000000107, 15.50000000000000355 ) ) ;
#551 = ADVANCED_FACE ( 'NONE', ( #815 ), #1209, .F. ) ;
#552 = AXIS2_PLACEMENT_3D ( 'NONE', #2354, #258, #1007 ) ;
#553 = UNCERTAINTY_MEASURE_WITH_UNIT (LENGTH_MEASURE( 1.000000000000000082E-05 ), #2455, 'distance_accuracy_value', 'NONE');
#554 = VECTOR ( 'NONE', #1809, 1000.000000000000114 ) ;
#555 = DIRECTION ( 'NONE',  ( 1.000000000000000000, 1.897353801849650755E-16, 0.000000000000000000 ) ) ;
#556 = FACE_OUTER_BOUND ( 'NONE', #129, .T. ) ;
#557 = VECTOR ( 'NONE', #2102, 1000.000000000000000 ) ;
#558 = ORIENTED_EDGE ( 'NONE', *, *, #1180, .T. ) ;
#559 = APPROVAL_ROLE ( '' ) ;
#560 = EDGE_CURVE ( 'NONE', #2241, #1784, #509, .T. ) ;
#561 = CARTESIAN_POINT ( 'NONE',  ( 25.60999999999998877, 5.200000000000006395, -15.25000000000000711 ) ) ;
#562 = VERTEX_POINT ( 'NONE', #2342 ) ;
#563 = CARTESIAN_POINT ( 'NONE',  ( 25.60999999999998877, 5.200000000000006395, -12.00000000000000711 ) ) ;
#564 = AXIS2_PLACEMENT_3D ( 'NONE', #1580, #845, #259 ) ;
#565 = CARTESIAN_POINT ( 'NONE',  ( -4.922649730810380042, 0.2000000000000014266, 0.000000000000000000 ) ) ;
#566 = DIRECTION ( 'NONE',  ( -0.000000000000000000, -1.000000000000000000, -0.000000000000000000 ) ) ;
#567 = VECTOR ( 'NONE', #356, 1000.000000000000114 ) ;
#568 = EDGE_LOOP ( 'NONE', ( #2063, #1115 ) ) ;
#569 = ADVANCED_FACE ( 'NONE', ( #1813 ), #1944, .T. ) ;
#570 = CALENDAR_DATE ( 2025, 5, 12 ) ;
#571 = DIRECTION ( 'NONE',  ( -0.7071067811865460184, 0.7071067811865489050, 0.000000000000000000 ) ) ;
#572 = ORIENTED_EDGE ( 'NONE', *, *, #2210, .T. ) ;
#573 = EDGE_CURVE ( 'NONE', #2144, #1010, #2446, .T. ) ;
#574 = DIRECTION ( 'NONE',  ( 0.7071067811865500152, 1.226634733346703501E-16, -0.7071067811865451302 ) ) ;
#575 = VERTEX_POINT ( 'NONE', #721 ) ;
#576 = CARTESIAN_POINT ( 'NONE',  ( -4.922649730810380042, 0.2000000000000014266, -1.549999999999998712 ) ) ;
#577 = CARTESIAN_POINT ( 'NONE',  ( -10.92264973081037738, -7.299999999999993605, 12.32937191272624489 ) ) ;
#578 = ORIENTED_EDGE ( 'NONE', *, *, #2481, .F. ) ;
#579 = PERSON_AND_ORGANIZATION_ROLE ( 'classification_officer' ) ;
#580 = EDGE_CURVE ( 'NONE', #1883, #657, #1923, .T. ) ;
#581 = DIRECTION ( 'NONE',  ( -0.000000000000000000, -1.000000000000000000, -0.000000000000000000 ) ) ;
#582 = DIRECTION ( 'NONE',  ( -0.000000000000000000, -1.000000000000000000, -0.000000000000000000 ) ) ;
#583 = ORIENTED_EDGE ( 'NONE', *, *, #2276, .T. ) ;
#584 = VECTOR ( 'NONE', #1267, 1000.000000000000000 ) ;
#585 = AXIS2_PLACEMENT_3D ( 'NONE', #330, #2062, #90 ) ;
#586 = AXIS2_PLACEMENT_3D ( 'NONE', #1333, #1324, #555 ) ;
#587 = DIRECTION ( 'NONE',  ( -1.000000000000000000, 0.000000000000000000, 0.000000000000000000 ) ) ;
#588 = ORIENTED_EDGE ( 'NONE', *, *, #1972, .F. ) ;
#589 = CARTESIAN_POINT ( 'NONE',  ( 29.60999999999998877, 11.20000000000000817, 14.99999999999999289 ) ) ;
#590 = ORIENTED_EDGE ( 'NONE', *, *, #2416, .F. ) ;
#591 = VECTOR ( 'NONE', #1389, 1000.000000000000000 ) ;
#592 = PERSON_AND_ORGANIZATION_ROLE ( 'design_supplier' ) ;
#593 = AXIS2_PLACEMENT_3D ( 'NONE', #1681, #714, #2218 ) ;
#594 = LINE ( 'NONE', #1940, #65 ) ;
#595 = DIRECTION ( 'NONE',  ( 0.000000000000000000, 0.000000000000000000, 1.000000000000000000 ) ) ;
#596 = CARTESIAN_POINT ( 'NONE',  ( -4.922649730810379154, -6.799999999999998934, 0.6824593720197508206 ) ) ;
#597 = EDGE_CURVE ( 'NONE', #1060, #275, #335, .T. ) ;
#598 = DIRECTION ( 'NONE',  ( 0.000000000000000000, 0.000000000000000000, -1.000000000000000000 ) ) ;
#599 = ORIENTED_EDGE ( 'NONE', *, *, #421, .T. ) ;
#600 = CARTESIAN_POINT ( 'NONE',  ( 28.60999999999998167, 10.70000000000000462, 15.99999999999999289 ) ) ;
#601 = ORIENTED_EDGE ( 'NONE', *, *, #1351, .F. ) ;
#602 = VECTOR ( 'NONE', #832, 1000.000000000000000 ) ;
#603 = PERSON_AND_ORGANIZATION ( #1986, #989 ) ;
#604 = FACE_OUTER_BOUND ( 'NONE', #2285, .T. ) ;
#605 = CARTESIAN_POINT ( 'NONE',  ( 25.60999999999998877, 11.20000000000000639, -13.70000000000000817 ) ) ;
#606 = DIRECTION ( 'NONE',  ( 0.7071067811865451302, 1.226634733346695120E-16, 0.7071067811865500152 ) ) ;
#607 = CARTESIAN_POINT ( 'NONE',  ( -6.472649730810380753, 0.2000000000000011213, 0.000000000000000000 ) ) ;
#608 = ADVANCED_FACE ( 'NONE', ( #2014 ), #1069, .T. ) ;
#609 = DIRECTION ( 'NONE',  ( 0.7071067811865500152, 1.226634733346703501E-16, -0.7071067811865451302 ) ) ;
#610 = ORIENTED_EDGE ( 'NONE', *, *, #96, .F. ) ;
#611 = ORIENTED_EDGE ( 'NONE', *, *, #1255, .F. ) ;
#612 = ADVANCED_FACE ( 'NONE', ( #2430 ), #72, .T. ) ;
#613 = CARTESIAN_POINT ( 'NONE',  ( 25.08284271247460495, -7.299999999999997158, -4.000000000000000000 ) ) ;
#614 = ORIENTED_EDGE ( 'NONE', *, *, #1925, .T. ) ;
#615 = ORIENTED_EDGE ( 'NONE', *, *, #2057, .T. ) ;
#616 = DIRECTION ( 'NONE',  ( 1.836970198721029441E-16, -1.000000000000000000, 0.000000000000000000 ) ) ;
#617 = CYLINDRICAL_SURFACE ( 'NONE', #379, 0.5000000000000004441 ) ;
#618 = FACE_OUTER_BOUND ( 'NONE', #1161, .T. ) ;
#619 = FACE_BOUND ( 'NONE', #699, .T. ) ;
#620 = LINE ( 'NONE', #2163, #2 ) ;
#621 = AXIS2_PLACEMENT_3D ( 'NONE', #177, #581, #1910 ) ;
#622 = EDGE_CURVE ( 'NONE', #460, #1068, #97, .T. ) ;
#623 = CARTESIAN_POINT ( 'NONE',  ( -24.39000000000000767, 5.199999999999998401, -16.00000000000000000 ) ) ;
#624 = ORIENTED_EDGE ( 'NONE', *, *, #928, .F. ) ;
#625 = ORIENTED_EDGE ( 'NONE', *, *, #421, .F. ) ;
#626 = LINE ( 'NONE', #219, #602 ) ;
#627 = EDGE_LOOP ( 'NONE', ( #2407, #117, #806, #36 ) ) ;
#628 = AXIS2_PLACEMENT_3D ( 'NONE', #438, #477, #1571 ) ;
#629 = EDGE_CURVE ( 'NONE', #1567, #1713, #2041, .T. ) ;
#630 = EDGE_CURVE ( 'NONE', #1020, #857, #690, .T. ) ;
#631 = DIRECTION ( 'NONE',  ( -1.836970198721029688E-16, 1.000000000000000000, 0.000000000000000000 ) ) ;
#632 = DIRECTION ( 'NONE',  ( -0.000000000000000000, -1.000000000000000000, -0.000000000000000000 ) ) ;
#633 = DIRECTION ( 'NONE',  ( 1.251928832280968407E-16, 2.168404344971008621E-16, -1.000000000000000000 ) ) ;
#634 = ADVANCED_FACE ( 'NONE', ( #1116 ), #1251, .T. ) ;
#635 = VECTOR ( 'NONE', #1098, 1000.000000000000000 ) ;
#636 = LINE ( 'NONE', #686, #2048 ) ;
#637 = LINE ( 'NONE', #798, #2305 ) ;
#638 = ORIENTED_EDGE ( 'NONE', *, *, #1913, .F. ) ;
#639 = EDGE_LOOP ( 'NONE', ( #1814, #1133, #1502, #1717, #1596, #719, #1210 ) ) ;
#640 = CARTESIAN_POINT ( 'NONE',  ( -10.92264973081037915, 0.2000000000000000111, 5.000000000000000000 ) ) ;
#641 = VECTOR ( 'NONE', #582, 1000.000000000000000 ) ;
#642 = ORIENTED_EDGE ( 'NONE', *, *, #1149, .T. ) ;
#643 = CARTESIAN_POINT ( 'NONE',  ( -12.50000000000000000, 0.2000000000000000111, 4.000000000000000000 ) ) ;
#644 = ORIENTED_EDGE ( 'NONE', *, *, #2103, .T. ) ;
#645 = CARTESIAN_POINT ( 'NONE',  ( -10.92264973081038093, 5.200000000000001066, 12.32937191272624489 ) ) ;
#646 = CARTESIAN_POINT ( 'NONE',  ( -21.39000000000001123, 8.599999999999999645, -12.00000000000000711 ) ) ;
#647 = EDGE_CURVE ( 'NONE', #2002, #2197, #2326, .T. ) ;
#648 = DIRECTION ( 'NONE',  ( 1.000000000000000000, 2.230651479304700363E-16, 2.840530901729404855E-18 ) ) ;
#649 = AXIS2_PLACEMENT_3D ( 'NONE', #418, #779, #1569 ) ;
#650 = CARTESIAN_POINT ( 'NONE',  ( 25.60999999999998877, 5.200000000000006395, -12.00000000000000711 ) ) ;
#651 = CARTESIAN_POINT ( 'NONE',  ( -4.922649730810380042, 0.2000000000000013989, -1.549999999999998934 ) ) ;
#652 = EDGE_CURVE ( 'NONE', #144, #2144, #1518, .T. ) ;
#653 = CARTESIAN_POINT ( 'NONE',  ( 11.08578643762690064, 0.2000000000000035083, -5.000000000000000000 ) ) ;
#654 = ORIENTED_EDGE ( 'NONE', *, *, #198, .T. ) ;
#655 = EDGE_LOOP ( 'NONE', ( #131, #1352 ) ) ;
#656 = DIRECTION ( 'NONE',  ( -0.000000000000000000, -1.000000000000000000, -0.000000000000000000 ) ) ;
#657 = VERTEX_POINT ( 'NONE', #2058 ) ;
#658 = CARTESIAN_POINT ( 'NONE',  ( -21.94559707276012972, -7.299999999999994493, -4.000000000000001776 ) ) ;
#659 = DIRECTION ( 'NONE',  ( 0.000000000000000000, 1.000000000000000000, 0.000000000000000000 ) ) ;
#660 = EDGE_CURVE ( 'NONE', #1068, #125, #867, .T. ) ;
#661 = CYLINDRICAL_SURFACE ( 'NONE', #2293, 1.000000000000000888 ) ;
#662 = LINE ( 'NONE', #1777, #2384 ) ;
#663 = DIRECTION ( 'NONE',  ( 0.000000000000000000, 1.000000000000000000, 0.000000000000000000 ) ) ;
#664 = VERTEX_POINT ( 'NONE', #313 ) ;
#665 = ORIENTED_EDGE ( 'NONE', *, *, #2150, .F. ) ;
#666 = FACE_OUTER_BOUND ( 'NONE', #476, .T. ) ;
#667 = ORIENTED_EDGE ( 'NONE', *, *, #597, .T. ) ;
#668 = DIRECTION ( 'NONE',  ( -0.7071067811865451302, -1.226634733346695120E-16, -0.7071067811865500152 ) ) ;
#669 = FACE_BOUND ( 'NONE', #2420, .T. ) ;
#670 = DIRECTION ( 'NONE',  ( 1.000000000000000000, -1.497596003246586489E-15, -3.062395165111389534E-16 ) ) ;
#671 = AXIS2_PLACEMENT_3D ( 'NONE', #514, #1072, #705 ) ;
#672 = LINE ( 'NONE', #2036, #2408 ) ;
#673 = EDGE_LOOP ( 'NONE', ( #973, #722, #726, #2435 ) ) ;
#674 = VECTOR ( 'NONE', #1206, 1000.000000000000000 ) ;
#675 = EDGE_CURVE ( 'NONE', #788, #1883, #1866, .T. ) ;
#676 = EDGE_LOOP ( 'NONE', ( #654, #17 ) ) ;
#677 = CARTESIAN_POINT ( 'NONE',  ( 29.60999999999998877, 11.20000000000000817, -15.00000000000000000 ) ) ;
#678 = EDGE_LOOP ( 'NONE', ( #261, #1971, #2049, #961 ) ) ;
#679 = EDGE_CURVE ( 'NONE', #868, #788, #2448, .T. ) ;
#680 = ORIENTED_EDGE ( 'NONE', *, *, #22, .F. ) ;
#681 = VECTOR ( 'NONE', #935, 1000.000000000000000 ) ;
#682 = CARTESIAN_POINT ( 'NONE',  ( 11.08578643762692373, 5.200000000000003730, -12.32937191272625022 ) ) ;
#683 = CARTESIAN_POINT ( 'NONE',  ( -5.605109102830130752, -7.299999999999998046, 0.000000000000000000 ) ) ;
#684 = CIRCLE ( 'NONE', #2415, 0.5000000000000000000 ) ;
#685 = DIRECTION ( 'NONE',  ( 0.000000000000000000, 0.000000000000000000, -1.000000000000000000 ) ) ;
#686 = CARTESIAN_POINT ( 'NONE',  ( -21.94559707276013683, 5.199999999999998401, 3.999999999999998224 ) ) ;
#687 = PLANE ( 'NONE',  #2005 ) ;
#688 = VECTOR ( 'NONE', #1895, 1000.000000000000000 ) ;
#689 = ORIENTED_EDGE ( 'NONE', *, *, #652, .T. ) ;
#690 = LINE ( 'NONE', #677, #2369 ) ;
#691 = ORIENTED_EDGE ( 'NONE', *, *, #96, .T. ) ;
#692 = EDGE_CURVE ( 'NONE', #2303, #1031, #1838, .T. ) ;
#693 = VERTEX_POINT ( 'NONE', #1660 ) ;
#694 = CARTESIAN_POINT ( 'NONE',  ( -11.92264973081037205, -46.43513903303121992, -5.000000000000000000 ) ) ;
#695 = CARTESIAN_POINT ( 'NONE',  ( -11.92264973081038093, 0.1999999999999987899, -5.000000000000000000 ) ) ;
#696 = VERTEX_POINT ( 'NONE', #1850 ) ;
#697 = CARTESIAN_POINT ( 'NONE',  ( 12.08578643762690064, -1.000000000000000000, 4.000000000000000000 ) ) ;
#698 = CARTESIAN_POINT ( 'NONE',  ( 29.60999999999998877, 5.200000000000007283, -15.00000000000000000 ) ) ;
#699 = EDGE_LOOP ( 'NONE', ( #2184, #1631 ) ) ;
#700 = CARTESIAN_POINT ( 'NONE',  ( 21.95144660940682257, 11.20000000000000462, -21.95144660940667691 ) ) ;
#701 = DIRECTION ( 'NONE',  ( -0.000000000000000000, -1.000000000000000000, -0.000000000000000000 ) ) ;
#702 = VERTEX_POINT ( 'NONE', #124 ) ;
#703 = EDGE_CURVE ( 'NONE', #1578, #1898, #147, .T. ) ;
#704 = CIRCLE ( 'NONE', #2038, 1.700000000000000178 ) ;
#705 = DIRECTION ( 'NONE',  ( -1.000000000000000000, 0.000000000000000000, -0.000000000000000000 ) ) ;
#706 = CARTESIAN_POINT ( 'NONE',  ( 26.15882114063851915, 16.61766924607249152, 10.08233075392759837 ) ) ;
#707 = VERTEX_POINT ( 'NONE', #2249 ) ;
#708 = VECTOR ( 'NONE', #1001, 1000.000000000000000 ) ;
#709 = ORIENTED_EDGE ( 'NONE', *, *, #1219, .F. ) ;
#710 = ADVANCED_FACE ( 'NONE', ( #403 ), #1178, .F. ) ;
#711 = EDGE_CURVE ( 'NONE', #1108, #1020, #2339, .T. ) ;
#712 = CARTESIAN_POINT ( 'NONE',  ( -10.92264973081037738, -4.299999999999993605, 9.846670806258080333 ) ) ;
#713 = VECTOR ( 'NONE', #1828, 1000.000000000000000 ) ;
#714 = DIRECTION ( 'NONE',  ( 1.497596003246586883E-15, 1.000000000000000000, -3.975627965856191172E-31 ) ) ;
#715 = EDGE_CURVE ( 'NONE', #1075, #857, #345, .T. ) ;
#716 = CARTESIAN_POINT ( 'NONE',  ( -21.39000000000001123, 8.599999999999999645, -15.25000000000000711 ) ) ;
#717 = CIRCLE ( 'NONE', #2162, 3.249999999999999556 ) ;
#718 = AXIS2_PLACEMENT_3D ( 'NONE', #285, #1447, #512 ) ;
#719 = ORIENTED_EDGE ( 'NONE', *, *, #1695, .F. ) ;
#720 = CIRCLE ( 'NONE', #1442, 3.249999999999999556 ) ;
#721 = CARTESIAN_POINT ( 'NONE',  ( 25.60999999999999233, 11.20000000000000639, 10.30000000000000071 ) ) ;
#722 = ORIENTED_EDGE ( 'NONE', *, *, #444, .F. ) ;
#723 = DIRECTION ( 'NONE',  ( -1.836970198721029688E-16, 1.000000000000000000, 1.084202172485504434E-16 ) ) ;
#724 = CARTESIAN_POINT ( 'NONE',  ( -12.96188021535169987, -0.3999999999999950262, -4.000000000000000000 ) ) ;
#725 = ORIENTED_EDGE ( 'NONE', *, *, #1000, .F. ) ;
#726 = ORIENTED_EDGE ( 'NONE', *, *, #2394, .F. ) ;
#727 = DIRECTION ( 'NONE',  ( 1.000000000000000000, 0.000000000000000000, -0.000000000000000000 ) ) ;
#728 = AXIS2_PLACEMENT_3D ( 'NONE', #1152, #1922, #2316 ) ;
#729 = EDGE_CURVE ( 'NONE', #1788, #2267, #2161, .T. ) ;
#730 = DIRECTION ( 'NONE',  ( 0.6785983445458425578, 0.6785983445458518837, -0.2810846377148192854 ) ) ;
#731 = DIRECTION ( 'NONE',  ( -1.836970198721029688E-16, 1.000000000000000000, 0.000000000000000000 ) ) ;
#732 = ADVANCED_FACE ( 'NONE', ( #1372 ), #2277, .F. ) ;
#733 = DIRECTION ( 'NONE',  ( 0.000000000000000000, 0.000000000000000000, 1.000000000000000000 ) ) ;
#734 = DIRECTION ( 'NONE',  ( 0.000000000000000000, 0.000000000000000000, -1.000000000000000000 ) ) ;
#735 = CARTESIAN_POINT ( 'NONE',  ( -21.39000000000001123, 8.599999999999999645, 13.70000000000000462 ) ) ;
#736 = ORIENTED_EDGE ( 'NONE', *, *, #91, .F. ) ;
#737 = DIRECTION ( 'NONE',  ( 1.000000000000000000, 1.836970198721029688E-16, 4.336808689942017736E-16 ) ) ;
#738 = ORIENTED_EDGE ( 'NONE', *, *, #1723, .T. ) ;
#739 = DIRECTION ( 'NONE',  ( -0.000000000000000000, -1.000000000000000000, -0.000000000000000000 ) ) ;
#740 = EDGE_CURVE ( 'NONE', #434, #664, #1754, .T. ) ;
#741 = VERTEX_POINT ( 'NONE', #1308 ) ;
#742 = FACE_OUTER_BOUND ( 'NONE', #383, .T. ) ;
#743 = LINE ( 'NONE', #1310, #1160 ) ;
#744 = DIRECTION ( 'NONE',  ( -0.000000000000000000, -1.000000000000000000, -0.000000000000000000 ) ) ;
#745 = EDGE_LOOP ( 'NONE', ( #2007, #844, #578, #1480 ) ) ;
#746 = FACE_OUTER_BOUND ( 'NONE', #1914, .T. ) ;
#747 = CARTESIAN_POINT ( 'NONE',  ( 12.08578643762689886, 0.2000000000000057288, 5.000000000000000000 ) ) ;
#748 = AXIS2_PLACEMENT_3D ( 'NONE', #646, #1012, #794 ) ;
#749 = ORIENTED_EDGE ( 'NONE', *, *, #306, .T. ) ;
#750 = ORIENTED_EDGE ( 'NONE', *, *, #1309, .T. ) ;
#751 = CARTESIAN_POINT ( 'NONE',  ( 11.08578643762689886, 5.200000000000003730, 6.181769303614649935 ) ) ;
#752 = VECTOR ( 'NONE', #1665, 1000.000000000000114 ) ;
#753 = VECTOR ( 'NONE', #207, 1000.000000000000000 ) ;
#754 = AXIS2_PLACEMENT_3D ( 'NONE', #894, #701, #1472 ) ;
#755 = EDGE_CURVE ( 'NONE', #696, #1856, #2080, .T. ) ;
#756 = VECTOR ( 'NONE', #1715, 1000.000000000000000 ) ;
#757 = DIRECTION ( 'NONE',  ( 0.000000000000000000, -1.000000000000000000, 0.000000000000000000 ) ) ;
#758 = ADVANCED_FACE ( 'NONE', ( #1943 ), #357, .F. ) ;
#759 = CARTESIAN_POINT ( 'NONE',  ( 12.93431457505075777, 5.200000000000004619, -4.000000000000000000 ) ) ;
#760 = AXIS2_PLACEMENT_3D ( 'NONE', #1920, #2282, #1138 ) ;
#761 = VERTEX_POINT ( 'NONE', #205 ) ;
#762 = ORIENTED_EDGE ( 'NONE', *, *, #472, .F. ) ;
#763 = ORIENTED_EDGE ( 'NONE', *, *, #1323, .F. ) ;
#764 = PERSON_AND_ORGANIZATION ( #1986, #989 ) ;
#765 = DIRECTION ( 'NONE',  ( -1.000000000000000000, 0.000000000000000000, 0.000000000000000000 ) ) ;
#766 = VERTEX_POINT ( 'NONE', #2352 ) ;
#767 = DIRECTION ( 'NONE',  ( 0.6785983445458415586, 0.6785983445458508845, 0.2810846377148242814 ) ) ;
#768 = ORIENTED_EDGE ( 'NONE', *, *, #1904, .F. ) ;
#769 = AXIS2_PLACEMENT_3D ( 'NONE', #2188, #54, #659 ) ;
#770 = VECTOR ( 'NONE', #2170, 1000.000000000000000 ) ;
#771 = ADVANCED_FACE ( 'NONE', ( #157, #2148, #243, #1969, #619 ), #2137, .F. ) ;
#772 = LINE ( 'NONE', #576, #70 ) ;
#773 = DIRECTION ( 'NONE',  ( -1.000000000000000000, 0.000000000000000000, 0.000000000000000000 ) ) ;
#774 = VERTEX_POINT ( 'NONE', #1144 ) ;
#775 = COORDINATED_UNIVERSAL_TIME_OFFSET ( 0, 0, .AHEAD. ) ;
#776 = CARTESIAN_POINT ( 'NONE',  ( -10.92264973081037738, -1.000000000000004663, -5.000000000000000888 ) ) ;
#777 = CARTESIAN_POINT ( 'NONE',  ( 12.08578643762689886, 5.200000000000004619, 4.000000000000000000 ) ) ;
#778 = CARTESIAN_POINT ( 'NONE',  ( -11.92264973081037915, 0.2000000000000000111, -4.000000000000000000 ) ) ;
#779 = DIRECTION ( 'NONE',  ( -1.836970198721029688E-16, 1.000000000000000000, 0.000000000000000000 ) ) ;
#780 = EDGE_LOOP ( 'NONE', ( #2425, #2284, #887, #817, #763, #611, #1689 ) ) ;
#781 = PLANE ( 'NONE',  #2495 ) ;
#782 = EDGE_CURVE ( 'NONE', #1898, #1578, #1165, .T. ) ;
#783 = CARTESIAN_POINT ( 'NONE',  ( -24.18289321881347220, 11.19999999999999751, 15.50000000000000711 ) ) ;
#784 = CARTESIAN_POINT ( 'NONE',  ( -21.39000000000001123, 5.199999999999999289, 12.00000000000000000 ) ) ;
#785 = EDGE_CURVE ( 'NONE', #1010, #1700, #2330, .T. ) ;
#786 = AXIS2_PLACEMENT_3D ( 'NONE', #52, #723, #127 ) ;
#787 = CARTESIAN_POINT ( 'NONE',  ( 25.60999999999999233, 8.600000000000006750, 15.25000000000000000 ) ) ;
#788 = VERTEX_POINT ( 'NONE', #229 ) ;
#789 = ORIENTED_EDGE ( 'NONE', *, *, #1682, .T. ) ;
#790 = DIRECTION ( 'NONE',  ( 1.000000000000000000, 0.000000000000000000, -0.000000000000000000 ) ) ;
#791 = ORIENTED_EDGE ( 'NONE', *, *, #2311, .F. ) ;
#792 = AXIS2_PLACEMENT_3D ( 'NONE', #1189, #1892, #539 ) ;
#793 = AXIS2_PLACEMENT_3D ( 'NONE', #1493, #1297, #2261 ) ;
#794 = DIRECTION ( 'NONE',  ( 0.000000000000000000, 0.000000000000000000, -1.000000000000000000 ) ) ;
#795 = CARTESIAN_POINT ( 'NONE',  ( 2.577350269189625287, 0.2000000000000027867, 1.550000000000000044 ) ) ;
#796 = EDGE_CURVE ( 'NONE', #496, #774, #1764, .T. ) ;
#797 = CARTESIAN_POINT ( 'NONE',  ( -2.004238326740558389E-15, 11.20000000000000107, 0.000000000000000000 ) ) ;
#798 = CARTESIAN_POINT ( 'NONE',  ( -4.873186291215687447E-17, 11.20000000000000107, 15.50000000000000355 ) ) ;
#799 = EDGE_CURVE ( 'NONE', #179, #1170, #2460, .T. ) ;
#800 = VECTOR ( 'NONE', #648, 1000.000000000000000 ) ;
#801 = AXIS2_PLACEMENT_3D ( 'NONE', #1792, #1064, #452 ) ;
#802 = CYLINDRICAL_SURFACE ( 'NONE', #425, 3.000000000000000000 ) ;
#803 = ORIENTED_EDGE ( 'NONE', *, *, #703, .T. ) ;
#804 = VERTEX_POINT ( 'NONE', #2472 ) ;
#805 = CARTESIAN_POINT ( 'NONE',  ( -10.92264973081038093, 5.200000000000001066, -6.181769303614649935 ) ) ;
#806 = ORIENTED_EDGE ( 'NONE', *, *, #836, .F. ) ;
#807 = CIRCLE ( 'NONE', #1816, 1.700000000000000178 ) ;
#808 = CARTESIAN_POINT ( 'NONE',  ( 25.60999999999999233, 5.200000000000006395, 8.750000000000000000 ) ) ;
#809 = CARTESIAN_POINT ( 'NONE',  ( 19.20416305603424334, -6.421320343559636434, 4.000000000000000000 ) ) ;
#810 = CARTESIAN_POINT ( 'NONE',  ( 22.30499999999988603, 5.200000000000005507, 22.30500000000004235 ) ) ;
#811 = DIRECTION ( 'NONE',  ( 1.734723475976807341E-16, -1.000000000000000000, 0.000000000000000000 ) ) ;
#812 = LINE ( 'NONE', #255, #202 ) ;
#813 = ADVANCED_FACE ( 'NONE', ( #742 ), #1508, .F. ) ;
#814 = CC_DESIGN_DATE_AND_TIME_ASSIGNMENT ( #2292, #952, ( #1616 ) ) ;
#815 = FACE_OUTER_BOUND ( 'NONE', #903, .T. ) ;
#816 = EDGE_LOOP ( 'NONE', ( #1214, #1811, #314, #543 ) ) ;
#817 = ORIENTED_EDGE ( 'NONE', *, *, #296, .F. ) ;
#818 = CARTESIAN_POINT ( 'NONE',  ( 25.60999999999998877, 5.200000000000006395, -12.00000000000000711 ) ) ;
#819 = EDGE_CURVE ( 'NONE', #1945, #1736, #720, .T. ) ;
#820 = CARTESIAN_POINT ( 'NONE',  ( 12.08578643762690064, 0.2000000000000045075, 4.000000000000000000 ) ) ;
#821 = LINE ( 'NONE', #53, #1709 ) ;
#822 = DIRECTION ( 'NONE',  ( 1.000000000000000000, 0.000000000000000000, 0.000000000000000000 ) ) ;
#823 = CARTESIAN_POINT ( 'NONE',  ( 11.08578643762692728, 5.200000000000003730, 12.32937191272624489 ) ) ;
#824 = DIRECTION ( 'NONE',  ( -0.000000000000000000, -1.000000000000000000, -0.000000000000000000 ) ) ;
#825 = AXIS2_PLACEMENT_3D ( 'NONE', #1217, #401, #1176 ) ;
#826 = VECTOR ( 'NONE', #1295, 1000.000000000000000 ) ;
#827 = ORIENTED_EDGE ( 'NONE', *, *, #306, .F. ) ;
#828 = CONICAL_SURFACE ( 'NONE', #2483, 1.550000000000000266, 0.05235987755983000091 ) ;
#829 = CARTESIAN_POINT ( 'NONE',  ( 11.08578643762692728, -7.299999999999998934, -12.32937191272625022 ) ) ;
#830 = EDGE_LOOP ( 'NONE', ( #1661, #386, #1772, #942 ) ) ;
#831 = EDGE_CURVE ( 'NONE', #1232, #2267, #73, .T. ) ;
#832 = DIRECTION ( 'NONE',  ( 1.000000000000000000, 1.576416845522723061E-16, -2.364625268284084345E-16 ) ) ;
#833 = ORIENTED_EDGE ( 'NONE', *, *, #660, .T. ) ;
#834 = AXIS2_PLACEMENT_3D ( 'NONE', #148, #1301, #541 ) ;
#835 = DIRECTION ( 'NONE',  ( -1.000000000000000000, -1.836970198721029688E-16, 0.000000000000000000 ) ) ;
#836 = EDGE_CURVE ( 'NONE', #2205, #1326, #2176, .T. ) ;
#837 = FACE_OUTER_BOUND ( 'NONE', #436, .T. ) ;
#838 = AXIS2_PLACEMENT_3D ( 'NONE', #2027, #1834, #2207 ) ;
#839 = DIRECTION ( 'NONE',  ( 0.000000000000000000, 1.000000000000000000, 0.000000000000000000 ) ) ;
#840 = VECTOR ( 'NONE', #322, 1000.000000000000000 ) ;
#841 = DIRECTION ( 'NONE',  ( 2.775557561562892830E-16, -1.000000000000000000, 0.000000000000000000 ) ) ;
#842 = CARTESIAN_POINT ( 'NONE',  ( 25.60999999999998877, 11.20000000000000639, -12.00000000000000711 ) ) ;
#843 = LINE ( 'NONE', #653, #228 ) ;
#844 = ORIENTED_EDGE ( 'NONE', *, *, #2126, .T. ) ;
#845 = DIRECTION ( 'NONE',  ( 4.153223329382515636E-17, -0.1736481776669345778, -0.9848077530122073542 ) ) ;
#846 = ORIENTED_EDGE ( 'NONE', *, *, #1468, .T. ) ;
#847 = ADVANCED_FACE ( 'NONE', ( #1260 ), #55, .F. ) ;
#848 = CARTESIAN_POINT ( 'NONE',  ( -21.39000000000001123, 5.199999999999999289, -13.70000000000000817 ) ) ;
#849 = CARTESIAN_POINT ( 'NONE',  ( 11.08578643762690774, -46.43513903303121992, -5.000000000000000000 ) ) ;
#850 = DIRECTION ( 'NONE',  ( 0.000000000000000000, 1.000000000000000000, 0.000000000000000000 ) ) ;
#851 = VECTOR ( 'NONE', #1132, 999.9999999999998863 ) ;
#852 = FACE_OUTER_BOUND ( 'NONE', #270, .T. ) ;
#853 = DIRECTION ( 'NONE',  ( -0.05233595624294413995, 0.9986295347545739443, 0.000000000000000000 ) ) ;
#854 = ORIENTED_EDGE ( 'NONE', *, *, #1067, .F. ) ;
#855 = DIRECTION ( 'NONE',  ( -1.000000000000000000, -2.168150275811940252E-16, 0.000000000000000000 ) ) ;
#856 = ORIENTED_EDGE ( 'NONE', *, *, #703, .F. ) ;
#857 = VERTEX_POINT ( 'NONE', #69 ) ;
#858 = PLANE ( 'NONE',  #1921 ) ;
#859 = CARTESIAN_POINT ( 'NONE',  ( 11.08578643762690064, -4.820944533000790067, 6.892247547221456827 ) ) ;
#860 = DIRECTION ( 'NONE',  ( 1.000000000000000000, 1.836970198721029688E-16, 0.000000000000000000 ) ) ;
#861 = DIRECTION ( 'NONE',  ( -0.000000000000000000, -1.000000000000000000, -0.000000000000000000 ) ) ;
#862 = EDGE_CURVE ( 'NONE', #2258, #1439, #1249, .T. ) ;
#863 = FACE_OUTER_BOUND ( 'NONE', #76, .T. ) ;
#864 = ORIENTED_EDGE ( 'NONE', *, *, #947, .F. ) ;
#865 = ADVANCED_FACE ( 'NONE', ( #254 ), #2190, .F. ) ;
#866 = VERTEX_POINT ( 'NONE', #1220 ) ;
#867 = LINE ( 'NONE', #1632, #1193 ) ;
#868 = VERTEX_POINT ( 'NONE', #466 ) ;
#869 = ORIENTED_EDGE ( 'NONE', *, *, #257, .T. ) ;
#870 = DIRECTION ( 'NONE',  ( 1.000000000000000000, 1.836970198721029688E-16, 0.000000000000000000 ) ) ;
#871 = DIRECTION ( 'NONE',  ( 0.2810846377148294994, -0.6785983445458502183, 0.6785983445458401153 ) ) ;
#872 = VECTOR ( 'NONE', #89, 1000.000000000000000 ) ;
#873 = LINE ( 'NONE', #1995, #932 ) ;
#874 = DIRECTION ( 'NONE',  ( 0.000000000000000000, 0.000000000000000000, -1.000000000000000000 ) ) ;
#875 = VECTOR ( 'NONE', #2266, 1000.000000000000000 ) ;
#876 = CARTESIAN_POINT ( 'NONE',  ( -21.39000000000001123, 5.199999999999999289, -8.750000000000007105 ) ) ;
#877 = VECTOR ( 'NONE', #1776, 1000.000000000000000 ) ;
#878 = EDGE_CURVE ( 'NONE', #1620, #868, #1026, .T. ) ;
#879 = VECTOR ( 'NONE', #737, 1000.000000000000000 ) ;
#880 = EDGE_LOOP ( 'NONE', ( #906, #856 ) ) ;
#881 = EDGE_LOOP ( 'NONE', ( #1782, #624, #912, #1346 ) ) ;
#882 = DIRECTION ( 'NONE',  ( -0.000000000000000000, -1.000000000000000000, -0.000000000000000000 ) ) ;
#883 = ORIENTED_EDGE ( 'NONE', *, *, #977, .T. ) ;
#884 = DIRECTION ( 'NONE',  ( -1.387778780781449620E-16, 1.000000000000000000, 0.000000000000000000 ) ) ;
#885 = DIRECTION ( 'NONE',  ( 0.7071067811865451302, 1.226634733346695120E-16, 0.7071067811865500152 ) ) ;
#886 = ORIENTED_EDGE ( 'NONE', *, *, #1149, .F. ) ;
#887 = ORIENTED_EDGE ( 'NONE', *, *, #137, .F. ) ;
#888 = DIRECTION ( 'NONE',  ( -1.000000000000000000, 2.364625268284084345E-16, 0.000000000000000000 ) ) ;
#889 = LINE ( 'NONE', #1657, #272 ) ;
#890 = CARTESIAN_POINT ( 'NONE',  ( -25.39000000000001123, 10.69999999999999574, 16.00000000000000000 ) ) ;
#891 = LINE ( 'NONE', #1285, #194 ) ;
#892 = VECTOR ( 'NONE', #174, 1000.000000000000114 ) ;
#893 = ADVANCED_FACE ( 'NONE', ( #852 ), #661, .F. ) ;
#894 = CARTESIAN_POINT ( 'NONE',  ( -21.39000000000001123, 8.599999999999999645, 12.00000000000000000 ) ) ;
#895 = VERTEX_POINT ( 'NONE', #1056 ) ;
#896 = EDGE_CURVE ( 'NONE', #693, #245, #150, .T. ) ;
#897 = EDGE_CURVE ( 'NONE', #1326, #234, #442, .T. ) ;
#898 = ORIENTED_EDGE ( 'NONE', *, *, #630, .T. ) ;
#899 = DIRECTION ( 'NONE',  ( -1.000000000000000000, 0.000000000000000000, 0.000000000000000000 ) ) ;
#900 = EDGE_CURVE ( 'NONE', #1225, #1567, #2024, .T. ) ;
#901 = LINE ( 'NONE', #2239, #2363 ) ;
#902 = ORIENTED_EDGE ( 'NONE', *, *, #1255, .T. ) ;
#903 = EDGE_LOOP ( 'NONE', ( #2097, #2028, #913, #2003 ) ) ;
#904 = CYLINDRICAL_SURFACE ( 'NONE', #1428, 1.700000000000001954 ) ;
#905 = CARTESIAN_POINT ( 'NONE',  ( -21.39000000000001123, 8.599999999999999645, -13.70000000000000995 ) ) ;
#906 = ORIENTED_EDGE ( 'NONE', *, *, #782, .F. ) ;
#907 = DIRECTION ( 'NONE',  ( -0.7071067811865451302, -1.226634733346695120E-16, -0.7071067811865500152 ) ) ;
#908 = VERTEX_POINT ( 'NONE', #1983 ) ;
#909 = EDGE_CURVE ( 'NONE', #857, #702, #103, .T. ) ;
#910 = CARTESIAN_POINT ( 'NONE',  ( 25.60999999999998877, 8.600000000000006750, -15.25000000000000711 ) ) ;
#911 = FACE_OUTER_BOUND ( 'NONE', #627, .T. ) ;
#912 = ORIENTED_EDGE ( 'NONE', *, *, #2327, .F. ) ;
#913 = ORIENTED_EDGE ( 'NONE', *, *, #1523, .F. ) ;
#914 = ORIENTED_EDGE ( 'NONE', *, *, #1779, .T. ) ;
#915 = CYLINDRICAL_SURFACE ( 'NONE', #2039, 3.000000000000000000 ) ;
#916 = EDGE_CURVE ( 'NONE', #1856, #1170, #1200, .T. ) ;
#917 = VECTOR ( 'NONE', #2073, 1000.000000000000000 ) ;
#918 = LINE ( 'NONE', #2440, #1924 ) ;
#919 = DIRECTION ( 'NONE',  ( -1.000000000000000000, 0.000000000000000000, 0.000000000000000000 ) ) ;
#920 = AXIS2_PLACEMENT_3D ( 'NONE', #2185, #631, #1436 ) ;
#921 = CONICAL_SURFACE ( 'NONE', #107, 1.550000000000000044, 0.05235987755983000091 ) ;
#922 = ORIENTED_EDGE ( 'NONE', *, *, #1869, .T. ) ;
#923 = VECTOR ( 'NONE', #670, 1000.000000000000000 ) ;
#924 = DIRECTION ( 'NONE',  ( 0.000000000000000000, 0.000000000000000000, -1.000000000000000000 ) ) ;
#925 = CARTESIAN_POINT ( 'NONE',  ( 25.60999999999998877, 8.600000000000006750, -13.70000000000000995 ) ) ;
#926 = LINE ( 'NONE', #2290, #1332 ) ;
#927 = ORIENTED_EDGE ( 'NONE', *, *, #1506, .F. ) ;
#928 = EDGE_CURVE ( 'NONE', #1769, #510, #1996, .T. ) ;
#929 = ORIENTED_EDGE ( 'NONE', *, *, #289, .T. ) ;
#930 = ORIENTED_EDGE ( 'NONE', *, *, #1723, .F. ) ;
#931 = DIRECTION ( 'NONE',  ( 0.000000000000000000, 0.000000000000000000, -1.000000000000000000 ) ) ;
#932 = VECTOR ( 'NONE', #633, 1000.000000000000000 ) ;
#933 = DIRECTION ( 'NONE',  ( -1.637774835313044909E-16, -0.05233595624294395260, -0.9986295347545739443 ) ) ;
#934 = ORIENTED_EDGE ( 'NONE', *, *, #2501, .F. ) ;
#935 = DIRECTION ( 'NONE',  ( -1.000000000000000000, -1.836970198721029688E-16, 5.766706768578625266E-17 ) ) ;
#936 = ORIENTED_EDGE ( 'NONE', *, *, #2126, .F. ) ;
#937 = DIRECTION ( 'NONE',  ( -1.000000000000000000, 0.000000000000000000, 0.000000000000000000 ) ) ;
#938 = AXIS2_PLACEMENT_3D ( 'NONE', #700, #2428, #907 ) ;
#939 = CARTESIAN_POINT ( 'NONE',  ( 11.08578643762692728, -7.299999999999998934, -12.32937191272625022 ) ) ;
#940 = DIRECTION ( 'NONE',  ( 0.7071067811865451302, 1.298934084353235368E-16, 0.7071067811865500152 ) ) ;
#941 = EDGE_LOOP ( 'NONE', ( #2141, #1096, #667, #1627 ) ) ;
#942 = ORIENTED_EDGE ( 'NONE', *, *, #1662, .F. ) ;
#943 = CARTESIAN_POINT ( 'NONE',  ( -4.922649730810380042, 0.2000000000000013989, 1.550000000000000266 ) ) ;
#944 = DIRECTION ( 'NONE',  ( 0.000000000000000000, 0.9986295347545739443, -0.05233595624294395260 ) ) ;
#945 = ORIENTED_EDGE ( 'NONE', *, *, #755, .T. ) ;
#946 = DIRECTION ( 'NONE',  ( 0.000000000000000000, 0.000000000000000000, -1.000000000000000000 ) ) ;
#947 = EDGE_CURVE ( 'NONE', #1690, #1798, #636, .T. ) ;
#948 = EDGE_CURVE ( 'NONE', #125, #2182, #1270, .T. ) ;
#949 = CARTESIAN_POINT ( 'NONE',  ( -12.96188021535169277, -46.43513903303121992, -4.000000000000000000 ) ) ;
#950 = CYLINDRICAL_SURFACE ( 'NONE', #1314, 1.700000000000001954 ) ;
#951 = ORIENTED_EDGE ( 'NONE', *, *, #1952, .F. ) ;
#952 = DATE_TIME_ROLE ( 'classification_date' ) ;
#953 = CYLINDRICAL_SURFACE ( 'NONE', #621, 1.700000000000001954 ) ;
#954 = CIRCLE ( 'NONE', #182, 1.700000000000000178 ) ;
#955 = ORIENTED_EDGE ( 'NONE', *, *, #985, .F. ) ;
#956 = CARTESIAN_POINT ( 'NONE',  ( -10.92264973081038093, -7.299999999999966072, -12.32937191272624311 ) ) ;
#957 = AXIS2_PLACEMENT_3D ( 'NONE', #2051, #320, #2066 ) ;
#958 = EDGE_CURVE ( 'NONE', #975, #2016, #1720, .T. ) ;
#959 = CIRCLE ( 'NONE', #146, 2.999999999999999112 ) ;
#960 = ORIENTED_EDGE ( 'NONE', *, *, #1521, .F. ) ;
#961 = ORIENTED_EDGE ( 'NONE', *, *, #1162, .F. ) ;
#962 = AXIS2_PLACEMENT_3D ( 'NONE', #145, #1287, #924 ) ;
#963 = CIRCLE ( 'NONE', #427, 0.6824593720197508206 ) ;
#964 = DIRECTION ( 'NONE',  ( 0.000000000000000000, 1.000000000000000000, 0.000000000000000000 ) ) ;
#965 = LINE ( 'NONE', #577, #1513 ) ;
#966 = ORIENTED_EDGE ( 'NONE', *, *, #2109, .T. ) ;
#967 = APPROVAL_STATUS ( 'not_yet_approved' ) ;
#968 = LINE ( 'NONE', #1693, #2166 ) ;
#969 = CARTESIAN_POINT ( 'NONE',  ( 12.93431457505075954, -0.1514718625761424797, -4.000000000000000000 ) ) ;
#970 = CIRCLE ( 'NONE', #1137, 1.700000000000003508 ) ;
#971 = EDGE_CURVE ( 'NONE', #761, #125, #2380, .T. ) ;
#972 = LINE ( 'NONE', #939, #753 ) ;
#973 = ORIENTED_EDGE ( 'NONE', *, *, #522, .T. ) ;
#974 = LINE ( 'NONE', #2321, #2138 ) ;
#975 = VERTEX_POINT ( 'NONE', #1585 ) ;
#976 = APPROVAL_ROLE ( '' ) ;
#977 = EDGE_CURVE ( 'NONE', #804, #2169, #110, .T. ) ;
#978 = DIRECTION ( 'NONE',  ( -1.834452694906799355E-16, 0.9986295347545739443, 0.05233595624294394566 ) ) ;
#979 = LINE ( 'NONE', #810, #2378 ) ;
#980 = DIRECTION ( 'NONE',  ( -0.000000000000000000, -1.000000000000000000, -0.000000000000000000 ) ) ;
#981 = DIRECTION ( 'NONE',  ( -0.000000000000000000, -0.000000000000000000, -1.000000000000000000 ) ) ;
#982 = CARTESIAN_POINT ( 'NONE',  ( 28.40289321881343199, 11.20000000000000639, 15.50000000000000000 ) ) ;
#983 = ORIENTED_EDGE ( 'NONE', *, *, #630, .F. ) ;
#984 = CARTESIAN_POINT ( 'NONE',  ( -24.39000000000001478, 10.69999999999999574, 16.00000000000000000 ) ) ;
#985 = EDGE_CURVE ( 'NONE', #144, #510, #889, .T. ) ;
#986 = CARTESIAN_POINT ( 'NONE',  ( -11.92264973081038093, 5.200000000000000178, -5.000000000000000000 ) ) ;
#987 = DIRECTION ( 'NONE',  ( 0.000000000000000000, 0.000000000000000000, -1.000000000000000000 ) ) ;
#988 = DIRECTION ( 'NONE',  ( 0.000000000000000000, 0.000000000000000000, -1.000000000000000000 ) ) ;
#989 = ORGANIZATION ( 'UNSPECIFIED', 'UNSPECIFIED', '' ) ;
#990 = AXIS2_PLACEMENT_3D ( 'NONE', #1499, #1463, #734 ) ;
#991 = CARTESIAN_POINT ( 'NONE',  ( 29.60999999999998877, 5.200000000000007283, 14.99999999999999289 ) ) ;
#992 = EDGE_LOOP ( 'NONE', ( #960, #2042, #1059, #489 ) ) ;
#993 = CARTESIAN_POINT ( 'NONE',  ( -10.92264973081037915, -4.820944533000762533, -6.892247547221451498 ) ) ;
#994 = ADVANCED_BREP_SHAPE_REPRESENTATION ( 'bending_die_top', ( #1542, #1747 ), #2362 ) ;
#995 = EDGE_LOOP ( 'NONE', ( #1254, #515, #2017, #1675, #1638 ) ) ;
#996 = CIRCLE ( 'NONE', #2252, 0.5000000000000000000 ) ;
#997 = DATE_AND_TIME ( #1156, #1302 ) ;
#998 = CARTESIAN_POINT ( 'NONE',  ( -4.922649730810380042, 0.2000000000000014266, 1.550000000000000488 ) ) ;
#999 = VECTOR ( 'NONE', #520, 1000.000000000000000 ) ;
#1000 = EDGE_CURVE ( 'NONE', #1615, #1898, #283, .T. ) ;
#1001 = DIRECTION ( 'NONE',  ( -1.836970198721029441E-16, 1.000000000000000000, 0.000000000000000000 ) ) ;
#1002 = CARTESIAN_POINT ( 'NONE',  ( 25.60999999999999233, 8.600000000000006750, 10.29999999999999716 ) ) ;
#1003 = DIRECTION ( 'NONE',  ( -0.000000000000000000, -1.000000000000000000, -0.000000000000000000 ) ) ;
#1004 = DIRECTION ( 'NONE',  ( -1.000000000000000000, 0.000000000000000000, 0.000000000000000000 ) ) ;
#1005 = AXIS2_PLACEMENT_3D ( 'NONE', #1761, #1732, #2112 ) ;
#1006 = EDGE_CURVE ( 'NONE', #423, #1918, #307, .T. ) ;
#1007 = DIRECTION ( 'NONE',  ( -1.000000000000000000, 0.000000000000000000, 8.881784197001252323E-16 ) ) ;
#1008 = ORIENTED_EDGE ( 'NONE', *, *, #2023, .F. ) ;
#1009 = DIRECTION ( 'NONE',  ( -0.000000000000000000, -1.000000000000000000, -0.000000000000000000 ) ) ;
#1010 = VERTEX_POINT ( 'NONE', #1469 ) ;
#1011 = LINE ( 'NONE', #1773, #1999 ) ;
#1012 = DIRECTION ( 'NONE',  ( -0.000000000000000000, -1.000000000000000000, -0.000000000000000000 ) ) ;
#1013 = LINE ( 'NONE', #1423, #1450 ) ;
#1014 = DIRECTION ( 'NONE',  ( 0.000000000000000000, 0.000000000000000000, -1.000000000000000000 ) ) ;
#1015 = DIRECTION ( 'NONE',  ( -1.000000000000000000, -1.836970198721029688E-16, 0.000000000000000000 ) ) ;
#1016 = EDGE_CURVE ( 'NONE', #461, #1947, #918, .T. ) ;
#1017 = EDGE_CURVE ( 'NONE', #234, #2230, #2246, .T. ) ;
#1018 = EDGE_LOOP ( 'NONE', ( #1330, #902, #1437, #2386 ) ) ;
#1019 = DIRECTION ( 'NONE',  ( 0.7071067811865500152, 1.226634733346703255E-16, -0.7071067811865451302 ) ) ;
#1020 = VERTEX_POINT ( 'NONE', #698 ) ;
#1021 = FACE_OUTER_BOUND ( 'NONE', #1121, .T. ) ;
#1022 = ORIENTED_EDGE ( 'NONE', *, *, #1624, .T. ) ;
#1023 = DIRECTION ( 'NONE',  ( 0.000000000000000000, 0.000000000000000000, -1.000000000000000000 ) ) ;
#1024 = FACE_OUTER_BOUND ( 'NONE', #676, .T. ) ;
#1025 = CARTESIAN_POINT ( 'NONE',  ( 2.577350269189627063, -7.299999999999996270, -0.6824593720197503766 ) ) ;
#1026 = LINE ( 'NONE', #1042, #554 ) ;
#1027 = DIRECTION ( 'NONE',  ( -1.809062493752844829E-16, 0.9848077530122072432, 0.1736481776669345500 ) ) ;
#1028 = ORIENTED_EDGE ( 'NONE', *, *, #629, .F. ) ;
#1029 = ADVANCED_FACE ( 'NONE', ( #1081 ), #95, .F. ) ;
#1030 = CIRCLE ( 'NONE', #1793, 1.700000000000003508 ) ;
#1031 = VERTEX_POINT ( 'NONE', #905 ) ;
#1032 = CARTESIAN_POINT ( 'NONE',  ( -19.84144660940665261, 11.19999999999999751, -19.84144660940678406 ) ) ;
#1033 = ORIENTED_EDGE ( 'NONE', *, *, #256, .F. ) ;
#1034 = CARTESIAN_POINT ( 'NONE',  ( -12.67320508075689922, 0.1000000000000000056, 4.000000000000000000 ) ) ;
#1035 = CIRCLE ( 'NONE', #1483, 1.000000000000000888 ) ;
#1036 = PLANE ( 'NONE',  #786 ) ;
#1037 = EDGE_LOOP ( 'NONE', ( #1666, #1993, #1461, #1391 ) ) ;
#1038 = DIRECTION ( 'NONE',  ( -0.000000000000000000, -1.000000000000000000, -0.000000000000000000 ) ) ;
#1039 = AXIS2_PLACEMENT_3D ( 'NONE', #1460, #1671, #1648 ) ;
#1040 = CARTESIAN_POINT ( 'NONE',  ( -9.020562075079402807E-16, 5.200000000000001954, 0.000000000000000000 ) ) ;
#1041 = VECTOR ( 'NONE', #1065, 1000.000000000000000 ) ;
#1042 = CARTESIAN_POINT ( 'NONE',  ( 36.07614816027830784, -23.29330544780377465, 4.000000000000000000 ) ) ;
#1043 = CARTESIAN_POINT ( 'NONE',  ( -21.39000000000001123, 5.199999999999999289, 8.750000000000000000 ) ) ;
#1044 = ORIENTED_EDGE ( 'NONE', *, *, #2244, .F. ) ;
#1045 = DIRECTION ( 'NONE',  ( -1.836970198721029688E-16, 1.000000000000000000, 0.000000000000000000 ) ) ;
#1046 = VECTOR ( 'NONE', #574, 1000.000000000000114 ) ;
#1047 = ORIENTED_EDGE ( 'NONE', *, *, #897, .T. ) ;
#1048 = ORIENTED_EDGE ( 'NONE', *, *, #2189, .T. ) ;
#1049 = ORIENTED_EDGE ( 'NONE', *, *, #324, .T. ) ;
#1050 = CARTESIAN_POINT ( 'NONE',  ( -21.39000000000001123, 5.199999999999999289, -15.25000000000000711 ) ) ;
#1051 = ORIENTED_EDGE ( 'NONE', *, *, #1682, .F. ) ;
#1052 = DIRECTION ( 'NONE',  ( 0.000000000000000000, -2.168404344971008128E-16, 1.000000000000000000 ) ) ;
#1053 = VECTOR ( 'NONE', #1027, 1000.000000000000227 ) ;
#1054 = DIRECTION ( 'NONE',  ( -1.000000000000000000, 0.000000000000000000, 0.000000000000000000 ) ) ;
#1055 = EDGE_CURVE ( 'NONE', #1532, #2047, #963, .T. ) ;
#1056 = CARTESIAN_POINT ( 'NONE',  ( 11.08578643762690064, 0.2000000000000035083, 5.000000000000000000 ) ) ;
#1057 = DIRECTION ( 'NONE',  ( -1.000000000000000000, -1.836970198721029688E-16, 0.000000000000000000 ) ) ;
#1058 = DIRECTION ( 'NONE',  ( -1.836970198721029688E-16, 1.000000000000000000, 0.000000000000000000 ) ) ;
#1059 = ORIENTED_EDGE ( 'NONE', *, *, #2150, .T. ) ;
#1060 = VERTEX_POINT ( 'NONE', #1112 ) ;
#1061 = PLANE ( 'NONE',  #1242 ) ;
#1062 = DIRECTION ( 'NONE',  ( 0.5000000000000047740, -0.7071067811865434649, -0.5000000000000011102 ) ) ;
#1063 = ADVANCED_FACE ( 'NONE', ( #2427 ), #687, .F. ) ;
#1064 = DIRECTION ( 'NONE',  ( 1.000000000000000000, -1.497596003246586686E-15, -3.062395165111390520E-16 ) ) ;
#1065 = DIRECTION ( 'NONE',  ( -0.2810846377148227271, -0.6785983445458516616, 0.6785983445458414476 ) ) ;
#1066 = DIRECTION ( 'NONE',  ( 0.000000000000000000, 0.1736481776669345500, -0.9848077530122072432 ) ) ;
#1067 = EDGE_CURVE ( 'NONE', #1942, #1713, #2456, .T. ) ;
#1068 = VERTEX_POINT ( 'NONE', #1284 ) ;
#1069 = CYLINDRICAL_SURFACE ( 'NONE', #838, 0.5000000000000004441 ) ;
#1070 = ORIENTED_EDGE ( 'NONE', *, *, #2099, .F. ) ;
#1071 = ORIENTED_EDGE ( 'NONE', *, *, #1101, .F. ) ;
#1072 = DIRECTION ( 'NONE',  ( 0.000000000000000000, 0.000000000000000000, -1.000000000000000000 ) ) ;
#1073 = EDGE_LOOP ( 'NONE', ( #951, #2291, #530, #827 ) ) ;
#1074 = PLANE ( 'NONE',  #1951 ) ;
#1075 = VERTEX_POINT ( 'NONE', #2053 ) ;
#1076 = AXIS2_PLACEMENT_3D ( 'NONE', #565, #1172, #1742 ) ;
#1077 = FACE_OUTER_BOUND ( 'NONE', #2312, .T. ) ;
#1078 = EDGE_CURVE ( 'NONE', #2255, #1060, #1891, .T. ) ;
#1079 = DIRECTION ( 'NONE',  ( 1.809062493752844829E-16, -0.9848077530122072432, -0.1736481776669345500 ) ) ;
#1080 = VECTOR ( 'NONE', #2151, 1000.000000000000000 ) ;
#1081 = FACE_OUTER_BOUND ( 'NONE', #1367, .T. ) ;
#1082 = VECTOR ( 'NONE', #2011, 1000.000000000000000 ) ;
#1083 = CC_DESIGN_PERSON_AND_ORGANIZATION_ASSIGNMENT ( #21, #579, ( #1616 ) ) ;
#1084 = ADVANCED_FACE ( 'NONE', ( #863 ), #133, .F. ) ;
#1085 = VECTOR ( 'NONE', #1731, 1000.000000000000000 ) ;
#1086 = VERTEX_POINT ( 'NONE', #1831 ) ;
#1087 = EDGE_CURVE ( 'NONE', #1568, #87, #142, .T. ) ;
#1088 = DIRECTION ( 'NONE',  ( 0.000000000000000000, 0.000000000000000000, -1.000000000000000000 ) ) ;
#1089 = VERTEX_POINT ( 'NONE', #1261 ) ;
#1090 = AXIS2_PLACEMENT_3D ( 'NONE', #2275, #2091, #536 ) ;
#1091 = DIRECTION ( 'NONE',  ( -1.000000000000000000, 0.000000000000000000, 0.000000000000000000 ) ) ;
#1092 = ORIENTED_EDGE ( 'NONE', *, *, #647, .T. ) ;
#1093 = DIRECTION ( 'NONE',  ( -1.000000000000000000, -1.807003620809172660E-16, 1.734723475976805615E-16 ) ) ;
#1094 = EDGE_LOOP ( 'NONE', ( #1377, #762, #2015, #927 ) ) ;
#1095 = ORIENTED_EDGE ( 'NONE', *, *, #1863, .T. ) ;
#1096 = ORIENTED_EDGE ( 'NONE', *, *, #1078, .T. ) ;
#1097 = FACE_OUTER_BOUND ( 'NONE', #678, .T. ) ;
#1098 = DIRECTION ( 'NONE',  ( -1.251928832280968160E-16, -2.168404344971008375E-16, 1.000000000000000000 ) ) ;
#1099 = DIRECTION ( 'NONE',  ( -0.000000000000000000, -1.000000000000000000, -0.000000000000000000 ) ) ;
#1100 = VECTOR ( 'NONE', #44, 1000.000000000000000 ) ;
#1101 = EDGE_CURVE ( 'NONE', #1568, #339, #232, .T. ) ;
#1102 = DIRECTION ( 'NONE',  ( 1.000000000000000000, 1.836970198721029688E-16, 4.336808689942017736E-16 ) ) ;
#1103 = ORIENTED_EDGE ( 'NONE', *, *, #363, .F. ) ;
#1104 = EDGE_CURVE ( 'NONE', #1445, #2303, #2401, .T. ) ;
#1105 = ORIENTED_EDGE ( 'NONE', *, *, #83, .T. ) ;
#1106 = CARTESIAN_POINT ( 'NONE',  ( 12.93431457505075954, -0.1514718625761424797, 4.000000000000000000 ) ) ;
#1107 = CARTESIAN_POINT ( 'NONE',  ( -25.39000000000001123, 11.19999999999999751, 16.00000000000000000 ) ) ;
#1108 = VERTEX_POINT ( 'NONE', #494 ) ;
#1109 = ORIENTED_EDGE ( 'NONE', *, *, #947, .T. ) ;
#1110 = ORIENTED_EDGE ( 'NONE', *, *, #971, .F. ) ;
#1111 = CARTESIAN_POINT ( 'NONE',  ( 25.60999999999999233, 5.200000000000006395, 10.29999999999999893 ) ) ;
#1112 = CARTESIAN_POINT ( 'NONE',  ( 2.577350269189627063, -6.826167978121467250, -1.181774139397037349 ) ) ;
#1113 = ORIENTED_EDGE ( 'NONE', *, *, #711, .T. ) ;
#1114 = FACE_OUTER_BOUND ( 'NONE', #419, .T. ) ;
#1115 = ORIENTED_EDGE ( 'NONE', *, *, #692, .F. ) ;
#1116 = FACE_OUTER_BOUND ( 'NONE', #2382, .T. ) ;
#1117 = EDGE_CURVE ( 'NONE', #1473, #1294, #672, .T. ) ;
#1118 = DIRECTION ( 'NONE',  ( -0.000000000000000000, -1.000000000000000000, -0.000000000000000000 ) ) ;
#1119 = CARTESIAN_POINT ( 'NONE',  ( 2.577350269189625287, 0.2000000000000027867, 0.000000000000000000 ) ) ;
#1120 = ORIENTED_EDGE ( 'NONE', *, *, #1624, .F. ) ;
#1121 = EDGE_LOOP ( 'NONE', ( #1419, #518, #930, #583 ) ) ;
#1122 = AXIS2_PLACEMENT_3D ( 'NONE', #2462, #2450, #199 ) ;
#1123 = DIRECTION ( 'NONE',  ( -0.000000000000000000, -1.000000000000000000, -0.000000000000000000 ) ) ;
#1124 = LINE ( 'NONE', #2294, #1085 ) ;
#1125 = FACE_OUTER_BOUND ( 'NONE', #2240, .T. ) ;
#1126 = VECTOR ( 'NONE', #2388, 1000.000000000000114 ) ;
#1127 = AXIS2_PLACEMENT_3D ( 'NONE', #1032, #1224, #2194 ) ;
#1128 = ORIENTED_EDGE ( 'NONE', *, *, #2055, .F. ) ;
#1129 = AXIS2_PLACEMENT_3D ( 'NONE', #1484, #481, #1066 ) ;
#1130 = DIRECTION ( 'NONE',  ( 0.6785983445458424468, -0.6785983445458517727, -0.2810846377148198405 ) ) ;
#1131 = CARTESIAN_POINT ( 'NONE',  ( -4.922649730810379154, -7.299999999999998046, 0.6824593720197508206 ) ) ;
#1132 = DIRECTION ( 'NONE',  ( 0.6785983445458401153, -0.6785983445458494412, 0.2810846377148311648 ) ) ;
#1133 = ORIENTED_EDGE ( 'NONE', *, *, #580, .T. ) ;
#1134 = VERTEX_POINT ( 'NONE', #295 ) ;
#1135 = EDGE_CURVE ( 'NONE', #866, #2208, #104, .T. ) ;
#1136 = DIRECTION ( 'NONE',  ( -0.000000000000000000, -1.000000000000000000, -0.000000000000000000 ) ) ;
#1137 = AXIS2_PLACEMENT_3D ( 'NONE', #2480, #2104, #1298 ) ;
#1138 = DIRECTION ( 'NONE',  ( -1.000000000000000000, -1.734723475976807341E-16, 1.261617073437677999E-16 ) ) ;
#1139 = EDGE_CURVE ( 'NONE', #1778, #1326, #120, .T. ) ;
#1140 = CARTESIAN_POINT ( 'NONE',  ( 11.08578643762690774, -46.43513903303121992, 5.000000000000000000 ) ) ;
#1141 = CIRCLE ( 'NONE', #2383, 3.000000000000000000 ) ;
#1142 = ORIENTED_EDGE ( 'NONE', *, *, #2224, .F. ) ;
#1143 = CIRCLE ( 'NONE', #2064, 3.249999999999999556 ) ;
#1144 = CARTESIAN_POINT ( 'NONE',  ( 28.60999999999998167, 5.200000000000007283, 15.99999999999999289 ) ) ;
#1145 = DIRECTION ( 'NONE',  ( -0.000000000000000000, -1.000000000000000000, -0.000000000000000000 ) ) ;
#1146 = CARTESIAN_POINT ( 'NONE',  ( -21.94559707276013683, 5.199999999999998401, 3.999999999999998224 ) ) ;
#1147 = ORIENTED_EDGE ( 'NONE', *, *, #799, .T. ) ;
#1148 = PERSON_AND_ORGANIZATION ( #1986, #989 ) ;
#1149 = EDGE_CURVE ( 'NONE', #2182, #2117, #1329, .T. ) ;
#1150 = CARTESIAN_POINT ( 'NONE',  ( -21.94559707276012972, -7.299999999999994493, -4.000000000000001776 ) ) ;
#1151 = ORIENTED_EDGE ( 'NONE', *, *, #862, .F. ) ;
#1152 = CARTESIAN_POINT ( 'NONE',  ( -11.92264973081037915, -1.000000000000000000, 4.000000000000000000 ) ) ;
#1153 = CARTESIAN_POINT ( 'NONE',  ( -25.39000000000001123, 11.19999999999999751, -16.00000000000000000 ) ) ;
#1154 = CYLINDRICAL_SURFACE ( 'NONE', #1386, 1.700000000000001954 ) ;
#1155 = EDGE_LOOP ( 'NONE', ( #433, #1824, #1545, #1128 ) ) ;
#1156 = CALENDAR_DATE ( 2025, 5, 12 ) ;
#1157 = DIRECTION ( 'NONE',  ( -1.000000000000000000, -1.836970198721029688E-16, 0.000000000000000000 ) ) ;
#1158 = CARTESIAN_POINT ( 'NONE',  ( -25.39000000000001123, 5.199999999999998401, -16.00000000000000000 ) ) ;
#1159 = EDGE_CURVE ( 'NONE', #164, #328, #1959, .T. ) ;
#1160 = VECTOR ( 'NONE', #981, 1000.000000000000000 ) ;
#1161 = EDGE_LOOP ( 'NONE', ( #1579, #945, #1618, #463 ) ) ;
#1162 = EDGE_CURVE ( 'NONE', #2197, #245, #1305, .T. ) ;
#1163 = EDGE_CURVE ( 'NONE', #1918, #88, #430, .T. ) ;
#1164 = EDGE_CURVE ( 'NONE', #545, #1307, #1124, .T. ) ;
#1165 = CIRCLE ( 'NONE', #312, 1.700000000000003508 ) ;
#1166 = CARTESIAN_POINT ( 'NONE',  ( -25.39000000000001123, 11.19999999999999751, -16.00000000000000000 ) ) ;
#1167 = ORIENTED_EDGE ( 'NONE', *, *, #2032, .T. ) ;
#1168 = CARTESIAN_POINT ( 'NONE',  ( 28.60999999999998877, 10.70000000000000462, -16.00000000000000711 ) ) ;
#1169 = DIRECTION ( 'NONE',  ( -1.836970198721029688E-16, 1.000000000000000000, 0.000000000000000000 ) ) ;
#1170 = VERTEX_POINT ( 'NONE', #561 ) ;
#1171 = EDGE_CURVE ( 'NONE', #1567, #1690, #968, .T. ) ;
#1172 = DIRECTION ( 'NONE',  ( -1.836970198721029688E-16, 1.000000000000000000, 0.000000000000000000 ) ) ;
#1173 = EDGE_CURVE ( 'NONE', #1225, #1942, #2468, .T. ) ;
#1174 = FACE_OUTER_BOUND ( 'NONE', #106, .T. ) ;
#1175 = ORIENTED_EDGE ( 'NONE', *, *, #2109, .F. ) ;
#1176 = DIRECTION ( 'NONE',  ( 0.000000000000000000, 0.000000000000000000, -1.000000000000000000 ) ) ;
#1177 = CARTESIAN_POINT ( 'NONE',  ( -22.06835073932144198, 14.02164926067861117, -13.62412782678034517 ) ) ;
#1178 = PLANE ( 'NONE',  #1356 ) ;
#1179 = LOCAL_TIME ( 12, 2, 7.000000000000000000, #1347 ) ;
#1180 = EDGE_CURVE ( 'NONE', #1068, #1304, #1203, .T. ) ;
#1181 = DIRECTION ( 'NONE',  ( 1.084202172485499750E-16, -1.084202172485504311E-16, 1.000000000000000000 ) ) ;
#1182 = ORIENTED_EDGE ( 'NONE', *, *, #1913, .T. ) ;
#1183 = ORIENTED_EDGE ( 'NONE', *, *, #296, .T. ) ;
#1184 = FACE_BOUND ( 'NONE', #1645, .T. ) ;
#1185 = VERTEX_POINT ( 'NONE', #1168 ) ;
#1186 = APPROVAL_STATUS ( 'not_yet_approved' ) ;
#1187 = DIRECTION ( 'NONE',  ( -0.000000000000000000, -1.000000000000000000, -0.000000000000000000 ) ) ;
#1188 = LINE ( 'NONE', #795, #432 ) ;
#1189 = CARTESIAN_POINT ( 'NONE',  ( -21.39000000000001123, 5.199999999999999289, -12.00000000000000711 ) ) ;
#1190 = CARTESIAN_POINT ( 'NONE',  ( -21.39000000000001123, 5.199999999999999289, 13.70000000000000284 ) ) ;
#1191 = CIRCLE ( 'NONE', #2157, 1.199999999999999956 ) ;
#1192 = VECTOR ( 'NONE', #2045, 1000.000000000000000 ) ;
#1193 = VECTOR ( 'NONE', #2405, 1000.000000000000000 ) ;
#1194 = CARTESIAN_POINT ( 'NONE',  ( -11.92264973081038093, 5.200000000000000178, -4.000000000000000000 ) ) ;
#1195 = ORIENTED_EDGE ( 'NONE', *, *, #1879, .F. ) ;
#1196 = EDGE_LOOP ( 'NONE', ( #1992, #1728, #2479, #513 ) ) ;
#1197 = CARTESIAN_POINT ( 'NONE',  ( -10.92264973081037205, -45.05881859347591245, 13.98727039043267517 ) ) ;
#1198 = EDGE_LOOP ( 'NONE', ( #2308, #1491, #2065, #1507 ) ) ;
#1199 = EDGE_LOOP ( 'NONE', ( #2503, #1701, #1028, #98 ) ) ;
#1200 = CIRCLE ( 'NONE', #471, 3.249999999999999556 ) ;
#1201 = PRODUCT ( 'bending_die_top', 'bending_die_top', '', ( #1328 ) ) ;
#1202 = CARTESIAN_POINT ( 'NONE',  ( -10.92264973081037205, -46.43513903303121992, -5.000000000000000000 ) ) ;
#1203 = CIRCLE ( 'NONE', #2297, 0.9999999999999904521 ) ;
#1204 = CARTESIAN_POINT ( 'NONE',  ( 2.577350269189626619, -6.799999999999997158, -0.6824593720197503766 ) ) ;
#1205 = CARTESIAN_POINT ( 'NONE',  ( 12.08578643762690774, -46.43513903303121992, 5.000000000000000000 ) ) ;
#1206 = DIRECTION ( 'NONE',  ( 1.000000000000000000, 1.734723475976807341E-16, -1.261617073437677999E-16 ) ) ;
#1207 = DIRECTION ( 'NONE',  ( 0.000000000000000000, 0.000000000000000000, -1.000000000000000000 ) ) ;
#1208 = ADVANCED_FACE ( 'NONE', ( #2110 ), #781, .T. ) ;
#1209 = PLANE ( 'NONE',  #1127 ) ;
#1210 = ORIENTED_EDGE ( 'NONE', *, *, #1806, .F. ) ;
#1211 = ORIENTED_EDGE ( 'NONE', *, *, #2263, .F. ) ;
#1212 = FACE_BOUND ( 'NONE', #568, .T. ) ;
#1213 = ORIENTED_EDGE ( 'NONE', *, *, #1323, .T. ) ;
#1214 = ORIENTED_EDGE ( 'NONE', *, *, #1265, .F. ) ;
#1215 = CIRCLE ( 'NONE', #1531, 1.199999999999999734 ) ;
#1216 = PLANE ( 'NONE',  #1634 ) ;
#1217 = CARTESIAN_POINT ( 'NONE',  ( 25.60999999999999233, 8.600000000000006750, 12.00000000000000000 ) ) ;
#1218 = FACE_BOUND ( 'NONE', #655, .T. ) ;
#1219 = EDGE_CURVE ( 'NONE', #2002, #693, #2121, .T. ) ;
#1220 = CARTESIAN_POINT ( 'NONE',  ( -21.39000000000001123, 8.599999999999999645, -8.750000000000007105 ) ) ;
#1221 = CARTESIAN_POINT ( 'NONE',  ( 25.60999999999999233, 5.200000000000006395, 15.25000000000000000 ) ) ;
#1222 = ORIENTED_EDGE ( 'NONE', *, *, #279, .F. ) ;
#1223 = ORIENTED_EDGE ( 'NONE', *, *, #2394, .T. ) ;
#1224 = DIRECTION ( 'NONE',  ( 0.5000000000000005551, -0.7071067811865445751, 0.5000000000000037748 ) ) ;
#1225 = VERTEX_POINT ( 'NONE', #1150 ) ;
#1226 = CARTESIAN_POINT ( 'NONE',  ( -16.07957166897568868, -5.799999999999989164, 4.000000000000000000 ) ) ;
#1227 = LINE ( 'NONE', #998, #1354 ) ;
#1228 = PLANE ( 'NONE',  #2079 ) ;
#1229 = CARTESIAN_POINT ( 'NONE',  ( -4.922649730810378266, -6.799999999999998934, -0.6824593720197505986 ) ) ;
#1230 = CARTESIAN_POINT ( 'NONE',  ( -10.92264973081038093, 5.200000000000001066, 12.32937191272624489 ) ) ;
#1231 = DIRECTION ( 'NONE',  ( -1.000000000000000000, 2.364625268284083359E-16, -8.386765834394595071E-17 ) ) ;
#1232 = VERTEX_POINT ( 'NONE', #1504 ) ;
#1233 = AXIS2_PLACEMENT_3D ( 'NONE', #2146, #40, #1597 ) ;
#1234 = AXIS2_PLACEMENT_3D ( 'NONE', #697, #1467, #2438 ) ;
#1235 = EDGE_CURVE ( 'NONE', #575, #1086, #1520, .T. ) ;
#1236 = AXIS2_PLACEMENT_3D ( 'NONE', #658, #280, #1052 ) ;
#1237 = CARTESIAN_POINT ( 'NONE',  ( 2.577350269189626619, -6.799999999999997158, 0.6824593720197501545 ) ) ;
#1238 = ORIENTED_EDGE ( 'NONE', *, *, #1016, .F. ) ;
#1239 = ORIENTED_EDGE ( 'NONE', *, *, #1610, .T. ) ;
#1240 = ADVANCED_FACE ( 'NONE', ( #1539 ), #377, .F. ) ;
#1241 = EDGE_LOOP ( 'NONE', ( #572, #2257 ) ) ;
#1242 = AXIS2_PLACEMENT_3D ( 'NONE', #1673, #870, #1637 ) ;
#1243 = LINE ( 'NONE', #848, #187 ) ;
#1244 = VERTEX_POINT ( 'NONE', #1901 ) ;
#1245 = DIRECTION ( 'NONE',  ( -1.836970198721029688E-16, 1.000000000000000000, 0.000000000000000000 ) ) ;
#1246 = AXIS2_PLACEMENT_3D ( 'NONE', #1263, #297, #327 ) ;
#1247 = DIRECTION ( 'NONE',  ( 0.000000000000000000, -1.000000000000000000, 0.000000000000000000 ) ) ;
#1248 = AXIS2_PLACEMENT_3D ( 'NONE', #2202, #453, #2392 ) ;
#1249 = LINE ( 'NONE', #84, #351 ) ;
#1250 = CARTESIAN_POINT ( 'NONE',  ( -10.92264973081038093, -1.000000000000000000, 5.000000000000000000 ) ) ;
#1251 = PLANE ( 'NONE',  #718 ) ;
#1252 = AXIS2_PLACEMENT_3D ( 'NONE', #1494, #2068, #919 ) ;
#1253 = VERTEX_POINT ( 'NONE', #1888 ) ;
#1254 = ORIENTED_EDGE ( 'NONE', *, *, #256, .T. ) ;
#1255 = EDGE_CURVE ( 'NONE', #741, #2241, #2076, .T. ) ;
#1256 = CARTESIAN_POINT ( 'NONE',  ( 25.60999999999999233, 11.20000000000000639, 12.00000000000000000 ) ) ;
#1257 = ADVANCED_FACE ( 'NONE', ( #1316 ), #953, .F. ) ;
#1258 = PLANE ( 'NONE',  #265 ) ;
#1259 = CARTESIAN_POINT ( 'NONE',  ( -10.92264973081037915, -1.000000000000000000, 5.000000000000000000 ) ) ;
#1260 = FACE_OUTER_BOUND ( 'NONE', #1854, .T. ) ;
#1261 = CARTESIAN_POINT ( 'NONE',  ( -10.92264973081038093, 5.200000000000001066, -5.000000000000000000 ) ) ;
#1262 = EDGE_LOOP ( 'NONE', ( #483, #474, #2074, #1273 ) ) ;
#1263 = CARTESIAN_POINT ( 'NONE',  ( 21.32548339959388883, -4.299999999999998934, 4.000000000000000000 ) ) ;
#1264 = ORIENTED_EDGE ( 'NONE', *, *, #573, .F. ) ;
#1265 = EDGE_CURVE ( 'NONE', #664, #2437, #167, .T. ) ;
#1266 = FACE_OUTER_BOUND ( 'NONE', #1462, .T. ) ;
#1267 = DIRECTION ( 'NONE',  ( -1.000000000000000000, -1.836970198721029688E-16, 1.736293957777878212E-16 ) ) ;
#1268 = EDGE_LOOP ( 'NONE', ( #1815, #1722, #288, #588 ) ) ;
#1269 = CARTESIAN_POINT ( 'NONE',  ( -21.39000000000001123, 5.199999999999999289, -12.00000000000000711 ) ) ;
#1270 = LINE ( 'NONE', #1230, #1804 ) ;
#1271 = DIRECTION ( 'NONE',  ( 1.836970198721029688E-16, -1.000000000000000000, -0.000000000000000000 ) ) ;
#1272 = ADVANCED_FACE ( 'NONE', ( #1547 ), #1338, .T. ) ;
#1273 = ORIENTED_EDGE ( 'NONE', *, *, #1527, .F. ) ;
#1274 = DIRECTION ( 'NONE',  ( -1.000000000000000000, -1.836970198721029688E-16, 0.000000000000000000 ) ) ;
#1275 = ORIENTED_EDGE ( 'NONE', *, *, #1779, .F. ) ;
#1276 = CIRCLE ( 'NONE', #1383, 1.700000000000003508 ) ;
#1277 = ORIENTED_EDGE ( 'NONE', *, *, #1972, .T. ) ;
#1278 = LOCAL_TIME ( 12, 2, 7.000000000000000000, #1745 ) ;
#1279 = DIRECTION ( 'NONE',  ( -0.2810846377148237263, 0.6785983445458516616, 0.6785983445458410035 ) ) ;
#1280 = CARTESIAN_POINT ( 'NONE',  ( 28.25644660940671926, 11.20000000000000639, -15.64644660940673759 ) ) ;
#1281 = EDGE_LOOP ( 'NONE', ( #340, #2235 ) ) ;
#1282 = CARTESIAN_POINT ( 'NONE',  ( -4.922649730810378266, -6.826167978121469027, -1.181774139397036016 ) ) ;
#1283 = EDGE_CURVE ( 'NONE', #741, #895, #1427, .T. ) ;
#1284 = CARTESIAN_POINT ( 'NONE',  ( -10.92264973081037205, 5.200000000000000178, 5.000000000000000000 ) ) ;
#1285 = CARTESIAN_POINT ( 'NONE',  ( 28.60999999999998167, 10.70000000000000462, 15.99999999999999289 ) ) ;
#1286 = EDGE_CURVE ( 'NONE', #866, #2044, #414, .T. ) ;
#1287 = DIRECTION ( 'NONE',  ( -0.000000000000000000, -1.000000000000000000, -0.000000000000000000 ) ) ;
#1288 = ORIENTED_EDGE ( 'NONE', *, *, #1342, .T. ) ;
#1289 = APPLICATION_CONTEXT ( 'configuration controlled 3d designs of mechanical parts and assemblies' ) ;
#1290 = VECTOR ( 'NONE', #1517, 1000.000000000000000 ) ;
#1291 = LINE ( 'NONE', #1106, #1678 ) ;
#1292 = ORIENTED_EDGE ( 'NONE', *, *, #948, .T. ) ;
#1293 = CARTESIAN_POINT ( 'NONE',  ( -21.39000000000001123, 11.19999999999999751, 12.00000000000000000 ) ) ;
#1294 = VERTEX_POINT ( 'NONE', #1381 ) ;
#1295 = DIRECTION ( 'NONE',  ( -1.000000000000000000, -2.177267534401672203E-16, 0.000000000000000000 ) ) ;
#1296 = CIRCLE ( 'NONE', #2219, 1.181774139397037349 ) ;
#1297 = DIRECTION ( 'NONE',  ( -1.836970198721029688E-16, 1.000000000000000000, 0.000000000000000000 ) ) ;
#1298 = DIRECTION ( 'NONE',  ( 0.000000000000000000, 0.000000000000000000, -1.000000000000000000 ) ) ;
#1299 = EDGE_CURVE ( 'NONE', #1615, #247, #704, .T. ) ;
#1300 = CARTESIAN_POINT ( 'NONE',  ( 2.577350269189626619, -6.799999999999997158, 0.000000000000000000 ) ) ;
#1301 = DIRECTION ( 'NONE',  ( -1.000000000000000000, -1.836970198721029688E-16, 0.000000000000000000 ) ) ;
#1302 = LOCAL_TIME ( 12, 2, 7.000000000000000000, #775 ) ;
#1303 = DIRECTION ( 'NONE',  ( 1.836970198721029441E-16, -1.000000000000000000, 0.000000000000000000 ) ) ;
#1304 = VERTEX_POINT ( 'NONE', #440 ) ;
#1305 = LINE ( 'NONE', #544, #756 ) ;
#1306 = FACE_OUTER_BOUND ( 'NONE', #2171, .T. ) ;
#1307 = VERTEX_POINT ( 'NONE', #2377 ) ;
#1308 = CARTESIAN_POINT ( 'NONE',  ( 12.08578643762690064, 0.2000000000000045075, 4.000000000000000000 ) ) ;
#1309 = EDGE_CURVE ( 'NONE', #245, #693, #1276, .T. ) ;
#1310 = CARTESIAN_POINT ( 'NONE',  ( 11.08578643762693083, -7.299999999999998934, 12.32937191272624489 ) ) ;
#1311 = ADVANCED_FACE ( 'NONE', ( #1981, #1024 ), #1228, .F. ) ;
#1312 = CARTESIAN_POINT ( 'NONE',  ( -21.39000000000001123, 5.199999999999999289, -15.25000000000000711 ) ) ;
#1313 = ORIENTED_EDGE ( 'NONE', *, *, #1339, .T. ) ;
#1314 = AXIS2_PLACEMENT_3D ( 'NONE', #1687, #566, #2269 ) ;
#1315 = DIRECTION ( 'NONE',  ( 0.000000000000000000, 0.000000000000000000, 1.000000000000000000 ) ) ;
#1316 = FACE_OUTER_BOUND ( 'NONE', #1727, .T. ) ;
#1317 = AXIS2_PLACEMENT_3D ( 'NONE', #290, #964, #188 ) ;
#1318 = LINE ( 'NONE', #1505, #567 ) ;
#1319 = AXIS2_PLACEMENT_3D ( 'NONE', #315, #2061, #329 ) ;
#1320 = AXIS2_PLACEMENT_3D ( 'NONE', #6, #2485, #1543 ) ;
#1321 = VECTOR ( 'NONE', #1847, 1000.000000000000000 ) ;
#1322 = CARTESIAN_POINT ( 'NONE',  ( 22.30500000000009564, 5.200000000000005507, -22.30499999999994287 ) ) ;
#1323 = EDGE_CURVE ( 'NONE', #2241, #1307, #1791, .T. ) ;
#1324 = DIRECTION ( 'NONE',  ( -1.836970198721029688E-16, 1.000000000000000000, -0.000000000000000000 ) ) ;
#1325 = DIRECTION ( 'NONE',  ( -0.000000000000000000, -0.000000000000000000, -1.000000000000000000 ) ) ;
#1326 = VERTEX_POINT ( 'NONE', #984 ) ;
#1327 = VECTOR ( 'NONE', #595, 1000.000000000000000 ) ;
#1328 = MECHANICAL_CONTEXT ( 'NONE', #1289, 'mechanical' ) ;
#1329 = LINE ( 'NONE', #2090, #557 ) ;
#1330 = ORIENTED_EDGE ( 'NONE', *, *, #1283, .F. ) ;
#1331 = FACE_OUTER_BOUND ( 'NONE', #1196, .T. ) ;
#1332 = VECTOR ( 'NONE', #2300, 1000.000000000000000 ) ;
#1333 = CARTESIAN_POINT ( 'NONE',  ( -11.92264973081036317, 0.1999999999999987899, 5.000000000000000000 ) ) ;
#1334 = DIRECTION ( 'NONE',  ( 0.000000000000000000, 1.084202172485504434E-16, -1.000000000000000000 ) ) ;
#1335 = EDGE_CURVE ( 'NONE', #2044, #866, #2318, .T. ) ;
#1336 = ORIENTED_EDGE ( 'NONE', *, *, #1340, .F. ) ;
#1337 = SHAPE_DEFINITION_REPRESENTATION ( #2165, #994 ) ;
#1338 = PLANE ( 'NONE',  #61 ) ;
#1339 = EDGE_CURVE ( 'NONE', #657, #868, #2336, .T. ) ;
#1340 = EDGE_CURVE ( 'NONE', #339, #449, #821, .T. ) ;
#1341 = CARTESIAN_POINT ( 'NONE',  ( 25.60999999999998877, 8.600000000000006750, -12.00000000000000711 ) ) ;
#1342 = EDGE_CURVE ( 'NONE', #1963, #1445, #954, .T. ) ;
#1343 = ORIENTED_EDGE ( 'NONE', *, *, #2243, .T. ) ;
#1344 = DIRECTION ( 'NONE',  ( 1.261617073437677999E-16, 2.317552966102654978E-32, 1.000000000000000000 ) ) ;
#1345 = CARTESIAN_POINT ( 'NONE',  ( 12.08578643762689886, 5.200000000000004619, -4.000000000000000000 ) ) ;
#1346 = ORIENTED_EDGE ( 'NONE', *, *, #445, .F. ) ;
#1347 = COORDINATED_UNIVERSAL_TIME_OFFSET ( 0, 0, .AHEAD. ) ;
#1348 = DIRECTION ( 'NONE',  ( 0.000000000000000000, 0.000000000000000000, -1.000000000000000000 ) ) ;
#1349 = AXIS2_PLACEMENT_3D ( 'NONE', #1293, #1453, #1855 ) ;
#1350 = DIRECTION ( 'NONE',  ( -0.000000000000000000, -1.000000000000000000, -0.000000000000000000 ) ) ;
#1351 = EDGE_CURVE ( 'NONE', #423, #1134, #1471, .T. ) ;
#1352 = ORIENTED_EDGE ( 'NONE', *, *, #1163, .F. ) ;
#1353 = VECTOR ( 'NONE', #153, 1000.000000000000000 ) ;
#1354 = VECTOR ( 'NONE', #263, 1000.000000000000000 ) ;
#1355 = ADVANCED_FACE ( 'NONE', ( #837 ), #617, .T. ) ;
#1356 = AXIS2_PLACEMENT_3D ( 'NONE', #1498, #2329, #987 ) ;
#1357 = AXIS2_PLACEMENT_3D ( 'NONE', #550, #1905, #15 ) ;
#1358 = CARTESIAN_POINT ( 'NONE',  ( 12.08578643762689886, 0.2000000000000057288, -5.000000000000000000 ) ) ;
#1359 = ORIENTED_EDGE ( 'NONE', *, *, #1887, .T. ) ;
#1360 = LINE ( 'NONE', #2357, #400 ) ;
#1361 = LINE ( 'NONE', #1370, #708 ) ;
#1362 = CARTESIAN_POINT ( 'NONE',  ( 25.60999999999999233, 5.200000000000006395, 8.750000000000000000 ) ) ;
#1363 = VECTOR ( 'NONE', #1350, 1000.000000000000000 ) ;
#1364 = CARTESIAN_POINT ( 'NONE',  ( -21.39000000000001123, 5.199999999999999289, 12.00000000000000000 ) ) ;
#1365 = ADVANCED_FACE ( 'NONE', ( #604 ), #1746, .T. ) ;
#1366 = CARTESIAN_POINT ( 'NONE',  ( -2.915434436690455669E-15, -6.982252398663046797E-31, -12.32937191272624666 ) ) ;
#1367 = EDGE_LOOP ( 'NONE', ( #1496, #1696, #1151, #1222 ) ) ;
#1368 = CARTESIAN_POINT ( 'NONE',  ( -4.922649730810380042, 0.2000000000000014266, 1.550000000000000488 ) ) ;
#1369 = ORIENTED_EDGE ( 'NONE', *, *, #1565, .T. ) ;
#1370 = CARTESIAN_POINT ( 'NONE',  ( -24.39000000000000767, 11.19999999999999751, -16.00000000000000000 ) ) ;
#1371 = CARTESIAN_POINT ( 'NONE',  ( -24.89000000000001478, 11.19999999999999751, 14.79289321881345742 ) ) ;
#1372 = FACE_OUTER_BOUND ( 'NONE', #1827, .T. ) ;
#1373 = CYLINDRICAL_SURFACE ( 'NONE', #526, 3.249999999999999556 ) ;
#1374 = LINE ( 'NONE', #1755, #225 ) ;
#1375 = ORIENTED_EDGE ( 'NONE', *, *, #2317, .F. ) ;
#1376 = LINE ( 'NONE', #1544, #359 ) ;
#1377 = ORIENTED_EDGE ( 'NONE', *, *, #1017, .T. ) ;
#1378 = VERTEX_POINT ( 'NONE', #1559 ) ;
#1379 = DIRECTION ( 'NONE',  ( 0.000000000000000000, 0.000000000000000000, -1.000000000000000000 ) ) ;
#1380 = EDGE_CURVE ( 'NONE', #1798, #1225, #594, .T. ) ;
#1381 = CARTESIAN_POINT ( 'NONE',  ( 11.08578643762690064, -0.7916221867996749983, 6.181769303614649935 ) ) ;
#1382 = DIRECTION ( 'NONE',  ( 0.000000000000000000, 0.000000000000000000, -1.000000000000000000 ) ) ;
#1383 = AXIS2_PLACEMENT_3D ( 'NONE', #2186, #1398, #80 ) ;
#1384 = CARTESIAN_POINT ( 'NONE',  ( -25.39000000000001123, 5.199999999999998401, 16.00000000000000000 ) ) ;
#1385 = CARTESIAN_POINT ( 'NONE',  ( -21.39000000000001123, 8.599999999999999645, 10.29999999999999716 ) ) ;
#1386 = AXIS2_PLACEMENT_3D ( 'NONE', #1534, #744, #1511 ) ;
#1387 = AXIS2_PLACEMENT_3D ( 'NONE', #1153, #360, #173 ) ;
#1388 = AXIS2_PLACEMENT_3D ( 'NONE', #458, #2140, #274 ) ;
#1389 = DIRECTION ( 'NONE',  ( 0.000000000000000000, 0.000000000000000000, 1.000000000000000000 ) ) ;
#1390 = ORIENTED_EDGE ( 'NONE', *, *, #1180, .F. ) ;
#1391 = ORIENTED_EDGE ( 'NONE', *, *, #260, .T. ) ;
#1392 = FACE_OUTER_BOUND ( 'NONE', #816, .T. ) ;
#1393 = VERTEX_POINT ( 'NONE', #2361 ) ;
#1394 = VECTOR ( 'NONE', #493, 1000.000000000000114 ) ;
#1395 = EDGE_CURVE ( 'NONE', #503, #1244, #1361, .T. ) ;
#1396 = DIRECTION ( 'NONE',  ( 0.000000000000000000, -0.000000000000000000, 1.000000000000000000 ) ) ;
#1397 = VECTOR ( 'NONE', #367, 1000.000000000000000 ) ;
#1398 = DIRECTION ( 'NONE',  ( -0.000000000000000000, -1.000000000000000000, -0.000000000000000000 ) ) ;
#1399 = FACE_OUTER_BOUND ( 'NONE', #1843, .T. ) ;
#1400 = DIRECTION ( 'NONE',  ( 1.000000000000000000, 0.000000000000000000, 0.000000000000000000 ) ) ;
#1401 = DIRECTION ( 'NONE',  ( 0.7071067811865500152, 1.226634733346703501E-16, -0.7071067811865451302 ) ) ;
#1402 = AXIS2_PLACEMENT_3D ( 'NONE', #986, #1169, #1739 ) ;
#1403 = AXIS2_PLACEMENT_3D ( 'NONE', #2379, #1611, #2022 ) ;
#1404 = DIRECTION ( 'NONE',  ( -1.000000000000000000, 1.497596003246586883E-15, 3.062395165111390520E-16 ) ) ;
#1405 = ORIENTED_EDGE ( 'NONE', *, *, #878, .F. ) ;
#1406 = CARTESIAN_POINT ( 'NONE',  ( -21.39000000000001123, 5.199999999999999289, 15.25000000000000000 ) ) ;
#1407 = VECTOR ( 'NONE', #773, 1000.000000000000000 ) ;
#1408 = CARTESIAN_POINT ( 'NONE',  ( -10.92264973081038271, 5.200000000000001066, -12.32937191272624311 ) ) ;
#1409 = EDGE_CURVE ( 'NONE', #1031, #2303, #1030, .T. ) ;
#1410 = DIRECTION ( 'NONE',  ( 1.000000000000000000, 1.897353801849631034E-16, 0.000000000000000000 ) ) ;
#1411 = DIRECTION ( 'NONE',  ( -1.836970198721029688E-16, 1.000000000000000000, 0.000000000000000000 ) ) ;
#1412 = CARTESIAN_POINT ( 'NONE',  ( -22.27223732105879606, 15.81273138138745971, 10.88726861861261241 ) ) ;
#1413 = ADVANCED_FACE ( 'NONE', ( #1760 ), #1572, .F. ) ;
#1414 = CYLINDRICAL_SURFACE ( 'NONE', #482, 3.249999999999999556 ) ;
#1415 = ORIENTED_EDGE ( 'NONE', *, *, #675, .F. ) ;
#1416 = EDGE_CURVE ( 'NONE', #1060, #2493, #300, .T. ) ;
#1417 = FACE_OUTER_BOUND ( 'NONE', #2487, .T. ) ;
#1418 = ORIENTED_EDGE ( 'NONE', *, *, #2331, .T. ) ;
#1419 = ORIENTED_EDGE ( 'NONE', *, *, #1117, .F. ) ;
#1420 = ORIENTED_EDGE ( 'NONE', *, *, #1897, .T. ) ;
#1421 = CARTESIAN_POINT ( 'NONE',  ( -10.92264973081037205, -46.43513903303121992, -6.181769303614649935 ) ) ;
#1422 = DIRECTION ( 'NONE',  ( -1.261617073437677999E-16, -2.317552966102654978E-32, -1.000000000000000000 ) ) ;
#1423 = CARTESIAN_POINT ( 'NONE',  ( 29.10999999999999588, 11.20000000000000639, 0.000000000000000000 ) ) ;
#1424 = CARTESIAN_POINT ( 'NONE',  ( -11.92264973081037915, -1.000000000000000000, 4.000000000000000000 ) ) ;
#1425 = DIRECTION ( 'NONE',  ( -1.000000000000000000, -2.489157526394480125E-16, -1.717628176092745080E-18 ) ) ;
#1426 = EDGE_CURVE ( 'NONE', #247, #1615, #2115, .T. ) ;
#1427 = CIRCLE ( 'NONE', #1628, 1.000000000000000888 ) ;
#1428 = AXIS2_PLACEMENT_3D ( 'NONE', #1702, #332, #931 ) ;
#1429 = AXIS2_PLACEMENT_3D ( 'NONE', #338, #529, #2106 ) ;
#1430 = EDGE_CURVE ( 'NONE', #1620, #741, #1672, .T. ) ;
#1431 = CARTESIAN_POINT ( 'NONE',  ( 2.577350269189625731, 0.2000000000000027867, -1.550000000000000044 ) ) ;
#1432 = EDGE_LOOP ( 'NONE', ( #1095, #1092 ) ) ;
#1433 = ORIENTED_EDGE ( 'NONE', *, *, #729, .T. ) ;
#1434 = ORIENTED_EDGE ( 'NONE', *, *, #2341, .F. ) ;
#1435 = VECTOR ( 'NONE', #2449, 1000.000000000000000 ) ;
#1436 = DIRECTION ( 'NONE',  ( -1.000000000000000000, 0.000000000000000000, 0.000000000000000000 ) ) ;
#1437 = ORIENTED_EDGE ( 'NONE', *, *, #560, .T. ) ;
#1438 = PLANE ( 'NONE',  #1236 ) ;
#1439 = VERTEX_POINT ( 'NONE', #115 ) ;
#1440 = AXIS2_PLACEMENT_3D ( 'NONE', #1300, #2418, #1274 ) ;
#1441 = PLANE ( 'NONE',  #1762 ) ;
#1442 = AXIS2_PLACEMENT_3D ( 'NONE', #784, #1550, #1612 ) ;
#1443 = DIRECTION ( 'NONE',  ( 4.336808689942017736E-16, 0.000000000000000000, -1.000000000000000000 ) ) ;
#1444 = DIRECTION ( 'NONE',  ( -1.809062493752844829E-16, 0.9848077530122072432, -0.1736481776669345500 ) ) ;
#1445 = VERTEX_POINT ( 'NONE', #1639 ) ;
#1446 = EDGE_CURVE ( 'NONE', #1796, #1778, #2031, .T. ) ;
#1447 = DIRECTION ( 'NONE',  ( -1.000000000000000000, -2.775557561562892830E-16, -4.336808689942017736E-16 ) ) ;
#1448 = EDGE_LOOP ( 'NONE', ( #32, #1474, #1789, #2270 ) ) ;
#1449 = ORIENTED_EDGE ( 'NONE', *, *, #324, .F. ) ;
#1450 = VECTOR ( 'NONE', #685, 1000.000000000000000 ) ;
#1451 = FACE_OUTER_BOUND ( 'NONE', #116, .T. ) ;
#1452 = ADVANCED_FACE ( 'NONE', ( #2021 ), #1074, .F. ) ;
#1453 = DIRECTION ( 'NONE',  ( -0.000000000000000000, -1.000000000000000000, -0.000000000000000000 ) ) ;
#1454 = ORIENTED_EDGE ( 'NONE', *, *, #679, .F. ) ;
#1455 = ORIENTED_EDGE ( 'NONE', *, *, #971, .T. ) ;
#1456 = PLANE ( 'NONE',  #2133 ) ;
#1457 = DIRECTION ( 'NONE',  ( 1.836970198721029441E-16, -1.000000000000000000, 0.000000000000000000 ) ) ;
#1458 = DIRECTION ( 'NONE',  ( -1.836970198721029688E-16, 1.000000000000000000, 0.000000000000000000 ) ) ;
#1459 = ORIENTED_EDGE ( 'NONE', *, *, #1787, .T. ) ;
#1460 = CARTESIAN_POINT ( 'NONE',  ( -18.67764788032900469, -4.299999999999993605, -4.000000000000000888 ) ) ;
#1461 = ORIENTED_EDGE ( 'NONE', *, *, #109, .T. ) ;
#1462 = EDGE_LOOP ( 'NONE', ( #1455, #1292, #642, #1871 ) ) ;
#1463 = DIRECTION ( 'NONE',  ( -0.000000000000000000, -1.000000000000000000, -0.000000000000000000 ) ) ;
#1464 = DIRECTION ( 'NONE',  ( 1.000000000000000000, 1.897353801849631034E-16, 0.000000000000000000 ) ) ;
#1465 = ORIENTED_EDGE ( 'NONE', *, *, #675, .T. ) ;
#1466 = ORIENTED_EDGE ( 'NONE', *, *, #45, .T. ) ;
#1467 = DIRECTION ( 'NONE',  ( 0.000000000000000000, 0.000000000000000000, -1.000000000000000000 ) ) ;
#1468 = EDGE_CURVE ( 'NONE', #1244, #1185, #516, .T. ) ;
#1469 = CARTESIAN_POINT ( 'NONE',  ( 11.08578643762689886, 5.200000000000004619, -5.000000000000000000 ) ) ;
#1470 = CARTESIAN_POINT ( 'NONE',  ( -21.39000000000001123, 5.199999999999999289, 12.00000000000000000 ) ) ;
#1471 = CIRCLE ( 'NONE', #825, 3.249999999999999556 ) ;
#1472 = DIRECTION ( 'NONE',  ( 0.000000000000000000, 0.000000000000000000, -1.000000000000000000 ) ) ;
#1473 = VERTEX_POINT ( 'NONE', #859 ) ;
#1474 = ORIENTED_EDGE ( 'NONE', *, *, #1139, .T. ) ;
#1475 = AXIS2_PLACEMENT_3D ( 'NONE', #1840, #1062, #885 ) ;
#1476 = FACE_OUTER_BOUND ( 'NONE', #1094, .T. ) ;
#1477 = DIRECTION ( 'NONE',  ( -1.000000000000000000, 0.000000000000000000, 1.261617073437677999E-16 ) ) ;
#1478 = ORIENTED_EDGE ( 'NONE', *, *, #755, .F. ) ;
#1479 = ADVANCED_FACE ( 'NONE', ( #911 ), #292, .F. ) ;
#1480 = ORIENTED_EDGE ( 'NONE', *, *, #2227, .F. ) ;
#1481 = VECTOR ( 'NONE', #757, 1000.000000000000000 ) ;
#1482 = DIRECTION ( 'NONE',  ( -1.000000000000000000, 0.000000000000000000, 0.000000000000000000 ) ) ;
#1483 = AXIS2_PLACEMENT_3D ( 'NONE', #1358, #2127, #16 ) ;
#1484 = CARTESIAN_POINT ( 'NONE',  ( 11.08578643762690064, -1.000000000000000000, -5.000000000000000000 ) ) ;
#1485 = DIRECTION ( 'NONE',  ( 0.000000000000000000, 0.000000000000000000, -1.000000000000000000 ) ) ;
#1486 = ORIENTED_EDGE ( 'NONE', *, *, #309, .F. ) ;
#1487 = CARTESIAN_POINT ( 'NONE',  ( 21.32548339959388883, -4.299999999999998046, -4.000000000000000000 ) ) ;
#1488 = EDGE_LOOP ( 'NONE', ( #768, #1313, #1405, #869 ) ) ;
#1489 = LINE ( 'NONE', #138, #549 ) ;
#1490 = FACE_OUTER_BOUND ( 'NONE', #14, .T. ) ;
#1491 = ORIENTED_EDGE ( 'NONE', *, *, #1565, .F. ) ;
#1492 = LINE ( 'NONE', #165, #826 ) ;
#1493 = CARTESIAN_POINT ( 'NONE',  ( 2.577350269189626619, -6.826167978121468138, 0.000000000000000000 ) ) ;
#1494 = CARTESIAN_POINT ( 'NONE',  ( -11.92264973081035428, -46.43513903303121992, 5.000000000000000000 ) ) ;
#1495 = TOROIDAL_SURFACE ( 'NONE', #649, 0.6824593720197505986, 0.5000000000000000000 ) ;
#1496 = ORIENTED_EDGE ( 'NONE', *, *, #1016, .T. ) ;
#1497 = ADVANCED_FACE ( 'NONE', ( #1653 ), #2410, .F. ) ;
#1498 = CARTESIAN_POINT ( 'NONE',  ( 29.10999999999999588, 11.20000000000000639, 0.000000000000000000 ) ) ;
#1499 = CARTESIAN_POINT ( 'NONE',  ( -21.39000000000001123, 5.199999999999999289, -12.00000000000000711 ) ) ;
#1500 = APPROVAL_PERSON_ORGANIZATION ( #1714, #369, #559 ) ;
#1501 = LINE ( 'NONE', #2279, #851 ) ;
#1502 = ORIENTED_EDGE ( 'NONE', *, *, #1904, .T. ) ;
#1503 =( NAMED_UNIT ( * ) PLANE_ANGLE_UNIT ( ) SI_UNIT ( $, .RADIAN. ) );
#1504 = CARTESIAN_POINT ( 'NONE',  ( -11.92264973081037915, 0.2000000000000000111, 4.000000000000000000 ) ) ;
#1505 = CARTESIAN_POINT ( 'NONE',  ( -20.19500000000008910, 5.199999999999999289, 20.19499999999995055 ) ) ;
#1506 = EDGE_CURVE ( 'NONE', #234, #1253, #901, .T. ) ;
#1507 = ORIENTED_EDGE ( 'NONE', *, *, #1468, .F. ) ;
#1508 = PLANE ( 'NONE',  #1357 ) ;
#1509 = EDGE_CURVE ( 'NONE', #1253, #326, #1622, .T. ) ;
#1510 = LINE ( 'NONE', #2499, #2484 ) ;
#1511 = DIRECTION ( 'NONE',  ( 0.000000000000000000, 0.000000000000000000, -1.000000000000000000 ) ) ;
#1512 = ORIENTED_EDGE ( 'NONE', *, *, #2103, .F. ) ;
#1513 = VECTOR ( 'NONE', #1325, 1000.000000000000000 ) ;
#1514 = APPLICATION_PROTOCOL_DEFINITION ( 'international standard', 'config_control_design', 1994, #2192 ) ;
#1515 = DIRECTION ( 'NONE',  ( -1.836970198721029688E-16, 1.000000000000000000, -0.000000000000000000 ) ) ;
#1516 = AXIS2_PLACEMENT_3D ( 'NONE', #2422, #1118, #2433 ) ;
#1517 = DIRECTION ( 'NONE',  ( 0.000000000000000000, 0.000000000000000000, -1.000000000000000000 ) ) ;
#1518 = CIRCLE ( 'NONE', #2000, 1.199999999999999956 ) ;
#1519 = AXIS2_PLACEMENT_3D ( 'NONE', #1830, #267, #1457 ) ;
#1520 = CIRCLE ( 'NONE', #1845, 1.700000000000000178 ) ;
#1521 = EDGE_CURVE ( 'NONE', #339, #164, #2120, .T. ) ;
#1522 = PLANE ( 'NONE',  #1387 ) ;
#1523 = EDGE_CURVE ( 'NONE', #1244, #1852, #2200, .T. ) ;
#1524 = DIRECTION ( 'NONE',  ( -1.000000000000000000, -1.923584499571056310E-16, 0.000000000000000000 ) ) ;
#1525 = ORIENTED_EDGE ( 'NONE', *, *, #380, .F. ) ;
#1526 = COORDINATED_UNIVERSAL_TIME_OFFSET ( 0, 0, .AHEAD. ) ;
#1527 = EDGE_CURVE ( 'NONE', #275, #1927, #1870, .T. ) ;
#1528 = DIRECTION ( 'NONE',  ( 0.000000000000000000, -1.000000000000000000, 0.000000000000000000 ) ) ;
#1529 = ORIENTED_EDGE ( 'NONE', *, *, #2331, .F. ) ;
#1530 = CARTESIAN_POINT ( 'NONE',  ( -25.39000000000001123, 11.19999999999999751, 15.00000000000000000 ) ) ;
#1531 = AXIS2_PLACEMENT_3D ( 'NONE', #1956, #1795, #1004 ) ;
#1532 = VERTEX_POINT ( 'NONE', #683 ) ;
#1533 = FACE_OUTER_BOUND ( 'NONE', #276, .T. ) ;
#1534 = CARTESIAN_POINT ( 'NONE',  ( 25.60999999999998877, 5.200000000000006395, -12.00000000000000711 ) ) ;
#1535 = ORIENTED_EDGE ( 'NONE', *, *, #1446, .T. ) ;
#1536 = ORIENTED_EDGE ( 'NONE', *, *, #1998, .F. ) ;
#1537 = EDGE_CURVE ( 'NONE', #1075, #2470, #499, .T. ) ;
#1538 = CALENDAR_DATE ( 2025, 5, 12 ) ;
#1539 = FACE_OUTER_BOUND ( 'NONE', #1198, .T. ) ;
#1540 = ADVANCED_FACE ( 'NONE', ( #128 ), #828, .T. ) ;
#1541 = DIRECTION ( 'NONE',  ( -1.000000000000000000, 0.000000000000000000, 0.000000000000000000 ) ) ;
#1542 = MANIFOLD_SOLID_BREP ( 'Chamfer1', #222 ) ;
#1543 = DIRECTION ( 'NONE',  ( 0.000000000000000000, 0.000000000000000000, -1.000000000000000000 ) ) ;
#1544 = CARTESIAN_POINT ( 'NONE',  ( 29.60999999999998877, 10.70000000000000817, -14.99999999999999822 ) ) ;
#1545 = ORIENTED_EDGE ( 'NONE', *, *, #1087, .F. ) ;
#1546 = ADVANCED_FACE ( 'NONE', ( #2389 ), #1438, .F. ) ;
#1547 = FACE_OUTER_BOUND ( 'NONE', #1262, .T. ) ;
#1548 = VECTOR ( 'NONE', #533, 1000.000000000000000 ) ;
#1549 = CARTESIAN_POINT ( 'NONE',  ( 11.08578643762693083, -7.299999999999998934, 9.846670806258080333 ) ) ;
#1550 = DIRECTION ( 'NONE',  ( -0.000000000000000000, -1.000000000000000000, -0.000000000000000000 ) ) ;
#1551 = CC_DESIGN_PERSON_AND_ORGANIZATION_ASSIGNMENT ( #1949, #210, ( #535 ) ) ;
#1552 = CIRCLE ( 'NONE', #1587, 1.700000000000000178 ) ;
#1553 = VECTOR ( 'NONE', #1130, 1000.000000000000227 ) ;
#1554 = VECTOR ( 'NONE', #294, 1000.000000000000000 ) ;
#1555 = CARTESIAN_POINT ( 'NONE',  ( 25.60999999999999233, 5.200000000000006395, 12.00000000000000000 ) ) ;
#1556 = ORIENTED_EDGE ( 'NONE', *, *, #560, .F. ) ;
#1557 = DIRECTION ( 'NONE',  ( 1.000000000000000000, 1.836970198721029688E-16, -5.766706768578625266E-17 ) ) ;
#1558 = ORIENTED_EDGE ( 'NONE', *, *, #1521, .T. ) ;
#1559 = CARTESIAN_POINT ( 'NONE',  ( 25.08284271247460495, -7.299999999999997158, -4.000000000000000000 ) ) ;
#1560 = DIRECTION ( 'NONE',  ( 0.000000000000000000, 0.000000000000000000, -1.000000000000000000 ) ) ;
#1561 = CARTESIAN_POINT ( 'NONE',  ( -21.39000000000001123, 8.599999999999999645, 12.00000000000000000 ) ) ;
#1562 = CARTESIAN_POINT ( 'NONE',  ( -18.67764788032900469, -7.299999999999993605, -4.000000000000000000 ) ) ;
#1563 = ADVANCED_FACE ( 'NONE', ( #2213 ), #1258, .F. ) ;
#1564 = VECTOR ( 'NONE', #1425, 1000.000000000000000 ) ;
#1565 = EDGE_CURVE ( 'NONE', #2470, #1852, #2095, .T. ) ;
#1566 = CARTESIAN_POINT ( 'NONE',  ( -24.89000000000001478, 11.19999999999999751, 0.000000000000000000 ) ) ;
#1567 = VERTEX_POINT ( 'NONE', #161 ) ;
#1568 = VERTEX_POINT ( 'NONE', #724 ) ;
#1569 = DIRECTION ( 'NONE',  ( -1.000000000000000000, -1.836970198721029688E-16, 0.000000000000000000 ) ) ;
#1570 = EDGE_LOOP ( 'NONE', ( #200, #736 ) ) ;
#1571 = DIRECTION ( 'NONE',  ( 0.000000000000000000, 0.000000000000000000, -1.000000000000000000 ) ) ;
#1572 = CYLINDRICAL_SURFACE ( 'NONE', #2443, 3.249999999999999556 ) ;
#1573 = LINE ( 'NONE', #2147, #1046 ) ;
#1574 = DIRECTION ( 'NONE',  ( -1.836970198721029688E-16, 1.000000000000000000, 0.000000000000000000 ) ) ;
#1575 = FACE_OUTER_BOUND ( 'NONE', #830, .T. ) ;
#1576 = ADVANCED_FACE ( 'NONE', ( #1490 ), #950, .F. ) ;
#1577 = LINE ( 'NONE', #1566, #591 ) ;
#1578 = VERTEX_POINT ( 'NONE', #735 ) ;
#1579 = ORIENTED_EDGE ( 'NONE', *, *, #2160, .F. ) ;
#1580 = CARTESIAN_POINT ( 'NONE',  ( -1.699847919394105207E-16, 0.7187699221847390074, 5.915446423351530036 ) ) ;
#1581 = ORIENTED_EDGE ( 'NONE', *, *, #1748, .T. ) ;
#1582 = DIRECTION ( 'NONE',  ( 1.836970198721029688E-16, -1.000000000000000000, 0.000000000000000000 ) ) ;
#1583 = DIRECTION ( 'NONE',  ( 2.775557561562892830E-16, -1.000000000000000000, 0.000000000000000000 ) ) ;
#1584 = DIRECTION ( 'NONE',  ( 0.000000000000000000, 0.000000000000000000, -1.000000000000000000 ) ) ;
#1585 = CARTESIAN_POINT ( 'NONE',  ( -21.39000000000001123, 8.599999999999999645, 15.25000000000000000 ) ) ;
#1586 = CARTESIAN_POINT ( 'NONE',  ( -21.39000000000001123, 5.199999999999999289, -12.00000000000000711 ) ) ;
#1587 = AXIS2_PLACEMENT_3D ( 'NONE', #1256, #1608, #1023 ) ;
#1588 = ADVANCED_FACE ( 'NONE', ( #350 ), #415, .T. ) ;
#1589 = VECTOR ( 'NONE', #1019, 1000.000000000000114 ) ;
#1590 = PLANE ( 'NONE',  #1680 ) ;
#1591 = LINE ( 'NONE', #1197, #2419 ) ;
#1592 = ORIENTED_EDGE ( 'NONE', *, *, #457, .T. ) ;
#1593 = AXIS2_PLACEMENT_3D ( 'NONE', #1954, #1574, #937 ) ;
#1594 = EDGE_CURVE ( 'NONE', #707, #1378, #384, .T. ) ;
#1595 = ADVANCED_FACE ( 'NONE', ( #556 ), #2474, .T. ) ;
#1596 = ORIENTED_EDGE ( 'NONE', *, *, #1650, .T. ) ;
#1597 = DIRECTION ( 'NONE',  ( 0.000000000000000000, 0.000000000000000000, -1.000000000000000000 ) ) ;
#1598 = DIRECTION ( 'NONE',  ( 0.000000000000000000, 0.1736481776669345500, 0.9848077530122072432 ) ) ;
#1599 = EDGE_CURVE ( 'NONE', #437, #275, #216, .T. ) ;
#1600 = DIRECTION ( 'NONE',  ( 0.000000000000000000, 0.000000000000000000, -1.000000000000000000 ) ) ;
#1601 = DIRECTION ( 'NONE',  ( -0.000000000000000000, -1.000000000000000000, -0.000000000000000000 ) ) ;
#1602 = ORIENTED_EDGE ( 'NONE', *, *, #2057, .F. ) ;
#1603 = AXIS2_PLACEMENT_3D ( 'NONE', #1848, #1099, #122 ) ;
#1604 = DIRECTION ( 'NONE',  ( -0.000000000000000000, -1.000000000000000000, -0.000000000000000000 ) ) ;
#1605 = ORIENTED_EDGE ( 'NONE', *, *, #928, .T. ) ;
#1606 = PLANE ( 'NONE',  #1934 ) ;
#1607 = CIRCLE ( 'NONE', #2271, 1.199999999999999734 ) ;
#1608 = DIRECTION ( 'NONE',  ( -0.000000000000000000, -1.000000000000000000, -0.000000000000000000 ) ) ;
#1609 = DIRECTION ( 'NONE',  ( 1.000000000000000000, 1.836970198721029688E-16, 0.000000000000000000 ) ) ;
#1610 = EDGE_CURVE ( 'NONE', #1232, #339, #1881, .T. ) ;
#1611 = DIRECTION ( 'NONE',  ( -1.836970198721029688E-16, 1.000000000000000000, 0.000000000000000000 ) ) ;
#1612 = DIRECTION ( 'NONE',  ( 0.000000000000000000, 0.000000000000000000, -1.000000000000000000 ) ) ;
#1613 = CARTESIAN_POINT ( 'NONE',  ( -21.39000000000001123, 5.199999999999999289, 12.00000000000000000 ) ) ;
#1614 = ADVANCED_FACE ( 'NONE', ( #1917 ), #1154, .F. ) ;
#1615 = VERTEX_POINT ( 'NONE', #2310 ) ;
#1616 = SECURITY_CLASSIFICATION ( '', '', #1758 ) ;
#1617 = DIRECTION ( 'NONE',  ( -1.000000000000000000, -1.923584499571056310E-16, 0.000000000000000000 ) ) ;
#1618 = ORIENTED_EDGE ( 'NONE', *, *, #916, .T. ) ;
#1619 = ORIENTED_EDGE ( 'NONE', *, *, #2032, .F. ) ;
#1620 = VERTEX_POINT ( 'NONE', #189 ) ;
#1621 = DIRECTION ( 'NONE',  ( 1.836970198721029688E-16, -1.000000000000000000, 0.000000000000000000 ) ) ;
#1622 = LINE ( 'NONE', #2424, #713 ) ;
#1623 = DIRECTION ( 'NONE',  ( -1.000000000000000000, 0.000000000000000000, 0.000000000000000000 ) ) ;
#1624 = EDGE_CURVE ( 'NONE', #2182, #2496, #965, .T. ) ;
#1625 = CARTESIAN_POINT ( 'NONE',  ( -21.94559707276012972, -7.299999999999994493, -4.000000000000001776 ) ) ;
#1626 = CARTESIAN_POINT ( 'NONE',  ( -11.92264973081037915, -1.000000000000000000, -4.000000000000000000 ) ) ;
#1627 = ORIENTED_EDGE ( 'NONE', *, *, #1599, .F. ) ;
#1628 = AXIS2_PLACEMENT_3D ( 'NONE', #747, #1515, #1410 ) ;
#1629 = LOCAL_TIME ( 12, 2, 7.000000000000000000, #2490 ) ;
#1630 = VECTOR ( 'NONE', #374, 1000.000000000000000 ) ;
#1631 = ORIENTED_EDGE ( 'NONE', *, *, #1426, .T. ) ;
#1632 = CARTESIAN_POINT ( 'NONE',  ( -10.92264973081038093, 5.200000000000001066, 6.181769303614649935 ) ) ;
#1633 = ORIENTED_EDGE ( 'NONE', *, *, #1679, .F. ) ;
#1634 = AXIS2_PLACEMENT_3D ( 'NONE', #1421, #2212, #1582 ) ;
#1635 = ORIENTED_EDGE ( 'NONE', *, *, #1171, .F. ) ;
#1636 = VECTOR ( 'NONE', #1058, 1000.000000000000000 ) ;
#1637 = DIRECTION ( 'NONE',  ( -1.836970198721029688E-16, 1.000000000000000000, 0.000000000000000000 ) ) ;
#1638 = ORIENTED_EDGE ( 'NONE', *, *, #2099, .T. ) ;
#1639 = CARTESIAN_POINT ( 'NONE',  ( -21.39000000000001123, 11.19999999999999751, -10.30000000000000782 ) ) ;
#1640 = CIRCLE ( 'NONE', #2489, 1.700000000000000178 ) ;
#1641 = CYLINDRICAL_SURFACE ( 'NONE', #801, 3.000000000000000000 ) ;
#1642 = VECTOR ( 'NONE', #1658, 1000.000000000000000 ) ;
#1643 = DIRECTION ( 'NONE',  ( -1.836970198721029688E-16, 1.000000000000000000, 0.000000000000000000 ) ) ;
#1644 = CARTESIAN_POINT ( 'NONE',  ( -23.52814190186959564, 12.56185809813043619, 14.22879312454020528 ) ) ;
#1645 = EDGE_LOOP ( 'NONE', ( #1858, #523, #1841, #749, #209 ) ) ;
#1646 = EDGE_LOOP ( 'NONE', ( #2476, #2322, #2328, #1902 ) ) ;
#1647 = ORIENTED_EDGE ( 'NONE', *, *, #1163, .T. ) ;
#1648 = DIRECTION ( 'NONE',  ( 0.000000000000000000, 1.000000000000000000, 2.891205793294678326E-16 ) ) ;
#1649 = ORIENTED_EDGE ( 'NONE', *, *, #457, .F. ) ;
#1650 = EDGE_CURVE ( 'NONE', #562, #1700, #149, .T. ) ;
#1651 = EDGE_LOOP ( 'NONE', ( #1486, #1851, #558, #1449 ) ) ;
#1652 = DIRECTION ( 'NONE',  ( 0.000000000000000000, 0.000000000000000000, 1.000000000000000000 ) ) ;
#1653 = FACE_OUTER_BOUND ( 'NONE', #364, .T. ) ;
#1654 = AXIS2_PLACEMENT_3D ( 'NONE', #643, #248, #1771 ) ;
#1655 = ORIENTED_EDGE ( 'NONE', *, *, #1162, .T. ) ;
#1656 = DIRECTION ( 'NONE',  ( 0.000000000000000000, 0.000000000000000000, -1.000000000000000000 ) ) ;
#1657 = CARTESIAN_POINT ( 'NONE',  ( 11.08578643762690774, -44.85672414017583520, -13.95163568566434442 ) ) ;
#1658 = DIRECTION ( 'NONE',  ( -1.000000000000000000, -1.734723475976807341E-16, 1.261617073437677999E-16 ) ) ;
#1659 = CARTESIAN_POINT ( 'NONE',  ( -21.39000000000001123, 8.599999999999999645, 8.750000000000000000 ) ) ;
#1660 = CARTESIAN_POINT ( 'NONE',  ( 25.60999999999998877, 8.600000000000006750, -10.30000000000000426 ) ) ;
#1661 = ORIENTED_EDGE ( 'NONE', *, *, #958, .F. ) ;
#1662 = EDGE_CURVE ( 'NONE', #2016, #1945, #926, .T. ) ;
#1663 = EDGE_LOOP ( 'NONE', ( #709, #2431, #1655, #750 ) ) ;
#1664 = FACE_OUTER_BOUND ( 'NONE', #1281, .T. ) ;
#1665 = DIRECTION ( 'NONE',  ( 0.2810846377148235598, 0.6785983445458517727, 0.6785983445458408925 ) ) ;
#1666 = ORIENTED_EDGE ( 'NONE', *, *, #1135, .F. ) ;
#1667 = LINE ( 'NONE', #1111, #1878 ) ;
#1668 = DIRECTION ( 'NONE',  ( -1.000000000000000000, 0.000000000000000000, 0.000000000000000000 ) ) ;
#1669 = ORIENTED_EDGE ( 'NONE', *, *, #102, .T. ) ;
#1670 = LINE ( 'NONE', #1140, #2464 ) ;
#1671 = DIRECTION ( 'NONE',  ( 1.251928832280968160E-16, 2.168404344971008375E-16, -1.000000000000000000 ) ) ;
#1672 = CIRCLE ( 'NONE', #262, 1.199999999999999734 ) ;
#1673 = CARTESIAN_POINT ( 'NONE',  ( 11.08578643762690774, -46.43513903303121992, 6.181769303614649935 ) ) ;
#1674 = CARTESIAN_POINT ( 'NONE',  ( 11.08578643762689886, 5.200000000000003730, -5.000000000000000000 ) ) ;
#1675 = ORIENTED_EDGE ( 'NONE', *, *, #444, .T. ) ;
#1676 = ORIENTED_EDGE ( 'NONE', *, *, #2327, .T. ) ;
#1677 = EDGE_LOOP ( 'NONE', ( #385, #1195, #2087, #469 ) ) ;
#1678 = VECTOR ( 'NONE', #1868, 1000.000000000000000 ) ;
#1679 = EDGE_CURVE ( 'NONE', #2459, #702, #1501, .T. ) ;
#1680 = AXIS2_PLACEMENT_3D ( 'NONE', #416, #59, #609 ) ;
#1681 = CARTESIAN_POINT ( 'NONE',  ( 11.08578643762692728, -7.299999999999998934, -12.32937191272625022 ) ) ;
#1682 = EDGE_CURVE ( 'NONE', #1010, #235, #542, .T. ) ;
#1683 = CYLINDRICAL_SURFACE ( 'NONE', #81, 1.700000000000001954 ) ;
#1684 = VERTEX_POINT ( 'NONE', #1312 ) ;
#1685 = CARTESIAN_POINT ( 'NONE',  ( 26.28835073932146216, 14.02164926067857920, -13.62412782678038248 ) ) ;
#1686 = CARTESIAN_POINT ( 'NONE',  ( -21.39000000000001123, 11.19999999999999751, 13.70000000000000107 ) ) ;
#1687 = CARTESIAN_POINT ( 'NONE',  ( 25.60999999999999233, 5.200000000000006395, 12.00000000000000000 ) ) ;
#1688 = EDGE_LOOP ( 'NONE', ( #1418, #64, #1369, #2220, #2280, #287, #1182, #8 ) ) ;
#1689 = ORIENTED_EDGE ( 'NONE', *, *, #1430, .F. ) ;
#1690 = VERTEX_POINT ( 'NONE', #1146 ) ;
#1691 = CARTESIAN_POINT ( 'NONE',  ( 11.08578643762689886, -0.9999999999999954481, 4.999999999999999112 ) ) ;
#1692 = EDGE_CURVE ( 'NONE', #1852, #908, #2502, .T. ) ;
#1693 = CARTESIAN_POINT ( 'NONE',  ( -21.94559707276013327, -7.299999999999996270, 3.999999999999998224 ) ) ;
#1694 = CARTESIAN_POINT ( 'NONE',  ( 25.08284271247460495, 9.184850993605147944E-16, 0.000000000000000000 ) ) ;
#1695 = EDGE_CURVE ( 'NONE', #545, #1700, #1711, .T. ) ;
#1696 = ORIENTED_EDGE ( 'NONE', *, *, #445, .T. ) ;
#1697 = CARTESIAN_POINT ( 'NONE',  ( 25.60999999999998877, 5.200000000000006395, -15.25000000000000711 ) ) ;
#1698 = LINE ( 'NONE', #395, #1481 ) ;
#1699 = CARTESIAN_POINT ( 'NONE',  ( 25.08284271247460495, -7.299999999999998046, 4.000000000000000000 ) ) ;
#1700 = VERTEX_POINT ( 'NONE', #1345 ) ;
#1701 = ORIENTED_EDGE ( 'NONE', *, *, #1067, .T. ) ;
#1702 = CARTESIAN_POINT ( 'NONE',  ( 25.60999999999998877, 5.200000000000006395, -12.00000000000000711 ) ) ;
#1703 = CARTESIAN_POINT ( 'NONE',  ( -4.922649730810380042, 0.2000000000000014266, 1.550000000000000266 ) ) ;
#1704 = ORIENTED_EDGE ( 'NONE', *, *, #12, .F. ) ;
#1705 = ORIENTED_EDGE ( 'NONE', *, *, #371, .T. ) ;
#1706 = DIRECTION ( 'NONE',  ( 0.000000000000000000, 0.000000000000000000, -1.000000000000000000 ) ) ;
#1707 = ADVANCED_FACE ( 'NONE', ( #2118 ), #1495, .T. ) ;
#1708 = EDGE_CURVE ( 'NONE', #1185, #857, #1376, .T. ) ;
#1709 = VECTOR ( 'NONE', #240, 1000.000000000000000 ) ;
#1710 = CYLINDRICAL_SURFACE ( 'NONE', #1320, 3.249999999999999556 ) ;
#1711 = LINE ( 'NONE', #759, #1407 ) ;
#1712 = ORIENTED_EDGE ( 'NONE', *, *, #2178, .T. ) ;
#1713 = VERTEX_POINT ( 'NONE', #448 ) ;
#1714 = PERSON_AND_ORGANIZATION ( #1986, #989 ) ;
#1715 = DIRECTION ( 'NONE',  ( -0.000000000000000000, -1.000000000000000000, -0.000000000000000000 ) ) ;
#1716 = AXIS2_PLACEMENT_3D ( 'NONE', #2359, #1805, #616 ) ;
#1717 = ORIENTED_EDGE ( 'NONE', *, *, #1925, .F. ) ;
#1718 = FACE_OUTER_BOUND ( 'NONE', #140, .T. ) ;
#1719 = VECTOR ( 'NONE', #27, 1000.000000000000114 ) ;
#1720 = CIRCLE ( 'NONE', #2451, 3.249999999999999556 ) ;
#1721 = ORIENTED_EDGE ( 'NONE', *, *, #185, .T. ) ;
#1722 = ORIENTED_EDGE ( 'NONE', *, *, #486, .T. ) ;
#1723 = EDGE_CURVE ( 'NONE', #317, #2225, #1591, .T. ) ;
#1724 = DIRECTION ( 'NONE',  ( -2.775557561562890365E-16, 1.000000000000000000, 0.000000000000000000 ) ) ;
#1725 = CC_DESIGN_PERSON_AND_ORGANIZATION_ASSIGNMENT ( #376, #408, ( #1915 ) ) ;
#1726 = DIRECTION ( 'NONE',  ( -1.836970198721029688E-16, 1.000000000000000000, 0.000000000000000000 ) ) ;
#1727 = EDGE_LOOP ( 'NONE', ( #610, #169, #883, #934 ) ) ;
#1728 = ORIENTED_EDGE ( 'NONE', *, *, #1135, .T. ) ;
#1729 = PERSON_AND_ORGANIZATION_ROLE ( 'design_owner' ) ;
#1730 = CIRCLE ( 'NONE', #238, 3.249999999999999556 ) ;
#1731 = DIRECTION ( 'NONE',  ( 0.000000000000000000, 0.000000000000000000, 1.000000000000000000 ) ) ;
#1732 = DIRECTION ( 'NONE',  ( -1.836970198721029688E-16, 1.000000000000000000, 0.000000000000000000 ) ) ;
#1733 = EDGE_CURVE ( 'NONE', #1378, #1883, #1360, .T. ) ;
#1734 = DIRECTION ( 'NONE',  ( -1.836970198721029688E-16, 1.000000000000000000, 0.000000000000000000 ) ) ;
#1735 = CARTESIAN_POINT ( 'NONE',  ( 12.93431457505076665, -46.43513903303121992, 4.000000000000000000 ) ) ;
#1736 = VERTEX_POINT ( 'NONE', #1406 ) ;
#1737 = DATE_TIME_ROLE ( 'creation_date' ) ;
#1738 = CARTESIAN_POINT ( 'NONE',  ( 25.60999999999999233, 11.20000000000000639, 12.00000000000000000 ) ) ;
#1739 = DIRECTION ( 'NONE',  ( -1.000000000000000000, 0.000000000000000000, 0.000000000000000000 ) ) ;
#1740 = DIRECTION ( 'NONE',  ( -0.000000000000000000, -1.000000000000000000, -0.000000000000000000 ) ) ;
#1741 = ORIENTED_EDGE ( 'NONE', *, *, #896, .F. ) ;
#1742 = DIRECTION ( 'NONE',  ( -1.000000000000000000, -1.923584499571055817E-16, 0.000000000000000000 ) ) ;
#1743 = FACE_OUTER_BOUND ( 'NONE', #780, .T. ) ;
#1744 = ORIENTED_EDGE ( 'NONE', *, *, #2055, .T. ) ;
#1745 = COORDINATED_UNIVERSAL_TIME_OFFSET ( 0, 0, .AHEAD. ) ;
#1746 = PLANE ( 'NONE',  #2441 ) ;
#1747 = AXIS2_PLACEMENT_3D ( 'NONE', #221, #37, #2145 ) ;
#1748 = EDGE_CURVE ( 'NONE', #135, #235, #626, .T. ) ;
#1749 = DIRECTION ( 'NONE',  ( -1.804272083596177251E-16, 0.9986295347545739443, 0.05233595624294395260 ) ) ;
#1750 = DIRECTION ( 'NONE',  ( -0.000000000000000000, -1.000000000000000000, -0.000000000000000000 ) ) ;
#1751 = DIRECTION ( 'NONE',  ( -0.7071067811865460184, 0.7071067811865489050, 0.000000000000000000 ) ) ;
#1752 = EDGE_CURVE ( 'NONE', #664, #2255, #974, .T. ) ;
#1753 = CIRCLE ( 'NONE', #990, 3.249999999999999556 ) ;
#1754 = CIRCLE ( 'NONE', #191, 0.5000000000000000000 ) ;
#1755 = CARTESIAN_POINT ( 'NONE',  ( -10.92264973081038093, -7.299999999999966072, -9.846670806258075004 ) ) ;
#1756 = DIRECTION ( 'NONE',  ( 0.000000000000000000, 0.000000000000000000, -1.000000000000000000 ) ) ;
#1757 = ORIENTED_EDGE ( 'NONE', *, *, #2276, .F. ) ;
#1758 = SECURITY_CLASSIFICATION_LEVEL ( 'unclassified' ) ;
#1759 = CARTESIAN_POINT ( 'NONE',  ( -24.03644660940674527, 11.19999999999999751, 15.64644660940673049 ) ) ;
#1760 = FACE_OUTER_BOUND ( 'NONE', #1884, .T. ) ;
#1761 = CARTESIAN_POINT ( 'NONE',  ( -4.922649730810379154, -6.799999999999998934, 0.000000000000000000 ) ) ;
#1762 = AXIS2_PLACEMENT_3D ( 'NONE', #2399, #2245, #888 ) ;
#1763 = ADVANCED_FACE ( 'NONE', ( #1392 ), #435, .T. ) ;
#1764 = LINE ( 'NONE', #1384, #674 ) ;
#1765 = CARTESIAN_POINT ( 'NONE',  ( 25.60999999999998877, 5.200000000000006395, -8.750000000000007105 ) ) ;
#1766 = AXIS2_PLACEMENT_3D ( 'NONE', #1229, #822, #1584 ) ;
#1767 = VECTOR ( 'NONE', #406, 1000.000000000000000 ) ;
#1768 = LINE ( 'NONE', #217, #1589 ) ;
#1769 = VERTEX_POINT ( 'NONE', #993 ) ;
#1770 = ORIENTED_EDGE ( 'NONE', *, *, #740, .T. ) ;
#1771 = DIRECTION ( 'NONE',  ( 0.000000000000000000, 0.000000000000000000, -1.000000000000000000 ) ) ;
#1772 = ORIENTED_EDGE ( 'NONE', *, *, #354, .T. ) ;
#1773 = CARTESIAN_POINT ( 'NONE',  ( 25.08284271247460495, -7.299999999999998046, 4.000000000000000000 ) ) ;
#1774 = DIRECTION ( 'NONE',  ( -1.836970198721029688E-16, 1.000000000000000000, 0.000000000000000000 ) ) ;
#1775 = CARTESIAN_POINT ( 'NONE',  ( 11.08578643762690064, -4.299999999999998934, -9.846670806258080333 ) ) ;
#1776 = DIRECTION ( 'NONE',  ( -1.000000000000000000, -1.576416845522722814E-16, 0.000000000000000000 ) ) ;
#1777 = CARTESIAN_POINT ( 'NONE',  ( -12.96188021535170165, 5.200000000000000178, 4.000000000000000000 ) ) ;
#1778 = VERTEX_POINT ( 'NONE', #600 ) ;
#1779 = EDGE_CURVE ( 'NONE', #1170, #1856, #1143, .T. ) ;
#1780 = EDGE_CURVE ( 'NONE', #702, #502, #2345, .T. ) ;
#1781 = ADVANCED_FACE ( 'NONE', ( #1212, #1174 ), #1786, .F. ) ;
#1782 = ORIENTED_EDGE ( 'NONE', *, *, #2289, .F. ) ;
#1783 = CARTESIAN_POINT ( 'NONE',  ( -24.39000000000001478, 11.19999999999999751, 16.00000000000000000 ) ) ;
#1784 = VERTEX_POINT ( 'NONE', #208 ) ;
#1785 = ORIENTED_EDGE ( 'NONE', *, *, #1650, .F. ) ;
#1786 = PLANE ( 'NONE',  #2180 ) ;
#1787 = EDGE_CURVE ( 'NONE', #135, #1089, #2143, .T. ) ;
#1788 = VERTEX_POINT ( 'NONE', #1226 ) ;
#1789 = ORIENTED_EDGE ( 'NONE', *, *, #456, .T. ) ;
#1790 = LINE ( 'NONE', #1818, #1955 ) ;
#1791 = LINE ( 'NONE', #211, #2114 ) ;
#1792 = CARTESIAN_POINT ( 'NONE',  ( 11.08578643762693261, -4.299999999999998934, -9.846670806258080333 ) ) ;
#1793 = AXIS2_PLACEMENT_3D ( 'NONE', #410, #1187, #1950 ) ;
#1794 = CARTESIAN_POINT ( 'NONE',  ( 11.08578643762693261, -4.820944533000802501, -6.892247547221461268 ) ) ;
#1795 = DIRECTION ( 'NONE',  ( 0.000000000000000000, 0.000000000000000000, -1.000000000000000000 ) ) ;
#1796 = VERTEX_POINT ( 'NONE', #982 ) ;
#1797 = CIRCLE ( 'NONE', #628, 3.249999999999999556 ) ;
#1798 = VERTEX_POINT ( 'NONE', #1977 ) ;
#1799 = VECTOR ( 'NONE', #2001, 1000.000000000000000 ) ;
#1800 = LINE ( 'NONE', #2385, #1799 ) ;
#1801 = VERTEX_POINT ( 'NONE', #2373 ) ;
#1802 = ADVANCED_FACE ( 'NONE', ( #1743 ), #19, .T. ) ;
#1803 = FACE_OUTER_BOUND ( 'NONE', #1155, .T. ) ;
#1804 = VECTOR ( 'NONE', #841, 1000.000000000000000 ) ;
#1805 = DIRECTION ( 'NONE',  ( -0.7071067811865500152, -1.298934084353244243E-16, 0.7071067811865451302 ) ) ;
#1806 = EDGE_CURVE ( 'NONE', #1378, #545, #2333, .T. ) ;
#1807 = DIRECTION ( 'NONE',  ( 0.000000000000000000, 1.000000000000000000, 0.000000000000000000 ) ) ;
#1808 = FACE_OUTER_BOUND ( 'NONE', #1018, .T. ) ;
#1809 = DIRECTION ( 'NONE',  ( 0.7071067811865460184, -0.7071067811865489050, -0.000000000000000000 ) ) ;
#1810 = CARTESIAN_POINT ( 'NONE',  ( -24.18289321881345799, 11.19999999999999751, -15.50000000000000711 ) ) ;
#1811 = ORIENTED_EDGE ( 'NONE', *, *, #1752, .T. ) ;
#1812 = AXIS2_PLACEMENT_3D ( 'NONE', #1694, #1890, #1875 ) ;
#1813 = FACE_OUTER_BOUND ( 'NONE', #2466, .T. ) ;
#1814 = ORIENTED_EDGE ( 'NONE', *, *, #1733, .T. ) ;
#1815 = ORIENTED_EDGE ( 'NONE', *, *, #1509, .F. ) ;
#1816 = AXIS2_PLACEMENT_3D ( 'NONE', #842, #824, #988 ) ;
#1817 = ADVANCED_FACE ( 'NONE', ( #1184, #236 ), #1946, .T. ) ;
#1818 = CARTESIAN_POINT ( 'NONE',  ( 28.60999999999998877, 11.20000000000000817, -16.00000000000000711 ) ) ;
#1819 = DIRECTION ( 'NONE',  ( 1.000000000000000000, 1.734723475976807341E-16, -1.261617073437677999E-16 ) ) ;
#1820 = PLANE ( 'NONE',  #2335 ) ;
#1821 = DIRECTION ( 'NONE',  ( 0.000000000000000000, 0.000000000000000000, 1.000000000000000000 ) ) ;
#1822 = DIRECTION ( 'NONE',  ( 2.364625268284084345E-16, 4.343746148980583128E-32, 1.000000000000000000 ) ) ;
#1823 = DIRECTION ( 'NONE',  ( -1.000000000000000000, 0.000000000000000000, 0.000000000000000000 ) ) ;
#1824 = ORIENTED_EDGE ( 'NONE', *, *, #2263, .T. ) ;
#1825 = ORIENTED_EDGE ( 'NONE', *, *, #1939, .T. ) ;
#1826 = LINE ( 'NONE', #498, #1435 ) ;
#1827 = EDGE_LOOP ( 'NONE', ( #2020, #1908, #1466, #2355 ) ) ;
#1828 = DIRECTION ( 'NONE',  ( 1.836970198721029441E-16, -1.000000000000000000, 0.000000000000000000 ) ) ;
#1829 = CARTESIAN_POINT ( 'NONE',  ( -10.92264973081037915, -4.299999999999966072, -9.846670806258075004 ) ) ;
#1830 = CARTESIAN_POINT ( 'NONE',  ( -24.39000000000001478, 11.19999999999999751, 16.00000000000000000 ) ) ;
#1831 = CARTESIAN_POINT ( 'NONE',  ( 25.60999999999999233, 11.20000000000000639, 13.70000000000000107 ) ) ;
#1832 = ADVANCED_FACE ( 'NONE', ( #1021 ), #49, .T. ) ;
#1833 = ORIENTED_EDGE ( 'NONE', *, *, #1055, .F. ) ;
#1834 = DIRECTION ( 'NONE',  ( -1.000000000000000000, -1.836970198721029934E-16, 5.766706768578625266E-17 ) ) ;
#1835 = EDGE_LOOP ( 'NONE', ( #2059, #2488, #2078, #929 ) ) ;
#1836 = AXIS2_PLACEMENT_3D ( 'NONE', #114, #1853, #899 ) ;
#1837 = ORIENTED_EDGE ( 'NONE', *, *, #715, .F. ) ;
#1838 = CIRCLE ( 'NONE', #311, 1.700000000000003508 ) ;
#1839 = FACE_OUTER_BOUND ( 'NONE', #992, .T. ) ;
#1840 = CARTESIAN_POINT ( 'NONE',  ( -19.84144660940682314, 11.19999999999999751, 19.84144660940668459 ) ) ;
#1841 = ORIENTED_EDGE ( 'NONE', *, *, #2315, .T. ) ;
#1842 = AXIS2_PLACEMENT_3D ( 'NONE', #1846, #119, #304 ) ;
#1843 = EDGE_LOOP ( 'NONE', ( #1882, #1277, #1008, #1113, #2454, #2026, #2348, #1167 ) ) ;
#1844 = PLANE ( 'NONE',  #2482 ) ;
#1845 = AXIS2_PLACEMENT_3D ( 'NONE', #1738, #2323, #203 ) ;
#1846 = CARTESIAN_POINT ( 'NONE',  ( 25.60999999999999233, 8.600000000000006750, 12.00000000000000000 ) ) ;
#1847 = DIRECTION ( 'NONE',  ( -0.000000000000000000, -1.000000000000000000, -0.000000000000000000 ) ) ;
#1848 = CARTESIAN_POINT ( 'NONE',  ( -21.39000000000001123, 5.199999999999999289, -12.00000000000000711 ) ) ;
#1849 = ADVANCED_FACE ( 'NONE', ( #1803 ), #1606, .T. ) ;
#1850 = CARTESIAN_POINT ( 'NONE',  ( 25.60999999999998877, 8.600000000000006750, -8.750000000000007105 ) ) ;
#1851 = ORIENTED_EDGE ( 'NONE', *, *, #622, .T. ) ;
#1852 = VERTEX_POINT ( 'NONE', #1810 ) ;
#1853 = DIRECTION ( 'NONE',  ( 1.836970198721029688E-16, -1.000000000000000000, -0.000000000000000000 ) ) ;
#1854 = EDGE_LOOP ( 'NONE', ( #291, #1047, #2445, #1619 ) ) ;
#1855 = DIRECTION ( 'NONE',  ( 0.000000000000000000, 0.000000000000000000, -1.000000000000000000 ) ) ;
#1856 = VERTEX_POINT ( 'NONE', #1765 ) ;
#1857 = AXIS2_PLACEMENT_3D ( 'NONE', #1735, #7, #790 ) ;
#1858 = ORIENTED_EDGE ( 'NONE', *, *, #1599, .T. ) ;
#1859 = ORIENTED_EDGE ( 'NONE', *, *, #948, .F. ) ;
#1860 = FACE_OUTER_BOUND ( 'NONE', #2406, .T. ) ;
#1861 = CARTESIAN_POINT ( 'NONE',  ( -21.39000000000001123, 5.199999999999999289, 10.29999999999999893 ) ) ;
#1862 = FACE_OUTER_BOUND ( 'NONE', #273, .T. ) ;
#1863 = EDGE_CURVE ( 'NONE', #2197, #2002, #807, .T. ) ;
#1864 = ORIENTED_EDGE ( 'NONE', *, *, #1173, .F. ) ;
#1865 = CC_DESIGN_APPROVAL ( #1987, ( #535 ) ) ;
#1866 = LINE ( 'NONE', #2221, #2123 ) ;
#1867 = ORIENTED_EDGE ( 'NONE', *, *, #1286, .T. ) ;
#1868 = DIRECTION ( 'NONE',  ( 0.000000000000000000, 0.000000000000000000, -1.000000000000000000 ) ) ;
#1869 = EDGE_CURVE ( 'NONE', #144, #328, #2177, .T. ) ;
#1870 = LINE ( 'NONE', #464, #2444 ) ;
#1871 = ORIENTED_EDGE ( 'NONE', *, *, #363, .T. ) ;
#1872 = ORIENTED_EDGE ( 'NONE', *, *, #2023, .T. ) ;
#1873 = PLANE ( 'NONE',  #957 ) ;
#1874 = CARTESIAN_POINT ( 'NONE',  ( -4.922649730810379154, -7.299999999999998046, 0.000000000000000000 ) ) ;
#1875 = DIRECTION ( 'NONE',  ( -0.000000000000000000, 0.000000000000000000, -1.000000000000000000 ) ) ;
#1876 = ORIENTED_EDGE ( 'NONE', *, *, #1139, .F. ) ;
#1877 = CARTESIAN_POINT ( 'NONE',  ( 11.08578643762690774, -46.43513903303121992, -5.000000000000000000 ) ) ;
#1878 = VECTOR ( 'NONE', #141, 1000.000000000000000 ) ;
#1879 = EDGE_CURVE ( 'NONE', #1473, #2225, #443, .T. ) ;
#1880 = DIRECTION ( 'NONE',  ( -1.836970198721029688E-16, 1.000000000000000000, 0.000000000000000000 ) ) ;
#1881 = LINE ( 'NONE', #361, #1630 ) ;
#1882 = ORIENTED_EDGE ( 'NONE', *, *, #2189, .F. ) ;
#1883 = VERTEX_POINT ( 'NONE', #454 ) ;
#1884 = EDGE_LOOP ( 'NONE', ( #601, #2371, #1647, #1044 ) ) ;
#1885 = CIRCLE ( 'NONE', #1516, 3.249999999999999556 ) ;
#1886 = FACE_OUTER_BOUND ( 'NONE', #1677, .T. ) ;
#1887 = EDGE_CURVE ( 'NONE', #247, #1578, #71, .T. ) ;
#1888 = CARTESIAN_POINT ( 'NONE',  ( -25.39000000000001123, 10.69999999999999751, -15.00000000000000711 ) ) ;
#1889 = ORIENTED_EDGE ( 'NONE', *, *, #2289, .T. ) ;
#1890 = DIRECTION ( 'NONE',  ( 1.000000000000000000, 0.000000000000000000, -0.000000000000000000 ) ) ;
#1891 = CIRCLE ( 'NONE', #793, 1.181774139397037349 ) ;
#1892 = DIRECTION ( 'NONE',  ( -0.000000000000000000, -1.000000000000000000, -0.000000000000000000 ) ) ;
#1893 = AXIS2_PLACEMENT_3D ( 'NONE', #1259, #2391, #1598 ) ;
#1894 = CARTESIAN_POINT ( 'NONE',  ( 2.577350269189626175, 0.2000000000000027867, 1.550000000000000266 ) ) ;
#1895 = DIRECTION ( 'NONE',  ( 0.000000000000000000, 0.000000000000000000, -1.000000000000000000 ) ) ;
#1896 = AXIS2_PLACEMENT_3D ( 'NONE', #1829, #101, #1247 ) ;
#1897 = EDGE_CURVE ( 'NONE', #502, #1020, #2340, .T. ) ;
#1898 = VERTEX_POINT ( 'NONE', #1385 ) ;
#1899 = CYLINDRICAL_SURFACE ( 'NONE', #547, 1.700000000000001954 ) ;
#1900 = VECTOR ( 'NONE', #1401, 1000.000000000000114 ) ;
#1901 = CARTESIAN_POINT ( 'NONE',  ( -24.39000000000000767, 10.69999999999999574, -16.00000000000000000 ) ) ;
#1902 = ORIENTED_EDGE ( 'NONE', *, *, #782, .T. ) ;
#1903 = CARTESIAN_POINT ( 'NONE',  ( -4.922649730810378266, -7.299999999999998046, -0.6824593720197505986 ) ) ;
#1904 = EDGE_CURVE ( 'NONE', #657, #2229, #620, .T. ) ;
#1905 = DIRECTION ( 'NONE',  ( 3.345367454581748542E-17, -0.7071067811865422437, -0.7071067811865527908 ) ) ;
#1906 = PLANE ( 'NONE',  #2324 ) ;
#1907 = CARTESIAN_POINT ( 'NONE',  ( -25.03644660940673816, 11.19999999999999751, -14.64644660940673404 ) ) ;
#1908 = ORIENTED_EDGE ( 'NONE', *, *, #1342, .F. ) ;
#1909 = CALENDAR_DATE ( 2025, 5, 12 ) ;
#1910 = DIRECTION ( 'NONE',  ( 0.000000000000000000, 0.000000000000000000, -1.000000000000000000 ) ) ;
#1911 = ORIENTED_EDGE ( 'NONE', *, *, #1952, .T. ) ;
#1912 = CARTESIAN_POINT ( 'NONE',  ( 2.577350269189626619, -6.826167978121467250, 1.181774139397037349 ) ) ;
#1913 = EDGE_CURVE ( 'NONE', #2205, #1796, #637, .T. ) ;
#1914 = EDGE_LOOP ( 'NONE', ( #898, #2195, #183, #1420 ) ) ;
#1915 = PRODUCT_DEFINITION ( 'UNKNOWN', '', #535, #172 ) ;
#1916 = DIRECTION ( 'NONE',  ( 0.000000000000000000, 0.000000000000000000, -1.000000000000000000 ) ) ;
#1917 = FACE_OUTER_BOUND ( 'NONE', #1663, .T. ) ;
#1918 = VERTEX_POINT ( 'NONE', #1221 ) ;
#1919 = AXIS2_PLACEMENT_3D ( 'NONE', #695, #2398, #1464 ) ;
#1920 = CARTESIAN_POINT ( 'NONE',  ( -3.959744790568961050E-15, 11.20000000000000107, -15.50000000000001066 ) ) ;
#1921 = AXIS2_PLACEMENT_3D ( 'NONE', #1964, #835, #1621 ) ;
#1922 = DIRECTION ( 'NONE',  ( 0.000000000000000000, 0.000000000000000000, -1.000000000000000000 ) ) ;
#1923 = CIRCLE ( 'NONE', #1957, 2.999999999999999112 ) ;
#1924 = VECTOR ( 'NONE', #1822, 1000.000000000000000 ) ;
#1925 = EDGE_CURVE ( 'NONE', #562, #2229, #1215, .T. ) ;
#1926 = FACE_OUTER_BOUND ( 'NONE', #475, .T. ) ;
#1927 = VERTEX_POINT ( 'NONE', #651 ) ;
#1928 = DIRECTION ( 'NONE',  ( -1.836970198721029688E-16, 1.000000000000000000, 0.000000000000000000 ) ) ;
#1929 = ORIENTED_EDGE ( 'NONE', *, *, #2210, .F. ) ;
#1930 = APPROVAL_ROLE ( '' ) ;
#1931 = DIRECTION ( 'NONE',  ( -0.7071067811865490160, -0.7071067811865461294, 0.000000000000000000 ) ) ;
#1932 = CYLINDRICAL_SURFACE ( 'NONE', #728, 1.199999999999999734 ) ;
#1933 = ORIENTED_EDGE ( 'NONE', *, *, #1679, .T. ) ;
#1934 = AXIS2_PLACEMENT_3D ( 'NONE', #1034, #77, #230 ) ;
#1935 = FACE_OUTER_BOUND ( 'NONE', #1835, .T. ) ;
#1936 = ADVANCED_FACE ( 'NONE', ( #29 ), #1414, .F. ) ;
#1937 = DIRECTION ( 'NONE',  ( 0.000000000000000000, 1.000000000000000000, 0.000000000000000000 ) ) ;
#1938 = VERTEX_POINT ( 'NONE', #269 ) ;
#1939 = EDGE_CURVE ( 'NONE', #2496, #2242, #812, .T. ) ;
#1940 = CARTESIAN_POINT ( 'NONE',  ( -21.94559707276013327, 5.199999999999998401, -4.000000000000001776 ) ) ;
#1941 = DIRECTION ( 'NONE',  ( -0.7071067811865500152, -1.226634733346703501E-16, 0.7071067811865451302 ) ) ;
#1942 = VERTEX_POINT ( 'NONE', #1562 ) ;
#1943 = FACE_OUTER_BOUND ( 'NONE', #1646, .T. ) ;
#1944 = CYLINDRICAL_SURFACE ( 'NONE', #1039, 3.000000000000000000 ) ;
#1945 = VERTEX_POINT ( 'NONE', #1043 ) ;
#1946 = PLANE ( 'NONE',  #1654 ) ;
#1947 = VERTEX_POINT ( 'NONE', #429 ) ;
#1948 = EDGE_CURVE ( 'NONE', #1690, #1304, #662, .T. ) ;
#1949 = PERSON_AND_ORGANIZATION ( #1986, #989 ) ;
#1950 = DIRECTION ( 'NONE',  ( 0.000000000000000000, 0.000000000000000000, -1.000000000000000000 ) ) ;
#1951 = AXIS2_PLACEMENT_3D ( 'NONE', #1107, #1422, #1477 ) ;
#1952 = EDGE_CURVE ( 'NONE', #1938, #1393, #1970, .T. ) ;
#1953 = LINE ( 'NONE', #1177, #394 ) ;
#1954 = CARTESIAN_POINT ( 'NONE',  ( 12.08578643762689886, 5.200000000000004619, -5.000000000000000000 ) ) ;
#1955 = VECTOR ( 'NONE', #1980, 1000.000000000000000 ) ;
#1956 = CARTESIAN_POINT ( 'NONE',  ( 12.08578643762690064, -1.000000000000000000, -4.000000000000000000 ) ) ;
#1957 = AXIS2_PLACEMENT_3D ( 'NONE', #1487, #525, #1823 ) ;
#1958 = AXIS2_PLACEMENT_3D ( 'NONE', #776, #1157, #1528 ) ;
#1959 = CIRCLE ( 'NONE', #1958, 1.199999999999999956 ) ;
#1960 = PLANE ( 'NONE',  #387 ) ;
#1961 = ORIENTED_EDGE ( 'NONE', *, *, #1869, .F. ) ;
#1962 = DIRECTION ( 'NONE',  ( 0.000000000000000000, -0.000000000000000000, 1.000000000000000000 ) ) ;
#1963 = VERTEX_POINT ( 'NONE', #2367 ) ;
#1964 = CARTESIAN_POINT ( 'NONE',  ( -10.92264973081037205, -46.43513903303121992, 6.181769303614649935 ) ) ;
#1965 = ADVANCED_FACE ( 'NONE', ( #1575 ), #1373, .F. ) ;
#1966 = CARTESIAN_POINT ( 'NONE',  ( -19.69000000000000483, 8.599999999999999645, 12.00000000000000000 ) ) ;
#1967 = CIRCLE ( 'NONE', #1402, 1.000000000000000888 ) ;
#1968 = DIRECTION ( 'NONE',  ( 1.000000000000000000, 1.836970198721029688E-16, -1.736293957777878705E-16 ) ) ;
#1969 = FACE_BOUND ( 'NONE', #2465, .T. ) ;
#1970 = LINE ( 'NONE', #607, #2222 ) ;
#1971 = ORIENTED_EDGE ( 'NONE', *, *, #1219, .T. ) ;
#1972 = EDGE_CURVE ( 'NONE', #326, #503, #2149, .T. ) ;
#1973 = VECTOR ( 'NONE', #2129, 1000.000000000000000 ) ;
#1974 = VECTOR ( 'NONE', #1485, 1000.000000000000000 ) ;
#1975 = CARTESIAN_POINT ( 'NONE',  ( -24.39000000000001478, 5.199999999999998401, 16.00000000000000000 ) ) ;
#1976 = ORIENTED_EDGE ( 'NONE', *, *, #2243, .F. ) ;
#1977 = CARTESIAN_POINT ( 'NONE',  ( -21.94559707276013327, 5.199999999999998401, -4.000000000000001776 ) ) ;
#1978 = ORIENTED_EDGE ( 'NONE', *, *, #12, .T. ) ;
#1979 = EDGE_LOOP ( 'NONE', ( #2012, #1070, #163, #485 ) ) ;
#1980 = DIRECTION ( 'NONE',  ( 1.836970198721029441E-16, -1.000000000000000000, 0.000000000000000000 ) ) ;
#1981 = FACE_BOUND ( 'NONE', #880, .T. ) ;
#1982 = DIRECTION ( 'NONE',  ( -1.836970198721029688E-16, 1.000000000000000000, 0.000000000000000000 ) ) ;
#1983 = CARTESIAN_POINT ( 'NONE',  ( -24.89000000000001478, 11.19999999999999751, -14.79289321881345387 ) ) ;
#1984 = DIRECTION ( 'NONE',  ( -0.000000000000000000, -1.000000000000000000, -0.000000000000000000 ) ) ;
#1985 = EDGE_CURVE ( 'NONE', #1769, #328, #2393, .T. ) ;
#1986 = PERSON ( 'UNSPECIFIED', 'UNSPECIFIED', 'UNSPECIFIED', ('UNSPECIFIED'), ('UNSPECIFIED'), ('UNSPECIFIED') ) ;
#1987 = APPROVAL ( #1186, 'UNSPECIFIED' ) ;
#1988 = ORIENTED_EDGE ( 'NONE', *, *, #1395, .T. ) ;
#1989 = CARTESIAN_POINT ( 'NONE',  ( 2.577350269189625287, 0.2000000000000027867, 0.000000000000000000 ) ) ;
#1990 = EDGE_LOOP ( 'NONE', ( #2295, #1911, #2396, #1525 ) ) ;
#1991 = DIRECTION ( 'NONE',  ( 1.809062493752844829E-16, -0.9848077530122072432, 0.1736481776669345500 ) ) ;
#1992 = ORIENTED_EDGE ( 'NONE', *, *, #1286, .F. ) ;
#1993 = ORIENTED_EDGE ( 'NONE', *, *, #1335, .F. ) ;
#1994 = DIRECTION ( 'NONE',  ( 1.000000000000000000, 1.213343112475989827E-16, 0.000000000000000000 ) ) ;
#1995 = CARTESIAN_POINT ( 'NONE',  ( -16.07957166897570289, -5.799999999999989164, -4.000000000000000000 ) ) ;
#1996 = LINE ( 'NONE', #1794, #923 ) ;
#1997 = DIRECTION ( 'NONE',  ( 1.000000000000000000, -2.364625268284084345E-16, 8.386765834394592606E-17 ) ) ;
#1998 = EDGE_CURVE ( 'NONE', #317, #460, #1607, .T. ) ;
#1999 = VECTOR ( 'NONE', #2397, 1000.000000000000000 ) ;
#2000 = AXIS2_PLACEMENT_3D ( 'NONE', #495, #2395, #663 ) ;
#2001 = DIRECTION ( 'NONE',  ( 1.000000000000000000, 2.168150275811940252E-16, 0.000000000000000000 ) ) ;
#2002 = VERTEX_POINT ( 'NONE', #2283 ) ;
#2003 = ORIENTED_EDGE ( 'NONE', *, *, #486, .F. ) ;
#2004 = ORIENTED_EDGE ( 'NONE', *, *, #1948, .F. ) ;
#2005 = AXIS2_PLACEMENT_3D ( 'NONE', #2414, #1458, #1057 ) ;
#2006 = CARTESIAN_POINT ( 'NONE',  ( -18.67764788032900469, -4.299999999999995381, 3.999999999999999112 ) ) ;
#2007 = ORIENTED_EDGE ( 'NONE', *, *, #1780, .F. ) ;
#2008 = DIRECTION ( 'NONE',  ( -1.000000000000000000, -1.923584499571055817E-16, 0.000000000000000000 ) ) ;
#2009 = DIRECTION ( 'NONE',  ( 0.000000000000000000, -0.000000000000000000, 1.000000000000000000 ) ) ;
#2010 = CARTESIAN_POINT ( 'NONE',  ( 12.08578643762690774, -46.43513903303121992, -5.000000000000000000 ) ) ;
#2011 = DIRECTION ( 'NONE',  ( -0.000000000000000000, -1.000000000000000000, -0.000000000000000000 ) ) ;
#2012 = ORIENTED_EDGE ( 'NONE', *, *, #740, .F. ) ;
#2013 = AXIS2_PLACEMENT_3D ( 'NONE', #391, #2135, #1382 ) ;
#2014 = FACE_OUTER_BOUND ( 'NONE', #1979, .T. ) ;
#2015 = ORIENTED_EDGE ( 'NONE', *, *, #2174, .F. ) ;
#2016 = VERTEX_POINT ( 'NONE', #1659 ) ;
#2017 = ORIENTED_EDGE ( 'NONE', *, *, #2317, .T. ) ;
#2018 = ADVANCED_FACE ( 'NONE', ( #1125 ), #2469, .F. ) ;
#2019 = PLANE ( 'NONE',  #1317 ) ;
#2020 = ORIENTED_EDGE ( 'NONE', *, *, #1104, .F. ) ;
#2021 = FACE_OUTER_BOUND ( 'NONE', #1448, .T. ) ;
#2022 = DIRECTION ( 'NONE',  ( -1.000000000000000000, -1.923584499571055817E-16, 0.000000000000000000 ) ) ;
#2023 = EDGE_CURVE ( 'NONE', #1108, #503, #334, .T. ) ;
#2024 = LINE ( 'NONE', #1625, #1554 ) ;
#2025 = CARTESIAN_POINT ( 'NONE',  ( -21.39000000000001123, 5.199999999999999289, -10.30000000000000604 ) ) ;
#2026 = ORIENTED_EDGE ( 'NONE', *, *, #2227, .T. ) ;
#2027 = CARTESIAN_POINT ( 'NONE',  ( -4.922649730810379154, -6.799999999999998934, 0.6824593720197508206 ) ) ;
#2028 = ORIENTED_EDGE ( 'NONE', *, *, #1692, .F. ) ;
#2029 = ORIENTED_EDGE ( 'NONE', *, *, #2501, .T. ) ;
#2030 = PLANE ( 'NONE',  #1319 ) ;
#2031 = LINE ( 'NONE', #706, #506 ) ;
#2032 = EDGE_CURVE ( 'NONE', #496, #1801, #1318, .T. ) ;
#2033 = ORIENTED_EDGE ( 'NONE', *, *, #501, .F. ) ;
#2034 = DIRECTION ( 'NONE',  ( 0.000000000000000000, 0.000000000000000000, -1.000000000000000000 ) ) ;
#2035 = DIRECTION ( 'NONE',  ( -0.000000000000000000, -1.000000000000000000, -0.000000000000000000 ) ) ;
#2036 = CARTESIAN_POINT ( 'NONE',  ( 11.08578643762690774, -45.05881859347591245, 13.98727039043267517 ) ) ;
#2037 = VECTOR ( 'NONE', #978, 1000.000000000000000 ) ;
#2038 = AXIS2_PLACEMENT_3D ( 'NONE', #252, #451, #2156 ) ;
#2039 = AXIS2_PLACEMENT_3D ( 'NONE', #712, #504, #519 ) ;
#2040 = EDGE_LOOP ( 'NONE', ( #1988, #846, #1978, #1872 ) ) ;
#2041 = LINE ( 'NONE', #2070, #26 ) ;
#2042 = ORIENTED_EDGE ( 'NONE', *, *, #1340, .T. ) ;
#2043 = VECTOR ( 'NONE', #1724, 1000.000000000000000 ) ;
#2044 = VERTEX_POINT ( 'NONE', #716 ) ;
#2045 = DIRECTION ( 'NONE',  ( 2.775557561562890365E-16, -1.000000000000000000, 0.000000000000000000 ) ) ;
#2046 = CARTESIAN_POINT ( 'NONE',  ( 12.08578643762690064, -1.000000000000000000, 4.000000000000000000 ) ) ;
#2047 = VERTEX_POINT ( 'NONE', #1903 ) ;
#2048 = VECTOR ( 'NONE', #1443, 1000.000000000000000 ) ;
#2049 = ORIENTED_EDGE ( 'NONE', *, *, #896, .T. ) ;
#2050 = EDGE_LOOP ( 'NONE', ( #310, #1465, #2209, #2358 ) ) ;
#2051 = CARTESIAN_POINT ( 'NONE',  ( 29.60999999999998877, 11.20000000000000817, -16.00000000000000711 ) ) ;
#2052 = EDGE_CURVE ( 'NONE', #895, #1784, #1670, .T. ) ;
#2053 = CARTESIAN_POINT ( 'NONE',  ( 29.10999999999999588, 11.20000000000000639, -14.79289321881345742 ) ) ;
#2054 = DIRECTION ( 'NONE',  ( -0.7071067811865500152, -1.226634733346703255E-16, 0.7071067811865451302 ) ) ;
#2055 = EDGE_CURVE ( 'NONE', #2267, #1568, #2457, .T. ) ;
#2056 = ADVANCED_FACE ( 'NONE', ( #1114 ), #2077, .F. ) ;
#2057 = EDGE_CURVE ( 'NONE', #87, #1942, #162, .T. ) ;
#2058 = CARTESIAN_POINT ( 'NONE',  ( 19.20416305603424334, -6.421320343559636434, -4.000000000000000000 ) ) ;
#2059 = ORIENTED_EDGE ( 'NONE', *, *, #1006, .F. ) ;
#2060 = CIRCLE ( 'NONE', #769, 3.000000000000000000 ) ;
#2061 = DIRECTION ( 'NONE',  ( 0.000000000000000000, 0.000000000000000000, 1.000000000000000000 ) ) ;
#2062 = DIRECTION ( 'NONE',  ( -0.000000000000000000, -1.000000000000000000, -0.000000000000000000 ) ) ;
#2063 = ORIENTED_EDGE ( 'NONE', *, *, #1409, .F. ) ;
#2064 = AXIS2_PLACEMENT_3D ( 'NONE', #818, #1009, #1756 ) ;
#2065 = ORIENTED_EDGE ( 'NONE', *, *, #185, .F. ) ;
#2066 = DIRECTION ( 'NONE',  ( 1.836970198721029441E-16, -1.000000000000000000, 0.000000000000000000 ) ) ;
#2067 = DIRECTION ( 'NONE',  ( -0.000000000000000000, 0.000000000000000000, -1.000000000000000000 ) ) ;
#2068 = DIRECTION ( 'NONE',  ( -1.836970198721029688E-16, 1.000000000000000000, 0.000000000000000000 ) ) ;
#2069 = ADVANCED_FACE ( 'NONE', ( #170 ), #2442, .T. ) ;
#2070 = CARTESIAN_POINT ( 'NONE',  ( -21.94559707276013327, -7.299999999999996270, 3.999999999999998224 ) ) ;
#2071 = ADVANCED_FACE ( 'NONE', ( #2262 ), #155, .F. ) ;
#2072 = CARTESIAN_POINT ( 'NONE',  ( -25.39000000000001123, 10.69999999999999751, 15.00000000000000000 ) ) ;
#2073 = DIRECTION ( 'NONE',  ( -1.000000000000000000, -1.734723475976807341E-16, 1.261617073437677999E-16 ) ) ;
#2074 = ORIENTED_EDGE ( 'NONE', *, *, #380, .T. ) ;
#2075 = CYLINDRICAL_SURFACE ( 'NONE', #1234, 1.199999999999999734 ) ;
#2076 = LINE ( 'NONE', #2314, #1353 ) ;
#2077 = PLANE ( 'NONE',  #938 ) ;
#2078 = ORIENTED_EDGE ( 'NONE', *, *, #2244, .T. ) ;
#2079 = AXIS2_PLACEMENT_3D ( 'NONE', #1966, #1807, #2134 ) ;
#2080 = LINE ( 'NONE', #2286, #2256 ) ;
#2081 = ADVANCED_FACE ( 'NONE', ( #1306 ), #1683, .F. ) ;
#2082 = VECTOR ( 'NONE', #1819, 1000.000000000000000 ) ;
#2083 = CARTESIAN_POINT ( 'NONE',  ( 2.577350269189626619, -7.299999999999996270, 0.6824593720197505986 ) ) ;
#2084 = CARTESIAN_POINT ( 'NONE',  ( 12.08578643762690774, -46.43513903303121992, -4.000000000000000000 ) ) ;
#2085 = ORIENTED_EDGE ( 'NONE', *, *, #1708, .F. ) ;
#2086 = ORIENTED_EDGE ( 'NONE', *, *, #1426, .F. ) ;
#2087 = ORIENTED_EDGE ( 'NONE', *, *, #2287, .F. ) ;
#2088 = CIRCLE ( 'NONE', #834, 3.000000000000000000 ) ;
#2089 = CARTESIAN_POINT ( 'NONE',  ( 25.60999999999999233, 8.600000000000006750, 12.00000000000000000 ) ) ;
#2090 = CARTESIAN_POINT ( 'NONE',  ( -10.92264973081037738, -7.299999999999993605, 12.32937191272624489 ) ) ;
#2091 = DIRECTION ( 'NONE',  ( -0.000000000000000000, 0.000000000000000000, -1.000000000000000000 ) ) ;
#2092 = AXIS2_PLACEMENT_3D ( 'NONE', #1626, #2067, #534 ) ;
#2093 = DIRECTION ( 'NONE',  ( 0.000000000000000000, 0.000000000000000000, -1.000000000000000000 ) ) ;
#2094 = CARTESIAN_POINT ( 'NONE',  ( -10.92264973081037915, -0.7916221867996799944, -6.181769303614649935 ) ) ;
#2095 = LINE ( 'NONE', #2486, #917 ) ;
#2096 = ORIENTED_EDGE ( 'NONE', *, *, #231, .T. ) ;
#2097 = ORIENTED_EDGE ( 'NONE', *, *, #2174, .T. ) ;
#2098 = ORIENTED_EDGE ( 'NONE', *, *, #1985, .F. ) ;
#2099 = EDGE_CURVE ( 'NONE', #398, #434, #546, .T. ) ;
#2100 = DATE_AND_TIME ( #201, #1278 ) ;
#2101 = VECTOR ( 'NONE', #1601, 1000.000000000000000 ) ;
#2102 = DIRECTION ( 'NONE',  ( 1.000000000000000000, -2.364625268284084345E-16, 0.000000000000000000 ) ) ;
#2103 = EDGE_CURVE ( 'NONE', #2169, #804, #970, .T. ) ;
#2104 = DIRECTION ( 'NONE',  ( -0.000000000000000000, -1.000000000000000000, -0.000000000000000000 ) ) ;
#2105 = FACE_OUTER_BOUND ( 'NONE', #2040, .T. ) ;
#2106 = DIRECTION ( 'NONE',  ( -1.000000000000000000, -2.391745991915099767E-16, 0.000000000000000000 ) ) ;
#2107 = ORIENTED_EDGE ( 'NONE', *, *, #2237, .F. ) ;
#2108 = ORIENTED_EDGE ( 'NONE', *, *, #1101, .T. ) ;
#2109 = EDGE_CURVE ( 'NONE', #761, #1784, #2248, .T. ) ;
#2110 = FACE_OUTER_BOUND ( 'NONE', #1488, .T. ) ;
#2111 = ORIENTED_EDGE ( 'NONE', *, *, #1708, .T. ) ;
#2112 = DIRECTION ( 'NONE',  ( -1.000000000000000000, -1.836970198721029688E-16, 0.000000000000000000 ) ) ;
#2113 = ORIENTED_EDGE ( 'NONE', *, *, #1594, .T. ) ;
#2114 = VECTOR ( 'NONE', #1994, 1000.000000000000000 ) ;
#2115 = CIRCLE ( 'NONE', #1349, 1.700000000000000178 ) ;
#2116 = CARTESIAN_POINT ( 'NONE',  ( -25.39000000000001123, 5.199999999999998401, -15.00000000000000711 ) ) ;
#2117 = VERTEX_POINT ( 'NONE', #2296 ) ;
#2118 = FACE_OUTER_BOUND ( 'NONE', #249, .T. ) ;
#2119 = ORIENTED_EDGE ( 'NONE', *, *, #1159, .F. ) ;
#2120 = CIRCLE ( 'NONE', #1919, 1.000000000000000888 ) ;
#2121 = LINE ( 'NONE', #3, #1397 ) ;
#2122 = CARTESIAN_POINT ( 'NONE',  ( 11.08578643762690064, 0.2000000000000040079, -5.000000000000000000 ) ) ;
#2123 = VECTOR ( 'NONE', #484, 1000.000000000000000 ) ;
#2124 = AXIS2_PLACEMENT_3D ( 'NONE', #1364, #1750, #43 ) ;
#2125 = ADVANCED_FACE ( 'NONE', ( #1331 ), #370, .F. ) ;
#2126 = EDGE_CURVE ( 'NONE', #702, #1778, #891, .T. ) ;
#2127 = DIRECTION ( 'NONE',  ( -1.836970198721029688E-16, 1.000000000000000000, -0.000000000000000000 ) ) ;
#2128 = ORIENTED_EDGE ( 'NONE', *, *, #1998, .T. ) ;
#2129 = DIRECTION ( 'NONE',  ( 1.836970198721029441E-16, -1.000000000000000000, 0.000000000000000000 ) ) ;
#2130 = ORIENTED_EDGE ( 'NONE', *, *, #1416, .F. ) ;
#2131 = CIRCLE ( 'NONE', #2264, 3.249999999999999556 ) ;
#2132 = APPROVAL_DATE_TIME ( #2100, #126 ) ;
#2133 = AXIS2_PLACEMENT_3D ( 'NONE', #1040, #2175, #465 ) ;
#2134 = DIRECTION ( 'NONE',  ( 0.000000000000000000, -0.000000000000000000, 1.000000000000000000 ) ) ;
#2135 = DIRECTION ( 'NONE',  ( -0.000000000000000000, -1.000000000000000000, -0.000000000000000000 ) ) ;
#2136 = VECTOR ( 'NONE', #1231, 1000.000000000000000 ) ;
#2137 = PLANE ( 'NONE',  #2164 ) ;
#2138 = VECTOR ( 'NONE', #1557, 1000.000000000000000 ) ;
#2139 = ADVANCED_FACE ( 'NONE', ( #1862 ), #2217, .T. ) ;
#2140 = DIRECTION ( 'NONE',  ( -1.836970198721029688E-16, 1.000000000000000000, 0.000000000000000000 ) ) ;
#2141 = ORIENTED_EDGE ( 'NONE', *, *, #2142, .F. ) ;
#2142 = EDGE_CURVE ( 'NONE', #2255, #437, #1188, .T. ) ;
#2143 = LINE ( 'NONE', #805, #1767 ) ;
#2144 = VERTEX_POINT ( 'NONE', #2122 ) ;
#2145 = DIRECTION ( 'NONE',  ( 1.000000000000000000, 0.000000000000000000, 0.000000000000000000 ) ) ;
#2146 = CARTESIAN_POINT ( 'NONE',  ( -21.39000000000001123, 8.599999999999999645, -12.00000000000000711 ) ) ;
#2147 = CARTESIAN_POINT ( 'NONE',  ( 29.25644660940671926, 11.20000000000000639, 14.64644660940671805 ) ) ;
#2148 = FACE_BOUND ( 'NONE', #527, .T. ) ;
#2149 = LINE ( 'NONE', #244, #1900 ) ;
#2150 = EDGE_CURVE ( 'NONE', #449, #1089, #1967, .T. ) ;
#2151 = DIRECTION ( 'NONE',  ( 1.836970198721029441E-16, -1.000000000000000000, 0.000000000000000000 ) ) ;
#2152 = DIRECTION ( 'NONE',  ( 0.000000000000000000, -0.9986295347545739443, -0.05233595624294395260 ) ) ;
#2153 = EDGE_LOOP ( 'NONE', ( #2033, #548, #2436, #2320 ) ) ;
#2154 = ORIENTED_EDGE ( 'NONE', *, *, #1806, .T. ) ;
#2155 = FACE_OUTER_BOUND ( 'NONE', #2050, .T. ) ;
#2156 = DIRECTION ( 'NONE',  ( 0.000000000000000000, 0.000000000000000000, -1.000000000000000000 ) ) ;
#2157 = AXIS2_PLACEMENT_3D ( 'NONE', #1691, #132, #353 ) ;
#2158 = VECTOR ( 'NONE', #668, 1000.000000000000114 ) ;
#2159 = LINE ( 'NONE', #378, #641 ) ;
#2160 = EDGE_CURVE ( 'NONE', #696, #179, #2498, .T. ) ;
#2161 = LINE ( 'NONE', #213, #1719 ) ;
#2162 = AXIS2_PLACEMENT_3D ( 'NONE', #1555, #1145, #2299 ) ;
#2163 = CARTESIAN_POINT ( 'NONE',  ( 36.07614816027830784, -23.29330544780377465, -4.000000000000000000 ) ) ;
#2164 = AXIS2_PLACEMENT_3D ( 'NONE', #797, #811, #412 ) ;
#2165 = PRODUCT_DEFINITION_SHAPE ( 'NONE', 'NONE',  #1915 ) ;
#2166 = VECTOR ( 'NONE', #2492, 1000.000000000000000 ) ;
#2167 = FACE_OUTER_BOUND ( 'NONE', #18, .T. ) ;
#2168 = EDGE_LOOP ( 'NONE', ( #302, #284 ) ) ;
#2169 = VERTEX_POINT ( 'NONE', #1002 ) ;
#2170 = DIRECTION ( 'NONE',  ( 0.000000000000000000, 1.000000000000000000, 0.000000000000000000 ) ) ;
#2171 = EDGE_LOOP ( 'NONE', ( #2086, #1359, #803, #725 ) ) ;
#2172 = FACE_OUTER_BOUND ( 'NONE', #2223, .T. ) ;
#2173 = DIRECTION ( 'NONE',  ( 0.000000000000000000, 0.000000000000000000, -1.000000000000000000 ) ) ;
#2174 = EDGE_CURVE ( 'NONE', #1253, #908, #1953, .T. ) ;
#2175 = DIRECTION ( 'NONE',  ( 1.734723475976807341E-16, -1.000000000000000000, 0.000000000000000000 ) ) ;
#2176 = LINE ( 'NONE', #1412, #1041 ) ;
#2177 = LINE ( 'NONE', #2353, #1564 ) ;
#2178 = EDGE_CURVE ( 'NONE', #1801, #234, #2337, .T. ) ;
#2179 = CIRCLE ( 'NONE', #1403, 1.550000000000000266 ) ;
#2180 = AXIS2_PLACEMENT_3D ( 'NONE', #34, #1937, #1962 ) ;
#2181 = LINE ( 'NONE', #1783, #1080 ) ;
#2182 = VERTEX_POINT ( 'NONE', #2307 ) ;
#2183 = DIRECTION ( 'NONE',  ( 0.7071067811865451302, 1.226634733346694873E-16, 0.7071067811865500152 ) ) ;
#2184 = ORIENTED_EDGE ( 'NONE', *, *, #1299, .T. ) ;
#2185 = CARTESIAN_POINT ( 'NONE',  ( -4.922649730810379154, -6.826167978121470803, 0.000000000000000000 ) ) ;
#2186 = CARTESIAN_POINT ( 'NONE',  ( 25.60999999999998877, 8.600000000000006750, -12.00000000000000711 ) ) ;
#2187 = CC_DESIGN_APPROVAL ( #369, ( #1616 ) ) ;
#2188 = CARTESIAN_POINT ( 'NONE',  ( 11.08578643762690064, -4.299999999999998934, 9.846670806258080333 ) ) ;
#2189 = EDGE_CURVE ( 'NONE', #326, #1801, #25, .T. ) ;
#2190 = PLANE ( 'NONE',  #1248 ) ;
#2191 = CARTESIAN_POINT ( 'NONE',  ( -10.92264973081037738, -4.820944533000797172, 6.892247547221459492 ) ) ;
#2192 = APPLICATION_CONTEXT ( 'configuration controlled 3d designs of mechanical parts and assemblies' ) ;
#2193 = CC_DESIGN_PERSON_AND_ORGANIZATION_ASSIGNMENT ( #176, #592, ( #535 ) ) ;
#2194 = DIRECTION ( 'NONE',  ( -0.7071067811865500152, -1.226634733346703501E-16, 0.7071067811865451302 ) ) ;
#2195 = ORIENTED_EDGE ( 'NONE', *, *, #909, .T. ) ;
#2196 = ORIENTED_EDGE ( 'NONE', *, *, #1610, .F. ) ;
#2197 = VERTEX_POINT ( 'NONE', #605 ) ;
#2198 = LINE ( 'NONE', #1202, #872 ) ;
#2199 = ORIENTED_EDGE ( 'NONE', *, *, #916, .F. ) ;
#2200 = LINE ( 'NONE', #478, #752 ) ;
#2201 = LINE ( 'NONE', #293, #800 ) ;
#2202 = CARTESIAN_POINT ( 'NONE',  ( 29.60999999999998877, 11.20000000000000817, 14.99999999999999289 ) ) ;
#2203 = VECTOR ( 'NONE', #1334, 1000.000000000000000 ) ;
#2204 = DIRECTION ( 'NONE',  ( 1.000000000000000000, 1.734723475976807341E-16, -1.261617073437677999E-16 ) ) ;
#2205 = VERTEX_POINT ( 'NONE', #783 ) ;
#2206 = ADVANCED_FACE ( 'NONE', ( #402 ), #1932, .F. ) ;
#2207 = DIRECTION ( 'NONE',  ( 0.000000000000000000, -1.000000000000000000, 0.000000000000000000 ) ) ;
#2208 = VERTEX_POINT ( 'NONE', #204 ) ;
#2209 = ORIENTED_EDGE ( 'NONE', *, *, #1733, .F. ) ;
#2210 = EDGE_CURVE ( 'NONE', #179, #696, #2131, .T. ) ;
#2211 = VECTOR ( 'NONE', #2274, 1000.000000000000114 ) ;
#2212 = DIRECTION ( 'NONE',  ( -1.000000000000000000, -1.836970198721029688E-16, 0.000000000000000000 ) ) ;
#2213 = FACE_OUTER_BOUND ( 'NONE', #1268, .T. ) ;
#2214 = EDGE_LOOP ( 'NONE', ( #1454, #2344, #2236, #1415 ) ) ;
#2215 = CARTESIAN_POINT ( 'NONE',  ( -12.96188021535169987, -0.3999999999999950262, 4.000000000000000000 ) ) ;
#2216 = CARTESIAN_POINT ( 'NONE',  ( -21.39000000000001123, 8.599999999999999645, 12.00000000000000000 ) ) ;
#2217 = TOROIDAL_SURFACE ( 'NONE', #1005, 0.6824593720197505986, 0.5000000000000000000 ) ;
#2218 = DIRECTION ( 'NONE',  ( -1.000000000000000000, 1.497596003246586883E-15, 0.000000000000000000 ) ) ;
#2219 = AXIS2_PLACEMENT_3D ( 'NONE', #253, #1411, #1623 ) ;
#2220 = ORIENTED_EDGE ( 'NONE', *, *, #1692, .T. ) ;
#2221 = CARTESIAN_POINT ( 'NONE',  ( 21.32548339959388883, -7.299999999999998046, -4.000000000000000000 ) ) ;
#2222 = VECTOR ( 'NONE', #853, 1000.000000000000114 ) ;
#2223 = EDGE_LOOP ( 'NONE', ( #1704, #2111, #983, #2313 ) ) ;
#2224 = EDGE_CURVE ( 'NONE', #975, #1736, #2159, .T. ) ;
#2225 = VERTEX_POINT ( 'NONE', #4 ) ;
#2226 = CARTESIAN_POINT ( 'NONE',  ( -24.89000000000001478, 11.19999999999999751, 0.000000000000000000 ) ) ;
#2227 = EDGE_CURVE ( 'NONE', #502, #774, #979, .T. ) ;
#2228 = DIRECTION ( 'NONE',  ( 1.000000000000000000, 0.000000000000000000, 0.000000000000000000 ) ) ;
#2229 = VERTEX_POINT ( 'NONE', #969 ) ;
#2230 = VERTEX_POINT ( 'NONE', #1371 ) ;
#2231 = CARTESIAN_POINT ( 'NONE',  ( 25.60999999999998877, 8.600000000000006750, -12.00000000000000711 ) ) ;
#2232 = CARTESIAN_POINT ( 'NONE',  ( -32.89568015002853940, -34.92635427477337373, -4.000000000000000000 ) ) ;
#2233 = ORIENTED_EDGE ( 'NONE', *, *, #537, .T. ) ;
#2234 = DIRECTION ( 'NONE',  ( -1.836970198721029441E-16, 1.000000000000000000, 0.000000000000000000 ) ) ;
#2235 = ORIENTED_EDGE ( 'NONE', *, *, #1351, .T. ) ;
#2236 = ORIENTED_EDGE ( 'NONE', *, *, #580, .F. ) ;
#2237 = EDGE_CURVE ( 'NONE', #1796, #2459, #1573, .T. ) ;
#2238 = CARTESIAN_POINT ( 'NONE',  ( 2.577350269189625287, 0.2000000000000027867, -1.550000000000000044 ) ) ;
#2239 = CARTESIAN_POINT ( 'NONE',  ( -25.39000000000001123, 10.69999999999999751, -16.00000000000000000 ) ) ;
#2240 = EDGE_LOOP ( 'NONE', ( #1478, #1929, #1147, #914 ) ) ;
#2241 = VERTEX_POINT ( 'NONE', #777 ) ;
#2242 = VERTEX_POINT ( 'NONE', #1549 ) ;
#2243 = EDGE_CURVE ( 'NONE', #1532, #1938, #2458, .T. ) ;
#2244 = EDGE_CURVE ( 'NONE', #1134, #88, #411, .T. ) ;
#2245 = DIRECTION ( 'NONE',  ( 2.364625268284084345E-16, 1.000000000000000000, -0.000000000000000000 ) ) ;
#2246 = LINE ( 'NONE', #1644, #2491 ) ;
#2247 = ADVANCED_FACE ( 'NONE', ( #618 ), #212, .F. ) ;
#2248 = LINE ( 'NONE', #751, #1290 ) ;
#2249 = CARTESIAN_POINT ( 'NONE',  ( 25.08284271247460495, -7.299999999999998046, 4.000000000000000000 ) ) ;
#2250 = ORIENTED_EDGE ( 'NONE', *, *, #977, .F. ) ;
#2251 = CIRCLE ( 'NONE', #308, 3.249999999999999556 ) ;
#2252 = AXIS2_PLACEMENT_3D ( 'NONE', #1237, #74, #598 ) ;
#2253 = CARTESIAN_POINT ( 'NONE',  ( 26.15882114063862218, 16.61766924607239559, -10.08233075392770672 ) ) ;
#2254 = DIRECTION ( 'NONE',  ( 0.000000000000000000, -0.000000000000000000, 1.000000000000000000 ) ) ;
#2255 = VERTEX_POINT ( 'NONE', #1912 ) ;
#2256 = VECTOR ( 'NONE', #1003, 1000.000000000000000 ) ;
#2257 = ORIENTED_EDGE ( 'NONE', *, *, #2160, .T. ) ;
#2258 = VERTEX_POINT ( 'NONE', #956 ) ;
#2259 = CARTESIAN_POINT ( 'NONE',  ( 28.40289321881344620, 11.20000000000000639, -15.50000000000001421 ) ) ;
#2260 = ADVANCED_FACE ( 'NONE', ( #1718 ), #2494, .F. ) ;
#2261 = DIRECTION ( 'NONE',  ( -1.000000000000000000, 0.000000000000000000, 0.000000000000000000 ) ) ;
#2262 = FACE_OUTER_BOUND ( 'NONE', #1651, .T. ) ;
#2263 = EDGE_CURVE ( 'NONE', #1788, #87, #873, .T. ) ;
#2264 = AXIS2_PLACEMENT_3D ( 'NONE', #1341, #193, #2325 ) ;
#2265 = ORIENTED_EDGE ( 'NONE', *, *, #171, .F. ) ;
#2266 = DIRECTION ( 'NONE',  ( -1.688019772435299705E-16, 0.9986295347545739443, -0.05233595624294395260 ) ) ;
#2267 = VERTEX_POINT ( 'NONE', #2215 ) ;
#2268 = PLANE ( 'NONE',  #467 ) ;
#2269 = DIRECTION ( 'NONE',  ( 0.000000000000000000, 0.000000000000000000, -1.000000000000000000 ) ) ;
#2270 = ORIENTED_EDGE ( 'NONE', *, *, #796, .T. ) ;
#2271 = AXIS2_PLACEMENT_3D ( 'NONE', #1250, #1015, #56 ) ;
#2272 = EDGE_LOOP ( 'NONE', ( #2108, #2196, #63, #1744 ) ) ;
#2273 = CARTESIAN_POINT ( 'NONE',  ( 2.577350269189627063, -6.799999999999997158, -0.6824593720197501545 ) ) ;
#2274 = DIRECTION ( 'NONE',  ( -0.5000000000000007772, -0.8660254037844381525, 0.000000000000000000 ) ) ;
#2275 = CARTESIAN_POINT ( 'NONE',  ( -18.67764788032900469, -4.299999999999993605, -4.000000000000000000 ) ) ;
#2276 = EDGE_CURVE ( 'NONE', #317, #1294, #2201, .T. ) ;
#2277 = CYLINDRICAL_SURFACE ( 'NONE', #792, 1.700000000000001954 ) ;
#2278 = FACE_BOUND ( 'NONE', #112, .T. ) ;
#2279 = CARTESIAN_POINT ( 'NONE',  ( 27.17896487931708194, 13.13103512068294876, 13.99303228240776598 ) ) ;
#2280 = ORIENTED_EDGE ( 'NONE', *, *, #472, .T. ) ;
#2281 = ORIENTED_EDGE ( 'NONE', *, *, #622, .F. ) ;
#2282 = DIRECTION ( 'NONE',  ( 2.118732721235205524E-16, -0.7071067811865419106, 0.7071067811865531239 ) ) ;
#2283 = CARTESIAN_POINT ( 'NONE',  ( 25.60999999999998877, 11.20000000000000639, -10.30000000000000782 ) ) ;
#2284 = ORIENTED_EDGE ( 'NONE', *, *, #679, .T. ) ;
#2285 = EDGE_LOOP ( 'NONE', ( #2338, #1889, #1238, #2453, #1051, #1264, #2302 ) ) ;
#2286 = CARTESIAN_POINT ( 'NONE',  ( 25.60999999999998877, 5.200000000000006395, -8.750000000000007105 ) ) ;
#2287 = EDGE_CURVE ( 'NONE', #2242, #1473, #2060, .T. ) ;
#2288 = PLANE ( 'NONE',  #381 ) ;
#2289 = EDGE_CURVE ( 'NONE', #510, #1947, #1141, .T. ) ;
#2290 = CARTESIAN_POINT ( 'NONE',  ( -21.39000000000001123, 5.199999999999999289, 8.750000000000000000 ) ) ;
#2291 = ORIENTED_EDGE ( 'NONE', *, *, #22, .T. ) ;
#2292 = DATE_AND_TIME ( #1909, #1179 ) ;
#2293 = AXIS2_PLACEMENT_3D ( 'NONE', #2010, #1643, #282 ) ;
#2294 = CARTESIAN_POINT ( 'NONE',  ( 25.08284271247460495, 5.200000000000006395, -4.000000000000000000 ) ) ;
#2295 = ORIENTED_EDGE ( 'NONE', *, *, #2311, .T. ) ;
#2296 = CARTESIAN_POINT ( 'NONE',  ( 11.08578643762693083, -7.299999999999998934, 12.32937191272624489 ) ) ;
#2297 = AXIS2_PLACEMENT_3D ( 'NONE', #2306, #355, #765 ) ;
#2298 = ADVANCED_FACE ( 'NONE', ( #2364 ), #1641, .T. ) ;
#2299 = DIRECTION ( 'NONE',  ( 0.000000000000000000, 0.000000000000000000, -1.000000000000000000 ) ) ;
#2300 = DIRECTION ( 'NONE',  ( -0.000000000000000000, -1.000000000000000000, -0.000000000000000000 ) ) ;
#2301 = ORIENTED_EDGE ( 'NONE', *, *, #1787, .F. ) ;
#2302 = ORIENTED_EDGE ( 'NONE', *, *, #652, .F. ) ;
#2303 = VERTEX_POINT ( 'NONE', #2411 ) ;
#2304 = APPROVAL_DATE_TIME ( #997, #1987 ) ;
#2305 = VECTOR ( 'NONE', #2204, 1000.000000000000000 ) ;
#2306 = CARTESIAN_POINT ( 'NONE',  ( -11.92264973081036317, 5.200000000000000178, 5.000000000000000000 ) ) ;
#2307 = CARTESIAN_POINT ( 'NONE',  ( -10.92264973081037738, -7.299999999999993605, 12.32937191272624489 ) ) ;
#2308 = ORIENTED_EDGE ( 'NONE', *, *, #1523, .T. ) ;
#2309 = CARTESIAN_POINT ( 'NONE',  ( -21.39000000000001123, 5.199999999999999289, 12.00000000000000000 ) ) ;
#2310 = CARTESIAN_POINT ( 'NONE',  ( -21.39000000000001123, 11.19999999999999751, 10.30000000000000071 ) ) ;
#2311 = EDGE_CURVE ( 'NONE', #2493, #1938, #1296, .T. ) ;
#2312 = EDGE_LOOP ( 'NONE', ( #614, #2347, #178, #1669 ) ) ;
#2313 = ORIENTED_EDGE ( 'NONE', *, *, #711, .F. ) ;
#2314 = CARTESIAN_POINT ( 'NONE',  ( 12.08578643762690774, -46.43513903303121992, 4.000000000000000000 ) ) ;
#2315 = EDGE_CURVE ( 'NONE', #1927, #1393, #2179, .T. ) ;
#2316 = DIRECTION ( 'NONE',  ( -1.000000000000000000, 0.000000000000000000, 0.000000000000000000 ) ) ;
#2317 = EDGE_CURVE ( 'NONE', #2047, #766, #441, .T. ) ;
#2318 = CIRCLE ( 'NONE', #1233, 3.249999999999999556 ) ;
#2319 = CARTESIAN_POINT ( 'NONE',  ( 11.08578643762693083, -7.299999999999998934, 12.32937191272624489 ) ) ;
#2320 = ORIENTED_EDGE ( 'NONE', *, *, #45, .F. ) ;
#2321 = CARTESIAN_POINT ( 'NONE',  ( 2.577350269189625287, -6.826167978121469027, 1.181774139397037127 ) ) ;
#2322 = ORIENTED_EDGE ( 'NONE', *, *, #1299, .F. ) ;
#2323 = DIRECTION ( 'NONE',  ( -0.000000000000000000, -1.000000000000000000, -0.000000000000000000 ) ) ;
#2324 = AXIS2_PLACEMENT_3D ( 'NONE', #1166, #1344, #373 ) ;
#2325 = DIRECTION ( 'NONE',  ( 0.000000000000000000, 0.000000000000000000, -1.000000000000000000 ) ) ;
#2326 = CIRCLE ( 'NONE', #962, 1.700000000000000178 ) ;
#2327 = EDGE_CURVE ( 'NONE', #1439, #1769, #39, .T. ) ;
#2328 = ORIENTED_EDGE ( 'NONE', *, *, #1000, .T. ) ;
#2329 = DIRECTION ( 'NONE',  ( -0.7071067811865524577, -0.7071067811865425767, -0.000000000000000000 ) ) ;
#2330 = CIRCLE ( 'NONE', #1593, 1.000000000000000888 ) ;
#2331 = EDGE_CURVE ( 'NONE', #2459, #1075, #1013, .T. ) ;
#2332 = LINE ( 'NONE', #2319, #2043 ) ;
#2333 = LINE ( 'NONE', #613, #770 ) ;
#2334 = ORIENTED_EDGE ( 'NONE', *, *, #909, .F. ) ;
#2335 = AXIS2_PLACEMENT_3D ( 'NONE', #82, #850, #2009 ) ;
#2336 = LINE ( 'NONE', #809, #301 ) ;
#2337 = LINE ( 'NONE', #1530, #2413 ) ;
#2338 = ORIENTED_EDGE ( 'NONE', *, *, #985, .T. ) ;
#2339 = LINE ( 'NONE', #1322, #271 ) ;
#2340 = LINE ( 'NONE', #2381, #1100 ) ;
#2341 = EDGE_CURVE ( 'NONE', #2047, #2493, #358, .T. ) ;
#2342 = CARTESIAN_POINT ( 'NONE',  ( 12.08578643762690064, 0.2000000000000045075, -4.000000000000000000 ) ) ;
#2343 = ORIENTED_EDGE ( 'NONE', *, *, #181, .F. ) ;
#2344 = ORIENTED_EDGE ( 'NONE', *, *, #1339, .F. ) ;
#2345 = LINE ( 'NONE', #589, #1973 ) ;
#2346 = ADVANCED_FACE ( 'NONE', ( #1218, #281, #426, #266, #669, #1399 ), #1456, .T. ) ;
#2347 = ORIENTED_EDGE ( 'NONE', *, *, #257, .F. ) ;
#2348 = ORIENTED_EDGE ( 'NONE', *, *, #796, .F. ) ;
#2349 = ORIENTED_EDGE ( 'NONE', *, *, #1309, .F. ) ;
#2350 = CARTESIAN_POINT ( 'NONE',  ( 25.60999999999999233, 5.200000000000006395, 12.00000000000000000 ) ) ;
#2351 = DIRECTION ( 'NONE',  ( -0.000000000000000000, 0.000000000000000000, -1.000000000000000000 ) ) ;
#2352 = CARTESIAN_POINT ( 'NONE',  ( 2.577350269189627063, -7.299999999999996270, -0.6824593720197505986 ) ) ;
#2353 = CARTESIAN_POINT ( 'NONE',  ( -10.92264973081037915, -0.7916221867996799944, -6.181769303614649935 ) ) ;
#2354 = CARTESIAN_POINT ( 'NONE',  ( 2.577350269189626619, -7.299999999999996270, 0.000000000000000000 ) ) ;
#2355 = ORIENTED_EDGE ( 'NONE', *, *, #1409, .T. ) ;
#2356 = ADVANCED_FACE ( 'NONE', ( #1808 ), #479, .F. ) ;
#2357 = CARTESIAN_POINT ( 'NONE',  ( 25.08284271247460495, -7.299999999999997158, -4.000000000000000000 ) ) ;
#2358 = ORIENTED_EDGE ( 'NONE', *, *, #1594, .F. ) ;
#2359 = CARTESIAN_POINT ( 'NONE',  ( 28.60999999999998877, 11.20000000000000817, -16.00000000000000711 ) ) ;
#2360 = ADVANCED_FACE ( 'NONE', ( #241, #68 ), #1820, .F. ) ;
#2361 = CARTESIAN_POINT ( 'NONE',  ( -6.472649730810380753, 0.2000000000000011213, 0.000000000000000000 ) ) ;
#2362 =( GEOMETRIC_REPRESENTATION_CONTEXT ( 3 ) GLOBAL_UNCERTAINTY_ASSIGNED_CONTEXT ( ( #553 ) ) GLOBAL_UNIT_ASSIGNED_CONTEXT ( ( #2455, #1503, #491 ) ) REPRESENTATION_CONTEXT ( 'NONE', 'WORKASPACE' ) );
#2363 = VECTOR ( 'NONE', #488, 1000.000000000000000 ) ;
#2364 = FACE_OUTER_BOUND ( 'NONE', #881, .T. ) ;
#2365 = DIRECTION ( 'NONE',  ( 2.364625268284084345E-16, 4.343746148980583128E-32, 1.000000000000000000 ) ) ;
#2366 = CIRCLE ( 'NONE', #586, 0.9999999999999904521 ) ;
#2367 = CARTESIAN_POINT ( 'NONE',  ( -21.39000000000001123, 11.19999999999999751, -13.70000000000000817 ) ) ;
#2368 = ORIENTED_EDGE ( 'NONE', *, *, #78, .T. ) ;
#2369 = VECTOR ( 'NONE', #2234, 1000.000000000000000 ) ;
#2370 = AXIS2_PLACEMENT_3D ( 'NONE', #2231, #2400, #874 ) ;
#2371 = ORIENTED_EDGE ( 'NONE', *, *, #1006, .T. ) ;
#2372 = CARTESIAN_POINT ( 'NONE',  ( -21.39000000000001123, 11.19999999999999751, -12.00000000000000711 ) ) ;
#2373 = CARTESIAN_POINT ( 'NONE',  ( -25.39000000000001123, 5.199999999999998401, 15.00000000000000000 ) ) ;
#2374 = EDGE_LOOP ( 'NONE', ( #20, #531, #108, #51, #1239, #1558, #1649, #599 ) ) ;
#2375 = ADVANCED_FACE ( 'NONE', ( #93 ), #1441, .F. ) ;
#2376 = DIRECTION ( 'NONE',  ( -0.000000000000000000, -1.000000000000000000, -0.000000000000000000 ) ) ;
#2377 = CARTESIAN_POINT ( 'NONE',  ( 25.08284271247460495, 5.200000000000006395, 4.000000000000000000 ) ) ;
#2378 = VECTOR ( 'NONE', #1941, 1000.000000000000114 ) ;
#2379 = CARTESIAN_POINT ( 'NONE',  ( -4.922649730810380042, 0.2000000000000014266, 0.000000000000000000 ) ) ;
#2380 = LINE ( 'NONE', #823, #877 ) ;
#2381 = CARTESIAN_POINT ( 'NONE',  ( 29.60999999999998877, 5.200000000000007283, -16.00000000000000711 ) ) ;
#2382 = EDGE_LOOP ( 'NONE', ( #1109, #286, #151, #75 ) ) ;
#2383 = AXIS2_PLACEMENT_3D ( 'NONE', #1775, #860, #839 ) ;
#2384 = VECTOR ( 'NONE', #413, 1000.000000000000000 ) ;
#2385 = CARTESIAN_POINT ( 'NONE',  ( -10.92264973081037915, 0.2000000000000000111, 5.000000000000000000 ) ) ;
#2386 = ORIENTED_EDGE ( 'NONE', *, *, #2052, .F. ) ;
#2387 = ORIENTED_EDGE ( 'NONE', *, *, #715, .T. ) ;
#2388 = DIRECTION ( 'NONE',  ( 0.7071067811865451302, 1.226634733346695120E-16, 0.7071067811865500152 ) ) ;
#2389 = FACE_OUTER_BOUND ( 'NONE', #1199, .T. ) ;
#2390 = CC_DESIGN_SECURITY_CLASSIFICATION ( #1616, ( #535 ) ) ;
#2391 = DIRECTION ( 'NONE',  ( -1.000000000000000000, -2.102772545373674817E-16, 3.707755340424024963E-17 ) ) ;
#2392 = DIRECTION ( 'NONE',  ( 1.836970198721029441E-16, -1.000000000000000000, 0.000000000000000000 ) ) ;
#2393 = LINE ( 'NONE', #214, #1053 ) ;
#2394 = EDGE_CURVE ( 'NONE', #1060, #766, #684, .T. ) ;
#2395 = DIRECTION ( 'NONE',  ( 1.000000000000000000, 1.836970198721029688E-16, 0.000000000000000000 ) ) ;
#2396 = ORIENTED_EDGE ( 'NONE', *, *, #2315, .F. ) ;
#2397 = DIRECTION ( 'NONE',  ( -1.000000000000000000, -1.836970198721029688E-16, -0.000000000000000000 ) ) ;
#2398 = DIRECTION ( 'NONE',  ( -1.836970198721029688E-16, 1.000000000000000000, -0.000000000000000000 ) ) ;
#2399 = CARTESIAN_POINT ( 'NONE',  ( -10.92264973081037738, -7.299999999999993605, 12.32937191272624489 ) ) ;
#2400 = DIRECTION ( 'NONE',  ( -0.000000000000000000, -1.000000000000000000, -0.000000000000000000 ) ) ;
#2401 = LINE ( 'NONE', #2025, #999 ) ;
#2402 = EDGE_CURVE ( 'NONE', #1134, #423, #1730, .T. ) ;
#2403 = VECTOR ( 'NONE', #2376, 1000.000000000000000 ) ;
#2404 = ADVANCED_FACE ( 'NONE', ( #341 ), #1899, .F. ) ;
#2405 = DIRECTION ( 'NONE',  ( 0.000000000000000000, 0.000000000000000000, 1.000000000000000000 ) ) ;
#2406 = EDGE_LOOP ( 'NONE', ( #532, #1105, #1433, #33, #1049, #2004, #1635 ) ) ;
#2407 = ORIENTED_EDGE ( 'NONE', *, *, #1017, .F. ) ;
#2408 = VECTOR ( 'NONE', #1444, 1000.000000000000227 ) ;
#2409 = FACE_OUTER_BOUND ( 'NONE', #639, .T. ) ;
#2410 = CYLINDRICAL_SURFACE ( 'NONE', #585, 3.249999999999999556 ) ;
#2411 = CARTESIAN_POINT ( 'NONE',  ( -21.39000000000001123, 8.599999999999999645, -10.30000000000000426 ) ) ;
#2412 = CARTESIAN_POINT ( 'NONE',  ( 29.60999999999998877, 10.70000000000000639, -16.00000000000000711 ) ) ;
#2413 = VECTOR ( 'NONE', #41, 1000.000000000000000 ) ;
#2414 = CARTESIAN_POINT ( 'NONE',  ( 2.577350269189626619, -7.299999999999996270, 0.000000000000000000 ) ) ;
#2415 = AXIS2_PLACEMENT_3D ( 'NONE', #2273, #1482, #1315 ) ;
#2416 = EDGE_CURVE ( 'NONE', #895, #1294, #1191, .T. ) ;
#2417 = ORIENTED_EDGE ( 'NONE', *, *, #2287, .T. ) ;
#2418 = DIRECTION ( 'NONE',  ( -1.836970198721029688E-16, 1.000000000000000000, 0.000000000000000000 ) ) ;
#2419 = VECTOR ( 'NONE', #1991, 1000.000000000000227 ) ;
#2420 = EDGE_LOOP ( 'NONE', ( #250, #789, #48, #1459, #665, #2421, #864, #2475, #1390, #833, #1110, #966, #1556, #1213, #2463, #375 ) ) ;
#2421 = ORIENTED_EDGE ( 'NONE', *, *, #2471, .T. ) ;
#2422 = CARTESIAN_POINT ( 'NONE',  ( -21.39000000000001123, 8.599999999999999645, 12.00000000000000000 ) ) ;
#2423 = ADVANCED_FACE ( 'NONE', ( #1860 ), #1844, .T. ) ;
#2424 = CARTESIAN_POINT ( 'NONE',  ( -25.39000000000001123, 11.19999999999999751, -15.00000000000000711 ) ) ;
#2425 = ORIENTED_EDGE ( 'NONE', *, *, #878, .T. ) ;
#2426 = DIRECTION ( 'NONE',  ( 0.000000000000000000, -0.000000000000000000, 1.000000000000000000 ) ) ;
#2427 = FACE_OUTER_BOUND ( 'NONE', #995, .T. ) ;
#2428 = DIRECTION ( 'NONE',  ( -0.5000000000000043299, -0.7071067811865436870, 0.5000000000000011102 ) ) ;
#2429 = ORIENTED_EDGE ( 'NONE', *, *, #862, .T. ) ;
#2430 = FACE_OUTER_BOUND ( 'NONE', #673, .T. ) ;
#2431 = ORIENTED_EDGE ( 'NONE', *, *, #1863, .F. ) ;
#2432 = ADVANCED_FACE ( 'NONE', ( #1077 ), #2075, .F. ) ;
#2433 = DIRECTION ( 'NONE',  ( 0.000000000000000000, 0.000000000000000000, -1.000000000000000000 ) ) ;
#2434 = CARTESIAN_POINT ( 'NONE',  ( -4.922649730810376489, -6.826167978121470803, -1.181774139397035572 ) ) ;
#2435 = ORIENTED_EDGE ( 'NONE', *, *, #1078, .F. ) ;
#2436 = ORIENTED_EDGE ( 'NONE', *, *, #692, .T. ) ;
#2437 = VERTEX_POINT ( 'NONE', #943 ) ;
#2438 = DIRECTION ( 'NONE',  ( -1.000000000000000000, 0.000000000000000000, 0.000000000000000000 ) ) ;
#2439 = CC_DESIGN_DATE_AND_TIME_ASSIGNMENT ( #366, #1737, ( #1915 ) ) ;
#2440 = CARTESIAN_POINT ( 'NONE',  ( 11.08578643762692728, -7.299999999999998934, -12.32937191272625022 ) ) ;
#2441 = AXIS2_PLACEMENT_3D ( 'NONE', #849, #1609, #1774 ) ;
#2442 = PLANE ( 'NONE',  #1812 ) ;
#2443 = AXIS2_PLACEMENT_3D ( 'NONE', #2350, #632, #2173 ) ;
#2444 = VECTOR ( 'NONE', #1093, 1000.000000000000000 ) ;
#2445 = ORIENTED_EDGE ( 'NONE', *, *, #2178, .F. ) ;
#2446 = LINE ( 'NONE', #1877, #1636 ) ;
#2447 = CIRCLE ( 'NONE', #1076, 1.550000000000000266 ) ;
#2448 = CIRCLE ( 'NONE', #1246, 2.999999999999999112 ) ;
#2449 = DIRECTION ( 'NONE',  ( -0.000000000000000000, -1.000000000000000000, -0.000000000000000000 ) ) ;
#2450 = DIRECTION ( 'NONE',  ( -1.836970198721029688E-16, 1.000000000000000000, 0.000000000000000000 ) ) ;
#2451 = AXIS2_PLACEMENT_3D ( 'NONE', #2216, #2035, #1014 ) ;
#2452 = ADVANCED_FACE ( 'NONE', ( #1886 ), #915, .T. ) ;
#2453 = ORIENTED_EDGE ( 'NONE', *, *, #186, .F. ) ;
#2454 = ORIENTED_EDGE ( 'NONE', *, *, #1897, .F. ) ;
#2455 =( LENGTH_UNIT ( ) NAMED_UNIT ( * ) SI_UNIT ( .MILLI., .METRE. ) );
#2456 = LINE ( 'NONE', #507, #635 ) ;
#2457 = LINE ( 'NONE', #521, #1974 ) ;
#2458 = CIRCLE ( 'NONE', #156, 0.5000000000000004441 ) ;
#2459 = VERTEX_POINT ( 'NONE', #152 ) ;
#2460 = LINE ( 'NONE', #1697, #389 ) ;
#2461 = CYLINDRICAL_SURFACE ( 'NONE', #105, 1.000000000000000888 ) ;
#2462 = CARTESIAN_POINT ( 'NONE',  ( -4.922649730810380042, 0.2000000000000014266, 0.000000000000000000 ) ) ;
#2463 = ORIENTED_EDGE ( 'NONE', *, *, #1164, .F. ) ;
#2464 = VECTOR ( 'NONE', #731, 1000.000000000000000 ) ;
#2465 = EDGE_LOOP ( 'NONE', ( #1288, #497 ) ) ;
#2466 = EDGE_LOOP ( 'NONE', ( #1602, #1211, #298, #854 ) ) ;
#2467 = CARTESIAN_POINT ( 'NONE',  ( -10.92264973081037738, -7.299999999999993605, 9.846670806258080333 ) ) ;
#2468 = LINE ( 'NONE', #2478, #879 ) ;
#2469 = CYLINDRICAL_SURFACE ( 'NONE', #362, 3.249999999999999556 ) ;
#2470 = VERTEX_POINT ( 'NONE', #2259 ) ;
#2471 = EDGE_CURVE ( 'NONE', #449, #1798, #1492, .T. ) ;
#2472 = CARTESIAN_POINT ( 'NONE',  ( 25.60999999999999233, 8.600000000000006750, 13.70000000000000462 ) ) ;
#2473 = DIRECTION ( 'NONE',  ( -0.000000000000000000, -1.000000000000000000, -0.000000000000000000 ) ) ;
#2474 = PLANE ( 'NONE',  #1429 ) ;
#2475 = ORIENTED_EDGE ( 'NONE', *, *, #1948, .T. ) ;
#2476 = ORIENTED_EDGE ( 'NONE', *, *, #1887, .F. ) ;
#2477 = CARTESIAN_POINT ( 'NONE',  ( 28.60999999999998167, 11.20000000000000817, 15.99999999999999289 ) ) ;
#2478 = CARTESIAN_POINT ( 'NONE',  ( -21.94559707276012972, -7.299999999999994493, -4.000000000000001776 ) ) ;
#2479 = ORIENTED_EDGE ( 'NONE', *, *, #91, .T. ) ;
#2480 = CARTESIAN_POINT ( 'NONE',  ( 25.60999999999999233, 8.600000000000006750, 12.00000000000000000 ) ) ;
#2481 = EDGE_CURVE ( 'NONE', #774, #1778, #118, .T. ) ;
#2482 = AXIS2_PLACEMENT_3D ( 'NONE', #303, #2426, #727 ) ;
#2483 = AXIS2_PLACEMENT_3D ( 'NONE', #139, #1245, #2008 ) ;
#2484 = VECTOR ( 'NONE', #1734, 1000.000000000000000 ) ;
#2485 = DIRECTION ( 'NONE',  ( -0.000000000000000000, -1.000000000000000000, -0.000000000000000000 ) ) ;
#2486 = CARTESIAN_POINT ( 'NONE',  ( -3.959744790568961050E-15, 11.20000000000000107, -15.50000000000001066 ) ) ;
#2487 = EDGE_LOOP ( 'NONE', ( #1535, #936, #1633, #2107 ) ) ;
#2488 = ORIENTED_EDGE ( 'NONE', *, *, #2402, .F. ) ;
#2489 = AXIS2_PLACEMENT_3D ( 'NONE', #2372, #1604, #86 ) ;
#2490 = COORDINATED_UNIVERSAL_TIME_OFFSET ( 0, 0, .AHEAD. ) ;
#2491 = VECTOR ( 'NONE', #730, 1000.000000000000000 ) ;
#2492 = DIRECTION ( 'NONE',  ( -2.775557561562892830E-16, 1.000000000000000000, 0.000000000000000000 ) ) ;
#2493 = VERTEX_POINT ( 'NONE', #1282 ) ;
#2494 = CYLINDRICAL_SURFACE ( 'NONE', #1893, 1.199999999999999512 ) ;
#2495 = AXIS2_PLACEMENT_3D ( 'NONE', #192, #1931, #571 ) ;
#2496 = VERTEX_POINT ( 'NONE', #2467 ) ;
#2497 = ADVANCED_FACE ( 'NONE', ( #746 ), #1873, .F. ) ;
#2498 = CIRCLE ( 'NONE', #321, 3.249999999999999556 ) ;
#2499 = CARTESIAN_POINT ( 'NONE',  ( -11.92264973081037205, -46.43513903303121992, 4.000000000000000000 ) ) ;
#2500 = ADVANCED_FACE ( 'NONE', ( #1097 ), #904, .F. ) ;
#2501 = EDGE_CURVE ( 'NONE', #575, #2169, #1667, .T. ) ;
#2502 = LINE ( 'NONE', #1907, #892 ) ;
#2503 = ORIENTED_EDGE ( 'NONE', *, *, #1173, .T. ) ;
#2504 = APPROVAL_STATUS ( 'not_yet_approved' ) ;
ENDSEC;
END-ISO-10303-21;
