ISO-10303-21;
HEADER;
FILE_DESCRIPTION (( 'STEP AP203' ),
    '1' );
FILE_NAME ('bending_die_bottom.STEP',
    '2025-12-12T09:58:45',
    ( '' ),
    ( '' ),
    'SwSTEP 2.0',
    'SolidWorks 2025',
    '' );
FILE_SCHEMA (( 'CONFIG_CONTROL_DESIGN' ));
ENDSEC;

DATA;
#1 = VECTOR ( 'NONE', #1892, 1000.000000000000000 ) ;
#2 = CARTESIAN_POINT ( 'NONE',  ( 29.11324865405183004, -16.00000000000000000, 15.00000000000000355 ) ) ;
#3 = CARTESIAN_POINT ( 'NONE',  ( -17.89193121090652028, -9.339098808206276914, 4.250000000000000000 ) ) ;
#4 = DIRECTION ( 'NONE',  ( 0.000000000000000000, 0.000000000000000000, 1.000000000000000000 ) ) ;
#5 = AXIS2_PLACEMENT_3D ( 'NONE', #25, #2428, #1036 ) ;
#6 = VECTOR ( 'NONE', #1854, 1000.000000000000114 ) ;
#7 = ORIENTED_EDGE ( 'NONE', *, *, #1560, .T. ) ;
#8 = ORIENTED_EDGE ( 'NONE', *, *, #719, .T. ) ;
#9 = DIRECTION ( 'NONE',  ( -1.000000000000000000, 0.000000000000000000, -0.000000000000000000 ) ) ;
#10 = ADVANCED_FACE ( 'NONE', ( #112 ), #974, .F. ) ;
#11 = ORIENTED_EDGE ( 'NONE', *, *, #864, .F. ) ;
#12 = DIRECTION ( 'NONE',  ( 0.000000000000000000, 0.000000000000000000, 1.000000000000000000 ) ) ;
#13 = DIRECTION ( 'NONE',  ( 1.000000000000000000, -0.000000000000000000, 2.376333528735352191E-16 ) ) ;
#14 = VECTOR ( 'NONE', #824, 1000.000000000000000 ) ;
#15 = ADVANCED_FACE ( 'NONE', ( #1776, #377 ), #2143, .F. ) ;
#16 = CIRCLE ( 'NONE', #2337, 3.249999999999999556 ) ;
#17 = EDGE_CURVE ( 'NONE', #2082, #2283, #571, .T. ) ;
#18 = LOCAL_TIME ( 9, 58, 45.00000000000000000, #273 ) ;
#19 = PLANE ( 'NONE',  #182 ) ;
#20 =( NAMED_UNIT ( * ) PLANE_ANGLE_UNIT ( ) SI_UNIT ( $, .RADIAN. ) );
#21 = CYLINDRICAL_SURFACE ( 'NONE', #1007, 1.700000000000001954 ) ;
#22 = ORIENTED_EDGE ( 'NONE', *, *, #1258, .F. ) ;
#23 = DIRECTION ( 'NONE',  ( -1.000000000000000000, -0.000000000000000000, -0.000000000000000000 ) ) ;
#24 = EDGE_LOOP ( 'NONE', ( #2427, #2165, #1274, #1845 ) ) ;
#25 = CARTESIAN_POINT ( 'NONE',  ( -11.92264973081038093, 4.999999999999999112, -5.000000000000000000 ) ) ;
#26 = EDGE_CURVE ( 'NONE', #1658, #1464, #386, .T. ) ;
#27 = VERTEX_POINT ( 'NONE', #2529 ) ;
#28 = LINE ( 'NONE', #2384, #1279 ) ;
#29 = DIRECTION ( 'NONE',  ( -1.000000000000000000, 0.000000000000000000, 0.000000000000000000 ) ) ;
#30 = PLANE ( 'NONE',  #1494 ) ;
#31 = VECTOR ( 'NONE', #1109, 1000.000000000000000 ) ;
#32 = DIRECTION ( 'NONE',  ( 0.000000000000000000, 0.000000000000000000, 1.000000000000000000 ) ) ;
#33 = APPROVAL_ROLE ( '' ) ;
#34 = CARTESIAN_POINT ( 'NONE',  ( -15.57264973081037951, -5.321985447626313537, 4.250000000000000000 ) ) ;
#35 = VECTOR ( 'NONE', #1058, 1000.000000000000000 ) ;
#36 = ORIENTED_EDGE ( 'NONE', *, *, #2092, .T. ) ;
#37 = CARTESIAN_POINT ( 'NONE',  ( 12.08578643762706939, 0.000000000000000000, -5.000000000000897060 ) ) ;
#38 = ORIENTED_EDGE ( 'NONE', *, *, #778, .F. ) ;
#39 = FACE_OUTER_BOUND ( 'NONE', #2397, .T. ) ;
#40 = ORIENTED_EDGE ( 'NONE', *, *, #1765, .T. ) ;
#41 = ORIENTED_EDGE ( 'NONE', *, *, #1972, .T. ) ;
#42 = PLANE ( 'NONE',  #1915 ) ;
#43 = DIRECTION ( 'NONE',  ( 0.000000000000000000, 0.000000000000000000, -1.000000000000000000 ) ) ;
#44 = DIRECTION ( 'NONE',  ( -0.000000000000000000, 1.000000000000000000, -0.000000000000000000 ) ) ;
#45 = DIRECTION ( 'NONE',  ( -0.000000000000000000, 1.000000000000000000, -0.000000000000000000 ) ) ;
#46 = EDGE_CURVE ( 'NONE', #1362, #1383, #1842, .T. ) ;
#47 = DIRECTION ( 'NONE',  ( 1.000000000000000000, 0.000000000000000000, 0.000000000000000000 ) ) ;
#48 = LINE ( 'NONE', #215, #801 ) ;
#49 = ORIENTED_EDGE ( 'NONE', *, *, #1319, .T. ) ;
#50 = EDGE_CURVE ( 'NONE', #2566, #2214, #1346, .T. ) ;
#51 = CARTESIAN_POINT ( 'NONE',  ( -21.38675134594817706, -10.00000000000000000, 11.99999999999999645 ) ) ;
#52 = VERTEX_POINT ( 'NONE', #1944 ) ;
#53 = LINE ( 'NONE', #1630, #1578 ) ;
#54 = EDGE_LOOP ( 'NONE', ( #1091, #471 ) ) ;
#55 = ADVANCED_FACE ( 'NONE', ( #180 ), #2375, .T. ) ;
#56 = ORIENTED_EDGE ( 'NONE', *, *, #2194, .T. ) ;
#57 = ORIENTED_EDGE ( 'NONE', *, *, #1048, .T. ) ;
#58 = CARTESIAN_POINT ( 'NONE',  ( -11.07264973081038129, -10.00000000000000000, 7.602369438261971979 ) ) ;
#59 = DIRECTION ( 'NONE',  ( -0.5000000000000011102, -0.8660254037844380415, 3.564500293103037408E-16 ) ) ;
#60 = CARTESIAN_POINT ( 'NONE',  ( -15.57264973081038129, 4.999999999999999112, -4.150000000000001243 ) ) ;
#61 = CARTESIAN_POINT ( 'NONE',  ( -15.57264973081037951, 4.999999999999999112, 8.650000000000009237 ) ) ;
#62 = DIRECTION ( 'NONE',  ( -0.000000000000000000, 1.000000000000000000, -0.000000000000000000 ) ) ;
#63 = ORIENTED_EDGE ( 'NONE', *, *, #1194, .F. ) ;
#64 = CARTESIAN_POINT ( 'NONE',  ( -16.74721676793699743, -10.00000000000000000, 4.250000000000000000 ) ) ;
#65 = ORIENTED_EDGE ( 'NONE', *, *, #1714, .F. ) ;
#66 = CARTESIAN_POINT ( 'NONE',  ( -24.38675134594816996, -16.00000000000000000, 15.99999999999999645 ) ) ;
#67 = VERTEX_POINT ( 'NONE', #771 ) ;
#68 = ORIENTED_EDGE ( 'NONE', *, *, #1023, .T. ) ;
#69 = DIRECTION ( 'NONE',  ( -0.000000000000000000, 1.000000000000000000, 0.000000000000000000 ) ) ;
#70 = LINE ( 'NONE', #444, #152 ) ;
#71 = ADVANCED_FACE ( 'NONE', ( #1573, #963 ), #580, .T. ) ;
#72 = DIRECTION ( 'NONE',  ( -0.000000000000000000, -1.000000000000000000, -0.000000000000000000 ) ) ;
#73 = ADVANCED_FACE ( 'NONE', ( #194 ), #1371, .T. ) ;
#74 = CARTESIAN_POINT ( 'NONE',  ( 11.08578643762690064, 3.686287386450715076E-15, -5.000000000000000000 ) ) ;
#75 = COORDINATED_UNIVERSAL_TIME_OFFSET ( 0, 0, .AHEAD. ) ;
#76 = ORIENTED_EDGE ( 'NONE', *, *, #2013, .F. ) ;
#77 = CIRCLE ( 'NONE', #986, 3.249999999999999556 ) ;
#78 = CYLINDRICAL_SURFACE ( 'NONE', #2538, 0.8499999999995490052 ) ;
#79 = CARTESIAN_POINT ( 'NONE',  ( 12.08578643762706939, 0.000000000000000000, 4.999999999999102940 ) ) ;
#80 = ORIENTED_EDGE ( 'NONE', *, *, #1811, .F. ) ;
#81 = ORIENTED_EDGE ( 'NONE', *, *, #1220, .T. ) ;
#82 = CARTESIAN_POINT ( 'NONE',  ( -24.38675134594816996, -10.00000000000000000, 15.99999999999999645 ) ) ;
#83 = LINE ( 'NONE', #281, #2376 ) ;
#84 = DIRECTION ( 'NONE',  ( -0.000000000000000000, 1.000000000000000000, -0.000000000000000000 ) ) ;
#85 = DIRECTION ( 'NONE',  ( 0.000000000000000000, -1.000000000000000000, 0.000000000000000000 ) ) ;
#86 = VECTOR ( 'NONE', #1049, 1000.000000000000000 ) ;
#87 = DIRECTION ( 'NONE',  ( -0.000000000000000000, 0.000000000000000000, 1.000000000000000000 ) ) ;
#88 = COORDINATED_UNIVERSAL_TIME_OFFSET ( 0, 0, .AHEAD. ) ;
#89 = ORIENTED_EDGE ( 'NONE', *, *, #722, .F. ) ;
#90 = LINE ( 'NONE', #2294, #792 ) ;
#91 = CARTESIAN_POINT ( 'NONE',  ( 2.577350269189625287, -1.000000000000000888, 0.000000000000000000 ) ) ;
#92 = ORIENTED_EDGE ( 'NONE', *, *, #1637, .F. ) ;
#93 = ORIENTED_EDGE ( 'NONE', *, *, #535, .F. ) ;
#94 = VERTEX_POINT ( 'NONE', #982 ) ;
#95 = CARTESIAN_POINT ( 'NONE',  ( 11.23578643762707507, -10.00000000000000000, 7.602369438261973755 ) ) ;
#96 = DIRECTION ( 'NONE',  ( -0.000000000000000000, 1.000000000000000000, -0.000000000000000000 ) ) ;
#97 = VECTOR ( 'NONE', #2156, 1000.000000000000000 ) ;
#98 = DIRECTION ( 'NONE',  ( -7.129000586206058052E-16, 0.000000000000000000, -1.000000000000000000 ) ) ;
#99 = EDGE_CURVE ( 'NONE', #252, #1841, #1764, .T. ) ;
#100 = AXIS2_PLACEMENT_3D ( 'NONE', #51, #1063, #1018 ) ;
#101 = CIRCLE ( 'NONE', #1544, 0.9999999999999991118 ) ;
#102 = DESIGN_CONTEXT ( 'detailed design', #1282, 'design' ) ;
#103 = ADVANCED_FACE ( 'NONE', ( #2562 ), #590, .F. ) ;
#104 = CARTESIAN_POINT ( 'NONE',  ( -10.92264973081037915, -0.8263518223330670320, -5.984807753012209908 ) ) ;
#105 = ADVANCED_FACE ( 'NONE', ( #796 ), #1730, .F. ) ;
#106 = CARTESIAN_POINT ( 'NONE',  ( 11.23578643762707330, 4.999999999999999112, -5.000000000000000000 ) ) ;
#107 = VECTOR ( 'NONE', #1862, 1000.000000000000000 ) ;
#108 = CIRCLE ( 'NONE', #897, 1.750000000000000000 ) ;
#109 = ORIENTED_EDGE ( 'NONE', *, *, #2514, .T. ) ;
#110 = DIRECTION ( 'NONE',  ( -1.000000000000000000, 0.000000000000000000, 0.000000000000000000 ) ) ;
#111 = DIRECTION ( 'NONE',  ( 0.000000000000000000, 0.000000000000000000, 1.000000000000000000 ) ) ;
#112 = FACE_OUTER_BOUND ( 'NONE', #1973, .T. ) ;
#113 = ORIENTED_EDGE ( 'NONE', *, *, #864, .T. ) ;
#114 = ORIENTED_EDGE ( 'NONE', *, *, #446, .T. ) ;
#115 = DIRECTION ( 'NONE',  ( -0.000000000000000000, -1.000000000000000000, -0.000000000000000000 ) ) ;
#116 = DIRECTION ( 'NONE',  ( 0.000000000000000000, 0.000000000000000000, 1.000000000000000000 ) ) ;
#117 = EDGE_CURVE ( 'NONE', #206, #338, #1380, .T. ) ;
#118 = ADVANCED_FACE ( 'NONE', ( #2332 ), #557, .F. ) ;
#119 = DIRECTION ( 'NONE',  ( 0.000000000000000000, 0.000000000000000000, -1.000000000000000000 ) ) ;
#120 = DIRECTION ( 'NONE',  ( -0.000000000000000000, 1.000000000000000000, -0.000000000000000000 ) ) ;
#121 = CARTESIAN_POINT ( 'NONE',  ( 11.08578643762690064, -1.000000000000000000, -5.000000000000000000 ) ) ;
#122 = AXIS2_PLACEMENT_3D ( 'NONE', #520, #329, #933 ) ;
#123 = CARTESIAN_POINT ( 'NONE',  ( 11.23578643762707330, 0.6840402866513530800, -5.718484872749090897 ) ) ;
#124 = CARTESIAN_POINT ( 'NONE',  ( -15.57264973081037951, -10.00000000000000000, 8.650000000000009237 ) ) ;
#125 = EDGE_LOOP ( 'NONE', ( #890, #1038 ) ) ;
#126 = CIRCLE ( 'NONE', #2388, 1.000000000000000000 ) ;
#127 = AXIS2_PLACEMENT_3D ( 'NONE', #91, #902, #2456 ) ;
#128 = ORIENTED_EDGE ( 'NONE', *, *, #50, .F. ) ;
#129 = VERTEX_POINT ( 'NONE', #1552 ) ;
#130 = CARTESIAN_POINT ( 'NONE',  ( -11.07264973081038129, 4.999999999999999112, 5.000000000000005329 ) ) ;
#131 = LINE ( 'NONE', #2494, #1 ) ;
#132 = DIRECTION ( 'NONE',  ( -0.000000000000000000, -1.000000000000000000, -0.000000000000000000 ) ) ;
#133 = EDGE_CURVE ( 'NONE', #1614, #279, #48, .T. ) ;
#134 = DIRECTION ( 'NONE',  ( -0.000000000000000000, 1.000000000000000000, -0.000000000000000000 ) ) ;
#135 = CARTESIAN_POINT ( 'NONE',  ( 15.73578643762707507, 4.999999999999999112, 8.650000000000002132 ) ) ;
#136 = ORIENTED_EDGE ( 'NONE', *, *, #1136, .T. ) ;
#137 = ADVANCED_FACE ( 'NONE', ( #2185 ), #21, .F. ) ;
#138 = ORIENTED_EDGE ( 'NONE', *, *, #2370, .F. ) ;
#139 = VERTEX_POINT ( 'NONE', #2424 ) ;
#140 = CC_DESIGN_DATE_AND_TIME_ASSIGNMENT ( #2266, #1060, ( #2486 ) ) ;
#141 = LINE ( 'NONE', #1705, #1715 ) ;
#142 = VECTOR ( 'NONE', #711, 1000.000000000000000 ) ;
#143 = CIRCLE ( 'NONE', #5, 0.8499999999999992006 ) ;
#144 = CARTESIAN_POINT ( 'NONE',  ( -19.83982228238091139, -16.00000000000000000, -19.83982228238077283 ) ) ;
#145 = CARTESIAN_POINT ( 'NONE',  ( 29.61324865405182649, -15.50000000000000000, -15.00000000000000355 ) ) ;
#146 = ADVANCED_FACE ( 'NONE', ( #2408 ), #2206, .T. ) ;
#147 = DIRECTION ( 'NONE',  ( -0.000000000000000000, 1.000000000000000000, -0.000000000000000000 ) ) ;
#148 = LINE ( 'NONE', #2518, #869 ) ;
#149 = ORIENTED_EDGE ( 'NONE', *, *, #1852, .F. ) ;
#150 = AXIS2_PLACEMENT_3D ( 'NONE', #171, #203, #1935 ) ;
#151 = VERTEX_POINT ( 'NONE', #34 ) ;
#152 = VECTOR ( 'NONE', #1056, 1000.000000000000000 ) ;
#153 = VERTEX_POINT ( 'NONE', #1625 ) ;
#154 = FACE_OUTER_BOUND ( 'NONE', #2096, .T. ) ;
#155 = AXIS2_PLACEMENT_3D ( 'NONE', #1267, #490, #1295 ) ;
#156 = DIRECTION ( 'NONE',  ( 0.000000000000000000, 0.000000000000000000, -1.000000000000000000 ) ) ;
#157 = LINE ( 'NONE', #1185, #336 ) ;
#158 = EDGE_CURVE ( 'NONE', #2025, #1160, #1788, .T. ) ;
#159 = CYLINDRICAL_SURFACE ( 'NONE', #2412, 0.8500000000004467315 ) ;
#160 = DIRECTION ( 'NONE',  ( -0.000000000000000000, -1.000000000000000000, -0.000000000000000000 ) ) ;
#161 = DIRECTION ( 'NONE',  ( 0.000000000000000000, 0.000000000000000000, 1.000000000000000000 ) ) ;
#162 = ORIENTED_EDGE ( 'NONE', *, *, #2493, .F. ) ;
#163 = ORIENTED_EDGE ( 'NONE', *, *, #745, .F. ) ;
#164 = CARTESIAN_POINT ( 'NONE',  ( 22.50000000000002487, -10.00000000000000000, 46.23188325654392372 ) ) ;
#165 = VECTOR ( 'NONE', #899, 1000.000000000000000 ) ;
#166 = AXIS2_PLACEMENT_3D ( 'NONE', #666, #1460, #240 ) ;
#167 = CARTESIAN_POINT ( 'NONE',  ( -25.38675134594818061, -16.00000000000000000, 15.99999999999999645 ) ) ;
#168 = LINE ( 'NONE', #1727, #701 ) ;
#169 = DIRECTION ( 'NONE',  ( 0.000000000000000000, 0.000000000000000000, 1.000000000000000000 ) ) ;
#170 = CARTESIAN_POINT ( 'NONE',  ( 12.08578643762707294, 0.000000000000000000, 4.149999999999554490 ) ) ;
#171 = CARTESIAN_POINT ( 'NONE',  ( 2.577350269189625287, -1.000000000000000888, 0.000000000000000000 ) ) ;
#172 = ORIENTED_EDGE ( 'NONE', *, *, #2233, .T. ) ;
#173 = ORIENTED_EDGE ( 'NONE', *, *, #133, .F. ) ;
#174 = DIRECTION ( 'NONE',  ( -0.000000000000000000, 0.000000000000000000, 1.000000000000000000 ) ) ;
#175 = FACE_OUTER_BOUND ( 'NONE', #2439, .T. ) ;
#176 = VECTOR ( 'NONE', #1709, 1000.000000000000000 ) ;
#177 = EDGE_CURVE ( 'NONE', #1612, #1580, #230, .T. ) ;
#178 = CARTESIAN_POINT ( 'NONE',  ( -11.07264973081038129, 4.999999999999999112, 5.000000000000005329 ) ) ;
#179 = FACE_OUTER_BOUND ( 'NONE', #2429, .T. ) ;
#180 = FACE_OUTER_BOUND ( 'NONE', #1877, .T. ) ;
#181 = AXIS2_PLACEMENT_3D ( 'NONE', #1988, #1186, #1976 ) ;
#182 = AXIS2_PLACEMENT_3D ( 'NONE', #2451, #2173, #1836 ) ;
#183 = ORIENTED_EDGE ( 'NONE', *, *, #2558, .T. ) ;
#184 = ORIENTED_EDGE ( 'NONE', *, *, #1190, .F. ) ;
#185 = EDGE_CURVE ( 'NONE', #1711, #1631, #1206, .T. ) ;
#186 = LINE ( 'NONE', #164, #1621 ) ;
#187 = AXIS2_PLACEMENT_3D ( 'NONE', #267, #1847, #1264 ) ;
#188 = EDGE_CURVE ( 'NONE', #399, #1911, #627, .T. ) ;
#189 = EDGE_CURVE ( 'NONE', #904, #153, #1979, .T. ) ;
#190 = FACE_OUTER_BOUND ( 'NONE', #1828, .T. ) ;
#191 = EDGE_CURVE ( 'NONE', #2564, #198, #434, .T. ) ;
#192 = LINE ( 'NONE', #1964, #2311 ) ;
#193 = DIRECTION ( 'NONE',  ( -0.000000000000000000, -1.000000000000000000, -0.000000000000000000 ) ) ;
#194 = FACE_OUTER_BOUND ( 'NONE', #1616, .T. ) ;
#195 = ORIENTED_EDGE ( 'NONE', *, *, #836, .F. ) ;
#196 = VERTEX_POINT ( 'NONE', #2091 ) ;
#197 = CYLINDRICAL_SURFACE ( 'NONE', #754, 1.700000000000001954 ) ;
#198 = VERTEX_POINT ( 'NONE', #1475 ) ;
#199 = DIRECTION ( 'NONE',  ( -0.000000000000000000, 1.000000000000000000, -0.000000000000000000 ) ) ;
#200 = VECTOR ( 'NONE', #1156, 1000.000000000000000 ) ;
#201 = VECTOR ( 'NONE', #2069, 1000.000000000000000 ) ;
#202 = DIRECTION ( 'NONE',  ( 0.000000000000000000, 0.000000000000000000, 1.000000000000000000 ) ) ;
#203 = DIRECTION ( 'NONE',  ( 0.000000000000000000, 1.000000000000000000, 0.000000000000000000 ) ) ;
#204 = EDGE_CURVE ( 'NONE', #196, #2053, #443, .T. ) ;
#205 = ORIENTED_EDGE ( 'NONE', *, *, #189, .F. ) ;
#206 = VERTEX_POINT ( 'NONE', #507 ) ;
#207 = EDGE_CURVE ( 'NONE', #441, #1037, #2481, .T. ) ;
#208 = AXIS2_PLACEMENT_3D ( 'NONE', #616, #2188, #2209 ) ;
#209 = EDGE_CURVE ( 'NONE', #539, #859, #909, .T. ) ;
#210 = CARTESIAN_POINT ( 'NONE',  ( -21.38675134594817706, -13.40000000000000036, -12.00000000000000355 ) ) ;
#211 = CARTESIAN_POINT ( 'NONE',  ( 29.61324865405182649, -16.00000000000000000, -15.00000000000000355 ) ) ;
#212 = CARTESIAN_POINT ( 'NONE',  ( 29.61324865405182649, -15.50000000000000000, -15.00000000000000355 ) ) ;
#213 = EDGE_CURVE ( 'NONE', #2411, #1383, #1903, .T. ) ;
#214 = APPROVAL_STATUS ( 'not_yet_approved' ) ;
#215 = CARTESIAN_POINT ( 'NONE',  ( -25.38675134594818061, -10.00000000000000000, -16.00000000000000355 ) ) ;
#216 = VECTOR ( 'NONE', #1644, 1000.000000000000000 ) ;
#217 = EDGE_CURVE ( 'NONE', #2007, #1671, #1297, .T. ) ;
#218 = VERTEX_POINT ( 'NONE', #910 ) ;
#219 = ORIENTED_EDGE ( 'NONE', *, *, #17, .F. ) ;
#220 = DIRECTION ( 'NONE',  ( 0.000000000000000000, 0.000000000000000000, -1.000000000000000000 ) ) ;
#221 = ORIENTED_EDGE ( 'NONE', *, *, #1883, .F. ) ;
#222 = DIRECTION ( 'NONE',  ( 0.000000000000000000, 0.000000000000000000, 1.000000000000000000 ) ) ;
#223 = DIRECTION ( 'NONE',  ( 0.000000000000000000, 1.000000000000000000, -0.000000000000000000 ) ) ;
#224 = CARTESIAN_POINT ( 'NONE',  ( 29.61324865405182649, -15.50000000000000000, 15.00000000000000355 ) ) ;
#225 = VECTOR ( 'NONE', #1652, 1000.000000000000000 ) ;
#226 = AXIS2_PLACEMENT_3D ( 'NONE', #2343, #762, #1393 ) ;
#227 = ADVANCED_FACE ( 'NONE', ( #2278 ), #1108, .F. ) ;
#228 = APPROVAL_PERSON_ORGANIZATION ( #1255, #2251, #2052 ) ;
#229 = LINE ( 'NONE', #433, #558 ) ;
#230 = LINE ( 'NONE', #419, #1585 ) ;
#231 = ORIENTED_EDGE ( 'NONE', *, *, #772, .F. ) ;
#232 = DIRECTION ( 'NONE',  ( -1.979625613760727720E-13, 0.000000000000000000, 1.000000000000000000 ) ) ;
#233 = EDGE_LOOP ( 'NONE', ( #1478, #439, #903, #1485, #1574, #689 ) ) ;
#234 = CARTESIAN_POINT ( 'NONE',  ( -11.07264973081038129, 4.999999999999999112, 8.650000000000009237 ) ) ;
#235 = ORIENTED_EDGE ( 'NONE', *, *, #298, .T. ) ;
#236 = ORIENTED_EDGE ( 'NONE', *, *, #1008, .F. ) ;
#237 = CARTESIAN_POINT ( 'NONE',  ( 25.61324865405182649, -10.00000000000000000, -8.750000000000003553 ) ) ;
#238 = VECTOR ( 'NONE', #1515, 1000.000000000000000 ) ;
#239 = CARTESIAN_POINT ( 'NONE',  ( -21.38675134594817706, -16.00000000000000000, 13.69999999999999751 ) ) ;
#240 = DIRECTION ( 'NONE',  ( 0.000000000000000000, -0.000000000000000000, -1.000000000000000000 ) ) ;
#241 = CIRCLE ( 'NONE', #2220, 1.000000000000000000 ) ;
#242 = EDGE_CURVE ( 'NONE', #2053, #196, #2002, .T. ) ;
#243 = AXIS2_PLACEMENT_3D ( 'NONE', #1934, #939, #1551 ) ;
#244 = LINE ( 'NONE', #1030, #1949 ) ;
#245 = LINE ( 'NONE', #2423, #1695 ) ;
#246 = CARTESIAN_POINT ( 'NONE',  ( 25.61324865405182649, -10.00000000000000000, 11.99999999999999645 ) ) ;
#247 = VERTEX_POINT ( 'NONE', #1333 ) ;
#248 = DIRECTION ( 'NONE',  ( 0.000000000000000000, 1.000000000000000000, -0.000000000000000000 ) ) ;
#249 = ORIENTED_EDGE ( 'NONE', *, *, #946, .T. ) ;
#250 = LINE ( 'NONE', #1398, #517 ) ;
#251 = ORIENTED_EDGE ( 'NONE', *, *, #726, .T. ) ;
#252 = VERTEX_POINT ( 'NONE', #1881 ) ;
#253 = LINE ( 'NONE', #2061, #975 ) ;
#254 = CARTESIAN_POINT ( 'NONE',  ( 11.23578643762707330, 4.999999999999999112, -5.000000000000000000 ) ) ;
#255 = CARTESIAN_POINT ( 'NONE',  ( 2.577350269189625287, -1.000000000000000888, -2.750000000000000000 ) ) ;
#256 = EDGE_LOOP ( 'NONE', ( #89, #765, #624, #1210 ) ) ;
#257 = CARTESIAN_POINT ( 'NONE',  ( 11.23578643762707507, 0.6840402866513540792, 5.718484872749090897 ) ) ;
#258 = EDGE_CURVE ( 'NONE', #2564, #1911, #131, .T. ) ;
#259 = ORIENTED_EDGE ( 'NONE', *, *, #2050, .F. ) ;
#260 = PLANE ( 'NONE',  #552 ) ;
#261 = ORIENTED_EDGE ( 'NONE', *, *, #745, .T. ) ;
#262 = FACE_OUTER_BOUND ( 'NONE', #1275, .T. ) ;
#263 = ORIENTED_EDGE ( 'NONE', *, *, #1237, .F. ) ;
#264 = ADVANCED_FACE ( 'NONE', ( #529 ), #318, .T. ) ;
#265 = ORIENTED_EDGE ( 'NONE', *, *, #772, .T. ) ;
#266 = CARTESIAN_POINT ( 'NONE',  ( 12.08578643762690064, -1.000000000000000000, 4.150000000000000355 ) ) ;
#267 = CARTESIAN_POINT ( 'NONE',  ( -11.07264973081038306, 4.999999999999999112, -8.650000000000002132 ) ) ;
#268 = DIRECTION ( 'NONE',  ( 0.000000000000000000, 1.000000000000000000, 0.000000000000000000 ) ) ;
#269 = ADVANCED_FACE ( 'NONE', ( #2503 ), #1716, .T. ) ;
#270 = AXIS2_PLACEMENT_3D ( 'NONE', #2133, #365, #2540 ) ;
#271 = AXIS2_PLACEMENT_3D ( 'NONE', #1635, #1806, #1794 ) ;
#272 = CARTESIAN_POINT ( 'NONE',  ( 11.23578643762707330, -10.00000000000000000, -8.650000000000002132 ) ) ;
#273 = COORDINATED_UNIVERSAL_TIME_OFFSET ( 0, 0, .AHEAD. ) ;
#274 = AXIS2_PLACEMENT_3D ( 'NONE', #1029, #44, #1012 ) ;
#275 = ORIENTED_EDGE ( 'NONE', *, *, #1681, .F. ) ;
#276 = LINE ( 'NONE', #2410, #1202 ) ;
#277 = DIRECTION ( 'NONE',  ( 0.7071067811865500152, 0.000000000000000000, 0.7071067811865451302 ) ) ;
#278 = ORIENTED_EDGE ( 'NONE', *, *, #2120, .T. ) ;
#279 = VERTEX_POINT ( 'NONE', #720 ) ;
#280 = DIRECTION ( 'NONE',  ( 0.7071067811865451302, 0.000000000000000000, -0.7071067811865500152 ) ) ;
#281 = CARTESIAN_POINT ( 'NONE',  ( 29.61324865405182649, -10.00000000000000000, -15.00000000000000355 ) ) ;
#282 = PLANE ( 'NONE',  #2321 ) ;
#283 = VECTOR ( 'NONE', #1755, 1000.000000000000000 ) ;
#284 = FACE_OUTER_BOUND ( 'NONE', #2027, .T. ) ;
#285 = AXIS2_PLACEMENT_3D ( 'NONE', #1026, #1805, #2196 ) ;
#286 = PERSON_AND_ORGANIZATION ( #2109, #1490 ) ;
#287 = ORIENTED_EDGE ( 'NONE', *, *, #860, .T. ) ;
#288 = CARTESIAN_POINT ( 'NONE',  ( -11.92264973081037915, 4.999999999999999112, 5.000000000000000000 ) ) ;
#289 = CARTESIAN_POINT ( 'NONE',  ( 29.61324865405182649, -16.00000000000000000, -15.00000000000000355 ) ) ;
#290 = ORIENTED_EDGE ( 'NONE', *, *, #2147, .F. ) ;
#291 = ADVANCED_FACE ( 'NONE', ( #1132, #2515, #492, #1281, #2313, #2479 ), #1683, .F. ) ;
#292 = ORIENTED_EDGE ( 'NONE', *, *, #2186, .T. ) ;
#293 = ORIENTED_EDGE ( 'NONE', *, *, #778, .T. ) ;
#294 = DIRECTION ( 'NONE',  ( 0.000000000000000000, 0.000000000000000000, 1.000000000000000000 ) ) ;
#295 = CARTESIAN_POINT ( 'NONE',  ( -15.57264973081038129, -10.00000000000000000, -8.650000000000002132 ) ) ;
#296 = EDGE_CURVE ( 'NONE', #2036, #1306, #465, .T. ) ;
#298 = EDGE_CURVE ( 'NONE', #2214, #2566, #787, .T. ) ;
#297 = PLANE ( 'NONE',  #208 ) ;
#299 = CARTESIAN_POINT ( 'NONE',  ( -11.92264973081037915, 0.000000000000000000, 5.000000000000000000 ) ) ;
#300 = CARTESIAN_POINT ( 'NONE',  ( 11.23578643762707330, -10.00000000000000000, -8.650000000000002132 ) ) ;
#301 = DATE_TIME_ROLE ( 'classification_date' ) ;
#302 = EDGE_CURVE ( 'NONE', #1654, #27, #1864, .T. ) ;
#303 = ORIENTED_EDGE ( 'NONE', *, *, #605, .T. ) ;
#304 = DIRECTION ( 'NONE',  ( -1.000000000000000000, 0.000000000000000000, 0.000000000000000000 ) ) ;
#305 = ADVANCED_FACE ( 'NONE', ( #1503 ), #1320, .F. ) ;
#306 = DIRECTION ( 'NONE',  ( 1.000000000000000000, 0.000000000000000000, 0.000000000000000000 ) ) ;
#307 = ORIENTED_EDGE ( 'NONE', *, *, #1926, .F. ) ;
#308 = AXIS2_PLACEMENT_3D ( 'NONE', #1536, #384, #1571 ) ;
#309 = ORIENTED_EDGE ( 'NONE', *, *, #346, .F. ) ;
#310 = ORIENTED_EDGE ( 'NONE', *, *, #1319, .F. ) ;
#311 = CARTESIAN_POINT ( 'NONE',  ( -24.17964456476162027, -16.00000000000000000, 15.50000000000000355 ) ) ;
#312 = CARTESIAN_POINT ( 'NONE',  ( 25.61324865405182649, -13.40000000000000036, 11.99999999999999645 ) ) ;
#313 = AXIS2_PLACEMENT_3D ( 'NONE', #1815, #426, #800 ) ;
#314 = DIRECTION ( 'NONE',  ( -1.000000000000000000, 0.000000000000000000, 0.000000000000000000 ) ) ;
#315 = AXIS2_PLACEMENT_3D ( 'NONE', #1271, #673, #630 ) ;
#316 = UNCERTAINTY_MEASURE_WITH_UNIT (LENGTH_MEASURE( 1.000000000000000082E-05 ), #838, 'distance_accuracy_value', 'NONE');
#317 = AXIS2_PLACEMENT_3D ( 'NONE', #2525, #2326, #2546 ) ;
#318 = PLANE ( 'NONE',  #1252 ) ;
#319 = ADVANCED_FACE ( 'NONE', ( #551 ), #768, .F. ) ;
#320 = DIRECTION ( 'NONE',  ( 0.000000000000000000, 0.1736481776669345778, -0.9848077530122073542 ) ) ;
#321 = VECTOR ( 'NONE', #1218, 1000.000000000000000 ) ;
#322 = CARTESIAN_POINT ( 'NONE',  ( 2.577350269189625731, -10.00000000000000533, -1.750000000000000000 ) ) ;
#323 = LINE ( 'NONE', #135, #1780 ) ;
#324 = ORIENTED_EDGE ( 'NONE', *, *, #568, .T. ) ;
#325 = VERTEX_POINT ( 'NONE', #2533 ) ;
#326 = EDGE_LOOP ( 'NONE', ( #1643, #1507, #1367, #1802 ) ) ;
#327 = LINE ( 'NONE', #1106, #1907 ) ;
#328 = ADVANCED_FACE ( 'NONE', ( #1163 ), #2360, .F. ) ;
#329 = DIRECTION ( 'NONE',  ( -0.000000000000000000, 1.000000000000000000, -0.000000000000000000 ) ) ;
#330 = CYLINDRICAL_SURFACE ( 'NONE', #1232, 0.8499999999999965361 ) ;
#331 = ADVANCED_FACE ( 'NONE', ( #175 ), #2148, .F. ) ;
#332 = ADVANCED_FACE ( 'NONE', ( #190 ), #969, .T. ) ;
#333 = DIRECTION ( 'NONE',  ( -0.000000000000000000, 1.000000000000000000, -0.000000000000000000 ) ) ;
#334 = CARTESIAN_POINT ( 'NONE',  ( 2.577350269189625287, 0.000000000000000000, -2.750000000000000000 ) ) ;
#335 = VERTEX_POINT ( 'NONE', #2158 ) ;
#336 = VECTOR ( 'NONE', #429, 1000.000000000000000 ) ;
#337 = AXIS2_PLACEMENT_3D ( 'NONE', #511, #277, #705 ) ;
#338 = VERTEX_POINT ( 'NONE', #1929 ) ;
#339 = ORIENTED_EDGE ( 'NONE', *, *, #2162, .F. ) ;
#340 = CARTESIAN_POINT ( 'NONE',  ( 28.40614187286527681, -16.00000000000000000, -15.50000000000001066 ) ) ;
#341 = CARTESIAN_POINT ( 'NONE',  ( 0.000000000000000000, -16.00000000000000000, -15.50000000000001066 ) ) ;
#342 = CARTESIAN_POINT ( 'NONE',  ( 15.73578643762707507, 4.999999999999999112, 8.650000000000002132 ) ) ;
#343 = CYLINDRICAL_SURFACE ( 'NONE', #1463, 1.000000000000000000 ) ;
#344 = DIRECTION ( 'NONE',  ( -0.000000000000000000, -1.000000000000000000, -0.000000000000000000 ) ) ;
#345 = VERTEX_POINT ( 'NONE', #1726 ) ;
#346 = EDGE_CURVE ( 'NONE', #198, #660, #2126, .T. ) ;
#347 = VERTEX_POINT ( 'NONE', #1545 ) ;
#348 = EDGE_LOOP ( 'NONE', ( #1386, #989, #1605, #1838 ) ) ;
#349 = LINE ( 'NONE', #1914, #1540 ) ;
#350 = ADVANCED_FACE ( 'NONE', ( #1570 ), #2171, .F. ) ;
#351 = AXIS2_PLACEMENT_3D ( 'NONE', #2305, #2085, #1101 ) ;
#352 = CARTESIAN_POINT ( 'NONE',  ( 25.61324865405182649, -16.00000000000000000, -12.00000000000000355 ) ) ;
#353 = AXIS2_PLACEMENT_3D ( 'NONE', #725, #147, #1335 ) ;
#354 = DIRECTION ( 'NONE',  ( 0.5000000000000011102, 0.8660254037844380415, 1.188166764367679054E-16 ) ) ;
#355 = PLANE ( 'NONE',  #967 ) ;
#356 = CARTESIAN_POINT ( 'NONE',  ( -11.07264973081038129, 4.999999999999999112, 8.650000000000009237 ) ) ;
#357 = EDGE_LOOP ( 'NONE', ( #1899, #1617 ) ) ;
#358 = ORIENTED_EDGE ( 'NONE', *, *, #515, .T. ) ;
#359 = VERTEX_POINT ( 'NONE', #565 ) ;
#360 = CARTESIAN_POINT ( 'NONE',  ( -21.38675134594817706, -16.00000000000000000, 11.99999999999999645 ) ) ;
#361 = DIRECTION ( 'NONE',  ( -1.000000000000000000, 0.000000000000000000, -0.000000000000000000 ) ) ;
#362 = DIRECTION ( 'NONE',  ( 1.000000000000000000, 0.000000000000000000, 0.000000000000000000 ) ) ;
#363 = FACE_OUTER_BOUND ( 'NONE', #1442, .T. ) ;
#364 = LINE ( 'NONE', #962, #1564 ) ;
#365 = DIRECTION ( 'NONE',  ( -0.000000000000000000, 0.000000000000000000, 1.000000000000000000 ) ) ;
#366 = ORIENTED_EDGE ( 'NONE', *, *, #2291, .F. ) ;
#367 = ORIENTED_EDGE ( 'NONE', *, *, #776, .F. ) ;
#368 = DIRECTION ( 'NONE',  ( 0.000000000000000000, -0.000000000000000000, -1.000000000000000000 ) ) ;
#369 = AXIS2_PLACEMENT_3D ( 'NONE', #210, #2526, #621 ) ;
#370 = VECTOR ( 'NONE', #714, 1000.000000000000114 ) ;
#371 = CC_DESIGN_PERSON_AND_ORGANIZATION_ASSIGNMENT ( #1222, #1775, ( #1184 ) ) ;
#372 = VECTOR ( 'NONE', #2556, 1000.000000000000000 ) ;
#373 = DIRECTION ( 'NONE',  ( 7.709882115452473236E-16, 0.000000000000000000, 1.000000000000000000 ) ) ;
#374 = EDGE_LOOP ( 'NONE', ( #534, #162, #1589, #2241 ) ) ;
#375 = CARTESIAN_POINT ( 'NONE',  ( 28.61324865405184070, -15.50000000000000178, 15.99999999999999645 ) ) ;
#376 = CARTESIAN_POINT ( 'NONE',  ( 2.577350269189625287, 0.000000000000000000, 0.000000000000000000 ) ) ;
#377 = FACE_OUTER_BOUND ( 'NONE', #1468, .T. ) ;
#378 = ADVANCED_FACE ( 'NONE', ( #1354 ), #1558, .T. ) ;
#379 = VERTEX_POINT ( 'NONE', #2139 ) ;
#380 = ORIENTED_EDGE ( 'NONE', *, *, #835, .F. ) ;
#381 = ADVANCED_FACE ( 'NONE', ( #2350 ), #1735, .F. ) ;
#382 = CARTESIAN_POINT ( 'NONE',  ( -15.57264973081037951, 4.999999999999999112, 4.150000000000007461 ) ) ;
#383 = LINE ( 'NONE', #2567, #372 ) ;
#384 = DIRECTION ( 'NONE',  ( 2.376333528735352191E-16, 0.000000000000000000, -1.000000000000000000 ) ) ;
#385 = LINE ( 'NONE', #1763, #655 ) ;
#386 = LINE ( 'NONE', #1566, #1179 ) ;
#387 = ORIENTED_EDGE ( 'NONE', *, *, #1098, .T. ) ;
#388 = EDGE_LOOP ( 'NONE', ( #984, #596, #573, #2409 ) ) ;
#389 = DIRECTION ( 'NONE',  ( -1.000000000000000000, -0.000000000000000000, -0.000000000000000000 ) ) ;
#390 = CIRCLE ( 'NONE', #271, 1.000000000000000000 ) ;
#391 = ORIENTED_EDGE ( 'NONE', *, *, #1902, .F. ) ;
#392 = CARTESIAN_POINT ( 'NONE',  ( -21.38675134594817706, -10.00000000000000000, 11.99999999999999645 ) ) ;
#393 = ADVANCED_FACE ( 'NONE', ( #1772 ), #2374, .F. ) ;
#394 = PLANE ( 'NONE',  #536 ) ;
#395 = EDGE_CURVE ( 'NONE', #1315, #1328, #383, .T. ) ;
#396 = CARTESIAN_POINT ( 'NONE',  ( 28.61324865405181228, -15.50000000000000000, -16.00000000000000355 ) ) ;
#397 = CARTESIAN_POINT ( 'NONE',  ( 25.61324865405182649, -10.00000000000000000, 11.99999999999999645 ) ) ;
#398 = ADVANCED_FACE ( 'NONE', ( #779 ), #586, .F. ) ;
#399 = VERTEX_POINT ( 'NONE', #405 ) ;
#400 = EDGE_LOOP ( 'NONE', ( #2273, #440 ) ) ;
#401 = DIRECTION ( 'NONE',  ( 0.7071067811865439090, 0.000000000000000000, -0.7071067811865512365 ) ) ;
#402 = ORIENTED_EDGE ( 'NONE', *, *, #2233, .F. ) ;
#403 = CIRCLE ( 'NONE', #369, 3.249999999999999556 ) ;
#404 = LINE ( 'NONE', #237, #607 ) ;
#405 = CARTESIAN_POINT ( 'NONE',  ( -24.17964456476164159, -16.00000000000000000, -15.50000000000001066 ) ) ;
#406 = ADVANCED_FACE ( 'NONE', ( #741 ), #1534, .T. ) ;
#407 = LINE ( 'NONE', #1187, #1749 ) ;
#408 = CARTESIAN_POINT ( 'NONE',  ( -15.57264973081037951, -10.00000000000000000, 4.150000000000007461 ) ) ;
#409 = CARTESIAN_POINT ( 'NONE',  ( -21.38675134594817706, -16.00000000000000000, -12.00000000000000355 ) ) ;
#410 = ORIENTED_EDGE ( 'NONE', *, *, #242, .F. ) ;
#411 = EDGE_LOOP ( 'NONE', ( #1039, #931, #114, #2208 ) ) ;
#412 = LINE ( 'NONE', #1228, #2415 ) ;
#413 = EDGE_LOOP ( 'NONE', ( #2521, #1019, #2226, #1690, #803, #2111, #136, #1876 ) ) ;
#414 = FACE_OUTER_BOUND ( 'NONE', #1710, .T. ) ;
#415 = LINE ( 'NONE', #1416, #723 ) ;
#416 = FACE_OUTER_BOUND ( 'NONE', #2041, .T. ) ;
#417 = CARTESIAN_POINT ( 'NONE',  ( 28.40614187286529457, -16.00000000000000000, 15.50000000000000355 ) ) ;
#418 = CARTESIAN_POINT ( 'NONE',  ( 11.23578643762707685, -0.8263518223330674761, 5.984807753012208131 ) ) ;
#419 = CARTESIAN_POINT ( 'NONE',  ( 0.000000000000000000, -10.00000000000000000, 7.602369438261946222 ) ) ;
#420 = CIRCLE ( 'NONE', #1743, 1.700000000000003508 ) ;
#421 = EDGE_LOOP ( 'NONE', ( #2297, #1356, #402, #1938 ) ) ;
#422 = VECTOR ( 'NONE', #1243, 1000.000000000000000 ) ;
#423 = CARTESIAN_POINT ( 'NONE',  ( 11.33578643762706939, -10.00000000000000000, -4.250000000000897060 ) ) ;
#424 = CIRCLE ( 'NONE', #353, 3.249999999999999556 ) ;
#425 = ORIENTED_EDGE ( 'NONE', *, *, #217, .F. ) ;
#426 = DIRECTION ( 'NONE',  ( 0.7071067811865524577, -0.7071067811865425767, 0.000000000000000000 ) ) ;
#427 = ORIENTED_EDGE ( 'NONE', *, *, #2162, .T. ) ;
#428 = ORIENTED_EDGE ( 'NONE', *, *, #1258, .T. ) ;
#429 = DIRECTION ( 'NONE',  ( -0.7071067811865512365, -0.000000000000000000, -0.7071067811865439090 ) ) ;
#430 = LINE ( 'NONE', #2245, #2255 ) ;
#431 = VECTOR ( 'NONE', #680, 1000.000000000000000 ) ;
#432 = LINE ( 'NONE', #2449, #821 ) ;
#433 = CARTESIAN_POINT ( 'NONE',  ( -15.57264973081037951, 4.999999999999999112, 4.150000000000007461 ) ) ;
#434 = LINE ( 'NONE', #1407, #684 ) ;
#435 = VERTEX_POINT ( 'NONE', #639 ) ;
#436 = PLANE ( 'NONE',  #880 ) ;
#437 = ORIENTED_EDGE ( 'NONE', *, *, #1510, .F. ) ;
#438 = PLANE ( 'NONE',  #313 ) ;
#439 = ORIENTED_EDGE ( 'NONE', *, *, #1432, .T. ) ;
#440 = ORIENTED_EDGE ( 'NONE', *, *, #588, .F. ) ;
#441 = VERTEX_POINT ( 'NONE', #445 ) ;
#442 = DIRECTION ( 'NONE',  ( -0.000000000000000000, -0.000000000000000000, -1.000000000000000000 ) ) ;
#443 = CIRCLE ( 'NONE', #122, 1.700000000000000178 ) ;
#444 = CARTESIAN_POINT ( 'NONE',  ( 15.73578643762707152, 4.999999999999999112, -4.150000000000001243 ) ) ;
#445 = CARTESIAN_POINT ( 'NONE',  ( -11.92264973081037915, 0.000000000000000000, 4.150000000000005684 ) ) ;
#446 = EDGE_CURVE ( 'NONE', #539, #2270, #1795, .T. ) ;
#447 = AXIS2_PLACEMENT_3D ( 'NONE', #1145, #362, #1985 ) ;
#448 = CIRCLE ( 'NONE', #2351, 2.750000000000000000 ) ;
#449 = CARTESIAN_POINT ( 'NONE',  ( 2.577350269189625287, -10.00000000000000533, 0.000000000000000000 ) ) ;
#450 = LINE ( 'NONE', #408, #1650 ) ;
#451 = EDGE_CURVE ( 'NONE', #591, #1043, #432, .T. ) ;
#452 = ORIENTED_EDGE ( 'NONE', *, *, #2194, .F. ) ;
#453 = DIRECTION ( 'NONE',  ( 0.000000000000000000, 0.000000000000000000, -1.000000000000000000 ) ) ;
#454 = ORIENTED_EDGE ( 'NONE', *, *, #2434, .T. ) ;
#455 = DIRECTION ( 'NONE',  ( -0.2810846377148248920, 0.6785983445458507735, 0.6785983445458413366 ) ) ;
#456 = ORIENTED_EDGE ( 'NONE', *, *, #1750, .F. ) ;
#457 = EDGE_CURVE ( 'NONE', #1128, #918, #1433, .T. ) ;
#458 = EDGE_CURVE ( 'NONE', #2007, #662, #1835, .T. ) ;
#459 = ORIENTED_EDGE ( 'NONE', *, *, #2520, .T. ) ;
#460 = DIRECTION ( 'NONE',  ( -1.000000000000000000, 0.000000000000000000, 0.000000000000000000 ) ) ;
#461 = LINE ( 'NONE', #1041, #1587 ) ;
#462 = CARTESIAN_POINT ( 'NONE',  ( -21.38675134594817706, -13.40000000000000036, 15.24999999999999645 ) ) ;
#463 = DIRECTION ( 'NONE',  ( 0.000000000000000000, 0.000000000000000000, 1.000000000000000000 ) ) ;
#464 = PERSON_AND_ORGANIZATION ( #2109, #1490 ) ;
#465 = CIRCLE ( 'NONE', #2026, 1.700000000000003508 ) ;
#466 = ORIENTED_EDGE ( 'NONE', *, *, #191, .F. ) ;
#467 = CARTESIAN_POINT ( 'NONE',  ( -25.38675134594818061, -15.50000000000000000, -15.00000000000000355 ) ) ;
#468 = ORIENTED_EDGE ( 'NONE', *, *, #668, .T. ) ;
#469 = AXIS2_PLACEMENT_3D ( 'NONE', #2011, #618, #1982 ) ;
#470 = CARTESIAN_POINT ( 'NONE',  ( -21.38675134594817706, -13.40000000000000036, -10.30000000000000071 ) ) ;
#471 = ORIENTED_EDGE ( 'NONE', *, *, #535, .T. ) ;
#472 = ORIENTED_EDGE ( 'NONE', *, *, #1171, .F. ) ;
#473 = DIRECTION ( 'NONE',  ( 1.000000000000000000, 0.000000000000000000, -0.000000000000000000 ) ) ;
#474 = CARTESIAN_POINT ( 'NONE',  ( 11.23578643762707507, -10.00000000000000000, 8.650000000000002132 ) ) ;
#475 = LINE ( 'NONE', #698, #1533 ) ;
#476 = AXIS2_PLACEMENT_3D ( 'NONE', #1361, #2175, #1956 ) ;
#477 = VECTOR ( 'NONE', #1250, 1000.000000000000000 ) ;
#478 = DIRECTION ( 'NONE',  ( 0.000000000000000000, 0.000000000000000000, -1.000000000000000000 ) ) ;
#479 = EDGE_CURVE ( 'NONE', #335, #2070, #1651, .T. ) ;
#480 = AXIS2_PLACEMENT_3D ( 'NONE', #820, #1608, #2402 ) ;
#481 = ORIENTED_EDGE ( 'NONE', *, *, #446, .F. ) ;
#482 = ADVANCED_FACE ( 'NONE', ( #1236 ), #30, .F. ) ;
#483 = CARTESIAN_POINT ( 'NONE',  ( 11.23578643762707507, 4.999999999999999112, 5.000000000000000000 ) ) ;
#484 = CARTESIAN_POINT ( 'NONE',  ( 12.08578643762707117, 4.999999999999999112, -4.150000000000000355 ) ) ;
#485 = ORIENTED_EDGE ( 'NONE', *, *, #883, .T. ) ;
#486 = ADVANCED_FACE ( 'NONE', ( #1783 ), #1219, .F. ) ;
#487 = ORIENTED_EDGE ( 'NONE', *, *, #1071, .T. ) ;
#488 = CARTESIAN_POINT ( 'NONE',  ( 11.33578643762706939, -10.00000000000000000, 4.249999999999103828 ) ) ;
#489 = DIRECTION ( 'NONE',  ( -0.000000000000000000, -0.000000000000000000, -1.000000000000000000 ) ) ;
#490 = DIRECTION ( 'NONE',  ( 0.000000000000000000, -1.000000000000000000, 0.000000000000000000 ) ) ;
#491 = ADVANCED_FACE ( 'NONE', ( #416 ), #2018, .F. ) ;
#492 = FACE_BOUND ( 'NONE', #357, .T. ) ;
#493 = EDGE_CURVE ( 'NONE', #359, #645, #998, .T. ) ;
#494 = CYLINDRICAL_SURFACE ( 'NONE', #1357, 0.9999999999999997780 ) ;
#495 = VECTOR ( 'NONE', #2516, 1000.000000000000000 ) ;
#496 = VECTOR ( 'NONE', #2163, 1000.000000000000114 ) ;
#497 = VERTEX_POINT ( 'NONE', #2386 ) ;
#498 = DIRECTION ( 'NONE',  ( 0.7071067811865500152, -0.000000000000000000, 0.7071067811865451302 ) ) ;
#499 = DIRECTION ( 'NONE',  ( -0.000000000000000000, 1.000000000000000000, -0.000000000000000000 ) ) ;
#500 = EDGE_LOOP ( 'NONE', ( #619, #437 ) ) ;
#501 = AXIS2_PLACEMENT_3D ( 'NONE', #1962, #199, #1388 ) ;
#502 = EDGE_LOOP ( 'NONE', ( #845, #615, #1169, #940, #249, #1273, #900, #2260 ) ) ;
#503 = ORIENTED_EDGE ( 'NONE', *, *, #1663, .T. ) ;
#504 = CARTESIAN_POINT ( 'NONE',  ( -24.38675134594818417, -10.00000000000000000, -16.00000000000000355 ) ) ;
#505 = LINE ( 'NONE', #1094, #550 ) ;
#506 = CARTESIAN_POINT ( 'NONE',  ( 29.61324865405182649, -16.00000000000000000, 15.00000000000000355 ) ) ;
#507 = CARTESIAN_POINT ( 'NONE',  ( -21.38675134594817706, -16.00000000000000000, -13.70000000000000462 ) ) ;
#508 = DIRECTION ( 'NONE',  ( 1.000000000000000000, -0.000000000000000000, -0.000000000000000000 ) ) ;
#509 = ORIENTED_EDGE ( 'NONE', *, *, #50, .T. ) ;
#510 = DIRECTION ( 'NONE',  ( 0.000000000000000000, 0.000000000000000000, 1.000000000000000000 ) ) ;
#511 = CARTESIAN_POINT ( 'NONE',  ( -24.38675134594818417, -16.00000000000000000, -16.00000000000000355 ) ) ;
#512 = EDGE_LOOP ( 'NONE', ( #1467, #964, #290, #2507 ) ) ;
#513 = ORIENTED_EDGE ( 'NONE', *, *, #1939, .F. ) ;
#514 = ORIENTED_EDGE ( 'NONE', *, *, #1904, .F. ) ;
#515 = EDGE_CURVE ( 'NONE', #830, #2355, #2377, .T. ) ;
#516 = CARTESIAN_POINT ( 'NONE',  ( 21.95307093643249985, -16.00000000000000000, -21.95307093643272722 ) ) ;
#517 = VECTOR ( 'NONE', #2413, 1000.000000000000000 ) ;
#518 = EDGE_CURVE ( 'NONE', #1328, #2283, #2182, .T. ) ;
#519 = VECTOR ( 'NONE', #1240, 1000.000000000000000 ) ;
#520 = CARTESIAN_POINT ( 'NONE',  ( 25.61324865405182649, -16.00000000000000000, -12.00000000000000355 ) ) ;
#521 = DIRECTION ( 'NONE',  ( -1.000000000000000000, 0.000000000000000000, -0.000000000000000000 ) ) ;
#522 = VECTOR ( 'NONE', #115, 1000.000000000000000 ) ;
#523 = CARTESIAN_POINT ( 'NONE',  ( -11.92264973081037915, -1.000000000000000000, -4.150000000000001243 ) ) ;
#524 = CYLINDRICAL_SURFACE ( 'NONE', #1028, 3.249999999999999556 ) ;
#525 = ORIENTED_EDGE ( 'NONE', *, *, #188, .F. ) ;
#526 = ORIENTED_EDGE ( 'NONE', *, *, #458, .F. ) ;
#527 = VERTEX_POINT ( 'NONE', #224 ) ;
#528 = LINE ( 'NONE', #1318, #1666 ) ;
#529 = FACE_OUTER_BOUND ( 'NONE', #1024, .T. ) ;
#530 = LINE ( 'NONE', #1697, #165 ) ;
#531 = ADVANCED_FACE ( 'NONE', ( #623 ), #1042, .F. ) ;
#532 = FACE_OUTER_BOUND ( 'NONE', #1079, .T. ) ;
#533 = FACE_OUTER_BOUND ( 'NONE', #1151, .T. ) ;
#534 = ORIENTED_EDGE ( 'NONE', *, *, #1817, .F. ) ;
#535 = EDGE_CURVE ( 'NONE', #813, #538, #1268, .T. ) ;
#536 = AXIS2_PLACEMENT_3D ( 'NONE', #1753, #1176, #1761 ) ;
#537 = AXIS2_PLACEMENT_3D ( 'NONE', #289, #1481, #2256 ) ;
#538 = VERTEX_POINT ( 'NONE', #462 ) ;
#539 = VERTEX_POINT ( 'NONE', #1822 ) ;
#540 = DIRECTION ( 'NONE',  ( -0.7071067811865511255, 0.000000000000000000, -0.7071067811865439090 ) ) ;
#541 = CARTESIAN_POINT ( 'NONE',  ( -21.38675134594817706, -13.40000000000000036, -12.00000000000000355 ) ) ;
#542 = LINE ( 'NONE', #742, #2138 ) ;
#543 = CIRCLE ( 'NONE', #1977, 3.249999999999999556 ) ;
#544 = CARTESIAN_POINT ( 'NONE',  ( 27.18177536767197111, -17.93147328637988380, -13.99285078823360884 ) ) ;
#545 = DIRECTION ( 'NONE',  ( 0.000000000000000000, 0.000000000000000000, 1.000000000000000000 ) ) ;
#546 = EDGE_LOOP ( 'NONE', ( #783, #1114, #1888, #2416, #1818, #1896, #1102, #738, #1984, #566, #1756, #1196, #2543, #2187, #1784, #1508, #80, #1744, #1588, #2472 ) ) ;
#547 = EDGE_LOOP ( 'NONE', ( #1152, #11, #629, #2457 ) ) ;
#548 = ORIENTED_EDGE ( 'NONE', *, *, #605, .F. ) ;
#549 = LINE ( 'NONE', #1376, #97 ) ;
#550 = VECTOR ( 'NONE', #1879, 1000.000000000000000 ) ;
#551 = FACE_OUTER_BOUND ( 'NONE', #2189, .T. ) ;
#552 = AXIS2_PLACEMENT_3D ( 'NONE', #1642, #2426, #646 ) ;
#553 = DIRECTION ( 'NONE',  ( 0.000000000000000000, 0.000000000000000000, 1.000000000000000000 ) ) ;
#554 = ADVANCED_FACE ( 'NONE', ( #2435 ), #1418, .F. ) ;
#555 = FACE_OUTER_BOUND ( 'NONE', #708, .T. ) ;
#556 = LINE ( 'NONE', #2331, #819 ) ;
#557 = PLANE ( 'NONE',  #270 ) ;
#558 = VECTOR ( 'NONE', #2422, 1000.000000000000000 ) ;
#559 = EDGE_CURVE ( 'NONE', #198, #399, #653, .T. ) ;
#560 = ORIENTED_EDGE ( 'NONE', *, *, #988, .T. ) ;
#561 = VERTEX_POINT ( 'NONE', #1863 ) ;
#562 = ADVANCED_FACE ( 'NONE', ( #908, #1082 ), #2263, .F. ) ;
#563 = LOCAL_TIME ( 9, 58, 45.00000000000000000, #1422 ) ;
#564 = CARTESIAN_POINT ( 'NONE',  ( 0.000000000000000000, -16.00000000000000000, 0.000000000000000000 ) ) ;
#565 = CARTESIAN_POINT ( 'NONE',  ( -15.57264973081038129, -5.321985447626397026, -4.250000000000000000 ) ) ;
#566 = ORIENTED_EDGE ( 'NONE', *, *, #825, .F. ) ;
#567 = EDGE_CURVE ( 'NONE', #252, #441, #805, .T. ) ;
#568 = EDGE_CURVE ( 'NONE', #1702, #527, #1278, .T. ) ;
#569 = CARTESIAN_POINT ( 'NONE',  ( -11.92264973081037915, 1.060575238724900136E-16, 4.000000000000000000 ) ) ;
#570 = DIRECTION ( 'NONE',  ( -0.000000000000000000, -1.000000000000000000, -0.000000000000000000 ) ) ;
#571 = LINE ( 'NONE', #1188, #283 ) ;
#572 = EDGE_LOOP ( 'NONE', ( #1804, #293, #1791, #2499, #2500, #1646 ) ) ;
#573 = ORIENTED_EDGE ( 'NONE', *, *, #1664, .T. ) ;
#574 = LINE ( 'NONE', #1556, #1162 ) ;
#575 = VECTOR ( 'NONE', #1284, 1000.000000000000000 ) ;
#576 = VECTOR ( 'NONE', #1729, 1000.000000000000000 ) ;
#577 = DIRECTION ( 'NONE',  ( -0.000000000000000000, 1.000000000000000000, -0.000000000000000000 ) ) ;
#578 = CARTESIAN_POINT ( 'NONE',  ( -16.74721676793699743, -10.00000000000000000, -4.250000000000000000 ) ) ;
#579 = DIRECTION ( 'NONE',  ( 0.000000000000000000, 0.000000000000000000, -1.000000000000000000 ) ) ;
#580 = PLANE ( 'NONE',  #476 ) ;
#581 = EDGE_LOOP ( 'NONE', ( #2319, #1305, #861, #503 ) ) ;
#582 = ORIENTED_EDGE ( 'NONE', *, *, #2387, .F. ) ;
#583 = CARTESIAN_POINT ( 'NONE',  ( 25.61324865405182649, -16.00000000000000000, -10.30000000000000426 ) ) ;
#584 = ADVANCED_FACE ( 'NONE', ( #2461 ), #683, .F. ) ;
#585 = ORIENTED_EDGE ( 'NONE', *, *, #2167, .T. ) ;
#586 = CYLINDRICAL_SURFACE ( 'NONE', #501, 1.750000000000000000 ) ;
#587 = ADVANCED_FACE ( 'NONE', ( #2076 ), #282, .F. ) ;
#588 = EDGE_CURVE ( 'NONE', #815, #1170, #543, .T. ) ;
#589 = DIRECTION ( 'NONE',  ( 0.000000000000000000, 0.000000000000000000, -1.000000000000000000 ) ) ;
#590 = CYLINDRICAL_SURFACE ( 'NONE', #2252, 3.249999999999999556 ) ;
#591 = VERTEX_POINT ( 'NONE', #1880 ) ;
#592 = ORIENTED_EDGE ( 'NONE', *, *, #642, .T. ) ;
#593 = FACE_OUTER_BOUND ( 'NONE', #2056, .T. ) ;
#594 = VECTOR ( 'NONE', #1611, 1000.000000000000000 ) ;
#595 = VECTOR ( 'NONE', #1679, 1000.000000000000000 ) ;
#596 = ORIENTED_EDGE ( 'NONE', *, *, #872, .T. ) ;
#597 = CARTESIAN_POINT ( 'NONE',  ( -11.07264973081038129, -1.000000000000004663, -5.000000000000000888 ) ) ;
#598 = VECTOR ( 'NONE', #2000, 1000.000000000000000 ) ;
#599 = DIRECTION ( 'NONE',  ( -0.000000000000000000, 1.000000000000000000, -0.000000000000000000 ) ) ;
#600 = PLANE ( 'NONE',  #2102 ) ;
#601 = DIRECTION ( 'NONE',  ( -0.000000000000000000, 1.000000000000000000, -0.000000000000000000 ) ) ;
#602 = DIRECTION ( 'NONE',  ( 0.000000000000000000, 0.000000000000000000, -1.000000000000000000 ) ) ;
#603 = EDGE_LOOP ( 'NONE', ( #1105, #1994, #38, #367 ) ) ;
#604 = ORIENTED_EDGE ( 'NONE', *, *, #1748, .T. ) ;
#605 = EDGE_CURVE ( 'NONE', #52, #737, #475, .T. ) ;
#606 = LINE ( 'NONE', #844, #216 ) ;
#607 = VECTOR ( 'NONE', #1547, 1000.000000000000000 ) ;
#608 = LINE ( 'NONE', #1793, #2524 ) ;
#609 = LINE ( 'NONE', #863, #2299 ) ;
#610 = VECTOR ( 'NONE', #1565, 1000.000000000000000 ) ;
#611 = DIRECTION ( 'NONE',  ( 0.000000000000000000, 0.000000000000000000, 1.000000000000000000 ) ) ;
#612 = CARTESIAN_POINT ( 'NONE',  ( -21.38675134594817706, -10.00000000000000000, 15.24999999999999645 ) ) ;
#613 = APPROVAL_DATE_TIME ( #2392, #1394 ) ;
#614 = DIRECTION ( 'NONE',  ( -0.000000000000000000, 1.000000000000000000, -0.000000000000000000 ) ) ;
#615 = ORIENTED_EDGE ( 'NONE', *, *, #1512, .T. ) ;
#616 = CARTESIAN_POINT ( 'NONE',  ( 12.08578643762707294, 4.999999999999999112, 4.150000000000000355 ) ) ;
#617 = ORIENTED_EDGE ( 'NONE', *, *, #2033, .F. ) ;
#618 = DIRECTION ( 'NONE',  ( -0.4999999999999996114, -0.7071067811865456854, 0.5000000000000029976 ) ) ;
#619 = ORIENTED_EDGE ( 'NONE', *, *, #1850, .F. ) ;
#620 = ORIENTED_EDGE ( 'NONE', *, *, #988, .F. ) ;
#621 = DIRECTION ( 'NONE',  ( 0.000000000000000000, 0.000000000000000000, 1.000000000000000000 ) ) ;
#622 = FACE_OUTER_BOUND ( 'NONE', #2212, .T. ) ;
#623 = FACE_OUTER_BOUND ( 'NONE', #1913, .T. ) ;
#624 = ORIENTED_EDGE ( 'NONE', *, *, #1290, .F. ) ;
#625 = VECTOR ( 'NONE', #304, 1000.000000000000000 ) ;
#626 = DIRECTION ( 'NONE',  ( -0.000000000000000000, 1.000000000000000000, -0.000000000000000000 ) ) ;
#627 = LINE ( 'NONE', #1223, #1471 ) ;
#628 = VECTOR ( 'NONE', #2178, 1000.000000000000000 ) ;
#629 = ORIENTED_EDGE ( 'NONE', *, *, #26, .T. ) ;
#630 = DIRECTION ( 'NONE',  ( 0.000000000000000000, 0.000000000000000000, 1.000000000000000000 ) ) ;
#631 = VERTEX_POINT ( 'NONE', #2478 ) ;
#632 = DIRECTION ( 'NONE',  ( -0.000000000000000000, -0.000000000000000000, -1.000000000000000000 ) ) ;
#633 = VERTEX_POINT ( 'NONE', #881 ) ;
#634 = VECTOR ( 'NONE', #1144, 1000.000000000000114 ) ;
#635 = AXIS2_PLACEMENT_3D ( 'NONE', #1595, #1449, #2406 ) ;
#636 = ADVANCED_FACE ( 'NONE', ( #1662 ), #297, .F. ) ;
#637 = CARTESIAN_POINT ( 'NONE',  ( -15.57264973081037951, -10.00000000000000000, 8.650000000000009237 ) ) ;
#638 = DIRECTION ( 'NONE',  ( 0.000000000000000000, 0.000000000000000000, 1.000000000000000000 ) ) ;
#639 = CARTESIAN_POINT ( 'NONE',  ( 15.73578643762707152, 4.999999999999999112, -4.150000000000001243 ) ) ;
#640 = ADVANCED_FACE ( 'NONE', ( #1801 ), #436, .F. ) ;
#641 = DIRECTION ( 'NONE',  ( -1.000000000000000000, -2.168150275811940252E-16, 0.000000000000000000 ) ) ;
#642 = EDGE_CURVE ( 'NONE', #435, #2239, #1453, .T. ) ;
#643 = PERSON_AND_ORGANIZATION ( #2109, #1490 ) ;
#644 = EDGE_CURVE ( 'NONE', #2121, #129, #1827, .T. ) ;
#645 = VERTEX_POINT ( 'NONE', #874 ) ;
#646 = DIRECTION ( 'NONE',  ( 1.000000000000000000, 0.000000000000000000, -7.129000586206058052E-16 ) ) ;
#647 = ORIENTED_EDGE ( 'NONE', *, *, #1512, .F. ) ;
#648 = DIRECTION ( 'NONE',  ( -0.7071067811865500152, 0.000000000000000000, -0.7071067811865451302 ) ) ;
#649 = ORIENTED_EDGE ( 'NONE', *, *, #1322, .T. ) ;
#650 = ORIENTED_EDGE ( 'NONE', *, *, #204, .F. ) ;
#651 = FACE_OUTER_BOUND ( 'NONE', #1996, .T. ) ;
#652 = DIRECTION ( 'NONE',  ( -0.000000000000000000, -1.000000000000000000, -0.000000000000000000 ) ) ;
#653 = LINE ( 'NONE', #1447, #941 ) ;
#654 = CIRCLE ( 'NONE', #2271, 1.000000000000000000 ) ;
#655 = VECTOR ( 'NONE', #951, 1000.000000000000000 ) ;
#656 = CARTESIAN_POINT ( 'NONE',  ( -11.92264973081038093, 0.000000000000000000, -4.150000000000001243 ) ) ;
#657 = PERSON_AND_ORGANIZATION_ROLE ( 'creator' ) ;
#658 = EDGE_LOOP ( 'NONE', ( #1373, #1339 ) ) ;
#659 = LINE ( 'NONE', #1655, #1987 ) ;
#660 = VERTEX_POINT ( 'NONE', #467 ) ;
#661 = CARTESIAN_POINT ( 'NONE',  ( 29.12717572988585246, -14.25927028345079073, 17.24072971654918973 ) ) ;
#662 = VERTEX_POINT ( 'NONE', #856 ) ;
#663 = ORIENTED_EDGE ( 'NONE', *, *, #2147, .T. ) ;
#664 = CARTESIAN_POINT ( 'NONE',  ( -21.38675134594817706, -16.00000000000000000, -12.00000000000000355 ) ) ;
#665 = PLANE ( 'NONE',  #1513 ) ;
#666 = CARTESIAN_POINT ( 'NONE',  ( 0.000000000000000000, -10.00000000000000000, 0.000000000000000000 ) ) ;
#667 = EDGE_CURVE ( 'NONE', #1317, #784, #1409, .T. ) ;
#668 = EDGE_CURVE ( 'NONE', #1816, #1399, #1746, .T. ) ;
#669 = EDGE_CURVE ( 'NONE', #2405, #153, #757, .T. ) ;
#670 = CYLINDRICAL_SURFACE ( 'NONE', #1006, 1.750000000000000000 ) ;
#671 = SHAPE_DEFINITION_REPRESENTATION ( #797, #1061 ) ;
#672 = EDGE_LOOP ( 'NONE', ( #1065, #1873, #1260, #292 ) ) ;
#673 = DIRECTION ( 'NONE',  ( -0.000000000000000000, 1.000000000000000000, -0.000000000000000000 ) ) ;
#674 = VECTOR ( 'NONE', #306, 1000.000000000000000 ) ;
#675 = PLANE ( 'NONE',  #913 ) ;
#676 = EDGE_LOOP ( 'NONE', ( #1484, #1853 ) ) ;
#677 = AXIS2_PLACEMENT_3D ( 'NONE', #1326, #2094, #2106 ) ;
#678 = ORIENTED_EDGE ( 'NONE', *, *, #1368, .F. ) ;
#679 = DIRECTION ( 'NONE',  ( 0.000000000000000000, -1.000000000000000000, 0.000000000000000000 ) ) ;
#680 = DIRECTION ( 'NONE',  ( 1.000000000000000000, -0.000000000000000000, -0.000000000000000000 ) ) ;
#681 = EDGE_CURVE ( 'NONE', #1675, #1116, #1034, .T. ) ;
#682 = ADVANCED_FACE ( 'NONE', ( #2022 ), #78, .T. ) ;
#683 = CYLINDRICAL_SURFACE ( 'NONE', #744, 3.249999999999999556 ) ;
#684 = VECTOR ( 'NONE', #2005, 1000.000000000000000 ) ;
#685 = DIRECTION ( 'NONE',  ( -0.000000000000000000, 1.000000000000000000, -0.000000000000000000 ) ) ;
#686 = LINE ( 'NONE', #1882, #1694 ) ;
#687 = PRODUCT_DEFINITION_FORMATION_WITH_SPECIFIED_SOURCE ( 'ANY', '', #1184, .NOT_KNOWN. ) ;
#688 = PERSON_AND_ORGANIZATION_ROLE ( 'classification_officer' ) ;
#689 = ORIENTED_EDGE ( 'NONE', *, *, #2436, .T. ) ;
#690 = EDGE_CURVE ( 'NONE', #1170, #815, #1868, .T. ) ;
#691 = DIRECTION ( 'NONE',  ( 0.000000000000000000, 0.000000000000000000, 1.000000000000000000 ) ) ;
#692 = CARTESIAN_POINT ( 'NONE',  ( 12.08578643762690064, 4.516335699804030706E-15, -4.150000000000001243 ) ) ;
#693 = EDGE_LOOP ( 'NONE', ( #703, #1509, #1329, #678, #585 ) ) ;
#694 = EDGE_LOOP ( 'NONE', ( #1959, #706, #560, #730 ) ) ;
#695 = ORIENTED_EDGE ( 'NONE', *, *, #1134, .F. ) ;
#696 = FACE_OUTER_BOUND ( 'NONE', #326, .T. ) ;
#697 = CARTESIAN_POINT ( 'NONE',  ( 28.61324865405184070, -16.00000000000000000, 15.99999999999999645 ) ) ;
#698 = CARTESIAN_POINT ( 'NONE',  ( 15.73578643762707152, -3.235786437627079959, 4.000000000000000000 ) ) ;
#699 = CARTESIAN_POINT ( 'NONE',  ( -21.38675134594817706, -13.40000000000000036, 11.99999999999999645 ) ) ;
#700 = DIRECTION ( 'NONE',  ( -1.000000000000000000, 0.000000000000000000, -0.000000000000000000 ) ) ;
#701 = VECTOR ( 'NONE', #1974, 1000.000000000000227 ) ;
#702 = VECTOR ( 'NONE', #1857, 1000.000000000000000 ) ;
#703 = ORIENTED_EDGE ( 'NONE', *, *, #917, .F. ) ;
#704 = CARTESIAN_POINT ( 'NONE',  ( -4.922649730810380042, -10.00000000000000533, -1.750000000000000000 ) ) ;
#705 = DIRECTION ( 'NONE',  ( 0.000000000000000000, 1.000000000000000000, -0.000000000000000000 ) ) ;
#706 = ORIENTED_EDGE ( 'NONE', *, *, #189, .T. ) ;
#707 = ORIENTED_EDGE ( 'NONE', *, *, #1296, .T. ) ;
#708 = EDGE_LOOP ( 'NONE', ( #1363, #873, #1674, #263, #526 ) ) ;
#709 = LINE ( 'NONE', #1878, #522 ) ;
#710 = LINE ( 'NONE', #2502, #431 ) ;
#711 = DIRECTION ( 'NONE',  ( 1.000000000000000000, -0.000000000000000000, 0.000000000000000000 ) ) ;
#712 = FACE_OUTER_BOUND ( 'NONE', #2224, .T. ) ;
#713 = DIRECTION ( 'NONE',  ( 0.000000000000000000, 0.000000000000000000, 1.000000000000000000 ) ) ;
#714 = DIRECTION ( 'NONE',  ( -0.7071067811865460184, 0.7071067811865489050, 1.680321552529721838E-16 ) ) ;
#715 = ORIENTED_EDGE ( 'NONE', *, *, #2394, .F. ) ;
#716 = VERTEX_POINT ( 'NONE', #483 ) ;
#717 = ORIENTED_EDGE ( 'NONE', *, *, #2370, .T. ) ;
#718 = FACE_OUTER_BOUND ( 'NONE', #2012, .T. ) ;
#719 = EDGE_CURVE ( 'NONE', #1981, #1658, #1419, .T. ) ;
#720 = CARTESIAN_POINT ( 'NONE',  ( 28.61324865405181228, -10.00000000000000000, -16.00000000000000355 ) ) ;
#721 = CARTESIAN_POINT ( 'NONE',  ( 12.08578643762706939, 4.999999999999999112, -5.000000000000897060 ) ) ;
#722 = EDGE_CURVE ( 'NONE', #2335, #1362, #758, .T. ) ;
#723 = VECTOR ( 'NONE', #2197, 1000.000000000000000 ) ;
#724 = CC_DESIGN_APPROVAL ( #2251, ( #1215 ) ) ;
#725 = CARTESIAN_POINT ( 'NONE',  ( 25.61324865405182649, -13.40000000000000036, -12.00000000000000355 ) ) ;
#726 = EDGE_CURVE ( 'NONE', #1675, #737, #1425, .T. ) ;
#727 = CARTESIAN_POINT ( 'NONE',  ( -23.52533141351455015, -17.36141993243365533, 14.22897461871434821 ) ) ;
#728 = VERTEX_POINT ( 'NONE', #842 ) ;
#729 = VERTEX_POINT ( 'NONE', #1627 ) ;
#730 = ORIENTED_EDGE ( 'NONE', *, *, #2559, .F. ) ;
#731 = CYLINDRICAL_SURFACE ( 'NONE', #999, 0.9999999999999997780 ) ;
#732 = CARTESIAN_POINT ( 'NONE',  ( 0.000000000000000000, -10.00000000000000000, 0.000000000000000000 ) ) ;
#733 = CARTESIAN_POINT ( 'NONE',  ( 15.73578643762707152, 4.999999999999999112, 4.149999999999999467 ) ) ;
#734 = PLANE ( 'NONE',  #1000 ) ;
#735 = CARTESIAN_POINT ( 'NONE',  ( 29.11324865405183004, -16.00000000000000000, -14.79289321881346098 ) ) ;
#736 = ORIENTED_EDGE ( 'NONE', *, *, #1391, .F. ) ;
#737 = VERTEX_POINT ( 'NONE', #812 ) ;
#738 = ORIENTED_EDGE ( 'NONE', *, *, #776, .T. ) ;
#739 = CARTESIAN_POINT ( 'NONE',  ( 15.73578643762707152, -3.235786437627060419, 4.249999999999103828 ) ) ;
#740 = ADVANCED_FACE ( 'NONE', ( #2038 ), #260, .F. ) ;
#741 = FACE_OUTER_BOUND ( 'NONE', #1086, .T. ) ;
#742 = CARTESIAN_POINT ( 'NONE',  ( 12.08578643762707117, 4.999999999999999112, -4.150000000000000355 ) ) ;
#743 = EDGE_CURVE ( 'NONE', #1116, #1077, #276, .T. ) ;
#744 = AXIS2_PLACEMENT_3D ( 'NONE', #1488, #1069, #2048 ) ;
#745 = EDGE_CURVE ( 'NONE', #784, #660, #659, .T. ) ;
#746 = CARTESIAN_POINT ( 'NONE',  ( 12.08578643762707117, 4.999999999999999112, -4.150000000000449774 ) ) ;
#747 = DIRECTION ( 'NONE',  ( 1.000000000000000000, -0.000000000000000000, -0.000000000000000000 ) ) ;
#748 = DIRECTION ( 'NONE',  ( -0.000000000000000000, 1.000000000000000000, -0.000000000000000000 ) ) ;
#749 = ORIENTED_EDGE ( 'NONE', *, *, #1714, .T. ) ;
#750 = ORIENTED_EDGE ( 'NONE', *, *, #1926, .T. ) ;
#751 = CARTESIAN_POINT ( 'NONE',  ( 11.23578643762707507, -10.00000000000000000, 8.650000000000002132 ) ) ;
#752 = VECTOR ( 'NONE', #498, 1000.000000000000114 ) ;
#753 = EDGE_CURVE ( 'NONE', #2082, #2501, #2455, .T. ) ;
#754 = AXIS2_PLACEMENT_3D ( 'NONE', #957, #1182, #944 ) ;
#755 = EDGE_CURVE ( 'NONE', #904, #728, #891, .T. ) ;
#756 = CARTESIAN_POINT ( 'NONE',  ( -1.636050613906830003E-16, 0.6840402866513539681, 5.718484872749090009 ) ) ;
#757 = CIRCLE ( 'NONE', #1201, 3.249999999999999556 ) ;
#758 = CIRCLE ( 'NONE', #2199, 0.8500000000004467315 ) ;
#759 = DIRECTION ( 'NONE',  ( -0.6785983445458437791, 0.6785983445458531049, -0.2810846377148139008 ) ) ;
#760 = DIRECTION ( 'NONE',  ( -0.000000000000000000, -0.000000000000000000, 1.000000000000000000 ) ) ;
#761 = DIRECTION ( 'NONE',  ( -0.000000000000000000, -1.000000000000000000, -0.000000000000000000 ) ) ;
#762 = DIRECTION ( 'NONE',  ( -0.000000000000000000, 1.000000000000000000, -0.000000000000000000 ) ) ;
#763 = AXIS2_PLACEMENT_3D ( 'NONE', #312, #1331, #1502 ) ;
#764 = EDGE_CURVE ( 'NONE', #1090, #1841, #101, .T. ) ;
#765 = ORIENTED_EDGE ( 'NONE', *, *, #2167, .F. ) ;
#766 = VERTEX_POINT ( 'NONE', #1100 ) ;
#767 = DIRECTION ( 'NONE',  ( 0.000000000000000000, -1.000000000000000000, 0.000000000000000000 ) ) ;
#768 = PLANE ( 'NONE',  #1905 ) ;
#769 = CARTESIAN_POINT ( 'NONE',  ( 25.61324865405182649, -10.00000000000000000, -12.00000000000000355 ) ) ;
#770 = DIRECTION ( 'NONE',  ( 0.000000000000000000, 0.000000000000000000, 1.000000000000000000 ) ) ;
#771 = CARTESIAN_POINT ( 'NONE',  ( 25.61324865405182649, -13.40000000000000036, 10.29999999999999361 ) ) ;
#772 = EDGE_CURVE ( 'NONE', #1814, #1300, #424, .T. ) ;
#773 = VERTEX_POINT ( 'NONE', #2084 ) ;
#774 = EDGE_LOOP ( 'NONE', ( #76, #2519, #1181, #235 ) ) ;
#775 = CARTESIAN_POINT ( 'NONE',  ( -11.92264973081038093, 4.999999999999999112, -5.000000000000000000 ) ) ;
#776 = EDGE_CURVE ( 'NONE', #2463, #347, #1884, .T. ) ;
#777 = CIRCLE ( 'NONE', #2008, 3.249999999999999556 ) ;
#778 = EDGE_CURVE ( 'NONE', #347, #1383, #1112, .T. ) ;
#779 = FACE_OUTER_BOUND ( 'NONE', #512, .T. ) ;
#780 = LINE ( 'NONE', #2, #1649 ) ;
#781 = DIRECTION ( 'NONE',  ( -0.000000000000000000, -1.000000000000000000, -0.000000000000000000 ) ) ;
#782 = DIRECTION ( 'NONE',  ( -1.000000000000000000, -0.000000000000000000, -0.000000000000000000 ) ) ;
#783 = ORIENTED_EDGE ( 'NONE', *, *, #2520, .F. ) ;
#784 = VERTEX_POINT ( 'NONE', #1121 ) ;
#785 = DIRECTION ( 'NONE',  ( 1.000000000000000000, 0.000000000000000000, -0.000000000000000000 ) ) ;
#786 = ORIENTED_EDGE ( 'NONE', *, *, #990, .T. ) ;
#787 = CIRCLE ( 'NONE', #2362, 1.700000000000003508 ) ;
#788 = CC_DESIGN_DATE_AND_TIME_ASSIGNMENT ( #1477, #301, ( #1215 ) ) ;
#789 = DIRECTION ( 'NONE',  ( -0.000000000000000000, 1.000000000000000000, -0.000000000000000000 ) ) ;
#790 = ADVANCED_FACE ( 'NONE', ( #1672 ), #734, .T. ) ;
#791 = AXIS2_PLACEMENT_3D ( 'NONE', #2240, #1245, #1020 ) ;
#792 = VECTOR ( 'NONE', #2517, 1000.000000000000000 ) ;
#793 = EDGE_CURVE ( 'NONE', #877, #1216, #2249, .T. ) ;
#794 = DIRECTION ( 'NONE',  ( -0.000000000000000000, 1.000000000000000000, -0.000000000000000000 ) ) ;
#795 = DIRECTION ( 'NONE',  ( 0.000000000000000000, -1.000000000000000000, 0.000000000000000000 ) ) ;
#796 = FACE_OUTER_BOUND ( 'NONE', #2213, .T. ) ;
#797 = PRODUCT_DEFINITION_SHAPE ( 'NONE', 'NONE',  #2486 ) ;
#798 = ORIENTED_EDGE ( 'NONE', *, *, #493, .T. ) ;
#799 = ORIENTED_EDGE ( 'NONE', *, *, #1322, .F. ) ;
#800 = DIRECTION ( 'NONE',  ( 0.000000000000000000, 0.000000000000000000, -1.000000000000000000 ) ) ;
#801 = VECTOR ( 'NONE', #839, 1000.000000000000000 ) ;
#802 = VECTOR ( 'NONE', #1487, 1000.000000000000114 ) ;
#803 = ORIENTED_EDGE ( 'NONE', *, *, #1372, .T. ) ;
#804 = CARTESIAN_POINT ( 'NONE',  ( -21.38675134594817706, -10.00000000000000000, 8.749999999999998224 ) ) ;
#805 = CIRCLE ( 'NONE', #1855, 0.9999999999999991118 ) ;
#806 = MANIFOLD_SOLID_BREP ( 'Boss-Extrude7', #867 ) ;
#807 = CARTESIAN_POINT ( 'NONE',  ( -17.89193121090652028, -9.339098808206276914, -4.250000000000000000 ) ) ;
#808 = CARTESIAN_POINT ( 'NONE',  ( 11.08578643762690064, -0.8263518223330620360, 5.984807753012209908 ) ) ;
#809 = DIRECTION ( 'NONE',  ( 0.000000000000000000, -1.000000000000000000, 0.000000000000000000 ) ) ;
#810 = DIRECTION ( 'NONE',  ( 0.000000000000000000, 0.000000000000000000, 1.000000000000000000 ) ) ;
#811 = ORIENTED_EDGE ( 'NONE', *, *, #2436, .F. ) ;
#812 = CARTESIAN_POINT ( 'NONE',  ( 15.73578643762708218, -3.235786437627070189, -4.250000000000897060 ) ) ;
#813 = VERTEX_POINT ( 'NONE', #1698 ) ;
#814 = CARTESIAN_POINT ( 'NONE',  ( 11.23578643762707685, 3.720079776530389698E-15, 5.000000000000000000 ) ) ;
#815 = VERTEX_POINT ( 'NONE', #1894 ) ;
#816 = VECTOR ( 'NONE', #1593, 1000.000000000000000 ) ;
#817 = DIRECTION ( 'NONE',  ( -0.000000000000000000, 0.000000000000000000, 1.000000000000000000 ) ) ;
#818 = CARTESIAN_POINT ( 'NONE',  ( -15.57264973081037951, 4.999999999999999112, 8.650000000000009237 ) ) ;
#819 = VECTOR ( 'NONE', #193, 1000.000000000000000 ) ;
#820 = CARTESIAN_POINT ( 'NONE',  ( -21.38675134594817706, -13.40000000000000036, 11.99999999999999645 ) ) ;
#821 = VECTOR ( 'NONE', #1251, 1000.000000000000000 ) ;
#822 = ADVANCED_FACE ( 'NONE', ( #532 ), #343, .T. ) ;
#823 = CARTESIAN_POINT ( 'NONE',  ( 25.61324865405182649, -10.00000000000000000, -12.00000000000000355 ) ) ;
#824 = DIRECTION ( 'NONE',  ( -0.000000000000000000, -1.000000000000000000, -0.000000000000000000 ) ) ;
#825 = EDGE_CURVE ( 'NONE', #1077, #1248, #90, .T. ) ;
#826 = ORIENTED_EDGE ( 'NONE', *, *, #1022, .F. ) ;
#827 = CARTESIAN_POINT ( 'NONE',  ( 16.91789321881353558, -4.417893218813524037, -4.250000000000897060 ) ) ;
#828 = EDGE_LOOP ( 'NONE', ( #93, #649, #857, #472 ) ) ;
#829 = FACE_OUTER_BOUND ( 'NONE', #1457, .T. ) ;
#830 = VERTEX_POINT ( 'NONE', #1526 ) ;
#831 = ORIENTED_EDGE ( 'NONE', *, *, #213, .F. ) ;
#832 = LINE ( 'NONE', #2491, #1629 ) ;
#833 = CARTESIAN_POINT ( 'NONE',  ( 15.73578643762707152, 4.999999999999999112, -8.650000000000002132 ) ) ;
#834 = CARTESIAN_POINT ( 'NONE',  ( 15.73578643762707152, 4.999999999999999112, 4.149999999999999467 ) ) ;
#835 = EDGE_CURVE ( 'NONE', #1128, #2490, #1517, .T. ) ;
#836 = EDGE_CURVE ( 'NONE', #67, #2270, #1131, .T. ) ;
#837 = CARTESIAN_POINT ( 'NONE',  ( 15.73578643762707152, -10.00000000000000000, -8.650000000000002132 ) ) ;
#838 =( LENGTH_UNIT ( ) NAMED_UNIT ( * ) SI_UNIT ( .MILLI., .METRE. ) );
#839 = DIRECTION ( 'NONE',  ( 1.000000000000000000, 0.000000000000000000, 0.000000000000000000 ) ) ;
#840 = AXIS2_PLACEMENT_3D ( 'NONE', #1960, #2146, #785 ) ;
#841 = VERTEX_POINT ( 'NONE', #887 ) ;
#842 = CARTESIAN_POINT ( 'NONE',  ( -21.38675134594817706, -13.40000000000000036, -8.750000000000003553 ) ) ;
#843 = ORIENTED_EDGE ( 'NONE', *, *, #1448, .F. ) ;
#844 = CARTESIAN_POINT ( 'NONE',  ( 12.08578643762707294, 4.999999999999999112, 4.149999999999554490 ) ) ;
#845 = ORIENTED_EDGE ( 'NONE', *, *, #1701, .T. ) ;
#846 = VECTOR ( 'NONE', #45, 1000.000000000000000 ) ;
#847 = ORIENTED_EDGE ( 'NONE', *, *, #158, .F. ) ;
#848 = DIRECTION ( 'NONE',  ( 0.000000000000000000, -1.734723475976807094E-15, -1.000000000000000000 ) ) ;
#849 = LINE ( 'NONE', #1821, #1057 ) ;
#850 = VECTOR ( 'NONE', #2181, 1000.000000000000000 ) ;
#851 = APPLICATION_CONTEXT ( 'configuration controlled 3d designs of mechanical parts and assemblies' ) ;
#852 = DIRECTION ( 'NONE',  ( 1.000000000000000000, -0.000000000000000000, 0.000000000000000000 ) ) ;
#853 = DIRECTION ( 'NONE',  ( -1.000000000000000000, -2.230651479304700363E-16, -2.840530901729424885E-18 ) ) ;
#854 = DIRECTION ( 'NONE',  ( 0.000000000000000000, 0.000000000000000000, 1.000000000000000000 ) ) ;
#855 = ORIENTED_EDGE ( 'NONE', *, *, #753, .F. ) ;
#856 = CARTESIAN_POINT ( 'NONE',  ( -11.92264973081038093, 4.999999999999999112, -4.150000000000000355 ) ) ;
#857 = ORIENTED_EDGE ( 'NONE', *, *, #588, .T. ) ;
#858 = LINE ( 'NONE', #996, #968 ) ;
#859 = VERTEX_POINT ( 'NONE', #901 ) ;
#860 = EDGE_CURVE ( 'NONE', #2195, #27, #2505, .T. ) ;
#861 = ORIENTED_EDGE ( 'NONE', *, *, #1125, .F. ) ;
#862 = CARTESIAN_POINT ( 'NONE',  ( -4.922649730810380042, 0.000000000000000000, 2.750000000000000000 ) ) ;
#863 = CARTESIAN_POINT ( 'NONE',  ( -12.50000000000000000, 4.630421708436629788E-17, 4.150000000000005684 ) ) ;
#864 = EDGE_CURVE ( 'NONE', #1658, #1981, #2534, .T. ) ;
#866 = EDGE_CURVE ( 'NONE', #1454, #1633, #1719, .T. ) ;
#865 = DIRECTION ( 'NONE',  ( 0.000000000000000000, 0.000000000000000000, -1.000000000000000000 ) ) ;
#867 = CLOSED_SHELL ( 'NONE', ( #584, #1403, #2359, #1404, #2137, #331, #103, #328, #291, #381, #1898, #2246, #332, #73, #1529, #491, #1632, #972, #1195, #924, #2150, #71, #398, #587, #1053, #118, #55, #146, #822, #2116, #2097, #350, #945, #1261, #1207, #486, #2295, #2287, #1865, #1493, #1957, #378, #2123, #2149, #1120, #1375, #264, #269, #137, #2552, #393, #2049, #562, #1107, #227, #15, #105, #531, #2513, #305, #1365, #1975, #921, #2348, #1667, #2430, #1704, #922, #2037, #1561, #554, #790, #319, #2511, #482, #636, #682, #406, #2495, #740, #1848, #1303, #10, #640 ) ) ;
#868 = CIRCLE ( 'NONE', #1323, 1.700000000000000178 ) ;
#869 = VECTOR ( 'NONE', #761, 1000.000000000000000 ) ;
#870 = LINE ( 'NONE', #2032, #1678 ) ;
#871 = CALENDAR_DATE ( 2025, 12, 12 ) ;
#872 = EDGE_CURVE ( 'NONE', #2474, #905, #2068, .T. ) ;
#873 = ORIENTED_EDGE ( 'NONE', *, *, #1389, .T. ) ;
#874 = CARTESIAN_POINT ( 'NONE',  ( -18.27350269189637899, -10.00000000000000533, -4.250000000000000000 ) ) ;
#875 = CARTESIAN_POINT ( 'NONE',  ( 12.08578643762707294, 4.999999999999999112, 4.150000000000000355 ) ) ;
#876 = ORIENTED_EDGE ( 'NONE', *, *, #1927, .F. ) ;
#877 = VERTEX_POINT ( 'NONE', #1686 ) ;
#878 = CARTESIAN_POINT ( 'NONE',  ( -15.57264973081038129, 4.999999999999999112, -8.650000000000002132 ) ) ;
#879 = CARTESIAN_POINT ( 'NONE',  ( -24.88675134594818417, -16.00000000000000000, -15.00000000000000355 ) ) ;
#880 = AXIS2_PLACEMENT_3D ( 'NONE', #2396, #1438, #1600 ) ;
#881 = CARTESIAN_POINT ( 'NONE',  ( 11.23578643762707330, 4.999999999999999112, -8.650000000000002132 ) ) ;
#882 = DIRECTION ( 'NONE',  ( -0.000000000000000000, -0.7071067811865425767, -0.7071067811865524577 ) ) ;
#883 = EDGE_CURVE ( 'NONE', #1631, #1832, #2281, .T. ) ;
#884 = DIRECTION ( 'NONE',  ( 1.000000000000000000, 0.000000000000000000, 0.000000000000000000 ) ) ;
#885 = APPROVAL_DATE_TIME ( #1669, #2251 ) ;
#886 = ORIENTED_EDGE ( 'NONE', *, *, #2324, .T. ) ;
#887 = CARTESIAN_POINT ( 'NONE',  ( 2.577350269189625287, 0.000000000000000000, 2.750000000000000000 ) ) ;
#888 = CIRCLE ( 'NONE', #2289, 1.700000000000003508 ) ;
#889 = FACE_OUTER_BOUND ( 'NONE', #694, .T. ) ;
#890 = ORIENTED_EDGE ( 'NONE', *, *, #1924, .F. ) ;
#891 = CIRCLE ( 'NONE', #2330, 3.249999999999999556 ) ;
#892 = ORIENTED_EDGE ( 'NONE', *, *, #2204, .T. ) ;
#893 = ORIENTED_EDGE ( 'NONE', *, *, #1239, .T. ) ;
#894 = DIRECTION ( 'NONE',  ( 0.000000000000000000, 0.000000000000000000, 1.000000000000000000 ) ) ;
#895 = DIRECTION ( 'NONE',  ( 1.000000000000000000, 0.000000000000000000, 0.000000000000000000 ) ) ;
#896 = DIRECTION ( 'NONE',  ( 1.000000000000000000, -1.734723475976808672E-15, -8.673617379884043361E-16 ) ) ;
#897 = AXIS2_PLACEMENT_3D ( 'NONE', #1919, #2527, #2537 ) ;
#898 = DIRECTION ( 'NONE',  ( -0.5000000000000061062, -0.7071067811865413555, -0.5000000000000026645 ) ) ;
#899 = DIRECTION ( 'NONE',  ( -0.000000000000000000, 1.000000000000000000, -0.000000000000000000 ) ) ;
#900 = ORIENTED_EDGE ( 'NONE', *, *, #2325, .T. ) ;
#901 = CARTESIAN_POINT ( 'NONE',  ( 25.61324865405182649, -16.00000000000000000, 10.29999999999999716 ) ) ;
#902 = DIRECTION ( 'NONE',  ( 0.000000000000000000, 1.000000000000000000, 0.000000000000000000 ) ) ;
#903 = ORIENTED_EDGE ( 'NONE', *, *, #1220, .F. ) ;
#904 = VERTEX_POINT ( 'NONE', #2483 ) ;
#905 = VERTEX_POINT ( 'NONE', #704 ) ;
#906 = DIRECTION ( 'NONE',  ( -0.000000000000000000, 1.000000000000000000, -0.000000000000000000 ) ) ;
#907 = CARTESIAN_POINT ( 'NONE',  ( 28.61324865405184070, -10.00000000000000000, 15.99999999999999645 ) ) ;
#908 = FACE_BOUND ( 'NONE', #125, .T. ) ;
#909 = CIRCLE ( 'NONE', #1355, 1.700000000000000178 ) ;
#910 = CARTESIAN_POINT ( 'NONE',  ( -21.38675134594817706, -16.00000000000000000, 10.29999999999999716 ) ) ;
#911 = DIRECTION ( 'NONE',  ( 0.000000000000000000, 1.734723475976807094E-15, 1.000000000000000000 ) ) ;
#912 = VECTOR ( 'NONE', #2065, 1000.000000000000000 ) ;
#913 = AXIS2_PLACEMENT_3D ( 'NONE', #484, #2498, #2296 ) ;
#914 = CARTESIAN_POINT ( 'NONE',  ( -4.922649730810380042, -1.000000000000000888, 2.750000000000000000 ) ) ;
#915 = CARTESIAN_POINT ( 'NONE',  ( 12.50000000000000000, 4.574602995337054308E-15, 4.150000000000000355 ) ) ;
#916 = ORIENTED_EDGE ( 'NONE', *, *, #1734, .F. ) ;
#917 = EDGE_CURVE ( 'NONE', #1992, #2335, #1417, .T. ) ;
#918 = VERTEX_POINT ( 'NONE', #949 ) ;
#919 = ORIENTED_EDGE ( 'NONE', *, *, #1883, .T. ) ;
#920 = LINE ( 'NONE', #907, #107 ) ;
#921 = ADVANCED_FACE ( 'NONE', ( #1738 ), #159, .T. ) ;
#922 = ADVANCED_FACE ( 'NONE', ( #555 ), #2364, .F. ) ;
#923 = DIRECTION ( 'NONE',  ( -1.000000000000000000, 0.000000000000000000, 0.000000000000000000 ) ) ;
#924 = ADVANCED_FACE ( 'NONE', ( #363 ), #355, .T. ) ;
#925 = DIRECTION ( 'NONE',  ( 0.000000000000000000, 0.000000000000000000, -1.000000000000000000 ) ) ;
#926 = DIRECTION ( 'NONE',  ( 1.000000000000000000, 0.000000000000000000, -0.000000000000000000 ) ) ;
#927 = LINE ( 'NONE', #981, #2557 ) ;
#928 = ORIENTED_EDGE ( 'NONE', *, *, #2333, .F. ) ;
#929 = ORIENTED_EDGE ( 'NONE', *, *, #2186, .F. ) ;
#930 = VECTOR ( 'NONE', #455, 999.9999999999998863 ) ;
#931 = ORIENTED_EDGE ( 'NONE', *, *, #209, .F. ) ;
#932 = CARTESIAN_POINT ( 'NONE',  ( -15.57264973081037951, 4.999999999999999112, 4.150000000000007461 ) ) ;
#933 = DIRECTION ( 'NONE',  ( 0.000000000000000000, 0.000000000000000000, 1.000000000000000000 ) ) ;
#934 = DIRECTION ( 'NONE',  ( 0.000000000000000000, 1.000000000000000000, 0.000000000000000000 ) ) ;
#935 = VECTOR ( 'NONE', #602, 1000.000000000000000 ) ;
#936 = VECTOR ( 'NONE', #460, 1000.000000000000000 ) ;
#937 = CC_DESIGN_SECURITY_CLASSIFICATION ( #1215, ( #687 ) ) ;
#938 = DIRECTION ( 'NONE',  ( -0.000000000000000000, 1.000000000000000000, -0.000000000000000000 ) ) ;
#939 = DIRECTION ( 'NONE',  ( -0.000000000000000000, 1.000000000000000000, -0.000000000000000000 ) ) ;
#940 = ORIENTED_EDGE ( 'NONE', *, *, #1927, .T. ) ;
#941 = VECTOR ( 'NONE', #2230, 1000.000000000000114 ) ;
#942 = ORIENTED_EDGE ( 'NONE', *, *, #1174, .T. ) ;
#943 = VERTEX_POINT ( 'NONE', #746 ) ;
#944 = DIRECTION ( 'NONE',  ( 0.000000000000000000, 0.000000000000000000, 1.000000000000000000 ) ) ;
#945 = ADVANCED_FACE ( 'NONE', ( #971 ), #600, .F. ) ;
#946 = EDGE_CURVE ( 'NONE', #2490, #591, #780, .T. ) ;
#947 = DIRECTION ( 'NONE',  ( 0.000000000000000000, 0.000000000000000000, 1.000000000000000000 ) ) ;
#948 = CARTESIAN_POINT ( 'NONE',  ( -22.06510208526970374, -18.82164926067851951, -13.62412782678043577 ) ) ;
#949 = CARTESIAN_POINT ( 'NONE',  ( 29.61324865405182649, -10.00000000000000000, -15.00000000000000355 ) ) ;
#950 = AXIS2_PLACEMENT_3D ( 'NONE', #1825, #62, #854 ) ;
#951 = DIRECTION ( 'NONE',  ( -0.000000000000000000, -0.000000000000000000, 1.000000000000000000 ) ) ;
#952 = DIRECTION ( 'NONE',  ( 0.000000000000000000, 0.000000000000000000, 1.000000000000000000 ) ) ;
#953 = EDGE_CURVE ( 'NONE', #1317, #1519, #192, .T. ) ;
#954 = ORIENTED_EDGE ( 'NONE', *, *, #1325, .T. ) ;
#955 = VERTEX_POINT ( 'NONE', #375 ) ;
#956 = EDGE_CURVE ( 'NONE', #1816, #1037, #1550, .T. ) ;
#957 = CARTESIAN_POINT ( 'NONE',  ( 25.61324865405182649, -10.00000000000000000, -12.00000000000000355 ) ) ;
#958 = CARTESIAN_POINT ( 'NONE',  ( 0.000000000000000000, -16.00000000000000000, 15.50000000000000355 ) ) ;
#959 = DIRECTION ( 'NONE',  ( -0.000000000000000000, 1.000000000000000000, -0.000000000000000000 ) ) ;
#960 = EDGE_CURVE ( 'NONE', #1116, #737, #2161, .T. ) ;
#961 = DIRECTION ( 'NONE',  ( -1.000000000000000000, 0.000000000000000000, -0.000000000000000000 ) ) ;
#962 = CARTESIAN_POINT ( 'NONE',  ( -15.57264973081037951, -10.00000000000000000, 4.250000000000000000 ) ) ;
#963 = FACE_OUTER_BOUND ( 'NONE', #413, .T. ) ;
#964 = ORIENTED_EDGE ( 'NONE', *, *, #1014, .T. ) ;
#965 = ORIENTED_EDGE ( 'NONE', *, *, #479, .F. ) ;
#966 = CARTESIAN_POINT ( 'NONE',  ( 25.61324865405182649, -10.00000000000000000, -13.70000000000000639 ) ) ;
#967 = AXIS2_PLACEMENT_3D ( 'NONE', #578, #589, #1942 ) ;
#968 = VECTOR ( 'NONE', #2211, 1000.000000000000000 ) ;
#969 = CYLINDRICAL_SURFACE ( 'NONE', #317, 0.9999999999999991118 ) ;
#970 = CIRCLE ( 'NONE', #635, 1.000000000000000000 ) ;
#971 = FACE_OUTER_BOUND ( 'NONE', #1703, .T. ) ;
#972 = ADVANCED_FACE ( 'NONE', ( #980 ), #394, .F. ) ;
#973 = PLANE ( 'NONE',  #1235 ) ;
#974 = PLANE ( 'NONE',  #1963 ) ;
#975 = VECTOR ( 'NONE', #1820, 1000.000000000000000 ) ;
#976 = EDGE_LOOP ( 'NONE', ( #1732, #1887, #1164, #2300 ) ) ;
#977 = ORIENTED_EDGE ( 'NONE', *, *, #99, .F. ) ;
#978 = DIRECTION ( 'NONE',  ( 0.000000000000000000, 0.000000000000000000, 1.000000000000000000 ) ) ;
#979 = CARTESIAN_POINT ( 'NONE',  ( 15.73578643762707152, 4.999999999999999112, 4.149999999999999467 ) ) ;
#980 = FACE_OUTER_BOUND ( 'NONE', #603, .T. ) ;
#981 = CARTESIAN_POINT ( 'NONE',  ( 11.23578643762707330, 4.999999999999999112, -8.650000000000002132 ) ) ;
#982 = CARTESIAN_POINT ( 'NONE',  ( 12.08578643762707294, 4.999999999999999112, 4.149999999999554490 ) ) ;
#983 = ORIENTED_EDGE ( 'NONE', *, *, #836, .T. ) ;
#984 = ORIENTED_EDGE ( 'NONE', *, *, #1045, .T. ) ;
#985 = FACE_BOUND ( 'NONE', #1262, .T. ) ;
#986 = AXIS2_PLACEMENT_3D ( 'NONE', #1933, #2547, #202 ) ;
#987 = AXIS2_PLACEMENT_3D ( 'NONE', #376, #781, #545 ) ;
#988 = EDGE_CURVE ( 'NONE', #153, #2405, #77, .T. ) ;
#989 = ORIENTED_EDGE ( 'NONE', *, *, #1640, .F. ) ;
#990 = EDGE_CURVE ( 'NONE', #1731, #773, #2440, .T. ) ;
#991 = DIRECTION ( 'NONE',  ( 0.000000000000000000, 0.000000000000000000, 1.000000000000000000 ) ) ;
#992 = DIRECTION ( 'NONE',  ( -0.000000000000000000, 1.000000000000000000, -0.000000000000000000 ) ) ;
#993 = DIRECTION ( 'NONE',  ( -0.000000000000000000, 1.000000000000000000, -0.000000000000000000 ) ) ;
#994 = ORIENTED_EDGE ( 'NONE', *, *, #2324, .F. ) ;
#995 = ORIENTED_EDGE ( 'NONE', *, *, #1237, .T. ) ;
#996 = CARTESIAN_POINT ( 'NONE',  ( 12.08578643762707117, 4.999999999999999112, -4.150000000000449774 ) ) ;
#997 = DIRECTION ( 'NONE',  ( -0.000000000000000000, -1.000000000000000000, -0.000000000000000000 ) ) ;
#998 = LINE ( 'NONE', #807, #1918 ) ;
#999 = AXIS2_PLACEMENT_3D ( 'NONE', #1294, #1130, #2112 ) ;
#1000 = AXIS2_PLACEMENT_3D ( 'NONE', #1505, #2317, #1287 ) ;
#1001 = FACE_OUTER_BOUND ( 'NONE', #1970, .T. ) ;
#1002 = CARTESIAN_POINT ( 'NONE',  ( 2.577350269189625731, -1.000000000000000888, -2.750000000000000000 ) ) ;
#1003 = EDGE_LOOP ( 'NONE', ( #1778, #1115, #456, #2089 ) ) ;
#1004 = ORIENTED_EDGE ( 'NONE', *, *, #743, .T. ) ;
#1005 = LINE ( 'NONE', #66, #628 ) ;
#1006 = AXIS2_PLACEMENT_3D ( 'NONE', #449, #1785, #1609 ) ;
#1007 = AXIS2_PLACEMENT_3D ( 'NONE', #246, #1016, #810 ) ;
#1008 = EDGE_CURVE ( 'NONE', #218, #1757, #868, .T. ) ;
#1009 = EDGE_LOOP ( 'NONE', ( #1575, #1530, #2280, #2458, #1159 ) ) ;
#1010 = CARTESIAN_POINT ( 'NONE',  ( 25.61324865405182649, -10.00000000000000000, 15.24999999999999645 ) ) ;
#1011 = DIRECTION ( 'NONE',  ( -0.000000000000000000, -0.000000000000000000, 1.000000000000000000 ) ) ;
#1012 = DIRECTION ( 'NONE',  ( 0.000000000000000000, 0.000000000000000000, 1.000000000000000000 ) ) ;
#1013 = EDGE_CURVE ( 'NONE', #859, #67, #1773, .T. ) ;
#1014 = EDGE_CURVE ( 'NONE', #325, #1654, #108, .T. ) ;
#1015 = CYLINDRICAL_SURFACE ( 'NONE', #2420, 3.249999999999999556 ) ;
#1016 = DIRECTION ( 'NONE',  ( -0.000000000000000000, 1.000000000000000000, -0.000000000000000000 ) ) ;
#1017 = EDGE_LOOP ( 'NONE', ( #2010, #1316, #428, #1173 ) ) ;
#1018 = DIRECTION ( 'NONE',  ( 0.000000000000000000, 0.000000000000000000, 1.000000000000000000 ) ) ;
#1019 = ORIENTED_EDGE ( 'NONE', *, *, #207, .T. ) ;
#1020 = DIRECTION ( 'NONE',  ( 0.000000000000000000, 0.000000000000000000, 1.000000000000000000 ) ) ;
#1021 = ORIENTED_EDGE ( 'NONE', *, *, #1413, .F. ) ;
#1022 = EDGE_CURVE ( 'NONE', #716, #335, #1563, .T. ) ;
#1023 = EDGE_CURVE ( 'NONE', #441, #1090, #2341, .T. ) ;
#1024 = EDGE_LOOP ( 'NONE', ( #1452, #525, #1819, #466 ) ) ;
#1025 = AXIS2_PLACEMENT_3D ( 'NONE', #2465, #2504, #478 ) ;
#1026 = CARTESIAN_POINT ( 'NONE',  ( -21.38675134594817706, -10.00000000000000000, 11.99999999999999645 ) ) ;
#1027 = CARTESIAN_POINT ( 'NONE',  ( -15.57264973081038129, -5.321985447626399690, -4.150000000000001243 ) ) ;
#1028 = AXIS2_PLACEMENT_3D ( 'NONE', #1113, #1687, #1673 ) ;
#1029 = CARTESIAN_POINT ( 'NONE',  ( -21.38675134594817706, -10.00000000000000000, 11.99999999999999645 ) ) ;
#1030 = CARTESIAN_POINT ( 'NONE',  ( -24.38675134594818417, -16.00000000000000000, -16.00000000000000355 ) ) ;
#1031 = CARTESIAN_POINT ( 'NONE',  ( 27.31324865405182933, -13.40000000000000036, 11.99999999999999645 ) ) ;
#1032 = DIRECTION ( 'NONE',  ( 0.000000000000000000, 0.000000000000000000, -1.000000000000000000 ) ) ;
#1033 = ORIENTED_EDGE ( 'NONE', *, *, #2014, .T. ) ;
#1034 = LINE ( 'NONE', #423, #1543 ) ;
#1035 = VERTEX_POINT ( 'NONE', #1369 ) ;
#1036 = DIRECTION ( 'NONE',  ( 0.000000000000000000, 0.000000000000000000, 1.000000000000000000 ) ) ;
#1037 = VERTEX_POINT ( 'NONE', #2218 ) ;
#1038 = ORIENTED_EDGE ( 'NONE', *, *, #793, .F. ) ;
#1039 = ORIENTED_EDGE ( 'NONE', *, *, #1013, .F. ) ;
#1040 = CYLINDRICAL_SURFACE ( 'NONE', #2545, 1.000000000000000888 ) ;
#1041 = CARTESIAN_POINT ( 'NONE',  ( -15.57264973081038129, -10.00000000000000000, -4.150000000000001243 ) ) ;
#1042 = CYLINDRICAL_SURFACE ( 'NONE', #274, 1.700000000000001954 ) ;
#1043 = VERTEX_POINT ( 'NONE', #417 ) ;
#1044 = DIRECTION ( 'NONE',  ( -0.000000000000000000, -0.9848077530122072432, 0.1736481776669345500 ) ) ;
#1045 = EDGE_CURVE ( 'NONE', #2195, #2474, #1214, .T. ) ;
#1046 = FACE_BOUND ( 'NONE', #1225, .T. ) ;
#1047 = VERTEX_POINT ( 'NONE', #1254 ) ;
#1048 = EDGE_CURVE ( 'NONE', #1160, #1531, #1203, .T. ) ;
#1049 = DIRECTION ( 'NONE',  ( 1.000000000000000000, 0.000000000000000000, 0.000000000000000000 ) ) ;
#1050 = ORIENTED_EDGE ( 'NONE', *, *, #953, .F. ) ;
#1051 = LINE ( 'NONE', #1455, #2536 ) ;
#1052 = EDGE_LOOP ( 'NONE', ( #855, #2135, #1139 ) ) ;
#1053 = ADVANCED_FACE ( 'NONE', ( #2203 ), #670, .F. ) ;
#1054 = ORIENTED_EDGE ( 'NONE', *, *, #2312, .T. ) ;
#1055 = DIRECTION ( 'NONE',  ( -0.000000000000000000, 1.000000000000000000, -0.000000000000000000 ) ) ;
#1056 = DIRECTION ( 'NONE',  ( -0.000000000000000000, -1.000000000000000000, -0.000000000000000000 ) ) ;
#1057 = VECTOR ( 'NONE', #2229, 1000.000000000000000 ) ;
#1058 = DIRECTION ( 'NONE',  ( -0.000000000000000000, 1.000000000000000000, -0.000000000000000000 ) ) ;
#1059 = CARTESIAN_POINT ( 'NONE',  ( 15.73578643762707152, -10.00000000000000000, -4.250000000000897060 ) ) ;
#1060 = DATE_TIME_ROLE ( 'creation_date' ) ;
#1061 = ADVANCED_BREP_SHAPE_REPRESENTATION ( 'bending_die_bottom', ( #806, #1148 ), #1111 ) ;
#1062 = EDGE_LOOP ( 'NONE', ( #1384, #2508, #92, #2201 ) ) ;
#1063 = DIRECTION ( 'NONE',  ( -0.000000000000000000, 1.000000000000000000, -0.000000000000000000 ) ) ;
#1064 = CARTESIAN_POINT ( 'NONE',  ( 25.61324865405182649, -13.40000000000000036, -12.00000000000000355 ) ) ;
#1065 = ORIENTED_EDGE ( 'NONE', *, *, #2315, .F. ) ;
#1066 = ORIENTED_EDGE ( 'NONE', *, *, #1701, .F. ) ;
#1067 = DIRECTION ( 'NONE',  ( 0.000000000000000000, 0.000000000000000000, -1.000000000000000000 ) ) ;
#1068 = LINE ( 'NONE', #1619, #321 ) ;
#1069 = DIRECTION ( 'NONE',  ( -0.000000000000000000, 1.000000000000000000, -0.000000000000000000 ) ) ;
#1070 = VECTOR ( 'NONE', #2303, 1000.000000000000000 ) ;
#1071 = EDGE_CURVE ( 'NONE', #2411, #2463, #870, .T. ) ;
#1072 = DIRECTION ( 'NONE',  ( 0.000000000000000000, 1.000000000000000000, -0.000000000000000000 ) ) ;
#1073 = PERSON_AND_ORGANIZATION ( #2109, #1490 ) ;
#1074 = ORIENTED_EDGE ( 'NONE', *, *, #2292, .F. ) ;
#1075 = DIRECTION ( 'NONE',  ( -0.000000000000000000, 0.9848077530122072432, 0.1736481776669345500 ) ) ;
#1076 = DIRECTION ( 'NONE',  ( 0.000000000000000000, 0.000000000000000000, 1.000000000000000000 ) ) ;
#1077 = VERTEX_POINT ( 'NONE', #837 ) ;
#1078 = EDGE_LOOP ( 'NONE', ( #1126, #2253 ) ) ;
#1079 = EDGE_LOOP ( 'NONE', ( #2356, #1645, #2531, #63 ) ) ;
#1080 = DIRECTION ( 'NONE',  ( 1.000000000000000000, 2.168150275811940252E-16, 0.000000000000000000 ) ) ;
#1081 = CARTESIAN_POINT ( 'NONE',  ( 25.61324865405182649, -16.00000000000000000, 11.99999999999999645 ) ) ;
#1082 = FACE_OUTER_BOUND ( 'NONE', #2179, .T. ) ;
#1083 = DIRECTION ( 'NONE',  ( -0.000000000000000000, 1.000000000000000000, -0.000000000000000000 ) ) ;
#1084 = CARTESIAN_POINT ( 'NONE',  ( 28.61324865405184070, -16.00000000000000000, 15.99999999999999645 ) ) ;
#1085 = VECTOR ( 'NONE', #134, 1000.000000000000000 ) ;
#1086 = EDGE_LOOP ( 'NONE', ( #1712, #2320, #886, #7, #2485 ) ) ;
#1087 = CARTESIAN_POINT ( 'NONE',  ( -15.57264973081038129, -10.00000000000000000, -8.650000000000002132 ) ) ;
#1088 = VECTOR ( 'NONE', #489, 1000.000000000000000 ) ;
#1089 = PLANE ( 'NONE',  #337 ) ;
#1090 = VERTEX_POINT ( 'NONE', #656 ) ;
#1091 = ORIENTED_EDGE ( 'NONE', *, *, #2450, .T. ) ;
#1092 = ORIENTED_EDGE ( 'NONE', *, *, #644, .T. ) ;
#1093 = DIRECTION ( 'NONE',  ( -2.376333528735353177E-16, 0.000000000000000000, -1.000000000000000000 ) ) ;
#1094 = CARTESIAN_POINT ( 'NONE',  ( -21.38675134594817706, -10.00000000000000000, 13.69999999999999929 ) ) ;
#1095 = DIRECTION ( 'NONE',  ( -0.000000000000000000, 0.000000000000000000, -1.000000000000000000 ) ) ;
#1096 = VECTOR ( 'NONE', #1607, 1000.000000000000000 ) ;
#1097 = DIRECTION ( 'NONE',  ( 0.000000000000000000, 0.000000000000000000, 1.000000000000000000 ) ) ;
#1098 = EDGE_CURVE ( 'NONE', #2025, #2431, #229, .T. ) ;
#1099 = LINE ( 'NONE', #1084, #1146 ) ;
#1100 = CARTESIAN_POINT ( 'NONE',  ( -11.07264973081038306, 4.999999999999999112, -5.000000000000000000 ) ) ;
#1101 = DIRECTION ( 'NONE',  ( 0.000000000000000000, 0.000000000000000000, -1.000000000000000000 ) ) ;
#1102 = ORIENTED_EDGE ( 'NONE', *, *, #2120, .F. ) ;
#1103 = EDGE_CURVE ( 'NONE', #1248, #347, #2183, .T. ) ;
#1104 = ORIENTED_EDGE ( 'NONE', *, *, #1338, .T. ) ;
#1105 = ORIENTED_EDGE ( 'NONE', *, *, #1071, .F. ) ;
#1106 = CARTESIAN_POINT ( 'NONE',  ( 12.79289321881345920, -0.2928932188134535375, 4.000000000000000000 ) ) ;
#1107 = ADVANCED_FACE ( 'NONE', ( #1001 ), #1015, .F. ) ;
#1108 = CYLINDRICAL_SURFACE ( 'NONE', #1559, 1.700000000000001954 ) ;
#1109 = DIRECTION ( 'NONE',  ( -0.000000000000000000, -0.000000000000000000, 1.000000000000000000 ) ) ;
#1110 = VECTOR ( 'NONE', #1476, 1000.000000000000000 ) ;
#1111 =( GEOMETRIC_REPRESENTATION_CONTEXT ( 3 ) GLOBAL_UNCERTAINTY_ASSIGNED_CONTEXT ( ( #316 ) ) GLOBAL_UNIT_ASSIGNED_CONTEXT ( ( #838, #20, #1809 ) ) REPRESENTATION_CONTEXT ( 'NONE', 'WORKASPACE' ) );
#1112 = LINE ( 'NONE', #123, #1908 ) ;
#1113 = CARTESIAN_POINT ( 'NONE',  ( -21.38675134594817706, -10.00000000000000000, -12.00000000000000355 ) ) ;
#1114 = ORIENTED_EDGE ( 'NONE', *, *, #644, .F. ) ;
#1115 = ORIENTED_EDGE ( 'NONE', *, *, #2259, .F. ) ;
#1116 = VERTEX_POINT ( 'NONE', #1059 ) ;
#1117 = DIRECTION ( 'NONE',  ( -0.000000000000000000, 1.000000000000000000, -0.000000000000000000 ) ) ;
#1118 = DIRECTION ( 'NONE',  ( -0.000000000000000000, -1.000000000000000000, -0.000000000000000000 ) ) ;
#1119 = CARTESIAN_POINT ( 'NONE',  ( -25.38675134594818061, -10.00000000000000000, 14.99999999999999645 ) ) ;
#1120 = ADVANCED_FACE ( 'NONE', ( #1796 ), #19, .T. ) ;
#1121 = CARTESIAN_POINT ( 'NONE',  ( -25.38675134594818061, -10.00000000000000000, -15.00000000000000355 ) ) ;
#1122 = CARTESIAN_POINT ( 'NONE',  ( 11.33578643762706939, -10.00000000000000000, 4.249999999999103828 ) ) ;
#1123 = AXIS2_PLACEMENT_3D ( 'NONE', #732, #85, #2064 ) ;
#1124 = ORIENTED_EDGE ( 'NONE', *, *, #1491, .F. ) ;
#1125 = EDGE_CURVE ( 'NONE', #2239, #633, #407, .T. ) ;
#1126 = ORIENTED_EDGE ( 'NONE', *, *, #242, .T. ) ;
#1127 = VECTOR ( 'NONE', #2090, 1000.000000000000000 ) ;
#1128 = VERTEX_POINT ( 'NONE', #212 ) ;
#1129 = EDGE_CURVE ( 'NONE', #2551, #1767, #1221, .T. ) ;
#1130 = DIRECTION ( 'NONE',  ( -1.000000000000000000, -2.102772545373674817E-16, 3.707755340424024963E-17 ) ) ;
#1131 = CIRCLE ( 'NONE', #677, 1.700000000000003508 ) ;
#1132 = FACE_BOUND ( 'NONE', #400, .T. ) ;
#1133 = DIRECTION ( 'NONE',  ( 1.000000000000000000, -0.000000000000000000, -0.000000000000000000 ) ) ;
#1134 = EDGE_CURVE ( 'NONE', #841, #27, #970, .T. ) ;
#1135 = AXIS2_PLACEMENT_3D ( 'NONE', #932, #895, #2310 ) ;
#1136 = EDGE_CURVE ( 'NONE', #1362, #631, #2390, .T. ) ;
#1137 = DIRECTION ( 'NONE',  ( 0.000000000000000000, 0.000000000000000000, 1.000000000000000000 ) ) ;
#1138 = CARTESIAN_POINT ( 'NONE',  ( 11.23578643762707507, 4.999999999999999112, 8.650000000000002132 ) ) ;
#1139 = ORIENTED_EDGE ( 'NONE', *, *, #2363, .T. ) ;
#1140 = ORIENTED_EDGE ( 'NONE', *, *, #1510, .T. ) ;
#1141 = EDGE_LOOP ( 'NONE', ( #261, #1771, #427, #1499 ) ) ;
#1142 = FACE_BOUND ( 'NONE', #676, .T. ) ;
#1143 = EDGE_CURVE ( 'NONE', #729, #1832, #2003, .T. ) ;
#1144 = DIRECTION ( 'NONE',  ( -0.7071067811865451302, -0.000000000000000000, 0.7071067811865500152 ) ) ;
#1145 = CARTESIAN_POINT ( 'NONE',  ( 11.23578643762707330, 4.999999999999999112, -8.650000000000002132 ) ) ;
#1146 = VECTOR ( 'NONE', #934, 1000.000000000000000 ) ;
#1147 = CARTESIAN_POINT ( 'NONE',  ( -21.38675134594817706, -16.00000000000000000, 11.99999999999999645 ) ) ;
#1148 = AXIS2_PLACEMENT_3D ( 'NONE', #1787, #1596, #47 ) ;
#1149 = CARTESIAN_POINT ( 'NONE',  ( 11.23578643762707507, 4.999999999999999112, 5.000000000000000000 ) ) ;
#1150 = DIRECTION ( 'NONE',  ( 0.000000000000000000, 0.000000000000000000, -1.000000000000000000 ) ) ;
#1151 = EDGE_LOOP ( 'NONE', ( #1922, #2192, #163, #2334 ) ) ;
#1152 = ORIENTED_EDGE ( 'NONE', *, *, #1325, .F. ) ;
#1153 = AXIS2_PLACEMENT_3D ( 'NONE', #1759, #577, #947 ) ;
#1154 = CARTESIAN_POINT ( 'NONE',  ( -15.57264973081038129, 4.999999999999999112, -4.150000000000001243 ) ) ;
#1155 = DIRECTION ( 'NONE',  ( 4.153223329382520566E-17, -0.1736481776669345778, -0.9848077530122073542 ) ) ;
#1156 = DIRECTION ( 'NONE',  ( 0.000000000000000000, 1.000000000000000000, 0.000000000000000000 ) ) ;
#1157 = LINE ( 'NONE', #1720, #2103 ) ;
#1158 = CARTESIAN_POINT ( 'NONE',  ( -21.38675134594817706, -13.40000000000000036, -12.00000000000000355 ) ) ;
#1159 = ORIENTED_EDGE ( 'NONE', *, *, #1640, .T. ) ;
#1160 = VERTEX_POINT ( 'NONE', #2437 ) ;
#1161 = DIRECTION ( 'NONE',  ( -0.000000000000000000, 1.000000000000000000, -0.000000000000000000 ) ) ;
#1162 = VECTOR ( 'NONE', #389, 1000.000000000000000 ) ;
#1163 = FACE_OUTER_BOUND ( 'NONE', #1945, .T. ) ;
#1164 = ORIENTED_EDGE ( 'NONE', *, *, #2101, .F. ) ;
#1165 = EDGE_CURVE ( 'NONE', #198, #1614, #244, .T. ) ;
#1166 = CARTESIAN_POINT ( 'NONE',  ( 15.73578643762707152, -10.00000000000000000, -4.250000000000897060 ) ) ;
#1167 = PLANE ( 'NONE',  #2389 ) ;
#1168 = VECTOR ( 'NONE', #2073, 1000.000000000000114 ) ;
#1169 = ORIENTED_EDGE ( 'NONE', *, *, #188, .T. ) ;
#1170 = VERTEX_POINT ( 'NONE', #612 ) ;
#1171 = EDGE_CURVE ( 'NONE', #538, #1170, #1405, .T. ) ;
#1172 = PLANE ( 'NONE',  #840 ) ;
#1173 = ORIENTED_EDGE ( 'NONE', *, *, #1579, .T. ) ;
#1174 = EDGE_CURVE ( 'NONE', #2551, #1612, #1623, .T. ) ;
#1175 = DIRECTION ( 'NONE',  ( 1.000000000000000000, 0.000000000000000000, 0.000000000000000000 ) ) ;
#1176 = DIRECTION ( 'NONE',  ( 4.153223329382519334E-17, -0.1736481776669345778, 0.9848077530122073542 ) ) ;
#1177 = DIRECTION ( 'NONE',  ( 0.000000000000000000, -0.000000000000000000, -1.000000000000000000 ) ) ;
#1178 = CARTESIAN_POINT ( 'NONE',  ( -12.78867513459480065, -0.5000000000000000000, 4.000000000000000000 ) ) ;
#1179 = VECTOR ( 'NONE', #1586, 1000.000000000000000 ) ;
#1180 = EDGE_LOOP ( 'NONE', ( #2369, #2257, #2542 ) ) ;
#1181 = ORIENTED_EDGE ( 'NONE', *, *, #1238, .T. ) ;
#1182 = DIRECTION ( 'NONE',  ( -0.000000000000000000, 1.000000000000000000, -0.000000000000000000 ) ) ;
#1183 = VECTOR ( 'NONE', #1728, 1000.000000000000000 ) ;
#1184 = PRODUCT ( 'bending_die_bottom', 'bending_die_bottom', '', ( #1241 ) ) ;
#1185 = CARTESIAN_POINT ( 'NONE',  ( 29.61324865405182649, -15.50000000000000000, -15.00000000000000355 ) ) ;
#1186 = DIRECTION ( 'NONE',  ( -0.7071067811865490160, -0.7071067811865461294, 0.000000000000000000 ) ) ;
#1187 = CARTESIAN_POINT ( 'NONE',  ( 15.73578643762707152, 4.999999999999999112, -8.650000000000002132 ) ) ;
#1188 = CARTESIAN_POINT ( 'NONE',  ( 15.73578643762707152, -3.235786437627079959, 3.999999999999994671 ) ) ;
#1189 = VECTOR ( 'NONE', #1813, 1000.000000000000000 ) ;
#1190 = EDGE_CURVE ( 'NONE', #729, #2007, #1638, .T. ) ;
#1191 = VERTEX_POINT ( 'NONE', #1684 ) ;
#1192 = ORIENTED_EDGE ( 'NONE', *, *, #1592, .F. ) ;
#1193 = DIRECTION ( 'NONE',  ( -0.000000000000000000, 1.000000000000000000, -0.000000000000000000 ) ) ;
#1194 = EDGE_CURVE ( 'NONE', #841, #1554, #686, .T. ) ;
#1195 = ADVANCED_FACE ( 'NONE', ( #712 ), #494, .T. ) ;
#1196 = ORIENTED_EDGE ( 'NONE', *, *, #681, .F. ) ;
#1197 = CARTESIAN_POINT ( 'NONE',  ( -25.38675134594818061, -15.50000000000000000, 14.99999999999999645 ) ) ;
#1198 = LINE ( 'NONE', #474, #477 ) ;
#1199 = DIRECTION ( 'NONE',  ( 0.000000000000000000, -0.000000000000000000, 1.000000000000000000 ) ) ;
#1200 = AXIS2_PLACEMENT_3D ( 'NONE', #775, #2168, #2371 ) ;
#1201 = AXIS2_PLACEMENT_3D ( 'NONE', #2442, #1257, #1226 ) ;
#1202 = VECTOR ( 'NONE', #453, 1000.000000000000000 ) ;
#1203 = LINE ( 'NONE', #61, #225 ) ;
#1204 = EDGE_CURVE ( 'NONE', #527, #1128, #1668, .T. ) ;
#1205 = FACE_OUTER_BOUND ( 'NONE', #1410, .T. ) ;
#1206 = LINE ( 'NONE', #1798, #14 ) ;
#1207 = ADVANCED_FACE ( 'NONE', ( #1495 ), #1462, .F. ) ;
#1208 = ORIENTED_EDGE ( 'NONE', *, *, #567, .T. ) ;
#1209 = DIRECTION ( 'NONE',  ( 0.000000000000000000, 0.000000000000000000, -1.000000000000000000 ) ) ;
#1210 = ORIENTED_EDGE ( 'NONE', *, *, #1769, .T. ) ;
#1211 = CIRCLE ( 'NONE', #1752, 1.700000000000000178 ) ;
#1212 = DIRECTION ( 'NONE',  ( 0.2810846377148233932, 0.6785983445458511065, 0.6785983445458416696 ) ) ;
#1213 = ORIENTED_EDGE ( 'NONE', *, *, #1718, .F. ) ;
#1214 = CIRCLE ( 'NONE', #1548, 1.750000000000000000 ) ;
#1215 = SECURITY_CLASSIFICATION ( '', '', #2066 ) ;
#1216 = VERTEX_POINT ( 'NONE', #1893 ) ;
#1217 = PLANE ( 'NONE',  #447 ) ;
#1218 = DIRECTION ( 'NONE',  ( -1.000000000000000000, -0.000000000000000000, -0.000000000000000000 ) ) ;
#1219 = PLANE ( 'NONE',  #166 ) ;
#1220 = EDGE_CURVE ( 'NONE', #1037, #1767, #1890, .T. ) ;
#1221 = LINE ( 'NONE', #808, #1624 ) ;
#1222 = PERSON_AND_ORGANIZATION ( #2109, #1490 ) ;
#1223 = CARTESIAN_POINT ( 'NONE',  ( 28.61324865405181228, -16.00000000000000000, -15.50000000000001066 ) ) ;
#1224 = AXIS2_PLACEMENT_3D ( 'NONE', #352, #2464, #2104 ) ;
#1225 = EDGE_LOOP ( 'NONE', ( #1691, #195 ) ) ;
#1226 = DIRECTION ( 'NONE',  ( 0.000000000000000000, 0.000000000000000000, 1.000000000000000000 ) ) ;
#1227 = EDGE_LOOP ( 'NONE', ( #2368, #620 ) ) ;
#1228 = CARTESIAN_POINT ( 'NONE',  ( 25.61324865405182649, -10.00000000000000000, -10.30000000000000249 ) ) ;
#1229 = ORIENTED_EDGE ( 'NONE', *, *, #1681, .T. ) ;
#1230 = VERTEX_POINT ( 'NONE', #2496 ) ;
#1231 = ORIENTED_EDGE ( 'NONE', *, *, #1555, .F. ) ;
#1232 = AXIS2_PLACEMENT_3D ( 'NONE', #2105, #132, #925 ) ;
#1233 = DIRECTION ( 'NONE',  ( 0.000000000000000000, 0.000000000000000000, 1.000000000000000000 ) ) ;
#1234 = LINE ( 'NONE', #254, #1266 ) ;
#1235 = AXIS2_PLACEMENT_3D ( 'NONE', #1138, #2353, #579 ) ;
#1236 = FACE_OUTER_BOUND ( 'NONE', #1003, .T. ) ;
#1237 = EDGE_CURVE ( 'NONE', #662, #1090, #2480, .T. ) ;
#1238 = EDGE_CURVE ( 'NONE', #338, #2214, #2250, .T. ) ;
#1239 = EDGE_CURVE ( 'NONE', #2128, #1816, #1851, .T. ) ;
#1240 = DIRECTION ( 'NONE',  ( -0.000000000000000000, -1.000000000000000000, -0.000000000000000000 ) ) ;
#1241 = MECHANICAL_CONTEXT ( 'NONE', #851, 'mechanical' ) ;
#1242 = ORIENTED_EDGE ( 'NONE', *, *, #1451, .F. ) ;
#1243 = DIRECTION ( 'NONE',  ( 0.000000000000000000, 0.000000000000000000, -1.000000000000000000 ) ) ;
#1244 = ORIENTED_EDGE ( 'NONE', *, *, #518, .F. ) ;
#1245 = DIRECTION ( 'NONE',  ( -0.000000000000000000, 1.000000000000000000, -0.000000000000000000 ) ) ;
#1246 = ORIENTED_EDGE ( 'NONE', *, *, #1238, .F. ) ;
#1247 = ORIENTED_EDGE ( 'NONE', *, *, #1204, .T. ) ;
#1248 = VERTEX_POINT ( 'NONE', #300 ) ;
#1249 = PLANE ( 'NONE',  #1382 ) ;
#1250 = DIRECTION ( 'NONE',  ( -0.000000000000000000, -0.000000000000000000, 1.000000000000000000 ) ) ;
#1251 = DIRECTION ( 'NONE',  ( -0.7071067811865439090, 0.000000000000000000, 0.7071067811865512365 ) ) ;
#1252 = AXIS2_PLACEMENT_3D ( 'NONE', #341, #882, #923 ) ;
#1253 = VECTOR ( 'NONE', #1212, 1000.000000000000000 ) ;
#1254 = CARTESIAN_POINT ( 'NONE',  ( 15.73578643762707507, -10.00000000000000000, 8.650000000000002132 ) ) ;
#1255 = PERSON_AND_ORGANIZATION ( #2109, #1490 ) ;
#1256 = ORIENTED_EDGE ( 'NONE', *, *, #1823, .F. ) ;
#1257 = DIRECTION ( 'NONE',  ( -0.000000000000000000, 1.000000000000000000, -0.000000000000000000 ) ) ;
#1258 = EDGE_CURVE ( 'NONE', #955, #497, #1099, .T. ) ;
#1259 = PLANE ( 'NONE',  #2247 ) ;
#1260 = ORIENTED_EDGE ( 'NONE', *, *, #1560, .F. ) ;
#1261 = ADVANCED_FACE ( 'NONE', ( #284 ), #2279, .F. ) ;
#1262 = EDGE_LOOP ( 'NONE', ( #1351, #1500 ) ) ;
#1263 = LINE ( 'NONE', #2274, #936 ) ;
#1264 = DIRECTION ( 'NONE',  ( 0.000000000000000000, 0.000000000000000000, 1.000000000000000000 ) ) ;
#1265 = AXIS2_PLACEMENT_3D ( 'NONE', #1158, #2164, #952 ) ;
#1266 = VECTOR ( 'NONE', #652, 1000.000000000000000 ) ;
#1267 = CARTESIAN_POINT ( 'NONE',  ( 27.31324865405182933, -13.40000000000000036, -12.00000000000000355 ) ) ;
#1268 = CIRCLE ( 'NONE', #480, 3.249999999999999556 ) ;
#1269 = CARTESIAN_POINT ( 'NONE',  ( -21.38675134594817706, -10.00000000000000000, -10.30000000000000249 ) ) ;
#1270 = ORIENTED_EDGE ( 'NONE', *, *, #117, .F. ) ;
#1271 = CARTESIAN_POINT ( 'NONE',  ( 25.61324865405182649, -13.40000000000000036, 11.99999999999999645 ) ) ;
#1272 = DIRECTION ( 'NONE',  ( -1.000000000000000000, 0.000000000000000000, 7.129000586206057066E-16 ) ) ;
#1273 = ORIENTED_EDGE ( 'NONE', *, *, #451, .T. ) ;
#1274 = ORIENTED_EDGE ( 'NONE', *, *, #1174, .F. ) ;
#1275 = EDGE_LOOP ( 'NONE', ( #1622, #1958, #380, #2060 ) ) ;
#1276 = DIRECTION ( 'NONE',  ( 1.000000000000000000, -1.734723475976805517E-15, 0.000000000000000000 ) ) ;
#1277 = CARTESIAN_POINT ( 'NONE',  ( 25.61324865405182649, -13.40000000000000036, -12.00000000000000355 ) ) ;
#1278 = LINE ( 'NONE', #506, #1656 ) ;
#1279 = VECTOR ( 'NONE', #1344, 1000.000000000000000 ) ;
#1280 = VECTOR ( 'NONE', #601, 1000.000000000000000 ) ;
#1281 = FACE_BOUND ( 'NONE', #500, .T. ) ;
#1282 = APPLICATION_CONTEXT ( 'configuration controlled 3d designs of mechanical parts and assemblies' ) ;
#1283 = VECTOR ( 'NONE', #268, 1000.000000000000000 ) ;
#1284 = DIRECTION ( 'NONE',  ( -0.000000000000000000, -1.000000000000000000, -0.000000000000000000 ) ) ;
#1285 = CALENDAR_DATE ( 2025, 12, 12 ) ;
#1286 = EDGE_LOOP ( 'NONE', ( #582, #2108, #173, #109, #1860, #1858, #1641, #2443 ) ) ;
#1287 = DIRECTION ( 'NONE',  ( 0.000000000000000000, -0.000000000000000000, 1.000000000000000000 ) ) ;
#1288 = LINE ( 'NONE', #875, #702 ) ;
#1289 = ORIENTED_EDGE ( 'NONE', *, *, #26, .F. ) ;
#1290 = EDGE_CURVE ( 'NONE', #1291, #943, #1395, .T. ) ;
#1291 = VERTEX_POINT ( 'NONE', #106 ) ;
#1292 = ORIENTED_EDGE ( 'NONE', *, *, #866, .T. ) ;
#1293 = CARTESIAN_POINT ( 'NONE',  ( -24.38675134594816996, -15.50000000000000000, 15.99999999999999645 ) ) ;
#1294 = CARTESIAN_POINT ( 'NONE',  ( -10.92264973081037915, -1.000000000000000000, 5.000000000000000000 ) ) ;
#1296 = EDGE_CURVE ( 'NONE', #218, #1306, #530, .T. ) ;
#1295 = DIRECTION ( 'NONE',  ( 0.000000000000000000, -0.000000000000000000, -1.000000000000000000 ) ) ;
#1297 = LINE ( 'NONE', #2264, #1689 ) ;
#1298 = CARTESIAN_POINT ( 'NONE',  ( -25.38675134594818061, -16.00000000000000000, -16.00000000000000355 ) ) ;
#1299 = EDGE_CURVE ( 'NONE', #1554, #1654, #241, .T. ) ;
#1300 = VERTEX_POINT ( 'NONE', #2093 ) ;
#1301 = CARTESIAN_POINT ( 'NONE',  ( 25.61324865405182649, -13.40000000000000036, -12.00000000000000355 ) ) ;
#1302 = CIRCLE ( 'NONE', #2030, 1.700000000000000178 ) ;
#1303 = ADVANCED_FACE ( 'NONE', ( #1321 ), #330, .T. ) ;
#1304 = FACE_OUTER_BOUND ( 'NONE', #2243, .T. ) ;
#1305 = ORIENTED_EDGE ( 'NONE', *, *, #2361, .F. ) ;
#1306 = VERTEX_POINT ( 'NONE', #1707 ) ;
#1307 = EDGE_LOOP ( 'NONE', ( #892, #2110, #2395, #1412, #1482 ) ) ;
#1308 = AXIS2_PLACEMENT_3D ( 'NONE', #1916, #1343, #991 ) ;
#1309 = DIRECTION ( 'NONE',  ( 0.000000000000000000, -1.000000000000000000, 0.000000000000000000 ) ) ;
#1310 = VECTOR ( 'NONE', #2261, 1000.000000000000000 ) ;
#1311 = DIRECTION ( 'NONE',  ( 0.000000000000000000, 0.000000000000000000, 1.000000000000000000 ) ) ;
#1312 = DIRECTION ( 'NONE',  ( 0.000000000000000000, 0.000000000000000000, 1.000000000000000000 ) ) ;
#1313 = CARTESIAN_POINT ( 'NONE',  ( 0.000000000000000000, -10.00000000000000000, -7.602369438261953327 ) ) ;
#1314 = DIRECTION ( 'NONE',  ( -0.000000000000000000, -1.000000000000000000, -0.000000000000000000 ) ) ;
#1315 = VERTEX_POINT ( 'NONE', #342 ) ;
#1316 = ORIENTED_EDGE ( 'NONE', *, *, #1514, .T. ) ;
#1317 = VERTEX_POINT ( 'NONE', #1119 ) ;
#1318 = CARTESIAN_POINT ( 'NONE',  ( 12.49999999999999822, 5.560781409762225638E-15, -4.150000000000001243 ) ) ;
#1319 = EDGE_CURVE ( 'NONE', #359, #1671, #1906, .T. ) ;
#1320 = CYLINDRICAL_SURFACE ( 'NONE', #2242, 3.249999999999999556 ) ;
#1321 = FACE_OUTER_BOUND ( 'NONE', #348, .T. ) ;
#1322 = EDGE_CURVE ( 'NONE', #813, #815, #2327, .T. ) ;
#1323 = AXIS2_PLACEMENT_3D ( 'NONE', #1147, #992, #1348 ) ;
#1324 = AXIS2_PLACEMENT_3D ( 'NONE', #356, #2318, #770 ) ;
#1325 = EDGE_CURVE ( 'NONE', #1981, #139, #2127, .T. ) ;
#1326 = CARTESIAN_POINT ( 'NONE',  ( 25.61324865405182649, -13.40000000000000036, 11.99999999999999645 ) ) ;
#1327 = DIRECTION ( 'NONE',  ( 0.000000000000000000, 1.000000000000000000, 0.000000000000000000 ) ) ;
#1328 = VERTEX_POINT ( 'NONE', #733 ) ;
#1329 = ORIENTED_EDGE ( 'NONE', *, *, #1765, .F. ) ;
#1330 = EDGE_LOOP ( 'NONE', ( #1213, #1870, #1441, #310, #798, #514, #2372, #259 ) ) ;
#1331 = DIRECTION ( 'NONE',  ( -0.000000000000000000, 1.000000000000000000, -0.000000000000000000 ) ) ;
#1332 = EDGE_CURVE ( 'NONE', #2176, #660, #1781, .T. ) ;
#1333 = CARTESIAN_POINT ( 'NONE',  ( -4.922649730810380042, -10.00000000000000533, 1.750000000000000000 ) ) ;
#1334 = FACE_OUTER_BOUND ( 'NONE', #572, .T. ) ;
#1335 = DIRECTION ( 'NONE',  ( 0.000000000000000000, 0.000000000000000000, 1.000000000000000000 ) ) ;
#1336 = DIRECTION ( 'NONE',  ( -0.000000000000000000, 1.000000000000000000, -0.000000000000000000 ) ) ;
#1337 = ORIENTED_EDGE ( 'NONE', *, *, #1479, .F. ) ;
#1338 = EDGE_CURVE ( 'NONE', #2411, #631, #126, .T. ) ;
#1339 = ORIENTED_EDGE ( 'NONE', *, *, #117, .T. ) ;
#1340 = VECTOR ( 'NONE', #1830, 1000.000000000000000 ) ;
#1341 = EDGE_LOOP ( 'NONE', ( #2166, #717, #919, #2469 ) ) ;
#1342 = FACE_BOUND ( 'NONE', #1078, .T. ) ;
#1343 = DIRECTION ( 'NONE',  ( -0.000000000000000000, 1.000000000000000000, -0.000000000000000000 ) ) ;
#1344 = DIRECTION ( 'NONE',  ( 0.000000000000000000, 0.000000000000000000, -1.000000000000000000 ) ) ;
#1345 = VECTOR ( 'NONE', #794, 1000.000000000000000 ) ;
#1346 = CIRCLE ( 'NONE', #1265, 1.700000000000003508 ) ;
#1347 = LOCAL_TIME ( 9, 58, 45.00000000000000000, #88 ) ;
#1348 = DIRECTION ( 'NONE',  ( 0.000000000000000000, 0.000000000000000000, 1.000000000000000000 ) ) ;
#1349 = CARTESIAN_POINT ( 'NONE',  ( 12.08578643762706939, 4.999999999999999112, -5.000000000000897060 ) ) ;
#1350 = CARTESIAN_POINT ( 'NONE',  ( -16.74721676793699743, -10.00000000000000000, 4.250000000000000000 ) ) ;
#1351 = ORIENTED_EDGE ( 'NONE', *, *, #2075, .T. ) ;
#1352 = ORIENTED_EDGE ( 'NONE', *, *, #2291, .T. ) ;
#1353 = DIRECTION ( 'NONE',  ( 0.000000000000000000, -1.000000000000000000, 0.000000000000000000 ) ) ;
#1354 = FACE_OUTER_BOUND ( 'NONE', #976, .T. ) ;
#1355 = AXIS2_PLACEMENT_3D ( 'NONE', #1706, #120, #1097 ) ;
#1356 = ORIENTED_EDGE ( 'NONE', *, *, #866, .F. ) ;
#1357 = AXIS2_PLACEMENT_3D ( 'NONE', #121, #1504, #320 ) ;
#1358 = DIRECTION ( 'NONE',  ( 0.000000000000000000, 0.000000000000000000, -1.000000000000000000 ) ) ;
#1359 = AXIS2_PLACEMENT_3D ( 'NONE', #1349, #1754, #1739 ) ;
#1360 = PLANE ( 'NONE',  #1359 ) ;
#1361 = CARTESIAN_POINT ( 'NONE',  ( 0.000000000000000000, 0.000000000000000000, 0.000000000000000000 ) ) ;
#1362 = VERTEX_POINT ( 'NONE', #2535 ) ;
#1363 = ORIENTED_EDGE ( 'NONE', *, *, #217, .T. ) ;
#1364 = DIRECTION ( 'NONE',  ( 0.5000000000000052180, -0.7071067811865439090, 0.5000000000000000000 ) ) ;
#1365 = ADVANCED_FACE ( 'NONE', ( #1334 ), #1217, .F. ) ;
#1366 = DIRECTION ( 'NONE',  ( 0.000000000000000000, 0.000000000000000000, 1.000000000000000000 ) ) ;
#1367 = ORIENTED_EDGE ( 'NONE', *, *, #1936, .T. ) ;
#1368 = EDGE_CURVE ( 'NONE', #943, #435, #542, .T. ) ;
#1369 = CARTESIAN_POINT ( 'NONE',  ( -11.07264973081038129, -10.00000000000000000, 8.650000000000009237 ) ) ;
#1370 = FACE_OUTER_BOUND ( 'NONE', #54, .T. ) ;
#1371 = PLANE ( 'NONE',  #2468 ) ;
#1372 = EDGE_CURVE ( 'NONE', #2454, #2335, #28, .T. ) ;
#1373 = ORIENTED_EDGE ( 'NONE', *, *, #1557, .T. ) ;
#1374 = ORIENTED_EDGE ( 'NONE', *, *, #2014, .F. ) ;
#1375 = ADVANCED_FACE ( 'NONE', ( #1525 ), #1998, .T. ) ;
#1376 = CARTESIAN_POINT ( 'NONE',  ( 11.23578643762707330, 4.999999999999999112, -8.650000000000002132 ) ) ;
#1377 = ORIENTED_EDGE ( 'NONE', *, *, #1332, .F. ) ;
#1378 = CARTESIAN_POINT ( 'NONE',  ( -24.38675134594818417, -15.50000000000000000, -16.00000000000000355 ) ) ;
#1379 = DIRECTION ( 'NONE',  ( -0.000000000000000000, 0.000000000000000000, 1.000000000000000000 ) ) ;
#1380 = CIRCLE ( 'NONE', #2125, 1.700000000000000178 ) ;
#1381 = DIRECTION ( 'NONE',  ( 0.000000000000000000, 0.000000000000000000, -1.000000000000000000 ) ) ;
#1382 = AXIS2_PLACEMENT_3D ( 'NONE', #488, #894, #1486 ) ;
#1383 = VERTEX_POINT ( 'NONE', #2114 ) ;
#1384 = ORIENTED_EDGE ( 'NONE', *, *, #1843, .T. ) ;
#1385 = FACE_OUTER_BOUND ( 'NONE', #374, .T. ) ;
#1386 = ORIENTED_EDGE ( 'NONE', *, *, #207, .F. ) ;
#1387 = LINE ( 'NONE', #1736, #1598 ) ;
#1388 = DIRECTION ( 'NONE',  ( 0.000000000000000000, 0.000000000000000000, 1.000000000000000000 ) ) ;
#1389 = EDGE_CURVE ( 'NONE', #1671, #1841, #1387, .T. ) ;
#1390 = DIRECTION ( 'NONE',  ( -0.000000000000000000, -1.000000000000000000, -0.000000000000000000 ) ) ;
#1391 = EDGE_CURVE ( 'NONE', #1814, #773, #404, .T. ) ;
#1392 = DIRECTION ( 'NONE',  ( 0.000000000000000000, -0.000000000000000000, -1.000000000000000000 ) ) ;
#1393 = DIRECTION ( 'NONE',  ( 0.000000000000000000, 0.000000000000000000, 1.000000000000000000 ) ) ;
#1394 = APPROVAL ( #214, 'UNSPECIFIED' ) ;
#1395 = CIRCLE ( 'NONE', #2487, 0.8500000000004467315 ) ;
#1396 = ORIENTED_EDGE ( 'NONE', *, *, #1483, .T. ) ;
#1397 = ORIENTED_EDGE ( 'NONE', *, *, #1902, .T. ) ;
#1398 = CARTESIAN_POINT ( 'NONE',  ( -25.38675134594818061, -16.00000000000000000, 14.99999999999999645 ) ) ;
#1399 = VERTEX_POINT ( 'NONE', #2170 ) ;
#1400 = DIRECTION ( 'NONE',  ( 1.000000000000000000, 0.000000000000000000, -2.376333528735352191E-16 ) ) ;
#1401 = CARTESIAN_POINT ( 'NONE',  ( 22.50000000000002487, -10.00000000000000000, -4.250000000000000000 ) ) ;
#1402 = CARTESIAN_POINT ( 'NONE',  ( 11.23578643762707507, 4.999999999999999112, 8.650000000000002132 ) ) ;
#1403 = ADVANCED_FACE ( 'NONE', ( #2180 ), #1606, .F. ) ;
#1404 = ADVANCED_FACE ( 'NONE', ( #414 ), #1917, .F. ) ;
#1405 = LINE ( 'NONE', #2019, #846 ) ;
#1406 = PERSON_AND_ORGANIZATION_ROLE ( 'creator' ) ;
#1407 = CARTESIAN_POINT ( 'NONE',  ( -24.38675134594818417, -15.50000000000000000, -16.00000000000000355 ) ) ;
#1408 = EDGE_LOOP ( 'NONE', ( #358, #221, #275, #1192 ) ) ;
#1409 = LINE ( 'NONE', #1613, #422 ) ;
#1410 = EDGE_LOOP ( 'NONE', ( #113, #8 ) ) ;
#1411 = DIRECTION ( 'NONE',  ( 0.000000000000000000, 0.000000000000000000, 1.000000000000000000 ) ) ;
#1412 = ORIENTED_EDGE ( 'NONE', *, *, #1190, .T. ) ;
#1413 = EDGE_CURVE ( 'NONE', #1128, #2564, #157, .T. ) ;
#1414 = ORIENTED_EDGE ( 'NONE', *, *, #1954, .F. ) ;
#1415 = CARTESIAN_POINT ( 'NONE',  ( -21.38675134594817706, -10.00000000000000000, -12.00000000000000355 ) ) ;
#1416 = CARTESIAN_POINT ( 'NONE',  ( 15.73578643762707152, -10.00000000000000000, 4.149999999999999467 ) ) ;
#1417 = CIRCLE ( 'NONE', #2190, 1.000000000000000888 ) ;
#1418 = PLANE ( 'NONE',  #2044 ) ;
#1419 = CIRCLE ( 'NONE', #315, 3.249999999999999556 ) ;
#1420 = AXIS2_PLACEMENT_3D ( 'NONE', #167, #156, #361 ) ;
#1421 = CARTESIAN_POINT ( 'NONE',  ( -15.57264973081038129, 4.999999999999999112, -8.650000000000002132 ) ) ;
#1422 = COORDINATED_UNIVERSAL_TIME_OFFSET ( 0, 0, .AHEAD. ) ;
#1423 = CARTESIAN_POINT ( 'NONE',  ( -21.38675134594817706, -10.00000000000000000, -15.25000000000000355 ) ) ;
#1424 = ORIENTED_EDGE ( 'NONE', *, *, #457, .T. ) ;
#1425 = LINE ( 'NONE', #827, #1869 ) ;
#1426 = ORIENTED_EDGE ( 'NONE', *, *, #1811, .T. ) ;
#1427 = CIRCLE ( 'NONE', #2088, 0.8499999999995490052 ) ;
#1428 = CARTESIAN_POINT ( 'NONE',  ( 11.33578643762706939, -10.00000000000000000, -4.250000000000897060 ) ) ;
#1429 = ORIENTED_EDGE ( 'NONE', *, *, #2075, .F. ) ;
#1430 = LINE ( 'NONE', #1647, #2159 ) ;
#1431 = LINE ( 'NONE', #818, #850 ) ;
#1432 = EDGE_CURVE ( 'NONE', #1580, #1767, #168, .T. ) ;
#1433 = LINE ( 'NONE', #211, #1283 ) ;
#1434 = ORIENTED_EDGE ( 'NONE', *, *, #158, .T. ) ;
#1435 = DIRECTION ( 'NONE',  ( 0.000000000000000000, 0.000000000000000000, 1.000000000000000000 ) ) ;
#1436 = CALENDAR_DATE ( 2025, 12, 12 ) ;
#1437 = ORIENTED_EDGE ( 'NONE', *, *, #1129, .F. ) ;
#1438 = DIRECTION ( 'NONE',  ( 0.000000000000000000, -1.000000000000000000, 0.000000000000000000 ) ) ;
#1439 = ORIENTED_EDGE ( 'NONE', *, *, #133, .T. ) ;
#1440 = CARTESIAN_POINT ( 'NONE',  ( -22.26924533852954724, -20.61211172151649507, 10.88788827848357066 ) ) ;
#1441 = ORIENTED_EDGE ( 'NONE', *, *, #1389, .F. ) ;
#1442 = EDGE_LOOP ( 'NONE', ( #1659, #1397, #41 ) ) ;
#1443 = AXIS2_PLACEMENT_3D ( 'NONE', #1415, #1931, #12 ) ;
#1444 = LINE ( 'NONE', #1846, #1310 ) ;
#1445 = DIRECTION ( 'NONE',  ( 0.000000000000000000, 0.000000000000000000, -1.000000000000000000 ) ) ;
#1446 = VECTOR ( 'NONE', #1272, 1000.000000000000000 ) ;
#1447 = CARTESIAN_POINT ( 'NONE',  ( -22.26924533852967869, -20.61211172151637783, -10.88788827848370033 ) ) ;
#1448 = EDGE_CURVE ( 'NONE', #728, #904, #403, .T. ) ;
#1449 = DIRECTION ( 'NONE',  ( -1.000000000000000000, 0.000000000000000000, -0.000000000000000000 ) ) ;
#1450 = APPROVAL_ROLE ( '' ) ;
#1451 = EDGE_CURVE ( 'NONE', #631, #1090, #2057, .T. ) ;
#1452 = ORIENTED_EDGE ( 'NONE', *, *, #258, .T. ) ;
#1453 = LINE ( 'NONE', #2054, #1189 ) ;
#1454 = VERTEX_POINT ( 'NONE', #1197 ) ;
#1455 = CARTESIAN_POINT ( 'NONE',  ( -11.07264973081038306, -10.00000000000000000, -8.650000000000002132 ) ) ;
#1456 = ORIENTED_EDGE ( 'NONE', *, *, #2050, .T. ) ;
#1457 = EDGE_LOOP ( 'NONE', ( #1074, #1722, #786, #736 ) ) ;
#1458 = DIRECTION ( 'NONE',  ( 0.000000000000000000, 0.000000000000000000, 1.000000000000000000 ) ) ;
#1459 = CARTESIAN_POINT ( 'NONE',  ( 25.61324865405182649, -10.00000000000000000, -15.25000000000000355 ) ) ;
#1460 = DIRECTION ( 'NONE',  ( 0.000000000000000000, -1.000000000000000000, 0.000000000000000000 ) ) ;
#1461 = VECTOR ( 'NONE', #2323, 1000.000000000000000 ) ;
#1462 = PLANE ( 'NONE',  #1025 ) ;
#1463 = AXIS2_PLACEMENT_3D ( 'NONE', #914, #1480, #1708 ) ;
#1464 = VERTEX_POINT ( 'NONE', #1010 ) ;
#1465 = CARTESIAN_POINT ( 'NONE',  ( 16.91789321881353558, -4.417893218813524037, 4.249999999999103828 ) ) ;
#1466 = LINE ( 'NONE', #727, #176 ) ;
#1467 = ORIENTED_EDGE ( 'NONE', *, *, #1637, .T. ) ;
#1468 = EDGE_LOOP ( 'NONE', ( #2145, #1886 ) ) ;
#1469 = DIRECTION ( 'NONE',  ( -0.000000000000000000, 1.000000000000000000, -0.000000000000000000 ) ) ;
#1470 = LINE ( 'NONE', #2262, #1088 ) ;
#1471 = VECTOR ( 'NONE', #1597, 1000.000000000000000 ) ;
#1472 = AXIS2_PLACEMENT_3D ( 'NONE', #1834, #223, #1445 ) ;
#1473 = CARTESIAN_POINT ( 'NONE',  ( 2.577350269189625731, -10.00000000000000533, -1.750000000000000000 ) ) ;
#1474 = APPROVAL_PERSON_ORGANIZATION ( #643, #1394, #33 ) ;
#1475 = CARTESIAN_POINT ( 'NONE',  ( -24.38675134594818417, -15.50000000000000000, -16.00000000000000355 ) ) ;
#1476 = DIRECTION ( 'NONE',  ( 0.000000000000000000, 0.000000000000000000, -1.000000000000000000 ) ) ;
#1477 = DATE_AND_TIME ( #2236, #1347 ) ;
#1478 = ORIENTED_EDGE ( 'NONE', *, *, #1774, .T. ) ;
#1479 = EDGE_CURVE ( 'NONE', #279, #2564, #608, .T. ) ;
#1480 = DIRECTION ( 'NONE',  ( -1.000000000000000000, 0.000000000000000000, -0.000000000000000000 ) ) ;
#1481 = DIRECTION ( 'NONE',  ( -0.7071067811865439090, 0.000000000000000000, 0.7071067811865512365 ) ) ;
#1482 = ORIENTED_EDGE ( 'NONE', *, *, #458, .T. ) ;
#1483 = EDGE_CURVE ( 'NONE', #2551, #2227, #654, .T. ) ;
#1484 = ORIENTED_EDGE ( 'NONE', *, *, #209, .T. ) ;
#1485 = ORIENTED_EDGE ( 'NONE', *, *, #956, .F. ) ;
#1486 = DIRECTION ( 'NONE',  ( 1.000000000000000000, 0.000000000000000000, -0.000000000000000000 ) ) ;
#1487 = DIRECTION ( 'NONE',  ( -0.6785983445458423358, -0.6785983445458518837, -0.2810846377148196185 ) ) ;
#1488 = CARTESIAN_POINT ( 'NONE',  ( -21.38675134594817706, -10.00000000000000000, 11.99999999999999645 ) ) ;
#1489 = AXIS2_PLACEMENT_3D ( 'NONE', #1516, #508, #911 ) ;
#1490 = ORGANIZATION ( 'UNSPECIFIED', 'UNSPECIFIED', '' ) ;
#1491 = EDGE_CURVE ( 'NONE', #2454, #379, #1523, .T. ) ;
#1492 = DIRECTION ( 'NONE',  ( 0.000000000000000000, 0.000000000000000000, 1.000000000000000000 ) ) ;
#1493 = ADVANCED_FACE ( 'NONE', ( #1660 ), #2028, .F. ) ;
#1494 = AXIS2_PLACEMENT_3D ( 'NONE', #1620, #865, #1807 ) ;
#1495 = FACE_OUTER_BOUND ( 'NONE', #1141, .T. ) ;
#1496 = ORIENTED_EDGE ( 'NONE', *, *, #2450, .F. ) ;
#1497 = CARTESIAN_POINT ( 'NONE',  ( 12.08578643762690064, -1.000000000000000000, -4.150000000000001243 ) ) ;
#1498 = FACE_OUTER_BOUND ( 'NONE', #693, .T. ) ;
#1499 = ORIENTED_EDGE ( 'NONE', *, *, #667, .T. ) ;
#1500 = ORIENTED_EDGE ( 'NONE', *, *, #1008, .T. ) ;
#1501 = EDGE_LOOP ( 'NONE', ( #1859, #617 ) ) ;
#1502 = DIRECTION ( 'NONE',  ( 0.000000000000000000, 0.000000000000000000, 1.000000000000000000 ) ) ;
#1503 = FACE_OUTER_BOUND ( 'NONE', #1742, .T. ) ;
#1504 = DIRECTION ( 'NONE',  ( 1.000000000000000000, 2.102772545373674817E-16, 3.707755340424029894E-17 ) ) ;
#1505 = CARTESIAN_POINT ( 'NONE',  ( -11.92264973081038093, 4.999999999999999112, -5.000000000000000000 ) ) ;
#1506 = PLANE ( 'NONE',  #537 ) ;
#1507 = ORIENTED_EDGE ( 'NONE', *, *, #1491, .T. ) ;
#1508 = ORIENTED_EDGE ( 'NONE', *, *, #2391, .F. ) ;
#1509 = ORIENTED_EDGE ( 'NONE', *, *, #1939, .T. ) ;
#1510 = EDGE_CURVE ( 'NONE', #139, #1464, #1928, .T. ) ;
#1511 = FACE_OUTER_BOUND ( 'NONE', #2134, .T. ) ;
#1512 = EDGE_CURVE ( 'NONE', #2176, #399, #2447, .T. ) ;
#1513 = AXIS2_PLACEMENT_3D ( 'NONE', #2401, #29, #638 ) ;
#1514 = EDGE_CURVE ( 'NONE', #1633, #955, #253, .T. ) ;
#1515 = DIRECTION ( 'NONE',  ( 1.000000000000000000, 2.489157526394480125E-16, 1.717628176092730058E-18 ) ) ;
#1516 = CARTESIAN_POINT ( 'NONE',  ( -11.07264973081038129, -1.000000000000000000, 5.000000000000000000 ) ) ;
#1517 = LINE ( 'NONE', #544, #6 ) ;
#1518 = FACE_OUTER_BOUND ( 'NONE', #1330, .T. ) ;
#1519 = VERTEX_POINT ( 'NONE', #82 ) ;
#1520 = ORIENTED_EDGE ( 'NONE', *, *, #296, .T. ) ;
#1521 = ORIENTED_EDGE ( 'NONE', *, *, #1143, .T. ) ;
#1522 = CARTESIAN_POINT ( 'NONE',  ( -12.78867513459480065, -0.5000000000000000000, -4.150000000000001243 ) ) ;
#1523 = CIRCLE ( 'NONE', #1844, 1.000000000000000888 ) ;
#1524 = DIRECTION ( 'NONE',  ( -0.000000000000000000, 1.000000000000000000, -0.000000000000000000 ) ) ;
#1525 = FACE_OUTER_BOUND ( 'NONE', #1812, .T. ) ;
#1526 = CARTESIAN_POINT ( 'NONE',  ( 2.577350269189625287, -1.000000000000000888, -1.750000000000000000 ) ) ;
#1527 = FACE_OUTER_BOUND ( 'NONE', #233, .T. ) ;
#1528 = ORIENTED_EDGE ( 'NONE', *, *, #1479, .T. ) ;
#1529 = ADVANCED_FACE ( 'NONE', ( #696 ), #1040, .T. ) ;
#1530 = ORIENTED_EDGE ( 'NONE', *, *, #1718, .T. ) ;
#1531 = VERTEX_POINT ( 'NONE', #637 ) ;
#1532 = DIRECTION ( 'NONE',  ( -0.000000000000000000, 1.000000000000000000, -0.000000000000000000 ) ) ;
#1533 = VECTOR ( 'NONE', #119, 1000.000000000000000 ) ;
#1534 = PLANE ( 'NONE',  #1604 ) ;
#1535 = DIRECTION ( 'NONE',  ( -0.7071067811865524577, -0.7071067811865425767, 0.000000000000000000 ) ) ;
#1536 = CARTESIAN_POINT ( 'NONE',  ( -11.92264973081038093, 4.999999999999999112, -4.150000000000000355 ) ) ;
#1537 = CARTESIAN_POINT ( 'NONE',  ( 15.73578643762707507, -10.00000000000000000, 8.650000000000002132 ) ) ;
#1538 = DIRECTION ( 'NONE',  ( 0.000000000000000000, 0.000000000000000000, 1.000000000000000000 ) ) ;
#1539 = ORIENTED_EDGE ( 'NONE', *, *, #2204, .F. ) ;
#1540 = VECTOR ( 'NONE', #1309, 1000.000000000000000 ) ;
#1541 = ORIENTED_EDGE ( 'NONE', *, *, #1290, .T. ) ;
#1542 = FACE_OUTER_BOUND ( 'NONE', #502, .T. ) ;
#1543 = VECTOR ( 'NONE', #23, 1000.000000000000000 ) ;
#1544 = AXIS2_PLACEMENT_3D ( 'NONE', #523, #2117, #110 ) ;
#1545 = CARTESIAN_POINT ( 'NONE',  ( 11.23578643762707330, -10.00000000000000000, -7.602369438261953327 ) ) ;
#1546 = AXIS2_PLACEMENT_3D ( 'NONE', #697, #540, #2512 ) ;
#1547 = DIRECTION ( 'NONE',  ( -0.000000000000000000, 1.000000000000000000, -0.000000000000000000 ) ) ;
#1548 = AXIS2_PLACEMENT_3D ( 'NONE', #1978, #2235, #463 ) ;
#1549 = LOCAL_TIME ( 9, 58, 45.00000000000000000, #2407 ) ;
#1550 = LINE ( 'NONE', #178, #1183 ) ;
#1551 = DIRECTION ( 'NONE',  ( 0.000000000000000000, 0.000000000000000000, 1.000000000000000000 ) ) ;
#1552 = CARTESIAN_POINT ( 'NONE',  ( -15.57264973081037951, -10.00000000000000000, 4.250000000000000000 ) ) ;
#1553 = ORIENTED_EDGE ( 'NONE', *, *, #518, .T. ) ;
#1554 = VERTEX_POINT ( 'NONE', #862 ) ;
#1555 = EDGE_CURVE ( 'NONE', #766, #1711, #1430, .T. ) ;
#1556 = CARTESIAN_POINT ( 'NONE',  ( -16.74721676793699743, -10.00000000000000000, -4.250000000000000000 ) ) ;
#1557 = EDGE_CURVE ( 'NONE', #338, #206, #2202, .T. ) ;
#1558 = PLANE ( 'NONE',  #1747 ) ;
#1559 = AXIS2_PLACEMENT_3D ( 'NONE', #2079, #685, #1311 ) ;
#1560 = EDGE_CURVE ( 'NONE', #94, #716, #1427, .T. ) ;
#1561 = ADVANCED_FACE ( 'NONE', ( #651 ), #42, .F. ) ;
#1562 = VECTOR ( 'NONE', #759, 1000.000000000000114 ) ;
#1563 = LINE ( 'NONE', #2151, #2338 ) ;
#1564 = VECTOR ( 'NONE', #1327, 1000.000000000000000 ) ;
#1565 = DIRECTION ( 'NONE',  ( 0.7071067811865439090, -0.000000000000000000, -0.7071067811865512365 ) ) ;
#1566 = CARTESIAN_POINT ( 'NONE',  ( 25.61324865405182649, -10.00000000000000000, 15.24999999999999645 ) ) ;
#1567 = EDGE_LOOP ( 'NONE', ( #468, #1054, #1434, #749, #893 ) ) ;
#1568 = ORIENTED_EDGE ( 'NONE', *, *, #2259, .T. ) ;
#1569 = LINE ( 'NONE', #2357, #2193 ) ;
#1570 = FACE_OUTER_BOUND ( 'NONE', #1017, .T. ) ;
#1571 = DIRECTION ( 'NONE',  ( -1.000000000000000000, 0.000000000000000000, -2.376333528735352191E-16 ) ) ;
#1572 = FACE_OUTER_BOUND ( 'NONE', #1723, .T. ) ;
#1573 = FACE_BOUND ( 'NONE', #1341, .T. ) ;
#1574 = ORIENTED_EDGE ( 'NONE', *, *, #1239, .F. ) ;
#1575 = ORIENTED_EDGE ( 'NONE', *, *, #567, .F. ) ;
#1576 = AXIS2_PLACEMENT_3D ( 'NONE', #144, #898, #2113 ) ;
#1577 = FACE_OUTER_BOUND ( 'NONE', #2177, .T. ) ;
#1578 = VECTOR ( 'NONE', #648, 1000.000000000000114 ) ;
#1579 = EDGE_CURVE ( 'NONE', #497, #1519, #1444, .T. ) ;
#1580 = VERTEX_POINT ( 'NONE', #58 ) ;
#1581 = DIRECTION ( 'NONE',  ( 0.000000000000000000, -0.7071067811865425767, 0.7071067811865524577 ) ) ;
#1582 = EDGE_CURVE ( 'NONE', #1037, #2227, #2432, .T. ) ;
#1583 = CC_DESIGN_PERSON_AND_ORGANIZATION_ASSIGNMENT ( #1073, #688, ( #1215 ) ) ;
#1584 = DIRECTION ( 'NONE',  ( 2.376333528735352191E-16, -0.000000000000000000, 1.000000000000000000 ) ) ;
#1585 = VECTOR ( 'NONE', #2393, 1000.000000000000000 ) ;
#1586 = DIRECTION ( 'NONE',  ( -0.000000000000000000, 1.000000000000000000, -0.000000000000000000 ) ) ;
#1587 = VECTOR ( 'NONE', #1011, 1000.000000000000000 ) ;
#1588 = ORIENTED_EDGE ( 'NONE', *, *, #1774, .F. ) ;
#1589 = ORIENTED_EDGE ( 'NONE', *, *, #2130, .F. ) ;
#1590 = AXIS2_PLACEMENT_3D ( 'NONE', #255, #1594, #611 ) ;
#1591 = CARTESIAN_POINT ( 'NONE',  ( -18.27350269189637899, -10.00000000000000533, 4.250000000000003553 ) ) ;
#1592 = EDGE_CURVE ( 'NONE', #830, #325, #1263, .T. ) ;
#1593 = DIRECTION ( 'NONE',  ( -0.000000000000000000, 1.000000000000000000, -0.000000000000000000 ) ) ;
#1594 = DIRECTION ( 'NONE',  ( -1.000000000000000000, 0.000000000000000000, 0.000000000000000000 ) ) ;
#1595 = CARTESIAN_POINT ( 'NONE',  ( 2.577350269189625287, -1.000000000000000000, 2.750000000000000000 ) ) ;
#1596 = DIRECTION ( 'NONE',  ( 0.000000000000000000, 0.000000000000000000, 1.000000000000000000 ) ) ;
#1597 = DIRECTION ( 'NONE',  ( 1.000000000000000000, 0.000000000000000000, 0.000000000000000000 ) ) ;
#1598 = VECTOR ( 'NONE', #354, 1000.000000000000114 ) ;
#1599 = ORIENTED_EDGE ( 'NONE', *, *, #1582, .F. ) ;
#1600 = DIRECTION ( 'NONE',  ( 0.000000000000000000, -0.000000000000000000, -1.000000000000000000 ) ) ;
#1601 = ORIENTED_EDGE ( 'NONE', *, *, #764, .T. ) ;
#1602 = LINE ( 'NONE', #1440, #930 ) ;
#1603 = VERTEX_POINT ( 'NONE', #311 ) ;
#1604 = AXIS2_PLACEMENT_3D ( 'NONE', #2031, #2419, #1199 ) ;
#1605 = ORIENTED_EDGE ( 'NONE', *, *, #668, .F. ) ;
#1606 = CYLINDRICAL_SURFACE ( 'NONE', #285, 1.700000000000001954 ) ;
#1607 = DIRECTION ( 'NONE',  ( -0.000000000000000000, -1.000000000000000000, -0.000000000000000000 ) ) ;
#1608 = DIRECTION ( 'NONE',  ( -0.000000000000000000, 1.000000000000000000, -0.000000000000000000 ) ) ;
#1609 = DIRECTION ( 'NONE',  ( 0.000000000000000000, 0.000000000000000000, 1.000000000000000000 ) ) ;
#1610 = DIRECTION ( 'NONE',  ( 0.000000000000000000, 0.000000000000000000, 1.000000000000000000 ) ) ;
#1611 = DIRECTION ( 'NONE',  ( 0.000000000000000000, 0.000000000000000000, 1.000000000000000000 ) ) ;
#1612 = VERTEX_POINT ( 'NONE', #95 ) ;
#1613 = CARTESIAN_POINT ( 'NONE',  ( -25.38675134594818061, -10.00000000000000000, 15.99999999999999645 ) ) ;
#1614 = VERTEX_POINT ( 'NONE', #504 ) ;
#1615 = FACE_OUTER_BOUND ( 'NONE', #1180, .T. ) ;
#1616 = EDGE_LOOP ( 'NONE', ( #1092, #1626, #1969 ) ) ;
#1617 = ORIENTED_EDGE ( 'NONE', *, *, #990, .F. ) ;
#1618 = CARTESIAN_POINT ( 'NONE',  ( 12.08578643762706939, 4.999999999999999112, 4.999999999999102940 ) ) ;
#1619 = CARTESIAN_POINT ( 'NONE',  ( -15.57264973081038129, 4.999999999999999112, -8.650000000000002132 ) ) ;
#1620 = CARTESIAN_POINT ( 'NONE',  ( 15.73578643762707507, 4.999999999999999112, 8.650000000000002132 ) ) ;
#1621 = VECTOR ( 'NONE', #1925, 1000.000000000000000 ) ;
#1622 = ORIENTED_EDGE ( 'NONE', *, *, #1817, .T. ) ;
#1623 = LINE ( 'NONE', #257, #2172 ) ;
#1624 = VECTOR ( 'NONE', #853, 1000.000000000000000 ) ;
#1625 = CARTESIAN_POINT ( 'NONE',  ( -21.38675134594817706, -10.00000000000000000, -15.25000000000000355 ) ) ;
#1626 = ORIENTED_EDGE ( 'NONE', *, *, #2404, .T. ) ;
#1627 = CARTESIAN_POINT ( 'NONE',  ( -15.57264973081038129, 4.999999999999999112, -8.650000000000002132 ) ) ;
#1628 = ORIENTED_EDGE ( 'NONE', *, *, #793, .T. ) ;
#1629 = VECTOR ( 'NONE', #906, 1000.000000000000000 ) ;
#1630 = CARTESIAN_POINT ( 'NONE',  ( -19.83982228238073020, -16.00000000000000000, 19.83982228238086520 ) ) ;
#1631 = VERTEX_POINT ( 'NONE', #2046 ) ;
#1632 = ADVANCED_FACE ( 'NONE', ( #1677 ), #1249, .T. ) ;
#1633 = VERTEX_POINT ( 'NONE', #1293 ) ;
#1634 = DIRECTION ( 'NONE',  ( -1.000000000000000000, 0.000000000000000000, -0.000000000000000000 ) ) ;
#1635 = CARTESIAN_POINT ( 'NONE',  ( -4.922649730810380042, -1.000000000000000888, -2.750000000000000000 ) ) ;
#1636 = DIRECTION ( 'NONE',  ( 0.000000000000000000, 0.000000000000000000, -1.000000000000000000 ) ) ;
#1637 = EDGE_CURVE ( 'NONE', #905, #325, #832, .T. ) ;
#1638 = LINE ( 'NONE', #2080, #31 ) ;
#1639 = CARTESIAN_POINT ( 'NONE',  ( -21.38675134594817706, -13.40000000000000036, -13.70000000000000817 ) ) ;
#1640 = EDGE_CURVE ( 'NONE', #1399, #441, #709, .T. ) ;
#1641 = ORIENTED_EDGE ( 'NONE', *, *, #1579, .F. ) ;
#1642 = CARTESIAN_POINT ( 'NONE',  ( -11.92264973081037915, 4.999999999999999112, 4.150000000000005684 ) ) ;
#1643 = ORIENTED_EDGE ( 'NONE', *, *, #1372, .F. ) ;
#1644 = DIRECTION ( 'NONE',  ( -0.000000000000000000, -1.000000000000000000, -0.000000000000000000 ) ) ;
#1645 = ORIENTED_EDGE ( 'NONE', *, *, #302, .F. ) ;
#1646 = ORIENTED_EDGE ( 'NONE', *, *, #2361, .T. ) ;
#1647 = CARTESIAN_POINT ( 'NONE',  ( -11.07264973081038306, 4.999999999999999112, -8.650000000000002132 ) ) ;
#1648 = FACE_OUTER_BOUND ( 'NONE', #1921, .T. ) ;
#1649 = VECTOR ( 'NONE', #1137, 1000.000000000000000 ) ;
#1650 = VECTOR ( 'NONE', #1610, 1000.000000000000000 ) ;
#1651 = LINE ( 'NONE', #1402, #2277 ) ;
#1652 = DIRECTION ( 'NONE',  ( -0.000000000000000000, -1.000000000000000000, -0.000000000000000000 ) ) ;
#1653 = APPROVAL_STATUS ( 'not_yet_approved' ) ;
#1654 = VERTEX_POINT ( 'NONE', #1692 ) ;
#1655 = CARTESIAN_POINT ( 'NONE',  ( -25.38675134594818061, -16.00000000000000000, -15.00000000000000355 ) ) ;
#1656 = VECTOR ( 'NONE', #1682, 1000.000000000000000 ) ;
#1657 = LINE ( 'NONE', #2269, #201 ) ;
#1658 = VERTEX_POINT ( 'NONE', #2017 ) ;
#1659 = ORIENTED_EDGE ( 'NONE', *, *, #493, .F. ) ;
#1660 = FACE_OUTER_BOUND ( 'NONE', #2489, .T. ) ;
#1661 = LINE ( 'NONE', #2460, #595 ) ;
#1662 = FACE_OUTER_BOUND ( 'NONE', #2015, .T. ) ;
#1663 = EDGE_CURVE ( 'NONE', #2239, #1077, #2029, .T. ) ;
#1664 = EDGE_CURVE ( 'NONE', #905, #247, #1829, .T. ) ;
#1665 = DIRECTION ( 'NONE',  ( 0.000000000000000000, 0.000000000000000000, 1.000000000000000000 ) ) ;
#1666 = VECTOR ( 'NONE', #2100, 1000.000000000000114 ) ;
#1667 = ADVANCED_FACE ( 'NONE', ( #1648 ), #665, .F. ) ;
#1668 = LINE ( 'NONE', #145, #1110 ) ;
#1669 = DATE_AND_TIME ( #871, #2043 ) ;
#1670 = VECTOR ( 'NONE', #2254, 1000.000000000000000 ) ;
#1671 = VERTEX_POINT ( 'NONE', #1027 ) ;
#1672 = FACE_OUTER_BOUND ( 'NONE', #1307, .T. ) ;
#1673 = DIRECTION ( 'NONE',  ( 0.000000000000000000, 0.000000000000000000, 1.000000000000000000 ) ) ;
#1674 = ORIENTED_EDGE ( 'NONE', *, *, #764, .F. ) ;
#1675 = VERTEX_POINT ( 'NONE', #1401 ) ;
#1676 = ORIENTED_EDGE ( 'NONE', *, *, #1391, .T. ) ;
#1677 = FACE_OUTER_BOUND ( 'NONE', #1052, .T. ) ;
#1678 = VECTOR ( 'NONE', #1989, 1000.000000000000227 ) ;
#1679 = DIRECTION ( 'NONE',  ( -0.000000000000000000, 1.000000000000000000, -0.000000000000000000 ) ) ;
#1680 = EDGE_CURVE ( 'NONE', #1711, #729, #1068, .T. ) ;
#1681 = EDGE_CURVE ( 'NONE', #325, #561, #390, .T. ) ;
#1682 = DIRECTION ( 'NONE',  ( 0.000000000000000000, -1.000000000000000000, 0.000000000000000000 ) ) ;
#1683 = PLANE ( 'NONE',  #1123 ) ;
#1684 = CARTESIAN_POINT ( 'NONE',  ( -24.88675134594818417, -16.00000000000000000, 14.79289321881344321 ) ) ;
#1685 = ORIENTED_EDGE ( 'NONE', *, *, #2387, .T. ) ;
#1686 = CARTESIAN_POINT ( 'NONE',  ( 25.61324865405182649, -13.40000000000000036, -13.70000000000000817 ) ) ;
#1687 = DIRECTION ( 'NONE',  ( -0.000000000000000000, 1.000000000000000000, -0.000000000000000000 ) ) ;
#1688 = ORIENTED_EDGE ( 'NONE', *, *, #2559, .T. ) ;
#1689 = VECTOR ( 'NONE', #2288, 1000.000000000000000 ) ;
#1690 = ORIENTED_EDGE ( 'NONE', *, *, #2315, .T. ) ;
#1691 = ORIENTED_EDGE ( 'NONE', *, *, #1897, .F. ) ;
#1692 = CARTESIAN_POINT ( 'NONE',  ( -4.922649730810380042, -1.000000000000000888, 1.750000000000000000 ) ) ;
#1693 = DIRECTION ( 'NONE',  ( 1.000000000000000000, 0.000000000000000000, 0.000000000000000000 ) ) ;
#1694 = VECTOR ( 'NONE', #700, 1000.000000000000000 ) ;
#1695 = VECTOR ( 'NONE', #2184, 1000.000000000000114 ) ;
#1696 = CARTESIAN_POINT ( 'NONE',  ( 2.577350269189625287, -1.000000000000000888, 1.750000000000000000 ) ) ;
#1697 = CARTESIAN_POINT ( 'NONE',  ( -21.38675134594817706, -10.00000000000000000, 10.29999999999999538 ) ) ;
#1698 = CARTESIAN_POINT ( 'NONE',  ( -21.38675134594817706, -13.40000000000000036, 8.749999999999998224 ) ) ;
#1699 = LINE ( 'NONE', #2471, #2058 ) ;
#1700 = ORIENTED_EDGE ( 'NONE', *, *, #1413, .T. ) ;
#1701 = EDGE_CURVE ( 'NONE', #1191, #2176, #2433, .T. ) ;
#1702 = VERTEX_POINT ( 'NONE', #2418 ) ;
#1703 = EDGE_LOOP ( 'NONE', ( #324, #1247, #1424, #1685 ) ) ;
#1704 = ADVANCED_FACE ( 'NONE', ( #622 ), #2385, .F. ) ;
#1705 = CARTESIAN_POINT ( 'NONE',  ( -4.922649730810380042, -10.00000000000000533, 1.750000000000000000 ) ) ;
#1706 = CARTESIAN_POINT ( 'NONE',  ( 25.61324865405182649, -16.00000000000000000, 11.99999999999999645 ) ) ;
#1707 = CARTESIAN_POINT ( 'NONE',  ( -21.38675134594817706, -13.40000000000000036, 10.29999999999999361 ) ) ;
#1708 = DIRECTION ( 'NONE',  ( 0.000000000000000000, 0.000000000000000000, 1.000000000000000000 ) ) ;
#1709 = DIRECTION ( 'NONE',  ( -0.6785983445458408925, 0.6785983445458503294, 0.2810846377148273345 ) ) ;
#1710 = EDGE_LOOP ( 'NONE', ( #1270, #1874, #509, #1246 ) ) ;
#1711 = VERTEX_POINT ( 'NONE', #2047 ) ;
#1712 = ORIENTED_EDGE ( 'NONE', *, *, #1750, .T. ) ;
#1713 = DIRECTION ( 'NONE',  ( -0.000000000000000000, 1.000000000000000000, -0.000000000000000000 ) ) ;
#1714 = EDGE_CURVE ( 'NONE', #1160, #2128, #1431, .T. ) ;
#1715 = VECTOR ( 'NONE', #1693, 1000.000000000000000 ) ;
#1716 = PLANE ( 'NONE',  #1576 ) ;
#1717 = CARTESIAN_POINT ( 'NONE',  ( -15.57264973081038129, -5.321985447626397026, 4.000000000000000000 ) ) ;
#1718 = EDGE_CURVE ( 'NONE', #252, #2431, #609, .T. ) ;
#1719 = LINE ( 'NONE', #2268, #752 ) ;
#1720 = CARTESIAN_POINT ( 'NONE',  ( 25.61324865405182649, -10.00000000000000000, -15.25000000000000355 ) ) ;
#1721 = ORIENTED_EDGE ( 'NONE', *, *, #753, .T. ) ;
#1722 = ORIENTED_EDGE ( 'NONE', *, *, #2453, .T. ) ;
#1723 = EDGE_LOOP ( 'NONE', ( #2381, #36, #1541, #1937, #592 ) ) ;
#1724 = DIRECTION ( 'NONE',  ( -0.000000000000000000, 1.000000000000000000, -0.000000000000000000 ) ) ;
#1725 = AXIS2_PLACEMENT_3D ( 'NONE', #2244, #280, #69 ) ;
#1726 = CARTESIAN_POINT ( 'NONE',  ( 15.73578643762707152, -10.00000000000000000, 4.249999999999103828 ) ) ;
#1727 = CARTESIAN_POINT ( 'NONE',  ( -11.07264973081038129, 0.6840402866513538571, 5.718484872749089121 ) ) ;
#1728 = DIRECTION ( 'NONE',  ( -0.000000000000000000, -1.000000000000000000, -0.000000000000000000 ) ) ;
#1729 = DIRECTION ( 'NONE',  ( 1.000000000000000000, 0.000000000000000000, 0.000000000000000000 ) ) ;
#1730 = CYLINDRICAL_SURFACE ( 'NONE', #226, 3.249999999999999556 ) ;
#1731 = VERTEX_POINT ( 'NONE', #1459 ) ;
#1732 = ORIENTED_EDGE ( 'NONE', *, *, #2130, .T. ) ;
#1733 = CARTESIAN_POINT ( 'NONE',  ( 12.79289321881345920, -0.2928932188134535375, -4.150000000000001243 ) ) ;
#1734 = EDGE_CURVE ( 'NONE', #918, #279, #83, .T. ) ;
#1735 = PLANE ( 'NONE',  #2081 ) ;
#1736 = CARTESIAN_POINT ( 'NONE',  ( -12.50000000000000000, 8.386208205279361458E-16, -4.150000000000001243 ) ) ;
#1737 = EDGE_CURVE ( 'NONE', #1047, #345, #415, .T. ) ;
#1738 = FACE_OUTER_BOUND ( 'NONE', #256, .T. ) ;
#1739 = DIRECTION ( 'NONE',  ( 0.000000000000000000, -0.000000000000000000, -1.000000000000000000 ) ) ;
#1740 = AXIS2_PLACEMENT_3D ( 'NONE', #2470, #938, #691 ) ;
#1741 = CARTESIAN_POINT ( 'NONE',  ( -19.68675134594817067, -13.40000000000000036, -12.00000000000000355 ) ) ;
#1742 = EDGE_LOOP ( 'NONE', ( #799, #1496, #2157, #2021 ) ) ;
#1743 = AXIS2_PLACEMENT_3D ( 'NONE', #1277, #96, #2275 ) ;
#1744 = ORIENTED_EDGE ( 'NONE', *, *, #177, .T. ) ;
#1745 = CARTESIAN_POINT ( 'NONE',  ( 15.73578643762707152, -10.00000000000000000, 4.249999999999103828 ) ) ;
#1746 = CIRCLE ( 'NONE', #2198, 0.8499999999999965361 ) ;
#1747 = AXIS2_PLACEMENT_3D ( 'NONE', #958, #1581, #1175 ) ;
#1748 = EDGE_CURVE ( 'NONE', #1832, #1230, #461, .T. ) ;
#1749 = VECTOR ( 'NONE', #1824, 1000.000000000000000 ) ;
#1750 = EDGE_CURVE ( 'NONE', #335, #1315, #430, .T. ) ;
#1751 = DIRECTION ( 'NONE',  ( 0.000000000000000000, -0.9848077530122073542, 0.1736481776669345778 ) ) ;
#1752 = AXIS2_PLACEMENT_3D ( 'NONE', #1081, #1713, #116 ) ;
#1753 = CARTESIAN_POINT ( 'NONE',  ( -1.636050613906830003E-16, 0.6840402866513529689, -5.718484872749090009 ) ) ;
#1754 = DIRECTION ( 'NONE',  ( 0.000000000000000000, -1.000000000000000000, 0.000000000000000000 ) ) ;
#1755 = DIRECTION ( 'NONE',  ( -7.709882115452473236E-16, 7.709882115452504790E-16, -1.000000000000000000 ) ) ;
#1756 = ORIENTED_EDGE ( 'NONE', *, *, #743, .F. ) ;
#1757 = VERTEX_POINT ( 'NONE', #239 ) ;
#1758 = CARTESIAN_POINT ( 'NONE',  ( -21.38675134594817706, -13.40000000000000036, 13.70000000000000107 ) ) ;
#1759 = CARTESIAN_POINT ( 'NONE',  ( 25.61324865405182649, -10.00000000000000000, 11.99999999999999645 ) ) ;
#1760 = AXIS2_PLACEMENT_3D ( 'NONE', #2400, #997, #222 ) ;
#1761 = DIRECTION ( 'NONE',  ( -1.000000000000000000, -2.391745991915099767E-16, 0.000000000000000000 ) ) ;
#1762 = AXIS2_PLACEMENT_3D ( 'NONE', #79, #2282, #1076 ) ;
#1763 = CARTESIAN_POINT ( 'NONE',  ( 29.61324865405182649, -10.00000000000000000, 15.99999999999999645 ) ) ;
#1764 = LINE ( 'NONE', #1178, #935 ) ;
#1765 = EDGE_CURVE ( 'NONE', #435, #52, #70, .T. ) ;
#1766 = ORIENTED_EDGE ( 'NONE', *, *, #669, .T. ) ;
#1767 = VERTEX_POINT ( 'NONE', #2216 ) ;
#1768 = PLANE ( 'NONE',  #1946 ) ;
#1769 = EDGE_CURVE ( 'NONE', #1291, #1362, #1234, .T. ) ;
#1770 = CC_DESIGN_PERSON_AND_ORGANIZATION_ASSIGNMENT ( #2034, #657, ( #687 ) ) ;
#1771 = ORIENTED_EDGE ( 'NONE', *, *, #2316, .T. ) ;
#1772 = FACE_OUTER_BOUND ( 'NONE', #547, .T. ) ;
#1773 = LINE ( 'NONE', #2131, #1345 ) ;
#1774 = EDGE_CURVE ( 'NONE', #1035, #1580, #849, .T. ) ;
#1775 = PERSON_AND_ORGANIZATION_ROLE ( 'design_owner' ) ;
#1776 = FACE_BOUND ( 'NONE', #1923, .T. ) ;
#1777 = EDGE_LOOP ( 'NONE', ( #663, #2232, #1826, #1256 ) ) ;
#1778 = ORIENTED_EDGE ( 'NONE', *, *, #2391, .T. ) ;
#1779 = CARTESIAN_POINT ( 'NONE',  ( -24.88675134594818417, -16.00000000000000000, -14.79289321881345920 ) ) ;
#1780 = VECTOR ( 'NONE', #1314, 1000.000000000000000 ) ;
#1781 = LINE ( 'NONE', #948, #1562 ) ;
#1782 = VECTOR ( 'NONE', #926, 1000.000000000000000 ) ;
#1783 = FACE_OUTER_BOUND ( 'NONE', #388, .T. ) ;
#1784 = ORIENTED_EDGE ( 'NONE', *, *, #1737, .F. ) ;
#1785 = DIRECTION ( 'NONE',  ( -0.000000000000000000, 1.000000000000000000, -0.000000000000000000 ) ) ;
#1786 = VECTOR ( 'NONE', #614, 1000.000000000000000 ) ;
#1787 = CARTESIAN_POINT ( 'NONE',  ( 0.000000000000000000, 0.000000000000000000, 0.000000000000000000 ) ) ;
#1788 = LINE ( 'NONE', #1810, #594 ) ;
#1789 = ORIENTED_EDGE ( 'NONE', *, *, #515, .F. ) ;
#1790 = DIRECTION ( 'NONE',  ( -0.000000000000000000, -1.000000000000000000, -0.000000000000000000 ) ) ;
#1791 = ORIENTED_EDGE ( 'NONE', *, *, #46, .F. ) ;
#1792 = PLANE ( 'NONE',  #469 ) ;
#1793 = CARTESIAN_POINT ( 'NONE',  ( 28.61324865405181228, -16.00000000000000000, -16.00000000000000355 ) ) ;
#1794 = DIRECTION ( 'NONE',  ( 0.000000000000000000, 0.000000000000000000, 1.000000000000000000 ) ) ;
#1795 = LINE ( 'NONE', #2248, #35 ) ;
#1796 = FACE_OUTER_BOUND ( 'NONE', #2086, .T. ) ;
#1797 = APPLICATION_PROTOCOL_DEFINITION ( 'international standard', 'config_control_design', 1994, #851 ) ;
#1798 = CARTESIAN_POINT ( 'NONE',  ( -11.07264973081038306, 4.999999999999999112, -8.650000000000002132 ) ) ;
#1799 = ORIENTED_EDGE ( 'NONE', *, *, #1136, .F. ) ;
#1801 = FACE_OUTER_BOUND ( 'NONE', #1567, .T. ) ;
#1800 = CIRCLE ( 'NONE', #1762, 0.8499999999995490052 ) ;
#1802 = ORIENTED_EDGE ( 'NONE', *, *, #917, .T. ) ;
#1803 = CYLINDRICAL_SURFACE ( 'NONE', #791, 3.249999999999999556 ) ;
#1804 = ORIENTED_EDGE ( 'NONE', *, *, #1103, .T. ) ;
#1805 = DIRECTION ( 'NONE',  ( -0.000000000000000000, 1.000000000000000000, -0.000000000000000000 ) ) ;
#1806 = DIRECTION ( 'NONE',  ( -1.000000000000000000, 0.000000000000000000, 0.000000000000000000 ) ) ;
#1807 = DIRECTION ( 'NONE',  ( -1.000000000000000000, 0.000000000000000000, -0.000000000000000000 ) ) ;
#1808 = DIRECTION ( 'NONE',  ( 0.000000000000000000, 1.000000000000000000, 0.000000000000000000 ) ) ;
#1809 =( NAMED_UNIT ( * ) SI_UNIT ( $, .STERADIAN. ) SOLID_ANGLE_UNIT ( ) );
#1810 = CARTESIAN_POINT ( 'NONE',  ( -15.57264973081037951, 4.999999999999999112, 4.150000000000007461 ) ) ;
#1811 = EDGE_CURVE ( 'NONE', #1612, #2070, #1198, .T. ) ;
#1812 = EDGE_LOOP ( 'NONE', ( #172, #2099, #1377, #1066 ) ) ;
#1813 = DIRECTION ( 'NONE',  ( 0.000000000000000000, 0.000000000000000000, -1.000000000000000000 ) ) ;
#1814 = VERTEX_POINT ( 'NONE', #1986 ) ;
#1815 = CARTESIAN_POINT ( 'NONE',  ( 29.11324865405183004, -16.00000000000000000, 0.000000000000000000 ) ) ;
#1816 = VERTEX_POINT ( 'NONE', #130 ) ;
#1817 = EDGE_CURVE ( 'NONE', #527, #591, #2286, .T. ) ;
#1818 = ORIENTED_EDGE ( 'NONE', *, *, #1748, .F. ) ;
#1819 = ORIENTED_EDGE ( 'NONE', *, *, #559, .F. ) ;
#1820 = DIRECTION ( 'NONE',  ( 1.000000000000000000, 0.000000000000000000, 0.000000000000000000 ) ) ;
#1821 = CARTESIAN_POINT ( 'NONE',  ( -11.07264973081038129, -10.00000000000000000, 8.650000000000009237 ) ) ;
#1822 = CARTESIAN_POINT ( 'NONE',  ( 25.61324865405182649, -16.00000000000000000, 13.69999999999999751 ) ) ;
#1823 = EDGE_CURVE ( 'NONE', #247, #2195, #141, .T. ) ;
#1824 = DIRECTION ( 'NONE',  ( -1.000000000000000000, 0.000000000000000000, 0.000000000000000000 ) ) ;
#1825 = CARTESIAN_POINT ( 'NONE',  ( 25.61324865405182649, -10.00000000000000000, -12.00000000000000355 ) ) ;
#1826 = ORIENTED_EDGE ( 'NONE', *, *, #860, .F. ) ;
#1827 = LINE ( 'NONE', #64, #86 ) ;
#1828 = EDGE_LOOP ( 'NONE', ( #977, #1208, #68, #1601 ) ) ;
#1829 = CIRCLE ( 'NONE', #1472, 1.750000000000000000 ) ;
#1830 = DIRECTION ( 'NONE',  ( -0.000000000000000000, 1.000000000000000000, -0.000000000000000000 ) ) ;
#1831 = ORIENTED_EDGE ( 'NONE', *, *, #1936, .F. ) ;
#1832 = VERTEX_POINT ( 'NONE', #295 ) ;
#1833 = DIRECTION ( 'NONE',  ( -1.000000000000000000, 0.000000000000000000, 0.000000000000000000 ) ) ;
#1834 = CARTESIAN_POINT ( 'NONE',  ( -4.922649730810380042, -10.00000000000000533, 0.000000000000000000 ) ) ;
#1835 = LINE ( 'NONE', #2217, #1932 ) ;
#1836 = DIRECTION ( 'NONE',  ( -0.7071067811865512365, 0.000000000000000000, -0.7071067811865439090 ) ) ;
#1837 = PERSON_AND_ORGANIZATION_ROLE ( 'design_supplier' ) ;
#1838 = ORIENTED_EDGE ( 'NONE', *, *, #956, .T. ) ;
#1839 = DIRECTION ( 'NONE',  ( 0.000000000000000000, -1.000000000000000000, 0.000000000000000000 ) ) ;
#1840 = DIRECTION ( 'NONE',  ( 0.000000000000000000, 0.000000000000000000, 1.000000000000000000 ) ) ;
#1841 = VERTEX_POINT ( 'NONE', #1522 ) ;
#1842 = CIRCLE ( 'NONE', #2078, 1.000000000000000000 ) ;
#1843 = EDGE_CURVE ( 'NONE', #2474, #830, #1661, .T. ) ;
#1844 = AXIS2_PLACEMENT_3D ( 'NONE', #266, #1093, #1276 ) ;
#1845 = ORIENTED_EDGE ( 'NONE', *, *, #1129, .T. ) ;
#1846 = CARTESIAN_POINT ( 'NONE',  ( -25.38675134594818061, -10.00000000000000000, 15.99999999999999645 ) ) ;
#1847 = DIRECTION ( 'NONE',  ( -1.000000000000000000, 0.000000000000000000, 0.000000000000000000 ) ) ;
#1848 = ADVANCED_FACE ( 'NONE', ( #154 ), #2477, .F. ) ;
#1850 = EDGE_CURVE ( 'NONE', #1464, #139, #16, .T. ) ;
#1849 = CARTESIAN_POINT ( 'NONE',  ( -21.38675134594817706, -10.00000000000000000, 11.99999999999999645 ) ) ;
#1851 = LINE ( 'NONE', #2051, #1070 ) ;
#1852 = EDGE_CURVE ( 'NONE', #859, #539, #1211, .T. ) ;
#1853 = ORIENTED_EDGE ( 'NONE', *, *, #1852, .T. ) ;
#1854 = DIRECTION ( 'NONE',  ( -0.6785983445458440011, -0.6785983445458533270, 0.2810846377148124020 ) ) ;
#1855 = AXIS2_PLACEMENT_3D ( 'NONE', #2276, #98, #896 ) ;
#1856 = EDGE_CURVE ( 'NONE', #497, #1702, #920, .T. ) ;
#1857 = DIRECTION ( 'NONE',  ( -1.000000000000000000, -0.000000000000000000, 2.376333528735353177E-16 ) ) ;
#1858 = ORIENTED_EDGE ( 'NONE', *, *, #953, .T. ) ;
#1859 = ORIENTED_EDGE ( 'NONE', *, *, #296, .F. ) ;
#1860 = ORIENTED_EDGE ( 'NONE', *, *, #667, .F. ) ;
#1861 = CARTESIAN_POINT ( 'NONE',  ( 25.61324865405182649, -10.00000000000000000, 11.99999999999999645 ) ) ;
#1862 = DIRECTION ( 'NONE',  ( 0.7071067811865439090, -0.000000000000000000, -0.7071067811865512365 ) ) ;
#1863 = CARTESIAN_POINT ( 'NONE',  ( -4.922649730810380042, 0.000000000000000000, -2.750000000000000000 ) ) ;
#1864 = LINE ( 'NONE', #1696, #142 ) ;
#1865 = ADVANCED_FACE ( 'NONE', ( #718 ), #1901, .F. ) ;
#1866 = VECTOR ( 'NONE', #767, 1000.000000000000000 ) ;
#1867 = DIRECTION ( 'NONE',  ( 0.000000000000000000, 0.000000000000000000, -1.000000000000000000 ) ) ;
#1868 = CIRCLE ( 'NONE', #100, 3.249999999999999556 ) ;
#1869 = VECTOR ( 'NONE', #2223, 1000.000000000000000 ) ;
#1870 = ORIENTED_EDGE ( 'NONE', *, *, #99, .T. ) ;
#1871 = DIRECTION ( 'NONE',  ( -1.000000000000000000, -0.000000000000000000, -0.000000000000000000 ) ) ;
#1872 = CARTESIAN_POINT ( 'NONE',  ( -11.92264973081037915, 4.999999999999999112, 4.150000000000005684 ) ) ;
#1873 = ORIENTED_EDGE ( 'NONE', *, *, #2434, .F. ) ;
#1874 = ORIENTED_EDGE ( 'NONE', *, *, #2013, .T. ) ;
#1875 = CIRCLE ( 'NONE', #763, 1.700000000000003508 ) ;
#1876 = ORIENTED_EDGE ( 'NONE', *, *, #1451, .T. ) ;
#1877 = EDGE_LOOP ( 'NONE', ( #695, #2482, #1789, #928 ) ) ;
#1878 = CARTESIAN_POINT ( 'NONE',  ( -11.92264973081037915, 4.999999999999999112, 4.150000000000005684 ) ) ;
#1879 = DIRECTION ( 'NONE',  ( -0.000000000000000000, 1.000000000000000000, -0.000000000000000000 ) ) ;
#1880 = CARTESIAN_POINT ( 'NONE',  ( 29.11324865405183004, -16.00000000000000000, 14.79289321881345742 ) ) ;
#1881 = CARTESIAN_POINT ( 'NONE',  ( -12.78867513459481309, -0.4999999999999920064, 4.150000000000005684 ) ) ;
#1882 = CARTESIAN_POINT ( 'NONE',  ( -4.922649730810380042, 0.000000000000000000, 2.750000000000000000 ) ) ;
#1883 = EDGE_CURVE ( 'NONE', #561, #2355, #710, .T. ) ;
#1884 = LINE ( 'NONE', #1313, #1782 ) ;
#1885 = LINE ( 'NONE', #1872, #1446 ) ;
#1886 = ORIENTED_EDGE ( 'NONE', *, *, #755, .T. ) ;
#1887 = ORIENTED_EDGE ( 'NONE', *, *, #1514, .F. ) ;
#1888 = ORIENTED_EDGE ( 'NONE', *, *, #1904, .T. ) ;
#1889 = CARTESIAN_POINT ( 'NONE',  ( 25.61324865405182649, -10.00000000000000000, 11.99999999999999645 ) ) ;
#1890 = CIRCLE ( 'NONE', #1489, 1.000000000000000000 ) ;
#1891 = CIRCLE ( 'NONE', #987, 2.750000000000000000 ) ;
#1892 = DIRECTION ( 'NONE',  ( -0.2810846377148087383, -0.6785983445458542151, 0.6785983445458447783 ) ) ;
#1893 = CARTESIAN_POINT ( 'NONE',  ( 25.61324865405182649, -13.40000000000000036, -10.30000000000000071 ) ) ;
#1894 = CARTESIAN_POINT ( 'NONE',  ( -21.38675134594817706, -10.00000000000000000, 8.749999999999998224 ) ) ;
#1895 = CARTESIAN_POINT ( 'NONE',  ( 15.73578643762707152, 4.999999999999999112, -8.650000000000002132 ) ) ;
#1896 = ORIENTED_EDGE ( 'NONE', *, *, #883, .F. ) ;
#1897 = EDGE_CURVE ( 'NONE', #2270, #67, #1875, .T. ) ;
#1898 = ADVANCED_FACE ( 'NONE', ( #1511 ), #731, .T. ) ;
#1899 = ORIENTED_EDGE ( 'NONE', *, *, #2558, .F. ) ;
#1900 = ORIENTED_EDGE ( 'NONE', *, *, #1680, .F. ) ;
#1901 = PLANE ( 'NONE',  #1546 ) ;
#1902 = EDGE_CURVE ( 'NONE', #359, #1230, #349, .T. ) ;
#1903 = LINE ( 'NONE', #104, #238 ) ;
#1904 = EDGE_CURVE ( 'NONE', #2121, #645, #1470, .T. ) ;
#1905 = AXIS2_PLACEMENT_3D ( 'NONE', #979, #1941, #373 ) ;
#1906 = LINE ( 'NONE', #1717, #495 ) ;
#1907 = VECTOR ( 'NONE', #2301, 1000.000000000000000 ) ;
#1908 = VECTOR ( 'NONE', #1075, 1000.000000000000227 ) ;
#1909 = CARTESIAN_POINT ( 'NONE',  ( 2.577350269189625287, -10.00000000000000533, 1.750000000000000000 ) ) ;
#1910 = CARTESIAN_POINT ( 'NONE',  ( -11.07264973081038129, -0.8263518223330648116, -5.984807753012207243 ) ) ;
#1911 = VERTEX_POINT ( 'NONE', #340 ) ;
#1912 = ORIENTED_EDGE ( 'NONE', *, *, #2333, .T. ) ;
#1913 = EDGE_LOOP ( 'NONE', ( #2399, #1429, #750, #1520 ) ) ;
#1914 = CARTESIAN_POINT ( 'NONE',  ( -15.57264973081038129, -10.00000000000000000, -4.250000000000000000 ) ) ;
#1915 = AXIS2_PLACEMENT_3D ( 'NONE', #878, #1233, #473 ) ;
#1916 = CARTESIAN_POINT ( 'NONE',  ( 25.61324865405182649, -10.00000000000000000, -12.00000000000000355 ) ) ;
#1918 = VECTOR ( 'NONE', #2200, 1000.000000000000114 ) ;
#1917 = CYLINDRICAL_SURFACE ( 'NONE', #1443, 1.700000000000001954 ) ;
#1919 = CARTESIAN_POINT ( 'NONE',  ( -4.922649730810380042, -1.000000000000000888, 0.000000000000000000 ) ) ;
#1920 = FACE_BOUND ( 'NONE', #1501, .T. ) ;
#1921 = EDGE_LOOP ( 'NONE', ( #2358, #1004, #2322, #2284, #40, #303 ) ) ;
#1922 = ORIENTED_EDGE ( 'NONE', *, *, #1165, .F. ) ;
#1923 = EDGE_LOOP ( 'NONE', ( #2221, #128 ) ) ;
#1924 = EDGE_CURVE ( 'NONE', #1216, #877, #420, .T. ) ;
#1925 = DIRECTION ( 'NONE',  ( -0.000000000000000000, -0.000000000000000000, -1.000000000000000000 ) ) ;
#1926 = EDGE_CURVE ( 'NONE', #1757, #2036, #505, .T. ) ;
#1927 = EDGE_CURVE ( 'NONE', #1911, #2490, #2492, .T. ) ;
#1928 = CIRCLE ( 'NONE', #2421, 3.249999999999999556 ) ;
#1929 = CARTESIAN_POINT ( 'NONE',  ( -21.38675134594817706, -16.00000000000000000, -10.30000000000000426 ) ) ;
#1930 = CIRCLE ( 'NONE', #950, 3.249999999999999556 ) ;
#1931 = DIRECTION ( 'NONE',  ( -0.000000000000000000, 1.000000000000000000, -0.000000000000000000 ) ) ;
#1932 = VECTOR ( 'NONE', #13, 1000.000000000000000 ) ;
#1933 = CARTESIAN_POINT ( 'NONE',  ( -21.38675134594817706, -10.00000000000000000, -12.00000000000000355 ) ) ;
#1934 = CARTESIAN_POINT ( 'NONE',  ( -21.38675134594817706, -13.40000000000000036, 11.99999999999999645 ) ) ;
#1935 = DIRECTION ( 'NONE',  ( 0.000000000000000000, 0.000000000000000000, 1.000000000000000000 ) ) ;
#1936 = EDGE_CURVE ( 'NONE', #379, #1992, #327, .T. ) ;
#1937 = ORIENTED_EDGE ( 'NONE', *, *, #1368, .T. ) ;
#1938 = ORIENTED_EDGE ( 'NONE', *, *, #2207, .F. ) ;
#1939 = EDGE_CURVE ( 'NONE', #1992, #52, #528, .T. ) ;
#1940 = LINE ( 'NONE', #2346, #1983 ) ;
#1941 = DIRECTION ( 'NONE',  ( -1.000000000000000000, 0.000000000000000000, 7.709882115452473236E-16 ) ) ;
#1942 = DIRECTION ( 'NONE',  ( -1.000000000000000000, 0.000000000000000000, -0.000000000000000000 ) ) ;
#1943 = CARTESIAN_POINT ( 'NONE',  ( 22.50000000000002487, -10.00000000000000000, 4.250000000000003553 ) ) ;
#1944 = CARTESIAN_POINT ( 'NONE',  ( 15.73578643762707152, -3.235786437627079959, -4.150000000000001243 ) ) ;
#1945 = EDGE_LOOP ( 'NONE', ( #149, #2445, #983, #481 ) ) ;
#1946 = AXIS2_PLACEMENT_3D ( 'NONE', #2544, #1364, #401 ) ;
#1947 = ORIENTED_EDGE ( 'NONE', *, *, #46, .T. ) ;
#1948 = LINE ( 'NONE', #966, #1461 ) ;
#1949 = VECTOR ( 'NONE', #1808, 1000.000000000000000 ) ;
#1950 = DIRECTION ( 'NONE',  ( 0.000000000000000000, 0.000000000000000000, 1.000000000000000000 ) ) ;
#1951 = VECTOR ( 'NONE', #43, 1000.000000000000000 ) ;
#1952 = EDGE_CURVE ( 'NONE', #2501, #1675, #186, .T. ) ;
#1953 = CARTESIAN_POINT ( 'NONE',  ( 29.61324865405182649, -16.00000000000000000, 15.99999999999999645 ) ) ;
#1954 = EDGE_CURVE ( 'NONE', #2082, #345, #2124, .T. ) ;
#1955 = CARTESIAN_POINT ( 'NONE',  ( -4.922649730810380042, 0.000000000000000000, 0.000000000000000000 ) ) ;
#1956 = DIRECTION ( 'NONE',  ( 0.000000000000000000, -0.000000000000000000, 1.000000000000000000 ) ) ;
#1957 = ADVANCED_FACE ( 'NONE', ( #1385 ), #1768, .T. ) ;
#1958 = ORIENTED_EDGE ( 'NONE', *, *, #946, .F. ) ;
#1959 = ORIENTED_EDGE ( 'NONE', *, *, #755, .F. ) ;
#1960 = CARTESIAN_POINT ( 'NONE',  ( 15.73578643762707152, 4.999999999999999112, -8.650000000000002132 ) ) ;
#1961 = ORIENTED_EDGE ( 'NONE', *, *, #2129, .F. ) ;
#1962 = CARTESIAN_POINT ( 'NONE',  ( -4.922649730810380042, -10.00000000000000533, 0.000000000000000000 ) ) ;
#1963 = AXIS2_PLACEMENT_3D ( 'NONE', #2354, #1150, #2380 ) ;
#1964 = CARTESIAN_POINT ( 'NONE',  ( -25.38675134594818061, -10.00000000000000000, 14.99999999999999645 ) ) ;
#1965 = AXIS2_PLACEMENT_3D ( 'NONE', #769, #2329, #169 ) ;
#1966 = VECTOR ( 'NONE', #344, 1000.000000000000000 ) ;
#1967 = CARTESIAN_POINT ( 'NONE',  ( -21.38675134594817706, -10.00000000000000000, -8.750000000000003553 ) ) ;
#1968 = DIRECTION ( 'NONE',  ( 0.000000000000000000, -0.000000000000000000, -1.000000000000000000 ) ) ;
#1969 = ORIENTED_EDGE ( 'NONE', *, *, #2554, .F. ) ;
#1970 = EDGE_LOOP ( 'NONE', ( #2169, #231, #1676, #183 ) ) ;
#1971 = FACE_OUTER_BOUND ( 'NONE', #581, .T. ) ;
#1972 = EDGE_CURVE ( 'NONE', #1230, #645, #574, .T. ) ;
#1973 = EDGE_LOOP ( 'NONE', ( #2210, #811, #65, #57 ) ) ;
#1974 = DIRECTION ( 'NONE',  ( 0.000000000000000000, 0.9848077530122072432, -0.1736481776669345500 ) ) ;
#1975 = ADVANCED_FACE ( 'NONE', ( #1971 ), #1172, .F. ) ;
#1976 = DIRECTION ( 'NONE',  ( -0.7071067811865460184, 0.7071067811865489050, 0.000000000000000000 ) ) ;
#1977 = AXIS2_PLACEMENT_3D ( 'NONE', #1849, #84, #2063 ) ;
#1978 = CARTESIAN_POINT ( 'NONE',  ( 2.577350269189625287, -10.00000000000000533, 0.000000000000000000 ) ) ;
#1979 = LINE ( 'NONE', #1423, #1786 ) ;
#1980 = ORIENTED_EDGE ( 'NONE', *, *, #1048, .F. ) ;
#1981 = VERTEX_POINT ( 'NONE', #2553 ) ;
#1982 = DIRECTION ( 'NONE',  ( 0.7071067811865500152, 0.000000000000000000, 0.7071067811865451302 ) ) ;
#1983 = VECTOR ( 'NONE', #1161, 1000.000000000000000 ) ;
#1984 = ORIENTED_EDGE ( 'NONE', *, *, #1103, .F. ) ;
#1985 = DIRECTION ( 'NONE',  ( 0.000000000000000000, 0.000000000000000000, -1.000000000000000000 ) ) ;
#1986 = CARTESIAN_POINT ( 'NONE',  ( 25.61324865405182649, -13.40000000000000036, -8.750000000000003553 ) ) ;
#1987 = VECTOR ( 'NONE', #1839, 1000.000000000000000 ) ;
#1988 = CARTESIAN_POINT ( 'NONE',  ( 12.50000000000000000, 4.592425496802569633E-15, 4.000000000000000000 ) ) ;
#1989 = DIRECTION ( 'NONE',  ( 0.000000000000000000, -0.9848077530122072432, -0.1736481776669345500 ) ) ;
#1990 = PLANE ( 'NONE',  #2222 ) ;
#1991 = DIRECTION ( 'NONE',  ( 1.000000000000000000, 0.000000000000000000, 0.000000000000000000 ) ) ;
#1992 = VERTEX_POINT ( 'NONE', #1733 ) ;
#1993 = DIRECTION ( 'NONE',  ( 0.000000000000000000, 0.000000000000000000, -1.000000000000000000 ) ) ;
#1994 = ORIENTED_EDGE ( 'NONE', *, *, #213, .T. ) ;
#1995 = FACE_OUTER_BOUND ( 'NONE', #421, .T. ) ;
#1996 = EDGE_LOOP ( 'NONE', ( #485, #2098, #1900, #2446 ) ) ;
#1997 = EDGE_LOOP ( 'NONE', ( #236, #707, #2550, #307 ) ) ;
#1998 = PLANE ( 'NONE',  #2555 ) ;
#1999 = DIRECTION ( 'NONE',  ( 1.000000000000000000, -0.000000000000000000, -0.000000000000000000 ) ) ;
#2000 = DIRECTION ( 'NONE',  ( -0.000000000000000000, -1.000000000000000000, -0.000000000000000000 ) ) ;
#2001 = CC_DESIGN_PERSON_AND_ORGANIZATION_ASSIGNMENT ( #2004, #1406, ( #2486 ) ) ;
#2002 = CIRCLE ( 'NONE', #1224, 1.700000000000000178 ) ;
#2003 = LINE ( 'NONE', #1421, #519 ) ;
#2004 = PERSON_AND_ORGANIZATION ( #2109, #1490 ) ;
#2005 = DIRECTION ( 'NONE',  ( -1.000000000000000000, 0.000000000000000000, -0.000000000000000000 ) ) ;
#2006 = AXIS2_PLACEMENT_3D ( 'NONE', #1298, #87, #884 ) ;
#2007 = VERTEX_POINT ( 'NONE', #1154 ) ;
#2009 = CARTESIAN_POINT ( 'NONE',  ( 12.08578643762706939, 4.999999999999999112, 4.999999999999102940 ) ) ;
#2008 = AXIS2_PLACEMENT_3D ( 'NONE', #1064, #499, #1840 ) ;
#2010 = ORIENTED_EDGE ( 'NONE', *, *, #2129, .T. ) ;
#2011 = CARTESIAN_POINT ( 'NONE',  ( -19.83982228238073020, -16.00000000000000000, 19.83982228238086520 ) ) ;
#2012 = EDGE_LOOP ( 'NONE', ( #22, #2267, #2155, #2307 ) ) ;
#2013 = EDGE_CURVE ( 'NONE', #206, #2566, #1940, .T. ) ;
#2014 = EDGE_CURVE ( 'NONE', #196, #877, #1948, .T. ) ;
#2015 = EDGE_LOOP ( 'NONE', ( #1124, #929, #994, #1553, #1352 ) ) ;
#2016 = DIRECTION ( 'NONE',  ( 0.000000000000000000, 0.000000000000000000, 1.000000000000000000 ) ) ;
#2017 = CARTESIAN_POINT ( 'NONE',  ( 25.61324865405182649, -13.40000000000000036, 15.24999999999999645 ) ) ;
#2018 = PLANE ( 'NONE',  #181 ) ;
#2019 = CARTESIAN_POINT ( 'NONE',  ( -21.38675134594817706, -10.00000000000000000, 15.24999999999999645 ) ) ;
#2020 = APPLICATION_PROTOCOL_DEFINITION ( 'international standard', 'config_control_design', 1994, #1282 ) ;
#2021 = ORIENTED_EDGE ( 'NONE', *, *, #690, .T. ) ;
#2022 = FACE_OUTER_BOUND ( 'NONE', #672, .T. ) ;
#2023 = ORIENTED_EDGE ( 'NONE', *, *, #1338, .F. ) ;
#2024 = LINE ( 'NONE', #2383, #1340 ) ;
#2025 = VERTEX_POINT ( 'NONE', #382 ) ;
#2026 = AXIS2_PLACEMENT_3D ( 'NONE', #699, #1524, #1492 ) ;
#2027 = EDGE_LOOP ( 'NONE', ( #1528, #2045, #2344, #1439 ) ) ;
#2028 = PLANE ( 'NONE',  #1725 ) ;
#2029 = LINE ( 'NONE', #833, #1096 ) ;
#2030 = AXIS2_PLACEMENT_3D ( 'NONE', #360, #1724, #2523 ) ;
#2031 = CARTESIAN_POINT ( 'NONE',  ( 12.08578643762706939, 4.999999999999999112, 4.999999999999102940 ) ) ;
#2032 = CARTESIAN_POINT ( 'NONE',  ( -11.07264973081038306, 0.6840402866513528579, -5.718484872749089121 ) ) ;
#2033 = EDGE_CURVE ( 'NONE', #1306, #2036, #888, .T. ) ;
#2034 = PERSON_AND_ORGANIZATION ( #2109, #1490 ) ;
#2035 = AXIS2_PLACEMENT_3D ( 'NONE', #1002, #1991, #1032 ) ;
#2036 = VERTEX_POINT ( 'NONE', #1758 ) ;
#2037 = ADVANCED_FACE ( 'NONE', ( #1577 ), #2532, .T. ) ;
#2038 = FACE_OUTER_BOUND ( 'NONE', #1009, .T. ) ;
#2039 = AXIS2_PLACEMENT_3D ( 'NONE', #664, #1469, #294 ) ;
#2040 = LINE ( 'NONE', #915, #370 ) ;
#2041 = EDGE_LOOP ( 'NONE', ( #219, #1721, #2059, #251, #548, #513, #1831, #366 ) ) ;
#2042 = CC_DESIGN_PERSON_AND_ORGANIZATION_ASSIGNMENT ( #464, #1837, ( #687 ) ) ;
#2043 = LOCAL_TIME ( 9, 58, 45.00000000000000000, #75 ) ;
#2044 = AXIS2_PLACEMENT_3D ( 'NONE', #60, #852, #1636 ) ;
#2045 = ORIENTED_EDGE ( 'NONE', *, *, #191, .T. ) ;
#2046 = CARTESIAN_POINT ( 'NONE',  ( -11.07264973081038306, -10.00000000000000000, -8.650000000000002132 ) ) ;
#2047 = CARTESIAN_POINT ( 'NONE',  ( -11.07264973081038306, 4.999999999999999112, -8.650000000000002132 ) ) ;
#2048 = DIRECTION ( 'NONE',  ( 0.000000000000000000, 0.000000000000000000, 1.000000000000000000 ) ) ;
#2049 = ADVANCED_FACE ( 'NONE', ( #593 ), #197, .F. ) ;
#2050 = EDGE_CURVE ( 'NONE', #2431, #151, #1569, .T. ) ;
#2051 = CARTESIAN_POINT ( 'NONE',  ( -11.07264973081038129, 4.999999999999999112, 8.650000000000009237 ) ) ;
#2052 = APPROVAL_ROLE ( '' ) ;
#2053 = VERTEX_POINT ( 'NONE', #583 ) ;
#2054 = CARTESIAN_POINT ( 'NONE',  ( 15.73578643762707152, 4.999999999999999112, -4.150000000000001243 ) ) ;
#2055 = CARTESIAN_POINT ( 'NONE',  ( 15.73578643762707152, -3.235786437627079515, 4.149999999999999467 ) ) ;
#2056 = EDGE_LOOP ( 'NONE', ( #1374, #410, #56, #2510 ) ) ;
#2057 = CIRCLE ( 'NONE', #1760, 0.8499999999999992006 ) ;
#2058 = VECTOR ( 'NONE', #111, 1000.000000000000000 ) ;
#2059 = ORIENTED_EDGE ( 'NONE', *, *, #1952, .T. ) ;
#2060 = ORIENTED_EDGE ( 'NONE', *, *, #1204, .F. ) ;
#2061 = CARTESIAN_POINT ( 'NONE',  ( 28.61324865405184070, -15.50000000000000000, 15.99999999999999645 ) ) ;
#2062 = DIRECTION ( 'NONE',  ( 0.000000000000000000, 0.000000000000000000, 1.000000000000000000 ) ) ;
#2063 = DIRECTION ( 'NONE',  ( 0.000000000000000000, 0.000000000000000000, 1.000000000000000000 ) ) ;
#2064 = DIRECTION ( 'NONE',  ( 0.000000000000000000, -0.000000000000000000, -1.000000000000000000 ) ) ;
#2065 = DIRECTION ( 'NONE',  ( -0.000000000000000000, 1.000000000000000000, -0.000000000000000000 ) ) ;
#2066 = SECURITY_CLASSIFICATION_LEVEL ( 'unclassified' ) ;
#2067 = ORIENTED_EDGE ( 'NONE', *, *, #1737, .T. ) ;
#2068 = LINE ( 'NONE', #322, #625 ) ;
#2069 = DIRECTION ( 'NONE',  ( -1.000000000000000000, 0.000000000000000000, 0.000000000000000000 ) ) ;
#2070 = VERTEX_POINT ( 'NONE', #751 ) ;
#2071 = ORIENTED_EDGE ( 'NONE', *, *, #719, .F. ) ;
#2072 = ORIENTED_EDGE ( 'NONE', *, *, #2404, .F. ) ;
#2073 = DIRECTION ( 'NONE',  ( 0.7071067811865451302, 0.000000000000000000, -0.7071067811865500152 ) ) ;
#2074 = CARTESIAN_POINT ( 'NONE',  ( 26.29159939337329632, -18.82164926067857280, 13.62412782678038781 ) ) ;
#2075 = EDGE_CURVE ( 'NONE', #1757, #218, #1302, .T. ) ;
#2076 = FACE_OUTER_BOUND ( 'NONE', #1062, .T. ) ;
#2077 = VECTOR ( 'NONE', #1871, 1000.000000000000000 ) ;
#2078 = AXIS2_PLACEMENT_3D ( 'NONE', #2549, #782, #1381 ) ;
#2079 = CARTESIAN_POINT ( 'NONE',  ( -21.38675134594817706, -10.00000000000000000, -12.00000000000000355 ) ) ;
#2080 = CARTESIAN_POINT ( 'NONE',  ( -15.57264973081038129, 4.999999999999999112, -4.150000000000001243 ) ) ;
#2081 = AXIS2_PLACEMENT_3D ( 'NONE', #756, #1155, #1751 ) ;
#2082 = VERTEX_POINT ( 'NONE', #739 ) ;
#2083 = VECTOR ( 'NONE', #1435, 1000.000000000000000 ) ;
#2084 = CARTESIAN_POINT ( 'NONE',  ( 25.61324865405182649, -10.00000000000000000, -8.750000000000003553 ) ) ;
#2085 = DIRECTION ( 'NONE',  ( 0.8660254037844380415, -0.5000000000000012212, 0.000000000000000000 ) ) ;
#2086 = EDGE_LOOP ( 'NONE', ( #2237, #876, #2414, #1021 ) ) ;
#2087 = EDGE_LOOP ( 'NONE', ( #2071, #954, #1140, #1289 ) ) ;
#2088 = AXIS2_PLACEMENT_3D ( 'NONE', #1618, #2459, #1458 ) ;
#2089 = ORIENTED_EDGE ( 'NONE', *, *, #479, .T. ) ;
#2090 = DIRECTION ( 'NONE',  ( 0.7071067811865512365, 0.000000000000000000, 0.7071067811865439090 ) ) ;
#2091 = CARTESIAN_POINT ( 'NONE',  ( 25.61324865405182649, -16.00000000000000000, -13.70000000000000462 ) ) ;
#2092 = EDGE_CURVE ( 'NONE', #633, #1291, #549, .T. ) ;
#2093 = CARTESIAN_POINT ( 'NONE',  ( 25.61324865405182649, -13.40000000000000036, -15.25000000000000355 ) ) ;
#2094 = DIRECTION ( 'NONE',  ( -0.000000000000000000, 1.000000000000000000, -0.000000000000000000 ) ) ;
#2095 = CARTESIAN_POINT ( 'NONE',  ( 25.61324865405182649, -13.40000000000000036, 13.70000000000000107 ) ) ;
#2096 = EDGE_LOOP ( 'NONE', ( #387, #1456, #2072, #459, #1980, #847 ) ) ;
#2097 = ADVANCED_FACE ( 'NONE', ( #985, #2565, #1342, #1142, #1542 ), #2336, .T. ) ;
#2098 = ORIENTED_EDGE ( 'NONE', *, *, #1143, .F. ) ;
#2099 = ORIENTED_EDGE ( 'NONE', *, *, #2316, .F. ) ;
#2100 = DIRECTION ( 'NONE',  ( 0.7071067811865460184, -0.7071067811865489050, -1.680321552529721345E-16 ) ) ;
#2101 = EDGE_CURVE ( 'NONE', #1603, #1633, #1602, .T. ) ;
#2102 = AXIS2_PLACEMENT_3D ( 'NONE', #1953, #961, #1379 ) ;
#2103 = VECTOR ( 'NONE', #1336, 1000.000000000000000 ) ;
#2104 = DIRECTION ( 'NONE',  ( 0.000000000000000000, 0.000000000000000000, 1.000000000000000000 ) ) ;
#2105 = CARTESIAN_POINT ( 'NONE',  ( -11.92264973081037915, 4.999999999999999112, 5.000000000000000000 ) ) ;
#2106 = DIRECTION ( 'NONE',  ( 0.000000000000000000, 0.000000000000000000, 1.000000000000000000 ) ) ;
#2107 = CARTESIAN_POINT ( 'NONE',  ( -21.38675134594817706, -10.00000000000000000, -8.750000000000003553 ) ) ;
#2108 = ORIENTED_EDGE ( 'NONE', *, *, #1734, .T. ) ;
#2109 = PERSON ( 'UNSPECIFIED', 'UNSPECIFIED', 'UNSPECIFIED', ('UNSPECIFIED'), ('UNSPECIFIED'), ('UNSPECIFIED') ) ;
#2110 = ORIENTED_EDGE ( 'NONE', *, *, #1555, .T. ) ;
#2111 = ORIENTED_EDGE ( 'NONE', *, *, #722, .T. ) ;
#2112 = DIRECTION ( 'NONE',  ( 0.000000000000000000, 0.1736481776669345778, 0.9848077530122073542 ) ) ;
#2113 = DIRECTION ( 'NONE',  ( -0.7071067811865451302, 0.000000000000000000, 0.7071067811865500152 ) ) ;
#2114 = CARTESIAN_POINT ( 'NONE',  ( 11.23578643762707330, -0.8263518223330614809, -5.984807753012209908 ) ) ;
#2115 = AXIS2_PLACEMENT_3D ( 'NONE', #564, #1353, #368 ) ;
#2116 = ADVANCED_FACE ( 'NONE', ( #39 ), #2367, .T. ) ;
#2117 = DIRECTION ( 'NONE',  ( -2.376333528735352191E-16, -0.000000000000000000, 1.000000000000000000 ) ) ;
#2118 = LINE ( 'NONE', #1122, #576 ) ;
#2119 = ORIENTED_EDGE ( 'NONE', *, *, #395, .F. ) ;
#2120 = EDGE_CURVE ( 'NONE', #2463, #1631, #1051, .T. ) ;
#2121 = VERTEX_POINT ( 'NONE', #1591 ) ;
#2122 = ORIENTED_EDGE ( 'NONE', *, *, #559, .T. ) ;
#2123 = ADVANCED_FACE ( 'NONE', ( #262 ), #438, .T. ) ;
#2124 = LINE ( 'NONE', #1745, #1866 ) ;
#2125 = AXIS2_PLACEMENT_3D ( 'NONE', #409, #748, #161 ) ;
#2126 = LINE ( 'NONE', #1378, #634 ) ;
#2127 = LINE ( 'NONE', #2314, #2349 ) ;
#2128 = VERTEX_POINT ( 'NONE', #234 ) ;
#2129 = EDGE_CURVE ( 'NONE', #1519, #1633, #1005, .T. ) ;
#2130 = EDGE_CURVE ( 'NONE', #1043, #955, #2225, .T. ) ;
#2131 = CARTESIAN_POINT ( 'NONE',  ( 25.61324865405182649, -10.00000000000000000, 10.29999999999999538 ) ) ;
#2132 = LINE ( 'NONE', #1149, #1966 ) ;
#2133 = CARTESIAN_POINT ( 'NONE',  ( -4.922649730810380042, -10.00000000000000533, 1.750000000000000000 ) ) ;
#2134 = EDGE_LOOP ( 'NONE', ( #1599, #81, #1437, #1396 ) ) ;
#2135 = ORIENTED_EDGE ( 'NONE', *, *, #1954, .T. ) ;
#2136 = CARTESIAN_POINT ( 'NONE',  ( -21.38675134594817706, -13.40000000000000036, 11.99999999999999645 ) ) ;
#2137 = ADVANCED_FACE ( 'NONE', ( #829 ), #1803, .F. ) ;
#2138 = VECTOR ( 'NONE', #1400, 1000.000000000000000 ) ;
#2139 = CARTESIAN_POINT ( 'NONE',  ( 12.79289321881345920, -0.2928932188134563130, 4.150000000000000355 ) ) ;
#2140 = CIRCLE ( 'NONE', #127, 1.750000000000000000 ) ;
#2141 = DIRECTION ( 'NONE',  ( 0.7071067811865500152, -0.000000000000000000, 0.7071067811865451302 ) ) ;
#2142 = PLANE ( 'NONE',  #1324 ) ;
#2143 = PLANE ( 'NONE',  #2309 ) ;
#2144 = ORIENTED_EDGE ( 'NONE', *, *, #2394, .T. ) ;
#2145 = ORIENTED_EDGE ( 'NONE', *, *, #1448, .T. ) ;
#2146 = DIRECTION ( 'NONE',  ( 0.000000000000000000, -0.000000000000000000, 1.000000000000000000 ) ) ;
#2147 = EDGE_CURVE ( 'NONE', #247, #1654, #2024, .T. ) ;
#2148 = CYLINDRICAL_SURFACE ( 'NONE', #1308, 1.700000000000001954 ) ;
#2149 = ADVANCED_FACE ( 'NONE', ( #1995 ), #1792, .T. ) ;
#2150 = ADVANCED_FACE ( 'NONE', ( #1615 ), #1259, .T. ) ;
#2151 = CARTESIAN_POINT ( 'NONE',  ( 11.23578643762707507, 4.999999999999999112, 8.650000000000002132 ) ) ;
#2152 = CARTESIAN_POINT ( 'NONE',  ( 2.577350269189625287, -10.00000000000000533, -1.750000000000000000 ) ) ;
#2153 = DIRECTION ( 'NONE',  ( 1.000000000000000000, 0.000000000000000000, -0.000000000000000000 ) ) ;
#2154 = ORIENTED_EDGE ( 'NONE', *, *, #185, .F. ) ;
#2155 = ORIENTED_EDGE ( 'NONE', *, *, #568, .F. ) ;
#2156 = DIRECTION ( 'NONE',  ( 0.000000000000000000, 0.000000000000000000, 1.000000000000000000 ) ) ;
#2157 = ORIENTED_EDGE ( 'NONE', *, *, #1171, .T. ) ;
#2158 = CARTESIAN_POINT ( 'NONE',  ( 11.23578643762707507, 4.999999999999999112, 8.650000000000002132 ) ) ;
#2159 = VECTOR ( 'NONE', #442, 1000.000000000000000 ) ;
#2160 = PRODUCT_RELATED_PRODUCT_CATEGORY ( 'detail', '', ( #1184 ) ) ;
#2161 = LINE ( 'NONE', #1166, #200 ) ;
#2162 = EDGE_CURVE ( 'NONE', #1454, #1317, #250, .T. ) ;
#2163 = DIRECTION ( 'NONE',  ( 0.5000000000000092149, 0.8660254037844332675, -0.000000000000000000 ) ) ;
#2164 = DIRECTION ( 'NONE',  ( -0.000000000000000000, 1.000000000000000000, -0.000000000000000000 ) ) ;
#2165 = ORIENTED_EDGE ( 'NONE', *, *, #177, .F. ) ;
#2166 = ORIENTED_EDGE ( 'NONE', *, *, #1194, .T. ) ;
#2167 = EDGE_CURVE ( 'NONE', #943, #2335, #858, .T. ) ;
#2168 = DIRECTION ( 'NONE',  ( -0.000000000000000000, -1.000000000000000000, -0.000000000000000000 ) ) ;
#2169 = ORIENTED_EDGE ( 'NONE', *, *, #2453, .F. ) ;
#2170 = CARTESIAN_POINT ( 'NONE',  ( -11.92264973081037915, 4.999999999999999112, 4.150000000000005684 ) ) ;
#2171 = PLANE ( 'NONE',  #1420 ) ;
#2172 = VECTOR ( 'NONE', #1044, 1000.000000000000227 ) ;
#2173 = DIRECTION ( 'NONE',  ( 0.5000000000000031086, -0.7071067811865394681, -0.5000000000000083267 ) ) ;
#2174 = CARTESIAN_POINT ( 'NONE',  ( -19.68675134594817422, -13.40000000000000036, 11.99999999999999645 ) ) ;
#2175 = DIRECTION ( 'NONE',  ( 0.000000000000000000, 1.000000000000000000, 0.000000000000000000 ) ) ;
#2176 = VERTEX_POINT ( 'NONE', #1779 ) ;
#2177 = EDGE_LOOP ( 'NONE', ( #1242, #715, #1539, #995 ) ) ;
#2178 = DIRECTION ( 'NONE',  ( 0.000000000000000000, -1.000000000000000000, 0.000000000000000000 ) ) ;
#2179 = EDGE_LOOP ( 'NONE', ( #265, #2382 ) ) ;
#2180 = FACE_OUTER_BOUND ( 'NONE', #1997, .T. ) ;
#2181 = DIRECTION ( 'NONE',  ( 1.000000000000000000, 0.000000000000000000, 0.000000000000000000 ) ) ;
#2182 = LINE ( 'NONE', #834, #598 ) ;
#2183 = LINE ( 'NONE', #272, #2083 ) ;
#2184 = DIRECTION ( 'NONE',  ( -0.7071067811865451302, -0.000000000000000000, 0.7071067811865500152 ) ) ;
#2185 = FACE_OUTER_BOUND ( 'NONE', #411, .T. ) ;
#2186 = EDGE_CURVE ( 'NONE', #94, #2454, #606, .T. ) ;
#2187 = ORIENTED_EDGE ( 'NONE', *, *, #2363, .F. ) ;
#2188 = DIRECTION ( 'NONE',  ( 2.376333528735353177E-16, -0.000000000000000000, 1.000000000000000000 ) ) ;
#2189 = EDGE_LOOP ( 'NONE', ( #1414, #2306, #1244, #2119, #1568, #2067 ) ) ;
#2190 = AXIS2_PLACEMENT_3D ( 'NONE', #1497, #1584, #2560 ) ;
#2191 = DIRECTION ( 'NONE',  ( 0.000000000000000000, 1.000000000000000000, 0.000000000000000000 ) ) ;
#2192 = ORIENTED_EDGE ( 'NONE', *, *, #346, .T. ) ;
#2193 = VECTOR ( 'NONE', #174, 1000.000000000000000 ) ;
#2194 = EDGE_CURVE ( 'NONE', #2053, #1216, #412, .T. ) ;
#2195 = VERTEX_POINT ( 'NONE', #2444 ) ;
#2196 = DIRECTION ( 'NONE',  ( 0.000000000000000000, 0.000000000000000000, 1.000000000000000000 ) ) ;
#2197 = DIRECTION ( 'NONE',  ( -7.709882115452472250E-16, -0.000000000000000000, -1.000000000000000000 ) ) ;
#2198 = AXIS2_PLACEMENT_3D ( 'NONE', #288, #248, #1209 ) ;
#2199 = AXIS2_PLACEMENT_3D ( 'NONE', #37, #1790, #232 ) ;
#2200 = DIRECTION ( 'NONE',  ( -0.5000000000000092149, -0.8660254037844332675, 0.000000000000000000 ) ) ;
#2201 = ORIENTED_EDGE ( 'NONE', *, *, #872, .F. ) ;
#2202 = CIRCLE ( 'NONE', #2039, 1.700000000000000178 ) ;
#2203 = FACE_OUTER_BOUND ( 'NONE', #2285, .T. ) ;
#2204 = EDGE_CURVE ( 'NONE', #662, #766, #143, .T. ) ;
#2205 = LINE ( 'NONE', #1967, #1280 ) ;
#2206 = CYLINDRICAL_SURFACE ( 'NONE', #2035, 1.000000000000000000 ) ;
#2207 = EDGE_CURVE ( 'NONE', #1603, #1191, #53, .T. ) ;
#2208 = ORIENTED_EDGE ( 'NONE', *, *, #1897, .T. ) ;
#2209 = DIRECTION ( 'NONE',  ( 1.000000000000000000, 0.000000000000000000, -2.376333528735353177E-16 ) ) ;
#2210 = ORIENTED_EDGE ( 'NONE', *, *, #2231, .T. ) ;
#2211 = DIRECTION ( 'NONE',  ( -0.000000000000000000, -1.000000000000000000, -0.000000000000000000 ) ) ;
#2212 = EDGE_LOOP ( 'NONE', ( #2023, #487, #278, #2154, #1231, #2144 ) ) ;
#2213 = EDGE_LOOP ( 'NONE', ( #205, #843, #1688, #1766 ) ) ;
#2214 = VERTEX_POINT ( 'NONE', #470 ) ;
#2215 = CARTESIAN_POINT ( 'NONE',  ( 12.08578643762690064, -1.000000000000000000, 4.000000000000000000 ) ) ;
#2216 = CARTESIAN_POINT ( 'NONE',  ( -11.07264973081038129, -0.8263518223330649226, 5.984807753012207243 ) ) ;
#2217 = CARTESIAN_POINT ( 'NONE',  ( -11.92264973081038093, 4.999999999999999112, -4.150000000000000355 ) ) ;
#2218 = CARTESIAN_POINT ( 'NONE',  ( -11.07264973081038129, 0.000000000000000000, 5.000000000000005329 ) ) ;
#2219 = CALENDAR_DATE ( 2025, 12, 12 ) ;
#2220 = AXIS2_PLACEMENT_3D ( 'NONE', #2290, #521, #1312 ) ;
#2221 = ORIENTED_EDGE ( 'NONE', *, *, #298, .F. ) ;
#2223 = DIRECTION ( 'NONE',  ( -0.7071067811865481278, 0.7071067811865470176, 0.000000000000000000 ) ) ;
#2222 = AXIS2_PLACEMENT_3D ( 'NONE', #1031, #795, #1177 ) ;
#2224 = EDGE_LOOP ( 'NONE', ( #831, #1104, #1799, #1947 ) ) ;
#2225 = LINE ( 'NONE', #661, #1253 ) ;
#2226 = ORIENTED_EDGE ( 'NONE', *, *, #1582, .T. ) ;
#2227 = VERTEX_POINT ( 'NONE', #814 ) ;
#2228 = CARTESIAN_POINT ( 'NONE',  ( -10.92264973081037915, -1.084202172485504040E-15, 5.000000000000000000 ) ) ;
#2229 = DIRECTION ( 'NONE',  ( 0.000000000000000000, 0.000000000000000000, -1.000000000000000000 ) ) ;
#2230 = DIRECTION ( 'NONE',  ( 0.2810846377148164543, -0.6785983445458524388, 0.6785983445458430019 ) ) ;
#2231 = EDGE_CURVE ( 'NONE', #1531, #1035, #2506, .T. ) ;
#2232 = ORIENTED_EDGE ( 'NONE', *, *, #302, .T. ) ;
#2233 = EDGE_CURVE ( 'NONE', #1191, #1454, #1466, .T. ) ;
#2234 = APPROVAL ( #1653, 'UNSPECIFIED' ) ;
#2235 = DIRECTION ( 'NONE',  ( 0.000000000000000000, 1.000000000000000000, 0.000000000000000000 ) ) ;
#2236 = CALENDAR_DATE ( 2025, 12, 12 ) ;
#2237 = ORIENTED_EDGE ( 'NONE', *, *, #835, .T. ) ;
#2238 = DIRECTION ( 'NONE',  ( -0.000000000000000000, -1.000000000000000000, -0.000000000000000000 ) ) ;
#2239 = VERTEX_POINT ( 'NONE', #1895 ) ;
#2240 = CARTESIAN_POINT ( 'NONE',  ( 25.61324865405182649, -10.00000000000000000, -12.00000000000000355 ) ) ;
#2241 = ORIENTED_EDGE ( 'NONE', *, *, #451, .F. ) ;
#2242 = AXIS2_PLACEMENT_3D ( 'NONE', #392, #789, #1366 ) ;
#2243 = EDGE_LOOP ( 'NONE', ( #2530, #1700, #1337, #916 ) ) ;
#2244 = CARTESIAN_POINT ( 'NONE',  ( -25.38675134594818061, -16.00000000000000000, 14.99999999999999645 ) ) ;
#2245 = CARTESIAN_POINT ( 'NONE',  ( 15.73578643762707507, 4.999999999999999112, 8.650000000000002132 ) ) ;
#2246 = ADVANCED_FACE ( 'NONE', ( #1518 ), #2484, .F. ) ;
#2247 = AXIS2_PLACEMENT_3D ( 'NONE', #1428, #220, #9 ) ;
#2248 = CARTESIAN_POINT ( 'NONE',  ( 25.61324865405182649, -10.00000000000000000, 13.69999999999999929 ) ) ;
#2249 = CIRCLE ( 'NONE', #2462, 1.700000000000003508 ) ;
#2250 = LINE ( 'NONE', #1269, #912 ) ;
#2251 = APPROVAL ( #2452, 'UNSPECIFIED' ) ;
#2252 = AXIS2_PLACEMENT_3D ( 'NONE', #397, #993, #4 ) ;
#2253 = ORIENTED_EDGE ( 'NONE', *, *, #204, .T. ) ;
#2254 = DIRECTION ( 'NONE',  ( 0.7071067811865481278, -0.7071067811865470176, 0.000000000000000000 ) ) ;
#2255 = VECTOR ( 'NONE', #1999, 1000.000000000000000 ) ;
#2256 = DIRECTION ( 'NONE',  ( 0.000000000000000000, 1.000000000000000000, 0.000000000000000000 ) ) ;
#2257 = ORIENTED_EDGE ( 'NONE', *, *, #960, .T. ) ;
#2258 = CC_DESIGN_APPROVAL ( #1394, ( #2486 ) ) ;
#2259 = EDGE_CURVE ( 'NONE', #1315, #1047, #323, .T. ) ;
#2260 = ORIENTED_EDGE ( 'NONE', *, *, #2207, .T. ) ;
#2261 = DIRECTION ( 'NONE',  ( -1.000000000000000000, -0.000000000000000000, -0.000000000000000000 ) ) ;
#2262 = CARTESIAN_POINT ( 'NONE',  ( -18.27350269189637899, -10.00000000000000533, 46.23188325654392372 ) ) ;
#2263 = PLANE ( 'NONE',  #155 ) ;
#2264 = CARTESIAN_POINT ( 'NONE',  ( -15.57264973081038129, 4.999999999999999112, -4.150000000000001243 ) ) ;
#2265 = CARTESIAN_POINT ( 'NONE',  ( -11.92264973081038093, 4.999999999999999112, -4.150000000000000355 ) ) ;
#2266 = DATE_AND_TIME ( #2219, #563 ) ;
#2267 = ORIENTED_EDGE ( 'NONE', *, *, #2493, .T. ) ;
#2268 = CARTESIAN_POINT ( 'NONE',  ( -25.38675134594818061, -15.50000000000000000, 14.99999999999999645 ) ) ;
#2269 = CARTESIAN_POINT ( 'NONE',  ( -24.38675134594816996, -16.00000000000000000, 15.50000000000000355 ) ) ;
#2270 = VERTEX_POINT ( 'NONE', #2095 ) ;
#2271 = AXIS2_PLACEMENT_3D ( 'NONE', #2476, #1634, #848 ) ;
#2272 = ORIENTED_EDGE ( 'NONE', *, *, #1332, .T. ) ;
#2273 = ORIENTED_EDGE ( 'NONE', *, *, #690, .F. ) ;
#2274 = CARTESIAN_POINT ( 'NONE',  ( -4.922649730810380042, -1.000000000000000888, -1.750000000000000000 ) ) ;
#2275 = DIRECTION ( 'NONE',  ( 0.000000000000000000, 0.000000000000000000, 1.000000000000000000 ) ) ;
#2276 = CARTESIAN_POINT ( 'NONE',  ( -11.92264973081037915, -1.000000000000000000, 4.150000000000005684 ) ) ;
#2277 = VECTOR ( 'NONE', #72, 1000.000000000000000 ) ;
#2278 = FACE_OUTER_BOUND ( 'NONE', #774, .T. ) ;
#2279 = PLANE ( 'NONE',  #2006 ) ;
#2280 = ORIENTED_EDGE ( 'NONE', *, *, #1098, .F. ) ;
#2281 = LINE ( 'NONE', #1087, #2077 ) ;
#2282 = DIRECTION ( 'NONE',  ( -0.000000000000000000, -1.000000000000000000, -0.000000000000000000 ) ) ;
#2283 = VERTEX_POINT ( 'NONE', #2055 ) ;
#2284 = ORIENTED_EDGE ( 'NONE', *, *, #642, .F. ) ;
#2285 = EDGE_LOOP ( 'NONE', ( #287, #1912, #2475, #2298 ) ) ;
#2286 = LINE ( 'NONE', #2074, #802 ) ;
#2287 = ADVANCED_FACE ( 'NONE', ( #533 ), #1089, .F. ) ;
#2288 = DIRECTION ( 'NONE',  ( -0.000000000000000000, -1.000000000000000000, -0.000000000000000000 ) ) ;
#2289 = AXIS2_PLACEMENT_3D ( 'NONE', #2136, #1532, #978 ) ;
#2290 = CARTESIAN_POINT ( 'NONE',  ( -4.922649730810380042, -1.000000000000000000, 2.750000000000000000 ) ) ;
#2291 = EDGE_CURVE ( 'NONE', #2283, #379, #2040, .T. ) ;
#2292 = EDGE_CURVE ( 'NONE', #1300, #1814, #777, .T. ) ;
#2293 = VECTOR ( 'NONE', #641, 1000.000000000000000 ) ;
#2294 = CARTESIAN_POINT ( 'NONE',  ( 15.73578643762707152, -10.00000000000000000, -8.650000000000002132 ) ) ;
#2295 = ADVANCED_FACE ( 'NONE', ( #1304 ), #1506, .F. ) ;
#2296 = DIRECTION ( 'NONE',  ( -1.000000000000000000, 0.000000000000000000, 2.376333528735352191E-16 ) ) ;
#2297 = ORIENTED_EDGE ( 'NONE', *, *, #2101, .T. ) ;
#2298 = ORIENTED_EDGE ( 'NONE', *, *, #1045, .F. ) ;
#2299 = VECTOR ( 'NONE', #59, 1000.000000000000114 ) ;
#2300 = ORIENTED_EDGE ( 'NONE', *, *, #2325, .F. ) ;
#2301 = DIRECTION ( 'NONE',  ( 0.000000000000000000, 0.000000000000000000, -1.000000000000000000 ) ) ;
#2302 = DIRECTION ( 'NONE',  ( 0.000000000000000000, 0.000000000000000000, 1.000000000000000000 ) ) ;
#2303 = DIRECTION ( 'NONE',  ( 0.000000000000000000, 0.000000000000000000, -1.000000000000000000 ) ) ;
#2304 = CARTESIAN_POINT ( 'NONE',  ( -21.38675134594817706, -13.40000000000000036, -12.00000000000000355 ) ) ;
#2305 = CARTESIAN_POINT ( 'NONE',  ( -12.50000000000000000, 0.000000000000000000, 4.000000000000000000 ) ) ;
#2306 = ORIENTED_EDGE ( 'NONE', *, *, #17, .T. ) ;
#2307 = ORIENTED_EDGE ( 'NONE', *, *, #1856, .F. ) ;
#2308 = ORIENTED_EDGE ( 'NONE', *, *, #1014, .F. ) ;
#2309 = AXIS2_PLACEMENT_3D ( 'NONE', #1741, #2366, #1968 ) ;
#2310 = DIRECTION ( 'NONE',  ( 0.000000000000000000, 0.000000000000000000, -1.000000000000000000 ) ) ;
#2311 = VECTOR ( 'NONE', #2141, 1000.000000000000114 ) ;
#2312 = EDGE_CURVE ( 'NONE', #1399, #2025, #1885, .T. ) ;
#2313 = FACE_OUTER_BOUND ( 'NONE', #1286, .T. ) ;
#2314 = CARTESIAN_POINT ( 'NONE',  ( 25.61324865405182649, -10.00000000000000000, 8.749999999999998224 ) ) ;
#2315 = EDGE_CURVE ( 'NONE', #2227, #2454, #1800, .T. ) ;
#2316 = EDGE_CURVE ( 'NONE', #660, #1454, #1699, .T. ) ;
#2317 = DIRECTION ( 'NONE',  ( 0.000000000000000000, 1.000000000000000000, 0.000000000000000000 ) ) ;
#2318 = DIRECTION ( 'NONE',  ( -1.000000000000000000, 0.000000000000000000, 0.000000000000000000 ) ) ;
#2319 = ORIENTED_EDGE ( 'NONE', *, *, #825, .T. ) ;
#2320 = ORIENTED_EDGE ( 'NONE', *, *, #395, .T. ) ;
#2321 = AXIS2_PLACEMENT_3D ( 'NONE', #1473, #1095, #314 ) ;
#2322 = ORIENTED_EDGE ( 'NONE', *, *, #1663, .F. ) ;
#2323 = DIRECTION ( 'NONE',  ( -0.000000000000000000, 1.000000000000000000, -0.000000000000000000 ) ) ;
#2324 = EDGE_CURVE ( 'NONE', #1328, #94, #1288, .T. ) ;
#2325 = EDGE_CURVE ( 'NONE', #1043, #1603, #1657, .T. ) ;
#2326 = DIRECTION ( 'NONE',  ( 0.000000000000000000, 0.000000000000000000, -1.000000000000000000 ) ) ;
#2327 = LINE ( 'NONE', #804, #816 ) ;
#2328 = AXIS2_PLACEMENT_3D ( 'NONE', #2398, #2191, #1411 ) ;
#2329 = DIRECTION ( 'NONE',  ( -0.000000000000000000, 1.000000000000000000, -0.000000000000000000 ) ) ;
#2330 = AXIS2_PLACEMENT_3D ( 'NONE', #2304, #2497, #713 ) ;
#2331 = CARTESIAN_POINT ( 'NONE',  ( -11.07264973081038306, 4.999999999999999112, -5.000000000000000000 ) ) ;
#2332 = FACE_OUTER_BOUND ( 'NONE', #1777, .T. ) ;
#2333 = EDGE_CURVE ( 'NONE', #27, #830, #2140, .T. ) ;
#2334 = ORIENTED_EDGE ( 'NONE', *, *, #2514, .F. ) ;
#2335 = VERTEX_POINT ( 'NONE', #692 ) ;
#2336 = PLANE ( 'NONE',  #2115 ) ;
#2337 = AXIS2_PLACEMENT_3D ( 'NONE', #1889, #1117, #2062 ) ;
#2338 = VECTOR ( 'NONE', #760, 1000.000000000000000 ) ;
#2339 = CC_DESIGN_APPROVAL ( #2234, ( #687 ) ) ;
#2340 = CARTESIAN_POINT ( 'NONE',  ( 25.61324865405182649, -10.00000000000000000, 11.99999999999999645 ) ) ;
#2341 = LINE ( 'NONE', #569, #2467 ) ;
#2342 = LINE ( 'NONE', #2548, #610 ) ;
#2343 = CARTESIAN_POINT ( 'NONE',  ( -21.38675134594817706, -10.00000000000000000, -12.00000000000000355 ) ) ;
#2344 = ORIENTED_EDGE ( 'NONE', *, *, #1165, .T. ) ;
#2345 = EDGE_LOOP ( 'NONE', ( #2272, #309, #2122, #647 ) ) ;
#2346 = CARTESIAN_POINT ( 'NONE',  ( -21.38675134594817706, -10.00000000000000000, -13.70000000000000639 ) ) ;
#2347 = AXIS2_PLACEMENT_3D ( 'NONE', #299, #1118, #1665 ) ;
#2348 = ADVANCED_FACE ( 'NONE', ( #1498 ), #675, .F. ) ;
#2349 = VECTOR ( 'NONE', #959, 1000.000000000000000 ) ;
#2350 = FACE_OUTER_BOUND ( 'NONE', #24, .T. ) ;
#2351 = AXIS2_PLACEMENT_3D ( 'NONE', #1955, #570, #2365 ) ;
#2352 = DIRECTION ( 'NONE',  ( 0.000000000000000000, 0.000000000000000000, -1.000000000000000000 ) ) ;
#2353 = DIRECTION ( 'NONE',  ( 1.000000000000000000, -0.000000000000000000, 0.000000000000000000 ) ) ;
#2354 = CARTESIAN_POINT ( 'NONE',  ( -15.57264973081037951, 4.999999999999999112, 8.650000000000009237 ) ) ;
#2355 = VERTEX_POINT ( 'NONE', #334 ) ;
#2356 = ORIENTED_EDGE ( 'NONE', *, *, #1134, .T. ) ;
#2357 = CARTESIAN_POINT ( 'NONE',  ( -15.57264973081037951, -5.321985447626394361, 4.000000000000000000 ) ) ;
#2358 = ORIENTED_EDGE ( 'NONE', *, *, #960, .F. ) ;
#2359 = ADVANCED_FACE ( 'NONE', ( #889 ), #524, .F. ) ;
#2360 = CYLINDRICAL_SURFACE ( 'NONE', #2541, 1.700000000000001954 ) ;
#2361 = EDGE_CURVE ( 'NONE', #633, #1248, #927, .T. ) ;
#2362 = AXIS2_PLACEMENT_3D ( 'NONE', #541, #1083, #2302 ) ;
#2363 = EDGE_CURVE ( 'NONE', #345, #2501, #2118, .T. ) ;
#2364 = PLANE ( 'NONE',  #308 ) ;
#2365 = DIRECTION ( 'NONE',  ( 0.000000000000000000, 0.000000000000000000, 1.000000000000000000 ) ) ;
#2366 = DIRECTION ( 'NONE',  ( 0.000000000000000000, -1.000000000000000000, 0.000000000000000000 ) ) ;
#2367 = TOROIDAL_SURFACE ( 'NONE', #2328, 2.750000000000000000, 1.000000000000000000 ) ;
#2368 = ORIENTED_EDGE ( 'NONE', *, *, #669, .F. ) ;
#2369 = ORIENTED_EDGE ( 'NONE', *, *, #681, .T. ) ;
#2370 = EDGE_CURVE ( 'NONE', #1554, #561, #448, .T. ) ;
#2371 = DIRECTION ( 'NONE',  ( 0.000000000000000000, 0.000000000000000000, -1.000000000000000000 ) ) ;
#2372 = ORIENTED_EDGE ( 'NONE', *, *, #2554, .T. ) ;
#2373 = CARTESIAN_POINT ( 'NONE',  ( -24.88675134594818417, -16.00000000000000000, 0.000000000000000000 ) ) ;
#2374 = CYLINDRICAL_SURFACE ( 'NONE', #1153, 3.249999999999999556 ) ;
#2375 = TOROIDAL_SURFACE ( 'NONE', #150, 2.750000000000000000, 1.000000000000000000 ) ;
#2376 = VECTOR ( 'NONE', #2448, 1000.000000000000000 ) ;
#2377 = CIRCLE ( 'NONE', #1590, 1.000000000000000000 ) ;
#2378 = CARTESIAN_POINT ( 'NONE',  ( 12.08578643762706939, 4.999999999999999112, -5.000000000000897060 ) ) ;
#2379 = LINE ( 'NONE', #3, #496 ) ;
#2380 = DIRECTION ( 'NONE',  ( -1.000000000000000000, 0.000000000000000000, -0.000000000000000000 ) ) ;
#2381 = ORIENTED_EDGE ( 'NONE', *, *, #1125, .T. ) ;
#2382 = ORIENTED_EDGE ( 'NONE', *, *, #2292, .T. ) ;
#2383 = CARTESIAN_POINT ( 'NONE',  ( -4.922649730810380042, -10.00000000000000533, 1.750000000000000000 ) ) ;
#2384 = CARTESIAN_POINT ( 'NONE',  ( 12.08578643762690064, 4.516335699804030706E-15, 4.000000000000000000 ) ) ;
#2385 = PLANE ( 'NONE',  #187 ) ;
#2386 = CARTESIAN_POINT ( 'NONE',  ( 28.61324865405184070, -10.00000000000000000, 15.99999999999999645 ) ) ;
#2387 = EDGE_CURVE ( 'NONE', #918, #1702, #385, .T. ) ;
#2388 = AXIS2_PLACEMENT_3D ( 'NONE', #597, #1133, #553 ) ;
#2389 = AXIS2_PLACEMENT_3D ( 'NONE', #2174, #809, #1392 ) ;
#2390 = LINE ( 'NONE', #74, #2293 ) ;
#2391 = EDGE_CURVE ( 'NONE', #2070, #1047, #2528, .T. ) ;
#2392 = DATE_AND_TIME ( #1436, #1549 ) ;
#2393 = DIRECTION ( 'NONE',  ( -1.000000000000000000, 0.000000000000000000, 0.000000000000000000 ) ) ;
#2394 = EDGE_CURVE ( 'NONE', #766, #631, #556, .T. ) ;
#2395 = ORIENTED_EDGE ( 'NONE', *, *, #1680, .T. ) ;
#2396 = CARTESIAN_POINT ( 'NONE',  ( -11.92264973081037915, 4.999999999999999112, 5.000000000000000000 ) ) ;
#2397 = EDGE_LOOP ( 'NONE', ( #1229, #138, #2522, #2308 ) ) ;
#2398 = CARTESIAN_POINT ( 'NONE',  ( -4.922649730810380042, -1.000000000000000888, 0.000000000000000000 ) ) ;
#2399 = ORIENTED_EDGE ( 'NONE', *, *, #1296, .F. ) ;
#2400 = CARTESIAN_POINT ( 'NONE',  ( -11.92264973081038093, 0.000000000000000000, -5.000000000000000000 ) ) ;
#2401 = CARTESIAN_POINT ( 'NONE',  ( 15.73578643762707152, 4.999999999999999112, -4.150000000000001243 ) ) ;
#2402 = DIRECTION ( 'NONE',  ( 0.000000000000000000, 0.000000000000000000, 1.000000000000000000 ) ) ;
#2403 = EDGE_CURVE ( 'NONE', #2355, #841, #1891, .T. ) ;
#2404 = EDGE_CURVE ( 'NONE', #129, #151, #364, .T. ) ;
#2405 = VERTEX_POINT ( 'NONE', #2107 ) ;
#2406 = DIRECTION ( 'NONE',  ( 0.000000000000000000, 0.000000000000000000, 1.000000000000000000 ) ) ;
#2407 = COORDINATED_UNIVERSAL_TIME_OFFSET ( 0, 0, .AHEAD. ) ;
#2408 = FACE_OUTER_BOUND ( 'NONE', #1408, .T. ) ;
#2409 = ORIENTED_EDGE ( 'NONE', *, *, #1823, .T. ) ;
#2410 = CARTESIAN_POINT ( 'NONE',  ( 15.73578643762707152, -10.00000000000000000, 0.000000000000000000 ) ) ;
#2411 = VERTEX_POINT ( 'NONE', #1910 ) ;
#2412 = AXIS2_PLACEMENT_3D ( 'NONE', #2378, #1390, #1358 ) ;
#2413 = DIRECTION ( 'NONE',  ( 0.000000000000000000, 1.000000000000000000, 0.000000000000000000 ) ) ;
#2414 = ORIENTED_EDGE ( 'NONE', *, *, #258, .F. ) ;
#2415 = VECTOR ( 'NONE', #1193, 1000.000000000000000 ) ;
#2416 = ORIENTED_EDGE ( 'NONE', *, *, #1972, .F. ) ;
#2417 = CARTESIAN_POINT ( 'NONE',  ( -19.83982228238090784, -16.00000000000000000, -19.83982228238077283 ) ) ;
#2418 = CARTESIAN_POINT ( 'NONE',  ( 29.61324865405182649, -10.00000000000000000, 15.00000000000000355 ) ) ;
#2419 = DIRECTION ( 'NONE',  ( 0.000000000000000000, 1.000000000000000000, 0.000000000000000000 ) ) ;
#2420 = AXIS2_PLACEMENT_3D ( 'NONE', #823, #626, #32 ) ;
#2421 = AXIS2_PLACEMENT_3D ( 'NONE', #1861, #1055, #2016 ) ;
#2422 = DIRECTION ( 'NONE',  ( -0.000000000000000000, -1.000000000000000000, -0.000000000000000000 ) ) ;
#2423 = CARTESIAN_POINT ( 'NONE',  ( -24.38675134594818417, -10.00000000000000000, -16.00000000000000355 ) ) ;
#2424 = CARTESIAN_POINT ( 'NONE',  ( 25.61324865405182649, -10.00000000000000000, 8.749999999999998224 ) ) ;
#2425 = EDGE_LOOP ( 'NONE', ( #391, #49, #425, #184, #1521, #604 ) ) ;
#2426 = DIRECTION ( 'NONE',  ( 7.129000586206058052E-16, -0.000000000000000000, 1.000000000000000000 ) ) ;
#2427 = ORIENTED_EDGE ( 'NONE', *, *, #1432, .F. ) ;
#2428 = DIRECTION ( 'NONE',  ( 0.000000000000000000, 1.000000000000000000, 0.000000000000000000 ) ) ;
#2429 = EDGE_LOOP ( 'NONE', ( #2563, #942, #1426, #965, #826, #454 ) ) ;
#2430 = ADVANCED_FACE ( 'NONE', ( #1572 ), #1360, .F. ) ;
#2431 = VERTEX_POINT ( 'NONE', #2561 ) ;
#2432 = LINE ( 'NONE', #2228, #2509 ) ;
#2433 = LINE ( 'NONE', #879, #1951 ) ;
#2434 = EDGE_CURVE ( 'NONE', #716, #2227, #2132, .T. ) ;
#2436 = EDGE_CURVE ( 'NONE', #2128, #1035, #148, .T. ) ;
#2435 = FACE_OUTER_BOUND ( 'NONE', #2425, .T. ) ;
#2437 = CARTESIAN_POINT ( 'NONE',  ( -15.57264973081037951, 4.999999999999999112, 8.650000000000009237 ) ) ;
#2438 = APPROVAL_DATE_TIME ( #2466, #2234 ) ;
#2439 = EDGE_LOOP ( 'NONE', ( #650, #1033, #1628, #452 ) ) ;
#2440 = CIRCLE ( 'NONE', #1965, 3.249999999999999556 ) ;
#2442 = CARTESIAN_POINT ( 'NONE',  ( -21.38675134594817706, -10.00000000000000000, -12.00000000000000355 ) ) ;
#2441 = CIRCLE ( 'NONE', #243, 3.249999999999999556 ) ;
#2443 = ORIENTED_EDGE ( 'NONE', *, *, #1856, .T. ) ;
#2444 = CARTESIAN_POINT ( 'NONE',  ( 2.577350269189625287, -10.00000000000000000, 1.750000000000000000 ) ) ;
#2445 = ORIENTED_EDGE ( 'NONE', *, *, #1013, .T. ) ;
#2446 = ORIENTED_EDGE ( 'NONE', *, *, #185, .T. ) ;
#2447 = LINE ( 'NONE', #2417, #1168 ) ;
#2448 = DIRECTION ( 'NONE',  ( -0.7071067811865512365, -0.000000000000000000, -0.7071067811865439090 ) ) ;
#2449 = CARTESIAN_POINT ( 'NONE',  ( 21.95307093643279828, -16.00000000000000000, 21.95307093643256735 ) ) ;
#2450 = EDGE_CURVE ( 'NONE', #538, #813, #2441, .T. ) ;
#2451 = CARTESIAN_POINT ( 'NONE',  ( 21.95307093643249630, -16.00000000000000000, -21.95307093643272367 ) ) ;
#2452 = APPROVAL_STATUS ( 'not_yet_approved' ) ;
#2453 = EDGE_CURVE ( 'NONE', #1300, #1731, #1157, .T. ) ;
#2454 = VERTEX_POINT ( 'NONE', #170 ) ;
#2455 = LINE ( 'NONE', #1465, #1670 ) ;
#2456 = DIRECTION ( 'NONE',  ( 0.000000000000000000, 0.000000000000000000, 1.000000000000000000 ) ) ;
#2457 = ORIENTED_EDGE ( 'NONE', *, *, #1850, .T. ) ;
#2458 = ORIENTED_EDGE ( 'NONE', *, *, #2312, .F. ) ;
#2459 = DIRECTION ( 'NONE',  ( 0.000000000000000000, 1.000000000000000000, 0.000000000000000000 ) ) ;
#2460 = CARTESIAN_POINT ( 'NONE',  ( 2.577350269189625287, -10.00000000000000533, -1.750000000000000000 ) ) ;
#2461 = FACE_OUTER_BOUND ( 'NONE', #828, .T. ) ;
#2462 = AXIS2_PLACEMENT_3D ( 'NONE', #1301, #333, #510 ) ;
#2463 = VERTEX_POINT ( 'NONE', #2539 ) ;
#2464 = DIRECTION ( 'NONE',  ( -0.000000000000000000, 1.000000000000000000, -0.000000000000000000 ) ) ;
#2465 = CARTESIAN_POINT ( 'NONE',  ( -25.38675134594818061, -16.00000000000000000, 15.99999999999999645 ) ) ;
#2466 = DATE_AND_TIME ( #1285, #18 ) ;
#2467 = VECTOR ( 'NONE', #2352, 1000.000000000000000 ) ;
#2468 = AXIS2_PLACEMENT_3D ( 'NONE', #1350, #1538, #2153 ) ;
#2469 = ORIENTED_EDGE ( 'NONE', *, *, #2403, .T. ) ;
#2470 = CARTESIAN_POINT ( 'NONE',  ( 25.61324865405182649, -13.40000000000000036, 11.99999999999999645 ) ) ;
#2471 = CARTESIAN_POINT ( 'NONE',  ( -25.38675134594818061, -15.50000000000000000, 14.99999999999999645 ) ) ;
#2472 = ORIENTED_EDGE ( 'NONE', *, *, #2231, .F. ) ;
#2473 = APPROVAL_PERSON_ORGANIZATION ( #286, #2234, #1450 ) ;
#2474 = VERTEX_POINT ( 'NONE', #2152 ) ;
#2475 = ORIENTED_EDGE ( 'NONE', *, *, #1843, .F. ) ;
#2476 = CARTESIAN_POINT ( 'NONE',  ( 11.23578643762707685, -0.9999999999999954481, 4.999999999999999112 ) ) ;
#2477 = PLANE ( 'NONE',  #1135 ) ;
#2478 = CARTESIAN_POINT ( 'NONE',  ( -11.07264973081038306, 0.000000000000000000, -5.000000000000000000 ) ) ;
#2479 = FACE_BOUND ( 'NONE', #546, .T. ) ;
#2480 = LINE ( 'NONE', #2265, #575 ) ;
#2481 = CIRCLE ( 'NONE', #2347, 0.8499999999999965361 ) ;
#2482 = ORIENTED_EDGE ( 'NONE', *, *, #2403, .F. ) ;
#2483 = CARTESIAN_POINT ( 'NONE',  ( -21.38675134594817706, -13.40000000000000036, -15.25000000000000355 ) ) ;
#2484 = PLANE ( 'NONE',  #351 ) ;
#2485 = ORIENTED_EDGE ( 'NONE', *, *, #1022, .T. ) ;
#2486 = PRODUCT_DEFINITION ( 'UNKNOWN', '', #687, #102 ) ;
#2487 = AXIS2_PLACEMENT_3D ( 'NONE', #721, #1072, #1867 ) ;
#2488 = VECTOR ( 'NONE', #747, 1000.000000000000000 ) ;
#2489 = EDGE_LOOP ( 'NONE', ( #339, #1292, #1961, #1050 ) ) ;
#2490 = VERTEX_POINT ( 'NONE', #735 ) ;
#2491 = CARTESIAN_POINT ( 'NONE',  ( -4.922649730810380042, -10.00000000000000533, -1.750000000000000000 ) ) ;
#2492 = LINE ( 'NONE', #516, #1127 ) ;
#2493 = EDGE_CURVE ( 'NONE', #955, #527, #2342, .T. ) ;
#2494 = CARTESIAN_POINT ( 'NONE',  ( 26.16181312316807350, -21.41828890594311119, -10.08171109405697052 ) ) ;
#2495 = ADVANCED_FACE ( 'NONE', ( #1527 ), #2142, .F. ) ;
#2496 = CARTESIAN_POINT ( 'NONE',  ( -15.57264973081038129, -10.00000000000000000, -4.250000000000000000 ) ) ;
#2497 = DIRECTION ( 'NONE',  ( -0.000000000000000000, 1.000000000000000000, -0.000000000000000000 ) ) ;
#2498 = DIRECTION ( 'NONE',  ( -2.376333528735352191E-16, 0.000000000000000000, -1.000000000000000000 ) ) ;
#2499 = ORIENTED_EDGE ( 'NONE', *, *, #1769, .F. ) ;
#2500 = ORIENTED_EDGE ( 'NONE', *, *, #2092, .F. ) ;
#2501 = VERTEX_POINT ( 'NONE', #1943 ) ;
#2502 = CARTESIAN_POINT ( 'NONE',  ( 2.577350269189625287, 0.000000000000000000, -2.750000000000000000 ) ) ;
#2503 = FACE_OUTER_BOUND ( 'NONE', #2345, .T. ) ;
#2504 = DIRECTION ( 'NONE',  ( 1.000000000000000000, 0.000000000000000000, 0.000000000000000000 ) ) ;
#2505 = LINE ( 'NONE', #1909, #1085 ) ;
#2506 = LINE ( 'NONE', #124, #674 ) ;
#2507 = ORIENTED_EDGE ( 'NONE', *, *, #1664, .F. ) ;
#2508 = ORIENTED_EDGE ( 'NONE', *, *, #1592, .T. ) ;
#2509 = VECTOR ( 'NONE', #1080, 1000.000000000000000 ) ;
#2510 = ORIENTED_EDGE ( 'NONE', *, *, #1924, .T. ) ;
#2511 = ADVANCED_FACE ( 'NONE', ( #179 ), #973, .F. ) ;
#2512 = DIRECTION ( 'NONE',  ( 0.000000000000000000, 1.000000000000000000, 0.000000000000000000 ) ) ;
#2513 = ADVANCED_FACE ( 'NONE', ( #1920, #1370 ), #1167, .F. ) ;
#2514 = EDGE_CURVE ( 'NONE', #1614, #784, #245, .T. ) ;
#2515 = FACE_BOUND ( 'NONE', #1227, .T. ) ;
#2516 = DIRECTION ( 'NONE',  ( 0.000000000000000000, 0.000000000000000000, 1.000000000000000000 ) ) ;
#2517 = DIRECTION ( 'NONE',  ( -1.000000000000000000, 0.000000000000000000, 0.000000000000000000 ) ) ;
#2518 = CARTESIAN_POINT ( 'NONE',  ( -11.07264973081038129, 4.999999999999999112, 8.650000000000009237 ) ) ;
#2519 = ORIENTED_EDGE ( 'NONE', *, *, #1557, .F. ) ;
#2520 = EDGE_CURVE ( 'NONE', #129, #1531, #450, .T. ) ;
#2521 = ORIENTED_EDGE ( 'NONE', *, *, #1023, .F. ) ;
#2522 = ORIENTED_EDGE ( 'NONE', *, *, #1299, .T. ) ;
#2523 = DIRECTION ( 'NONE',  ( 0.000000000000000000, 0.000000000000000000, 1.000000000000000000 ) ) ;
#2524 = VECTOR ( 'NONE', #679, 1000.000000000000000 ) ;
#2525 = CARTESIAN_POINT ( 'NONE',  ( -11.92264973081037915, -1.000000000000000000, 4.000000000000000000 ) ) ;
#2526 = DIRECTION ( 'NONE',  ( -0.000000000000000000, 1.000000000000000000, -0.000000000000000000 ) ) ;
#2527 = DIRECTION ( 'NONE',  ( 0.000000000000000000, 1.000000000000000000, 0.000000000000000000 ) ) ;
#2528 = LINE ( 'NONE', #1537, #2488 ) ;
#2529 = CARTESIAN_POINT ( 'NONE',  ( 2.577350269189625287, -1.000000000000000888, 1.750000000000000000 ) ) ;
#2530 = ORIENTED_EDGE ( 'NONE', *, *, #457, .F. ) ;
#2531 = ORIENTED_EDGE ( 'NONE', *, *, #1299, .F. ) ;
#2532 = CYLINDRICAL_SURFACE ( 'NONE', #1200, 0.8499999999999992006 ) ;
#2533 = CARTESIAN_POINT ( 'NONE',  ( -4.922649730810380042, -1.000000000000000888, -1.750000000000000000 ) ) ;
#2534 = CIRCLE ( 'NONE', #1740, 3.249999999999999556 ) ;
#2535 = CARTESIAN_POINT ( 'NONE',  ( 11.23578643762662388, 3.718809640587834141E-15, -5.000000000000000000 ) ) ;
#2536 = VECTOR ( 'NONE', #632, 1000.000000000000000 ) ;
#2537 = DIRECTION ( 'NONE',  ( 0.000000000000000000, 0.000000000000000000, 1.000000000000000000 ) ) ;
#2538 = AXIS2_PLACEMENT_3D ( 'NONE', #2009, #2238, #1993 ) ;
#2539 = CARTESIAN_POINT ( 'NONE',  ( -11.07264973081038306, -10.00000000000000000, -7.602369438261953327 ) ) ;
#2540 = DIRECTION ( 'NONE',  ( 1.000000000000000000, 0.000000000000000000, 0.000000000000000000 ) ) ;
#2541 = AXIS2_PLACEMENT_3D ( 'NONE', #2340, #599, #1950 ) ;
#2542 = ORIENTED_EDGE ( 'NONE', *, *, #726, .F. ) ;
#2543 = ORIENTED_EDGE ( 'NONE', *, *, #1952, .F. ) ;
#2544 = CARTESIAN_POINT ( 'NONE',  ( 21.95307093643279472, -16.00000000000000000, 21.95307093643256735 ) ) ;
#2545 = AXIS2_PLACEMENT_3D ( 'NONE', #2215, #1067, #1833 ) ;
#2546 = DIRECTION ( 'NONE',  ( -1.000000000000000000, 0.000000000000000000, 0.000000000000000000 ) ) ;
#2547 = DIRECTION ( 'NONE',  ( -0.000000000000000000, 1.000000000000000000, -0.000000000000000000 ) ) ;
#2548 = CARTESIAN_POINT ( 'NONE',  ( 28.61324865405184070, -15.50000000000000178, 15.99999999999999645 ) ) ;
#2549 = CARTESIAN_POINT ( 'NONE',  ( 11.23578643762707330, -1.000000000000000000, -5.000000000000000000 ) ) ;
#2550 = ORIENTED_EDGE ( 'NONE', *, *, #2033, .T. ) ;
#2551 = VERTEX_POINT ( 'NONE', #418 ) ;
#2552 = ADVANCED_FACE ( 'NONE', ( #1046, #1205 ), #1990, .F. ) ;
#2553 = CARTESIAN_POINT ( 'NONE',  ( 25.61324865405182649, -13.40000000000000036, 8.749999999999998224 ) ) ;
#2554 = EDGE_CURVE ( 'NONE', #2121, #151, #2379, .T. ) ;
#2555 = AXIS2_PLACEMENT_3D ( 'NONE', #2373, #1535, #817 ) ;
#2556 = DIRECTION ( 'NONE',  ( -7.709882115452472250E-16, -0.000000000000000000, -1.000000000000000000 ) ) ;
#2557 = VECTOR ( 'NONE', #160, 1000.000000000000000 ) ;
#2558 = EDGE_CURVE ( 'NONE', #773, #1731, #1930, .T. ) ;
#2559 = EDGE_CURVE ( 'NONE', #728, #2405, #2205, .T. ) ;
#2560 = DIRECTION ( 'NONE',  ( -1.000000000000000000, 0.000000000000000000, 0.000000000000000000 ) ) ;
#2561 = CARTESIAN_POINT ( 'NONE',  ( -15.57264973081037951, -5.321985447626393473, 4.150000000000007461 ) ) ;
#2562 = FACE_OUTER_BOUND ( 'NONE', #2087, .T. ) ;
#2563 = ORIENTED_EDGE ( 'NONE', *, *, #1483, .F. ) ;
#2564 = VERTEX_POINT ( 'NONE', #396 ) ;
#2565 = FACE_BOUND ( 'NONE', #658, .T. ) ;
#2566 = VERTEX_POINT ( 'NONE', #1639 ) ;
#2567 = CARTESIAN_POINT ( 'NONE',  ( 15.73578643762707152, 4.999999999999999112, 4.149999999999999467 ) ) ;
ENDSEC;
END-ISO-10303-21;
