ISO-10303-21;
HEADER;
FILE_DESCRIPTION (( 'STEP AP203' ),
    '1' );
FILE_NAME ('cut_die.STEP',
    '2025-12-12T09:50:55',
    ( '' ),
    ( '' ),
    '',
    '',
    '' );
FILE_SCHEMA (( 'CONFIG_CONTROL_DESIGN' ));
ENDSEC;

DATA;
#1 = AXIS2_PLACEMENT_3D ( 'NONE', #1529, #167, #2279 ) ;
#2 = FACE_OUTER_BOUND ( 'NONE', #641, .T. ) ;
#3 = LINE ( 'NONE', #2143, #1218 ) ;
#4 = ORIENTED_EDGE ( 'NONE', *, *, #1877, .F. ) ;
#5 = DIRECTION ( 'NONE',  ( -0.000000000000000000, 1.000000000000000000, -0.000000000000000000 ) ) ;
#6 = DIRECTION ( 'NONE',  ( -1.836970198721029688E-16, 1.000000000000000000, 0.000000000000000000 ) ) ;
#7 = CARTESIAN_POINT ( 'NONE',  ( -26.48085295647300086, -14.50000000000000533, 15.00000000000000000 ) ) ;
#8 = ORIENTED_EDGE ( 'NONE', *, *, #725, .F. ) ;
#9 = DIRECTION ( 'NONE',  ( 0.000000000000000000, 1.000000000000000000, 0.000000000000000000 ) ) ;
#10 = EDGE_LOOP ( 'NONE', ( #1632, #1948, #1810, #1740 ) ) ;
#11 = EDGE_LOOP ( 'NONE', ( #709, #8 ) ) ;
#12 = EDGE_CURVE ( 'NONE', #1321, #1345, #1440, .T. ) ;
#13 = EDGE_CURVE ( 'NONE', #1904, #238, #2838, .T. ) ;
#14 = CARTESIAN_POINT ( 'NONE',  ( -12.81418628980633834, -9.000000000000000000, 13.49999999999999822 ) ) ;
#15 = DIRECTION ( 'NONE',  ( -1.836970198721029688E-16, 1.000000000000000000, 0.000000000000000000 ) ) ;
#16 = VERTEX_POINT ( 'NONE', #1371 ) ;
#17 = LINE ( 'NONE', #966, #2037 ) ;
#18 = CARTESIAN_POINT ( 'NONE',  ( -21.48085295647300086, -9.000000000000000000, -7.000000000000000000 ) ) ;
#19 = CARTESIAN_POINT ( 'NONE',  ( 24.51914704352699914, -9.000000000000000000, -12.00000000000000355 ) ) ;
#20 = EDGE_LOOP ( 'NONE', ( #2280, #2602, #370, #1492, #2245, #2954, #2093, #1640 ) ) ;
#21 = DIRECTION ( 'NONE',  ( 0.000000000000000000, -0.7071067811865475727, 0.7071067811865475727 ) ) ;
#22 = VERTEX_POINT ( 'NONE', #721 ) ;
#23 = DIRECTION ( 'NONE',  ( 1.000000000000000000, 0.000000000000000000, 0.000000000000000000 ) ) ;
#24 = VERTEX_POINT ( 'NONE', #1659 ) ;
#25 = ADVANCED_FACE ( 'NONE', ( #29 ), #2608, .F. ) ;
#26 = FACE_BOUND ( 'NONE', #3009, .T. ) ;
#27 = EDGE_CURVE ( 'NONE', #1941, #1107, #258, .T. ) ;
#28 = CYLINDRICAL_SURFACE ( 'NONE', #1507, 1.099999999999996758 ) ;
#29 = FACE_OUTER_BOUND ( 'NONE', #3040, .T. ) ;
#30 = LINE ( 'NONE', #2815, #702 ) ;
#31 = CARTESIAN_POINT ( 'NONE',  ( 10.98578643762690099, -0.5000000000000004441, -6.745402340387840034 ) ) ;
#32 = CARTESIAN_POINT ( 'NONE',  ( 18.43551085499100495, -11.79999999999999538, -2.000000000000000000 ) ) ;
#33 = ORIENTED_EDGE ( 'NONE', *, *, #1610, .F. ) ;
#34 = AXIS2_PLACEMENT_3D ( 'NONE', #1742, #2689, #2934 ) ;
#35 = AXIS2_PLACEMENT_3D ( 'NONE', #1265, #804, #1479 ) ;
#36 = DIRECTION ( 'NONE',  ( 0.7071067811865500152, -0.000000000000000000, 0.7071067811865451302 ) ) ;
#37 = FACE_OUTER_BOUND ( 'NONE', #2169, .T. ) ;
#38 = ORIENTED_EDGE ( 'NONE', *, *, #1930, .F. ) ;
#39 = VECTOR ( 'NONE', #1649, 1000.000000000000000 ) ;
#40 = AXIS2_PLACEMENT_3D ( 'NONE', #811, #1287, #785 ) ;
#41 = VECTOR ( 'NONE', #247, 1000.000000000000114 ) ;
#42 = LINE ( 'NONE', #544, #685 ) ;
#43 = VERTEX_POINT ( 'NONE', #911 ) ;
#44 = EDGE_CURVE ( 'NONE', #2587, #198, #1355, .T. ) ;
#45 = CARTESIAN_POINT ( 'NONE',  ( 23.85294014131761386, -0.5000000000000000000, 6.407164753943837887 ) ) ;
#46 = ORIENTED_EDGE ( 'NONE', *, *, #2141, .T. ) ;
#47 = AXIS2_PLACEMENT_3D ( 'NONE', #3019, #1134, #2964 ) ;
#48 = PLANE ( 'NONE',  #1530 ) ;
#49 = CARTESIAN_POINT ( 'NONE',  ( -16.48085295647299731, -9.000000000000000000, 4.500000000000002665 ) ) ;
#50 = CC_DESIGN_APPROVAL ( #1820, ( #1872 ) ) ;
#51 = ADVANCED_FACE ( 'NONE', ( #2300 ), #433, .F. ) ;
#52 = DIRECTION ( 'NONE',  ( -1.836970198721029441E-16, 1.000000000000000000, -0.000000000000000000 ) ) ;
#53 = EDGE_CURVE ( 'NONE', #1785, #348, #1080, .T. ) ;
#54 = PLANE ( 'NONE',  #875 ) ;
#55 = CARTESIAN_POINT ( 'NONE',  ( -14.49721676793700098, -0.5000000000000004441, -2.000000000000000000 ) ) ;
#56 = ORIENTED_EDGE ( 'NONE', *, *, #2142, .T. ) ;
#57 = ORIENTED_EDGE ( 'NONE', *, *, #799, .T. ) ;
#58 = DIRECTION ( 'NONE',  ( -0.000000000000000000, 1.000000000000000000, -0.000000000000000000 ) ) ;
#59 = EDGE_LOOP ( 'NONE', ( #610, #847, #2526, #2465 ) ) ;
#60 = DIRECTION ( 'NONE',  ( -1.000000000000000000, 0.000000000000000000, 0.000000000000000000 ) ) ;
#61 = ORIENTED_EDGE ( 'NONE', *, *, #1420, .F. ) ;
#62 = CARTESIAN_POINT ( 'NONE',  ( -9.814186289806338337, -9.000000000000000000, -9.500000000000001776 ) ) ;
#63 = VECTOR ( 'NONE', #1291, 1000.000000000000000 ) ;
#64 = DIRECTION ( 'NONE',  ( 0.000000000000000000, 1.000000000000000000, 0.000000000000000000 ) ) ;
#65 = DIRECTION ( 'NONE',  ( -0.000000000000000000, 1.000000000000000000, -0.000000000000000000 ) ) ;
#66 = EDGE_CURVE ( 'NONE', #1152, #1564, #2980, .T. ) ;
#67 = VECTOR ( 'NONE', #1326, 1000.000000000000114 ) ;
#68 = EDGE_CURVE ( 'NONE', #1229, #43, #1061, .T. ) ;
#69 = CARTESIAN_POINT ( 'NONE',  ( -14.14751962313966871, -0.5000000000000000000, -12.50000000000000000 ) ) ;
#70 = CARTESIAN_POINT ( 'NONE',  ( 16.53551085499100637, -11.79999999999999538, 3.900000000000000355 ) ) ;
#71 = EDGE_LOOP ( 'NONE', ( #1451, #442, #1299, #808 ) ) ;
#72 = VERTEX_POINT ( 'NONE', #1373 ) ;
#73 = EDGE_CURVE ( 'NONE', #1345, #1321, #1154, .T. ) ;
#74 = CARTESIAN_POINT ( 'NONE',  ( -25.48085295647299375, -14.50000000000000533, 16.00000000000000000 ) ) ;
#75 = VERTEX_POINT ( 'NONE', #1804 ) ;
#76 = LINE ( 'NONE', #2188, #2649 ) ;
#77 = ORIENTED_EDGE ( 'NONE', *, *, #762, .T. ) ;
#78 = DIRECTION ( 'NONE',  ( -1.000000000000000000, 0.000000000000000000, -0.000000000000000000 ) ) ;
#79 = DIRECTION ( 'NONE',  ( -0.7071067811865451302, -0.000000000000000000, 0.7071067811865500152 ) ) ;
#80 = CARTESIAN_POINT ( 'NONE',  ( 7.280656287186142883, -9.000000000000000000, -14.50000000000000000 ) ) ;
#81 = FACE_OUTER_BOUND ( 'NONE', #933, .T. ) ;
#82 = VERTEX_POINT ( 'NONE', #900 ) ;
#83 = VERTEX_POINT ( 'NONE', #2963 ) ;
#84 = VECTOR ( 'NONE', #1670, 1000.000000000000000 ) ;
#85 = DIRECTION ( 'NONE',  ( -1.836970198721029441E-16, 1.000000000000000000, -0.000000000000000000 ) ) ;
#86 = AXIS2_PLACEMENT_3D ( 'NONE', #1262, #2002, #2249 ) ;
#87 = EDGE_CURVE ( 'NONE', #24, #224, #851, .T. ) ;
#88 = LINE ( 'NONE', #2662, #1076 ) ;
#89 = CIRCLE ( 'NONE', #3002, 0.9000000000000014655 ) ;
#90 = EDGE_LOOP ( 'NONE', ( #1297, #1358, #1628, #2849 ) ) ;
#91 = CYLINDRICAL_SURFACE ( 'NONE', #380, 1.149999999999999911 ) ;
#92 = ORIENTED_EDGE ( 'NONE', *, *, #1592, .T. ) ;
#93 = VECTOR ( 'NONE', #955, 1000.000000000000114 ) ;
#94 = CARTESIAN_POINT ( 'NONE',  ( 7.280656287186141107, -9.000000000000000000, -9.500000000000001776 ) ) ;
#95 = AXIS2_PLACEMENT_3D ( 'NONE', #2853, #949, #213 ) ;
#96 = DIRECTION ( 'NONE',  ( -0.000000000000000000, 1.000000000000000000, -0.000000000000000000 ) ) ;
#97 = DIRECTION ( 'NONE',  ( -0.000000000000000000, 1.000000000000000000, -0.000000000000000000 ) ) ;
#98 = ORIENTED_EDGE ( 'NONE', *, *, #163, .T. ) ;
#99 = ORIENTED_EDGE ( 'NONE', *, *, #251, .F. ) ;
#100 = CARTESIAN_POINT ( 'NONE',  ( 7.280656287186142883, -9.000000000000000000, -14.50000000000000000 ) ) ;
#101 = ORIENTED_EDGE ( 'NONE', *, *, #2545, .T. ) ;
#102 = CARTESIAN_POINT ( 'NONE',  ( 26.51914704352699914, -9.000000000000000000, 1.985240989708994430 ) ) ;
#103 = EDGE_CURVE ( 'NONE', #1191, #2138, #2091, .T. ) ;
#104 = EDGE_CURVE ( 'NONE', #619, #43, #634, .T. ) ;
#105 = EDGE_LOOP ( 'NONE', ( #101, #1165, #1816, #2956 ) ) ;
#106 = CARTESIAN_POINT ( 'NONE',  ( 0.000000000000000000, -0.5000000000000000000, 0.000000000000000000 ) ) ;
#107 = ORIENTED_EDGE ( 'NONE', *, *, #1436, .F. ) ;
#108 = LINE ( 'NONE', #561, #2558 ) ;
#109 = DIRECTION ( 'NONE',  ( 0.7071067811865500152, 0.000000000000000000, 0.7071067811865451302 ) ) ;
#110 = CARTESIAN_POINT ( 'NONE',  ( 28.51914704352699914, -9.000000000000000000, 14.99999999999999289 ) ) ;
#111 = VERTEX_POINT ( 'NONE', #3017 ) ;
#112 = ORIENTED_EDGE ( 'NONE', *, *, #2541, .T. ) ;
#113 = VECTOR ( 'NONE', #2550, 1000.000000000000000 ) ;
#114 = PLANE ( 'NONE',  #1362 ) ;
#115 = EDGE_LOOP ( 'NONE', ( #1314, #919, #2831, #2637 ) ) ;
#116 = DIRECTION ( 'NONE',  ( 0.000000000000000000, -1.000000000000000000, 0.000000000000000000 ) ) ;
#117 = ORIENTED_EDGE ( 'NONE', *, *, #915, .F. ) ;
#118 = CARTESIAN_POINT ( 'NONE',  ( 12.30862072773752658, 0.000000000000000000, 12.49999999999999822 ) ) ;
#119 = ORIENTED_EDGE ( 'NONE', *, *, #1877, .T. ) ;
#120 = EDGE_CURVE ( 'NONE', #977, #713, #2184, .T. ) ;
#121 = EDGE_CURVE ( 'NONE', #2672, #805, #1573, .T. ) ;
#122 = CARTESIAN_POINT ( 'NONE',  ( 10.98578643762690277, -11.79999999999999538, 6.535889741755010363 ) ) ;
#123 = CARTESIAN_POINT ( 'NONE',  ( 23.25268407132617199, -24.80015277084966030, -5.699847229150345029 ) ) ;
#124 = CARTESIAN_POINT ( 'NONE',  ( 24.51914704352699914, -9.000000000000000000, -15.25000000000000355 ) ) ;
#125 = ORIENTED_EDGE ( 'NONE', *, *, #1490, .T. ) ;
#126 = ORIENTED_EDGE ( 'NONE', *, *, #1146, .T. ) ;
#127 = CARTESIAN_POINT ( 'NONE',  ( -11.92264973081037738, -11.79999999999999893, 3.900000000000000355 ) ) ;
#128 = ORIENTED_EDGE ( 'NONE', *, *, #1844, .T. ) ;
#129 = VECTOR ( 'NONE', #1651, 1000.000000000000114 ) ;
#130 = CYLINDRICAL_SURFACE ( 'NONE', #1, 5.000000000000000000 ) ;
#131 = AXIS2_PLACEMENT_3D ( 'NONE', #1899, #540, #2177 ) ;
#132 = ORIENTED_EDGE ( 'NONE', *, *, #1892, .T. ) ;
#133 = FACE_OUTER_BOUND ( 'NONE', #301, .T. ) ;
#134 = ORIENTED_EDGE ( 'NONE', *, *, #1967, .T. ) ;
#135 = AXIS2_PLACEMENT_3D ( 'NONE', #2975, #2516, #397 ) ;
#136 = LINE ( 'NONE', #631, #1072 ) ;
#137 = FACE_OUTER_BOUND ( 'NONE', #2353, .T. ) ;
#138 = CIRCLE ( 'NONE', #283, 1.099999999999996758 ) ;
#139 = VECTOR ( 'NONE', #2914, 1000.000000000000000 ) ;
#140 = CARTESIAN_POINT ( 'NONE',  ( 9.614449384976756718, -9.000000000000000000, 13.92192376423484923 ) ) ;
#141 = LINE ( 'NONE', #617, #2165 ) ;
#142 = VECTOR ( 'NONE', #412, 1000.000000000000000 ) ;
#143 = EDGE_CURVE ( 'NONE', #612, #527, #157, .T. ) ;
#144 = CARTESIAN_POINT ( 'NONE',  ( -2.633100484259955465, -11.79999999999999716, -11.31315318030784667 ) ) ;
#145 = ADVANCED_FACE ( 'NONE', ( #1537, #1133, #2536, #2716, #2486, #649 ), #173, .T. ) ;
#146 = LOCAL_TIME ( 9, 50, 55.00000000000000000, #2471 ) ;
#147 = EDGE_LOOP ( 'NONE', ( #3024, #2368, #1591, #2592 ) ) ;
#148 = ORIENTED_EDGE ( 'NONE', *, *, #461, .T. ) ;
#149 = CARTESIAN_POINT ( 'NONE',  ( 10.98578643762690277, -11.79999999999999538, 5.000000000000000000 ) ) ;
#150 = ORIENTED_EDGE ( 'NONE', *, *, #2314, .T. ) ;
#151 = CARTESIAN_POINT ( 'NONE',  ( -16.48085295647299731, 0.000000000000000000, -4.500000000000002665 ) ) ;
#152 = VERTEX_POINT ( 'NONE', #387 ) ;
#153 = DIRECTION ( 'NONE',  ( 0.000000000000000000, -0.000000000000000000, 1.000000000000000000 ) ) ;
#154 = ORIENTED_EDGE ( 'NONE', *, *, #1759, .T. ) ;
#155 = DIRECTION ( 'NONE',  ( 1.000000000000000000, 0.000000000000000000, 0.000000000000000000 ) ) ;
#156 = DIRECTION ( 'NONE',  ( 0.000000000000000000, 1.000000000000000000, 0.000000000000000000 ) ) ;
#157 = LINE ( 'NONE', #835, #907 ) ;
#158 = LINE ( 'NONE', #1099, #1226 ) ;
#159 = DIRECTION ( 'NONE',  ( -1.000000000000000000, 0.000000000000000000, 0.000000000000000000 ) ) ;
#160 = EDGE_CURVE ( 'NONE', #2138, #1320, #616, .T. ) ;
#161 = ORIENTED_EDGE ( 'NONE', *, *, #1473, .F. ) ;
#162 = ORIENTED_EDGE ( 'NONE', *, *, #68, .F. ) ;
#163 = EDGE_CURVE ( 'NONE', #806, #1025, #2269, .T. ) ;
#164 = LINE ( 'NONE', #2106, #1808 ) ;
#165 = ORIENTED_EDGE ( 'NONE', *, *, #234, .T. ) ;
#166 = ORIENTED_EDGE ( 'NONE', *, *, #1302, .T. ) ;
#167 = DIRECTION ( 'NONE',  ( 0.000000000000000000, 1.000000000000000000, 0.000000000000000000 ) ) ;
#168 = VECTOR ( 'NONE', #1552, 1000.000000000000000 ) ;
#169 = VERTEX_POINT ( 'NONE', #1098 ) ;
#170 = CARTESIAN_POINT ( 'NONE',  ( 10.98578643762690099, -0.5000000000000004441, -6.535889741755010363 ) ) ;
#171 = LINE ( 'NONE', #2994, #2946 ) ;
#172 = DIRECTION ( 'NONE',  ( -0.7999999999999999334, 0.000000000000000000, 0.6000000000000001998 ) ) ;
#173 = PLANE ( 'NONE',  #1395 ) ;
#174 = DIRECTION ( 'NONE',  ( -0.000000000000000000, 1.000000000000000000, -0.000000000000000000 ) ) ;
#175 = MECHANICAL_CONTEXT ( 'NONE', #1184, 'mechanical' ) ;
#176 = DIRECTION ( 'NONE',  ( -1.836970198721029688E-16, 1.000000000000000000, 0.000000000000000000 ) ) ;
#177 = VERTEX_POINT ( 'NONE', #2252 ) ;
#178 = VERTEX_POINT ( 'NONE', #1587 ) ;
#179 = CC_DESIGN_DATE_AND_TIME_ASSIGNMENT ( #1605, #452, ( #1872 ) ) ;
#180 = CARTESIAN_POINT ( 'NONE',  ( -11.92264973081037738, -11.79999999999999893, -3.899999999999999911 ) ) ;
#181 = VERTEX_POINT ( 'NONE', #417 ) ;
#182 = ORIENTED_EDGE ( 'NONE', *, *, #651, .T. ) ;
#183 = CARTESIAN_POINT ( 'NONE',  ( 22.60609637877998424, -20.41305066474701491, 12.55073421966250002 ) ) ;
#184 = PLANE ( 'NONE',  #2851 ) ;
#185 = DIRECTION ( 'NONE',  ( 0.7071067811865451302, 0.000000000000000000, -0.7071067811865500152 ) ) ;
#186 = VECTOR ( 'NONE', #2641, 1000.000000000000000 ) ;
#187 = DIRECTION ( 'NONE',  ( -1.836970198721029441E-16, 1.000000000000000000, -0.000000000000000000 ) ) ;
#188 = AXIS2_PLACEMENT_3D ( 'NONE', #416, #1354, #2299 ) ;
#189 = CARTESIAN_POINT ( 'NONE',  ( 18.43551085499100495, -11.79999999999999538, 2.000000000000000444 ) ) ;
#190 = CARTESIAN_POINT ( 'NONE',  ( -10.82264973081037951, -0.5000000000000004441, 6.535889741755010363 ) ) ;
#191 = PERSON_AND_ORGANIZATION ( #2384, #2073 ) ;
#192 = AXIS2_PLACEMENT_3D ( 'NONE', #2828, #6, #494 ) ;
#193 = DIRECTION ( 'NONE',  ( -1.000000000000000000, 0.000000000000000000, -0.000000000000000000 ) ) ;
#194 = ORIENTED_EDGE ( 'NONE', *, *, #2087, .T. ) ;
#195 = AXIS2_PLACEMENT_3D ( 'NONE', #490, #2317, #706 ) ;
#196 = CARTESIAN_POINT ( 'NONE',  ( 7.280656287186142883, -9.000000000000000000, 14.50000000000000000 ) ) ;
#197 = CIRCLE ( 'NONE', #1823, 5.000000000000000000 ) ;
#198 = VERTEX_POINT ( 'NONE', #1646 ) ;
#199 = ORIENTED_EDGE ( 'NONE', *, *, #2892, .T. ) ;
#200 = FACE_OUTER_BOUND ( 'NONE', #2457, .T. ) ;
#201 = ADVANCED_FACE ( 'NONE', ( #1188 ), #259, .T. ) ;
#202 = DIRECTION ( 'NONE',  ( 0.000000000000000000, 0.000000000000000000, 1.000000000000000000 ) ) ;
#203 = EDGE_CURVE ( 'NONE', #1936, #1697, #2099, .T. ) ;
#204 = CARTESIAN_POINT ( 'NONE',  ( -19.48085295647299731, -9.000000000000000000, -8.500000000000001776 ) ) ;
#205 = DIRECTION ( 'NONE',  ( -0.000000000000000000, 0.000000000000000000, 1.000000000000000000 ) ) ;
#206 = LINE ( 'NONE', #1401, #2583 ) ;
#207 = CYLINDRICAL_SURFACE ( 'NONE', #1623, 5.000000000000000000 ) ;
#208 = CARTESIAN_POINT ( 'NONE',  ( -14.14751962313967049, 0.000000000000000000, 12.49999999999999822 ) ) ;
#209 = DIRECTION ( 'NONE',  ( -0.000000000000000000, 0.000000000000000000, -1.000000000000000000 ) ) ;
#210 = ORIENTED_EDGE ( 'NONE', *, *, #985, .F. ) ;
#211 = ORIENTED_EDGE ( 'NONE', *, *, #2215, .T. ) ;
#212 = FACE_OUTER_BOUND ( 'NONE', #593, .T. ) ;
#213 = DIRECTION ( 'NONE',  ( 0.000000000000000000, 0.000000000000000000, -1.000000000000000000 ) ) ;
#214 = CARTESIAN_POINT ( 'NONE',  ( -11.92264973081037738, -11.79999999999999893, -3.899999999999999911 ) ) ;
#215 = ORIENTED_EDGE ( 'NONE', *, *, #1629, .T. ) ;
#216 = AXIS2_PLACEMENT_3D ( 'NONE', #938, #472, #1412 ) ;
#217 = EDGE_CURVE ( 'NONE', #996, #1715, #206, .T. ) ;
#218 = DIRECTION ( 'NONE',  ( 0.000000000000000000, 0.000000000000000000, 1.000000000000000000 ) ) ;
#219 = DIRECTION ( 'NONE',  ( 0.000000000000000000, -1.000000000000000000, -0.000000000000000000 ) ) ;
#220 = CALENDAR_DATE ( 2025, 12, 12 ) ;
#221 = CARTESIAN_POINT ( 'NONE',  ( 12.94972441736410218, -0.5000000000000004441, -3.900000000000005240 ) ) ;
#222 = EDGE_CURVE ( 'NONE', #517, #977, #1413, .T. ) ;
#223 = LINE ( 'NONE', #409, #750 ) ;
#224 = VERTEX_POINT ( 'NONE', #925 ) ;
#225 = EDGE_LOOP ( 'NONE', ( #2713, #677 ) ) ;
#226 = LINE ( 'NONE', #2812, #337 ) ;
#227 = CYLINDRICAL_SURFACE ( 'NONE', #1909, 5.000000000000000000 ) ;
#228 = ORIENTED_EDGE ( 'NONE', *, *, #1892, .F. ) ;
#229 = LINE ( 'NONE', #1621, #1097 ) ;
#230 = VECTOR ( 'NONE', #263, 1000.000000000000000 ) ;
#231 = DIRECTION ( 'NONE',  ( -6.938893903907228378E-16, 0.000000000000000000, -1.000000000000000000 ) ) ;
#232 = CARTESIAN_POINT ( 'NONE',  ( 10.98578643762690454, -0.5000000000000004441, -5.000000000000000000 ) ) ;
#233 = AXIS2_PLACEMENT_3D ( 'NONE', #2916, #802, #2681 ) ;
#234 = EDGE_CURVE ( 'NONE', #2706, #2620, #1292, .T. ) ;
#235 = CIRCLE ( 'NONE', #1268, 3.249999999999999556 ) ;
#236 = EDGE_CURVE ( 'NONE', #2446, #806, #309, .T. ) ;
#237 = CARTESIAN_POINT ( 'NONE',  ( -25.12729956587972779, -15.00000000000000000, -15.64644660940673404 ) ) ;
#238 = VERTEX_POINT ( 'NONE', #493 ) ;
#239 = CIRCLE ( 'NONE', #828, 5.000000000000000000 ) ;
#240 = VERTEX_POINT ( 'NONE', #1173 ) ;
#241 = VECTOR ( 'NONE', #2565, 1000.000000000000000 ) ;
#242 = VECTOR ( 'NONE', #607, 1000.000000000000000 ) ;
#243 = CARTESIAN_POINT ( 'NONE',  ( 24.51914704352699914, -9.000000000000000000, 12.00000000000000000 ) ) ;
#244 = DIRECTION ( 'NONE',  ( -0.7071067811865500152, -0.000000000000000000, -0.7071067811865451302 ) ) ;
#245 = CARTESIAN_POINT ( 'NONE',  ( -4.922649730810377378, -0.5000000000000004441, -1.149999999999999911 ) ) ;
#246 = CARTESIAN_POINT ( 'NONE',  ( 12.30862072773752658, -0.5000000000000000000, -12.50000000000000000 ) ) ;
#247 = DIRECTION ( 'NONE',  ( 0.7999999999999999334, 0.000000000000000000, 0.6000000000000001998 ) ) ;
#248 = LINE ( 'NONE', #32, #39 ) ;
#249 = VERTEX_POINT ( 'NONE', #246 ) ;
#250 = DIRECTION ( 'NONE',  ( -0.7071067811865500152, -0.000000000000000000, -0.7071067811865451302 ) ) ;
#251 = EDGE_CURVE ( 'NONE', #431, #1320, #17, .T. ) ;
#252 = ORIENTED_EDGE ( 'NONE', *, *, #2995, .F. ) ;
#253 = LINE ( 'NONE', #2382, #63 ) ;
#254 = EDGE_CURVE ( 'NONE', #1107, #1191, #912, .T. ) ;
#255 = ORIENTED_EDGE ( 'NONE', *, *, #1273, .T. ) ;
#256 = CARTESIAN_POINT ( 'NONE',  ( 28.51914704352699914, -15.00000000000000000, -15.00000000000000000 ) ) ;
#257 = CARTESIAN_POINT ( 'NONE',  ( -4.922649730810377378, -11.79999999999999716, -1.149999999999999911 ) ) ;
#258 = LINE ( 'NONE', #1145, #2973 ) ;
#259 = PLANE ( 'NONE',  #854 ) ;
#260 = DIRECTION ( 'NONE',  ( -1.364915517657431510E-15, 0.000000000000000000, 1.000000000000000000 ) ) ;
#261 = LINE ( 'NONE', #7, #1410 ) ;
#262 = EDGE_LOOP ( 'NONE', ( #2196, #820, #1496, #272 ) ) ;
#263 = DIRECTION ( 'NONE',  ( -0.000000000000000000, 1.000000000000000000, -0.000000000000000000 ) ) ;
#264 = CARTESIAN_POINT ( 'NONE',  ( -26.48085295647300086, -14.50000000000000533, -14.99999999999999289 ) ) ;
#265 = ORIENTED_EDGE ( 'NONE', *, *, #783, .F. ) ;
#266 = EDGE_CURVE ( 'NONE', #1674, #2482, #552, .T. ) ;
#267 = ADVANCED_FACE ( 'NONE', ( #939 ), #710, .F. ) ;
#268 = DIRECTION ( 'NONE',  ( -1.000000000000000000, 0.000000000000000000, 0.000000000000000000 ) ) ;
#269 = ADVANCED_FACE ( 'NONE', ( #1678 ), #1200, .T. ) ;
#270 = ORIENTED_EDGE ( 'NONE', *, *, #1059, .T. ) ;
#271 = CARTESIAN_POINT ( 'NONE',  ( 26.51914704352699914, -9.000000000000000000, 1.985240989708994430 ) ) ;
#272 = ORIENTED_EDGE ( 'NONE', *, *, #1251, .T. ) ;
#273 = CARTESIAN_POINT ( 'NONE',  ( -16.39721676793699956, -0.5000000000000004441, 2.000000000000000000 ) ) ;
#274 = CARTESIAN_POINT ( 'NONE',  ( 23.85294014131761031, -9.000000000000000000, 6.407164753943843216 ) ) ;
#275 = CARTESIAN_POINT ( 'NONE',  ( -25.98085295647300796, -15.00000000000000000, -14.79289321881345032 ) ) ;
#276 = AXIS2_PLACEMENT_3D ( 'NONE', #344, #793, #2226 ) ;
#277 = AXIS2_PLACEMENT_3D ( 'NONE', #1838, #2535, #1144 ) ;
#278 = CARTESIAN_POINT ( 'NONE',  ( 27.16559365293372252, -15.00000000000000000, 15.64644660940673404 ) ) ;
#279 = CARTESIAN_POINT ( 'NONE',  ( 27.51914704352699914, -14.50000000000000533, 16.00000000000000000 ) ) ;
#280 = VERTEX_POINT ( 'NONE', #1870 ) ;
#281 = AXIS2_PLACEMENT_3D ( 'NONE', #2068, #672, #1836 ) ;
#282 = ORIENTED_EDGE ( 'NONE', *, *, #2372, .T. ) ;
#283 = AXIS2_PLACEMENT_3D ( 'NONE', #2303, #1873, #1136 ) ;
#284 = VECTOR ( 'NONE', #260, 1000.000000000000000 ) ;
#285 = CARTESIAN_POINT ( 'NONE',  ( 10.08578643762690241, -11.79999999999999538, 6.745402340387840034 ) ) ;
#286 = VECTOR ( 'NONE', #1549, 1000.000000000000000 ) ;
#287 = ORIENTED_EDGE ( 'NONE', *, *, #1706, .T. ) ;
#288 = LINE ( 'NONE', #1456, #678 ) ;
#289 = VERTEX_POINT ( 'NONE', #462 ) ;
#290 = CIRCLE ( 'NONE', #687, 3.249999999999999556 ) ;
#291 = EDGE_CURVE ( 'NONE', #1283, #2441, #30, .T. ) ;
#292 = DIRECTION ( 'NONE',  ( 0.000000000000000000, 0.000000000000000000, -1.000000000000000000 ) ) ;
#293 = ADVANCED_FACE ( 'NONE', ( #679 ), #1910, .F. ) ;
#294 = DIRECTION ( 'NONE',  ( 0.4667586195581228670, 0.000000000000000000, 0.8843847528469696018 ) ) ;
#295 = DIRECTION ( 'NONE',  ( 0.000000000000000000, 0.000000000000000000, 1.000000000000000000 ) ) ;
#296 = CARTESIAN_POINT ( 'NONE',  ( -26.48085295647300086, -15.00000000000000000, 16.00000000000000000 ) ) ;
#297 = DIRECTION ( 'NONE',  ( 0.000000000000000000, 1.000000000000000000, 0.000000000000000000 ) ) ;
#298 = VERTEX_POINT ( 'NONE', #2857 ) ;
#299 = ORIENTED_EDGE ( 'NONE', *, *, #2748, .F. ) ;
#300 = DIRECTION ( 'NONE',  ( -0.000000000000000000, 0.000000000000000000, 1.000000000000000000 ) ) ;
#301 = EDGE_LOOP ( 'NONE', ( #2282, #2775, #1627, #316, #1814 ) ) ;
#302 = DIRECTION ( 'NONE',  ( 0.6785983445458469987, -0.6785983445458469987, 0.2810846377148203956 ) ) ;
#303 = ORIENTED_EDGE ( 'NONE', *, *, #2892, .F. ) ;
#304 = DIRECTION ( 'NONE',  ( -1.000000000000000000, 0.000000000000000000, 0.000000000000000000 ) ) ;
#305 = AXIS2_PLACEMENT_3D ( 'NONE', #815, #2237, #297 ) ;
#306 = CARTESIAN_POINT ( 'NONE',  ( -26.48085295647300086, -14.50000000000000533, -14.99999999999999289 ) ) ;
#307 = CARTESIAN_POINT ( 'NONE',  ( -26.48085295647300086, -15.00000000000000000, 15.00000000000000000 ) ) ;
#308 = EDGE_CURVE ( 'NONE', #1206, #1182, #2427, .T. ) ;
#309 = CIRCLE ( 'NONE', #1889, 1.149999999999999911 ) ;
#310 = AXIS2_PLACEMENT_3D ( 'NONE', #1151, #2529, #2776 ) ;
#311 = PLANE ( 'NONE',  #1309 ) ;
#312 = EDGE_LOOP ( 'NONE', ( #892, #824, #1545, #715 ) ) ;
#313 = ORIENTED_EDGE ( 'NONE', *, *, #2141, .F. ) ;
#314 = CARTESIAN_POINT ( 'NONE',  ( 10.33289778252569846, -11.79999999999999538, 7.610813215765723783 ) ) ;
#315 = CARTESIAN_POINT ( 'NONE',  ( -14.49721676793699920, -11.80000000000000071, 3.899999999999998135 ) ) ;
#316 = ORIENTED_EDGE ( 'NONE', *, *, #322, .T. ) ;
#317 = FACE_OUTER_BOUND ( 'NONE', #1018, .T. ) ;
#318 = EDGE_LOOP ( 'NONE', ( #1768, #840, #98, #2065 ) ) ;
#319 = CARTESIAN_POINT ( 'NONE',  ( -25.48085295647299375, -9.000000000000000000, 16.00000000000000000 ) ) ;
#320 = DIRECTION ( 'NONE',  ( -1.836970198721029441E-16, 1.000000000000000000, -0.000000000000000000 ) ) ;
#321 = DIRECTION ( 'NONE',  ( 0.000000000000000000, 0.000000000000000000, 1.000000000000000000 ) ) ;
#322 = EDGE_CURVE ( 'NONE', #1025, #2360, #229, .T. ) ;
#323 = EDGE_LOOP ( 'NONE', ( #1350, #1541, #2241, #1055, #603, #1224 ) ) ;
#324 = ORIENTED_EDGE ( 'NONE', *, *, #719, .T. ) ;
#325 = ADVANCED_FACE ( 'NONE', ( #1388 ), #1159, .F. ) ;
#326 = AXIS2_PLACEMENT_3D ( 'NONE', #1595, #2325, #209 ) ;
#327 = CYLINDRICAL_SURFACE ( 'NONE', #773, 1.899999999999999023 ) ;
#328 = VECTOR ( 'NONE', #156, 1000.000000000000000 ) ;
#329 = CARTESIAN_POINT ( 'NONE',  ( -10.23866082823991874, -11.79999999999999893, 8.649524351622742913 ) ) ;
#330 = VECTOR ( 'NONE', #244, 1000.000000000000114 ) ;
#331 = AXIS2_PLACEMENT_3D ( 'NONE', #399, #2246, #833 ) ;
#332 = ORIENTED_EDGE ( 'NONE', *, *, #932, .F. ) ;
#333 = CARTESIAN_POINT ( 'NONE',  ( 0.000000000000000000, -0.5000000000000000000, 0.000000000000000000 ) ) ;
#334 = ORIENTED_EDGE ( 'NONE', *, *, #1234, .F. ) ;
#335 = VECTOR ( 'NONE', #116, 1000.000000000000000 ) ;
#336 = LINE ( 'NONE', #2450, #139 ) ;
#337 = VECTOR ( 'NONE', #1168, 1000.000000000000000 ) ;
#338 = DIRECTION ( 'NONE',  ( -1.000000000000000000, 0.000000000000000000, 0.000000000000000000 ) ) ;
#339 = DIRECTION ( 'NONE',  ( 1.000000000000000000, 0.000000000000000000, 0.000000000000000000 ) ) ;
#340 = LINE ( 'NONE', #1959, #3042 ) ;
#341 = ORIENTED_EDGE ( 'NONE', *, *, #13, .F. ) ;
#342 = EDGE_LOOP ( 'NONE', ( #3052, #1747, #2463, #1442 ) ) ;
#343 = EDGE_CURVE ( 'NONE', #280, #3010, #520, .T. ) ;
#344 = CARTESIAN_POINT ( 'NONE',  ( -22.48085295647300086, -9.000000000000000000, 12.00000000000000000 ) ) ;
#345 = ORIENTED_EDGE ( 'NONE', *, *, #222, .T. ) ;
#346 = ADVANCED_FACE ( 'NONE', ( #770 ), #1942, .F. ) ;
#347 = DIRECTION ( 'NONE',  ( 0.6785983445458461105, 0.6785983445458461105, 0.2810846377148245034 ) ) ;
#348 = VERTEX_POINT ( 'NONE', #1707 ) ;
#349 = PLANE ( 'NONE',  #40 ) ;
#350 = ORIENTED_EDGE ( 'NONE', *, *, #934, .F. ) ;
#351 = EDGE_CURVE ( 'NONE', #1166, #517, #2872, .T. ) ;
#352 = DIRECTION ( 'NONE',  ( -1.000000000000000000, 0.000000000000000000, 0.000000000000000000 ) ) ;
#353 = LINE ( 'NONE', #1725, #2646 ) ;
#354 = CYLINDRICAL_SURFACE ( 'NONE', #456, 1.700000000000001954 ) ;
#355 = CALENDAR_DATE ( 2025, 12, 12 ) ;
#356 = ORIENTED_EDGE ( 'NONE', *, *, #2027, .T. ) ;
#357 = ORIENTED_EDGE ( 'NONE', *, *, #2789, .F. ) ;
#358 = LINE ( 'NONE', #127, #2152 ) ;
#359 = ORIENTED_EDGE ( 'NONE', *, *, #2335, .T. ) ;
#360 = DIRECTION ( 'NONE',  ( 0.000000000000000000, 1.000000000000000000, 0.000000000000000000 ) ) ;
#361 = ORIENTED_EDGE ( 'NONE', *, *, #2522, .T. ) ;
#362 = LINE ( 'NONE', #1733, #730 ) ;
#363 = ORIENTED_EDGE ( 'NONE', *, *, #3016, .T. ) ;
#364 = ADVANCED_FACE ( 'NONE', ( #2407 ), #538, .T. ) ;
#365 = CARTESIAN_POINT ( 'NONE',  ( -14.49721676793700098, -0.5000000000000004441, 2.000000000000000000 ) ) ;
#366 = ADVANCED_FACE ( 'NONE', ( #2871 ), #983, .F. ) ;
#367 = CARTESIAN_POINT ( 'NONE',  ( 12.08578643762690064, -0.5000000000000004441, -5.000000000000000000 ) ) ;
#368 = DIRECTION ( 'NONE',  ( 0.000000000000000000, -0.000000000000000000, 1.000000000000000000 ) ) ;
#369 = CARTESIAN_POINT ( 'NONE',  ( -11.92264973081037915, -0.5000000000000004441, -5.000000000000000000 ) ) ;
#370 = ORIENTED_EDGE ( 'NONE', *, *, #2539, .F. ) ;
#371 = VERTEX_POINT ( 'NONE', #1954 ) ;
#372 = LINE ( 'NONE', #1730, #1408 ) ;
#373 = VERTEX_POINT ( 'NONE', #1232 ) ;
#374 = AXIS2_PLACEMENT_3D ( 'NONE', #2240, #556, #858 ) ;
#375 = FACE_OUTER_BOUND ( 'NONE', #1689, .T. ) ;
#376 = VECTOR ( 'NONE', #2794, 1000.000000000000000 ) ;
#377 = VERTEX_POINT ( 'NONE', #273 ) ;
#378 = LINE ( 'NONE', #1613, #528 ) ;
#379 = EDGE_LOOP ( 'NONE', ( #252, #1766, #1267, #2125 ) ) ;
#380 = AXIS2_PLACEMENT_3D ( 'NONE', #2677, #1008, #1981 ) ;
#381 = LINE ( 'NONE', #1999, #1317 ) ;
#382 = EDGE_CURVE ( 'NONE', #1280, #2777, #2824, .T. ) ;
#383 = DIRECTION ( 'NONE',  ( -0.000000000000000000, 1.000000000000000000, -0.000000000000000000 ) ) ;
#384 = AXIS2_PLACEMENT_3D ( 'NONE', #508, #2392, #3030 ) ;
#385 = ADVANCED_FACE ( 'NONE', ( #2174 ), #48, .T. ) ;
#386 = ADVANCED_FACE ( 'NONE', ( #2700 ), #1903, .F. ) ;
#387 = CARTESIAN_POINT ( 'NONE',  ( -12.81418628980633834, 0.000000000000000000, 13.49999999999999822 ) ) ;
#388 = LINE ( 'NONE', #402, #1078 ) ;
#389 =( LENGTH_UNIT ( ) NAMED_UNIT ( * ) SI_UNIT ( .MILLI., .METRE. ) );
#390 = VECTOR ( 'NONE', #1575, 1000.000000000000000 ) ;
#391 = VERTEX_POINT ( 'NONE', #499 ) ;
#392 = EDGE_LOOP ( 'NONE', ( #215, #2573, #162, #1722 ) ) ;
#393 = FACE_OUTER_BOUND ( 'NONE', #2549, .T. ) ;
#394 = VERTEX_POINT ( 'NONE', #2167 ) ;
#395 = DIRECTION ( 'NONE',  ( -1.836970198721029441E-16, 1.000000000000000000, -0.000000000000000000 ) ) ;
#396 = VERTEX_POINT ( 'NONE', #264 ) ;
#397 = DIRECTION ( 'NONE',  ( 0.000000000000000000, 0.000000000000000000, 1.000000000000000000 ) ) ;
#398 = VERTEX_POINT ( 'NONE', #2150 ) ;
#399 = CARTESIAN_POINT ( 'NONE',  ( 12.08578643762690241, -11.79999999999999538, 5.000000000000000000 ) ) ;
#400 = FACE_OUTER_BOUND ( 'NONE', #1578, .T. ) ;
#401 = DIRECTION ( 'NONE',  ( -1.836970198721029441E-16, 1.000000000000000000, -0.000000000000000000 ) ) ;
#402 = CARTESIAN_POINT ( 'NONE',  ( -19.48085295647300086, 0.000000000000000000, -12.50000000000000000 ) ) ;
#403 = DIRECTION ( 'NONE',  ( -1.000000000000000000, 0.000000000000000000, 0.000000000000000000 ) ) ;
#404 = LINE ( 'NONE', #653, #1615 ) ;
#405 = VERTEX_POINT ( 'NONE', #735 ) ;
#406 = ORIENTED_EDGE ( 'NONE', *, *, #2616, .F. ) ;
#407 = EDGE_CURVE ( 'NONE', #469, #2941, #2415, .T. ) ;
#408 = EDGE_CURVE ( 'NONE', #298, #2441, #1641, .T. ) ;
#409 = CARTESIAN_POINT ( 'NONE',  ( -2.633100484259955909, -11.79999999999999716, 11.31315318030783779 ) ) ;
#410 = ORIENTED_EDGE ( 'NONE', *, *, #2650, .F. ) ;
#411 = ORIENTED_EDGE ( 'NONE', *, *, #635, .F. ) ;
#412 = DIRECTION ( 'NONE',  ( -0.000000000000000000, 1.000000000000000000, -0.000000000000000000 ) ) ;
#413 = VECTOR ( 'NONE', #1187, 1000.000000000000000 ) ;
#414 = CARTESIAN_POINT ( 'NONE',  ( 12.08578643762690241, -11.79999999999999538, 3.899999999999999911 ) ) ;
#415 = CARTESIAN_POINT ( 'NONE',  ( 27.51914704352699204, -15.00000000000000000, -16.00000000000000000 ) ) ;
#416 = CARTESIAN_POINT ( 'NONE',  ( -22.48085295647300441, -12.40000000000000036, -12.00000000000000355 ) ) ;
#417 = CARTESIAN_POINT ( 'NONE',  ( -14.49721676793699920, -0.5000000000000004441, 3.899999999999997691 ) ) ;
#418 = DIRECTION ( 'NONE',  ( 0.9615676393087544405, 0.000000000000000000, -0.2745681609986653227 ) ) ;
#419 = SECURITY_CLASSIFICATION_LEVEL ( 'unclassified' ) ;
#420 = CARTESIAN_POINT ( 'NONE',  ( 16.53551085499100282, -0.5000000000000004441, -2.000000000000000000 ) ) ;
#421 = EDGE_LOOP ( 'NONE', ( #1109, #2025 ) ) ;
#422 = FACE_OUTER_BOUND ( 'NONE', #2540, .T. ) ;
#423 = EDGE_CURVE ( 'NONE', #2224, #169, #1752, .T. ) ;
#424 = ORIENTED_EDGE ( 'NONE', *, *, #2333, .T. ) ;
#425 = EDGE_CURVE ( 'NONE', #371, #1715, #486, .T. ) ;
#426 = EDGE_LOOP ( 'NONE', ( #859, #1140, #560, #2046 ) ) ;
#427 = FACE_OUTER_BOUND ( 'NONE', #2632, .T. ) ;
#428 = DIRECTION ( 'NONE',  ( -1.836970198721029441E-16, 1.000000000000000000, -0.000000000000000000 ) ) ;
#429 = AXIS2_PLACEMENT_3D ( 'NONE', #1895, #937, #2607 ) ;
#430 = DIRECTION ( 'NONE',  ( -1.000000000000000000, 0.000000000000000000, -0.000000000000000000 ) ) ;
#431 = VERTEX_POINT ( 'NONE', #70 ) ;
#432 = AXIS2_PLACEMENT_3D ( 'NONE', #849, #583, #1012 ) ;
#433 = CYLINDRICAL_SURFACE ( 'NONE', #1103, 3.249999999999999556 ) ;
#434 = DIRECTION ( 'NONE',  ( -0.000000000000000000, -0.000000000000000000, 1.000000000000000000 ) ) ;
#435 = VECTOR ( 'NONE', #611, 1000.000000000000000 ) ;
#436 = CIRCLE ( 'NONE', #779, 5.000000000000000000 ) ;
#437 = CARTESIAN_POINT ( 'NONE',  ( -4.922649730810377378, -11.79999999999999716, -1.149999999999999911 ) ) ;
#438 = CIRCLE ( 'NONE', #195, 1.700000000000003508 ) ;
#439 = VECTOR ( 'NONE', #2510, 1000.000000000000000 ) ;
#440 = CARTESIAN_POINT ( 'NONE',  ( -22.48085295647300441, -12.40000000000000036, -10.30000000000000071 ) ) ;
#441 = AXIS2_PLACEMENT_3D ( 'NONE', #2763, #645, #2532 ) ;
#442 = ORIENTED_EDGE ( 'NONE', *, *, #425, .T. ) ;
#443 = ADVANCED_FACE ( 'NONE', ( #2865 ), #946, .F. ) ;
#444 = EDGE_CURVE ( 'NONE', #2202, #1644, #253, .T. ) ;
#445 = CARTESIAN_POINT ( 'NONE',  ( -19.48085295647300086, 0.000000000000000000, 8.499999999999998224 ) ) ;
#446 = DIRECTION ( 'NONE',  ( 0.000000000000000000, 0.000000000000000000, 1.000000000000000000 ) ) ;
#447 = ADVANCED_FACE ( 'NONE', ( #2619 ), #1521, .F. ) ;
#448 = CARTESIAN_POINT ( 'NONE',  ( -10.82264973081037773, -11.79999999999999893, -7.806828091810600334 ) ) ;
#449 = ORIENTED_EDGE ( 'NONE', *, *, #989, .T. ) ;
#450 = DIRECTION ( 'NONE',  ( 0.000000000000000000, 0.000000000000000000, -1.000000000000000000 ) ) ;
#451 = FACE_BOUND ( 'NONE', #2029, .T. ) ;
#452 = DATE_TIME_ROLE ( 'classification_date' ) ;
#453 = CARTESIAN_POINT ( 'NONE',  ( -22.48085295647300441, -12.40000000000000036, -12.00000000000000355 ) ) ;
#454 = CARTESIAN_POINT ( 'NONE',  ( 28.51914704352699914, -14.50000000000000533, 14.99999999999999289 ) ) ;
#455 = ORIENTED_EDGE ( 'NONE', *, *, #1913, .T. ) ;
#456 = AXIS2_PLACEMENT_3D ( 'NONE', #1194, #976, #2137 ) ;
#457 = VERTEX_POINT ( 'NONE', #1988 ) ;
#458 = CARTESIAN_POINT ( 'NONE',  ( 26.51914704352699914, -0.5000000000000000000, 0.000000000000000000 ) ) ;
#459 = DIRECTION ( 'NONE',  ( -1.000000000000000000, 0.000000000000000000, 0.000000000000000000 ) ) ;
#460 = ORIENTED_EDGE ( 'NONE', *, *, #2084, .T. ) ;
#461 = EDGE_CURVE ( 'NONE', #1729, #2727, #2470, .T. ) ;
#462 = CARTESIAN_POINT ( 'NONE',  ( 27.51914704352699204, -9.000000000000000000, -16.00000000000000000 ) ) ;
#463 = ADVANCED_FACE ( 'NONE', ( #37 ), #354, .F. ) ;
#464 = CARTESIAN_POINT ( 'NONE',  ( 12.08578643762690241, -11.79999999999999538, 3.899999999999999911 ) ) ;
#465 = DATE_AND_TIME ( #2337, #2459 ) ;
#466 = DIRECTION ( 'NONE',  ( -1.836970198721029688E-16, 1.000000000000000000, 0.000000000000000000 ) ) ;
#467 = DIRECTION ( 'NONE',  ( 0.000000000000000000, 0.000000000000000000, 1.000000000000000000 ) ) ;
#468 = ORIENTED_EDGE ( 'NONE', *, *, #1855, .T. ) ;
#469 = VERTEX_POINT ( 'NONE', #1684 ) ;
#470 = DIRECTION ( 'NONE',  ( 0.9363291775690446572, 0.000000000000000000, 0.3511234415883912607 ) ) ;
#471 = LINE ( 'NONE', #1411, #330 ) ;
#472 = DIRECTION ( 'NONE',  ( -0.000000000000000000, 1.000000000000000000, -0.000000000000000000 ) ) ;
#473 = DIRECTION ( 'NONE',  ( -1.836970198721029441E-16, 1.000000000000000000, -0.000000000000000000 ) ) ;
#474 = VECTOR ( 'NONE', #2092, 1000.000000000000000 ) ;
#475 = CARTESIAN_POINT ( 'NONE',  ( 21.51914704352699559, -0.5000000000000004441, -1.985240989708994430 ) ) ;
#476 = DESIGN_CONTEXT ( 'detailed design', #1594, 'design' ) ;
#477 = EDGE_CURVE ( 'NONE', #2862, #391, #598, .T. ) ;
#478 = DIRECTION ( 'NONE',  ( 0.000000000000000000, 0.000000000000000000, -1.000000000000000000 ) ) ;
#479 = EDGE_CURVE ( 'NONE', #1644, #1518, #1466, .T. ) ;
#480 = VECTOR ( 'NONE', #2830, 1000.000000000000114 ) ;
#481 = ORIENTED_EDGE ( 'NONE', *, *, #551, .F. ) ;
#482 = AXIS2_PLACEMENT_3D ( 'NONE', #333, #2664, #2466 ) ;
#483 = DIRECTION ( 'NONE',  ( 0.000000000000000000, 0.000000000000000000, 1.000000000000000000 ) ) ;
#484 = EDGE_LOOP ( 'NONE', ( #255, #1698 ) ) ;
#486 = LINE ( 'NONE', #1223, #1391 ) ;
#485 = VECTOR ( 'NONE', #79, 1000.000000000000114 ) ;
#487 = ORIENTED_EDGE ( 'NONE', *, *, #87, .F. ) ;
#488 = CIRCLE ( 'NONE', #2609, 5.000000000000000000 ) ;
#489 = CIRCLE ( 'NONE', #441, 0.9000000000000032419 ) ;
#490 = CARTESIAN_POINT ( 'NONE',  ( -22.48085295647300086, -12.40000000000000036, 12.00000000000000000 ) ) ;
#491 = CARTESIAN_POINT ( 'NONE',  ( -9.814186289806338337, -9.000000000000000000, -9.500000000000001776 ) ) ;
#492 = ORIENTED_EDGE ( 'NONE', *, *, #816, .T. ) ;
#493 = CARTESIAN_POINT ( 'NONE',  ( -4.922649730810379154, -0.5000000000000004441, -1.149999999999999911 ) ) ;
#494 = DIRECTION ( 'NONE',  ( -1.000000000000000000, 0.000000000000000000, 0.000000000000000000 ) ) ;
#495 = CARTESIAN_POINT ( 'NONE',  ( 9.614449384976756718, 0.000000000000000000, 13.92192376423484923 ) ) ;
#496 = ORIENTED_EDGE ( 'NONE', *, *, #2248, .T. ) ;
#497 = APPROVAL ( #585, 'UNSPECIFIED' ) ;
#498 = DIRECTION ( 'NONE',  ( -1.836970198721029688E-16, 1.000000000000000000, 0.000000000000000000 ) ) ;
#499 = CARTESIAN_POINT ( 'NONE',  ( -16.39721676793699956, -0.5000000000000004441, -2.000000000000000000 ) ) ;
#500 = EDGE_CURVE ( 'NONE', #43, #1141, #2834, .T. ) ;
#501 = ORIENTED_EDGE ( 'NONE', *, *, #563, .T. ) ;
#502 = ADVANCED_FACE ( 'NONE', ( #1696 ), #1653, .F. ) ;
#503 = CARTESIAN_POINT ( 'NONE',  ( 23.85294014131760676, -9.000000000000000000, -6.407164753943843216 ) ) ;
#504 = FACE_BOUND ( 'NONE', #484, .T. ) ;
#505 = ORIENTED_EDGE ( 'NONE', *, *, #2385, .F. ) ;
#506 = DIRECTION ( 'NONE',  ( 0.000000000000000000, 0.000000000000000000, -1.000000000000000000 ) ) ;
#507 = AXIS2_PLACEMENT_3D ( 'NONE', #656, #1379, #1139 ) ;
#508 = CARTESIAN_POINT ( 'NONE',  ( 28.51914704352699914, -15.00000000000000000, -15.00000000000000000 ) ) ;
#509 = FACE_OUTER_BOUND ( 'NONE', #1566, .T. ) ;
#510 = LINE ( 'NONE', #1433, #84 ) ;
#511 = CARTESIAN_POINT ( 'NONE',  ( -10.82264973081036707, -11.79999999999999893, 5.000000000000000000 ) ) ;
#512 = EDGE_LOOP ( 'NONE', ( #2756, #2274, #1075, #1450 ) ) ;
#513 = VERTEX_POINT ( 'NONE', #526 ) ;
#514 = EDGE_CURVE ( 'NONE', #2294, #1260, #2848, .T. ) ;
#515 = ADVANCED_FACE ( 'NONE', ( #1580 ), #3048, .T. ) ;
#516 = CARTESIAN_POINT ( 'NONE',  ( -2.880211829158752845, -11.79999999999999716, 10.44774230492995848 ) ) ;
#517 = VERTEX_POINT ( 'NONE', #3023 ) ;
#518 = DIRECTION ( 'NONE',  ( -1.836970198721029688E-16, 1.000000000000000000, 0.000000000000000000 ) ) ;
#519 = ORIENTED_EDGE ( 'NONE', *, *, #1510, .F. ) ;
#520 = LINE ( 'NONE', #1458, #1241 ) ;
#521 = LINE ( 'NONE', #1956, #2408 ) ;
#522 = CARTESIAN_POINT ( 'NONE',  ( -10.23866082823991874, -11.79999999999999893, 8.649524351622742913 ) ) ;
#523 = AXIS2_PLACEMENT_3D ( 'NONE', #2208, #2428, #2455 ) ;
#524 = VECTOR ( 'NONE', #1031, 1000.000000000000114 ) ;
#525 = DIRECTION ( 'NONE',  ( -0.000000000000000000, 1.000000000000000000, -0.000000000000000000 ) ) ;
#526 = CARTESIAN_POINT ( 'NONE',  ( 27.51914704352699204, -14.50000000000000533, -16.00000000000000000 ) ) ;
#527 = VERTEX_POINT ( 'NONE', #1392 ) ;
#528 = VECTOR ( 'NONE', #2495, 1000.000000000000114 ) ;
#529 = ORIENTED_EDGE ( 'NONE', *, *, #2561, .F. ) ;
#530 = VECTOR ( 'NONE', #2696, 1000.000000000000000 ) ;
#531 = CARTESIAN_POINT ( 'NONE',  ( 24.51914704352699914, -12.40000000000000036, 12.00000000000000000 ) ) ;
#532 = AXIS2_PLACEMENT_3D ( 'NONE', #531, #58, #795 ) ;
#533 = EDGE_CURVE ( 'NONE', #2421, #371, #223, .T. ) ;
#534 = ORIENTED_EDGE ( 'NONE', *, *, #1719, .T. ) ;
#535 = DIRECTION ( 'NONE',  ( 0.9363291775690446572, 1.693767013105668475E-16, 0.3511234415883912607 ) ) ;
#536 = VERTEX_POINT ( 'NONE', #2277 ) ;
#537 = AXIS2_PLACEMENT_3D ( 'NONE', #2742, #2989, #876 ) ;
#538 = CYLINDRICAL_SURFACE ( 'NONE', #2185, 1.149999999999999911 ) ;
#539 = DIRECTION ( 'NONE',  ( -0.9363291775690446572, 0.000000000000000000, 0.3511234415883912607 ) ) ;
#540 = DIRECTION ( 'NONE',  ( -0.000000000000000000, 1.000000000000000000, -0.000000000000000000 ) ) ;
#541 = CARTESIAN_POINT ( 'NONE',  ( -21.48085295647300086, 0.000000000000000000, 7.000000000000000000 ) ) ;
#542 = ORIENTED_EDGE ( 'NONE', *, *, #1108, .T. ) ;
#543 = ORIENTED_EDGE ( 'NONE', *, *, #3051, .F. ) ;
#544 = CARTESIAN_POINT ( 'NONE',  ( -12.81418628980633656, -9.000000000000000000, 13.49999999999999822 ) ) ;
#545 = ORIENTED_EDGE ( 'NONE', *, *, #203, .T. ) ;
#546 = LINE ( 'NONE', #1485, #2063 ) ;
#547 = VERTEX_POINT ( 'NONE', #2307 ) ;
#548 = DIRECTION ( 'NONE',  ( 0.000000000000000000, 0.000000000000000000, 1.000000000000000000 ) ) ;
#549 = EDGE_CURVE ( 'NONE', #1111, #2706, #930, .T. ) ;
#550 = FACE_OUTER_BOUND ( 'NONE', #1976, .T. ) ;
#551 = EDGE_CURVE ( 'NONE', #2897, #602, #2045, .T. ) ;
#552 = CIRCLE ( 'NONE', #2285, 5.000000000000000888 ) ;
#553 = DIRECTION ( 'NONE',  ( 1.000000000000000000, 0.000000000000000000, 0.000000000000000000 ) ) ;
#554 = ORIENTED_EDGE ( 'NONE', *, *, #1985, .F. ) ;
#555 = ORIENTED_EDGE ( 'NONE', *, *, #2685, .F. ) ;
#556 = DIRECTION ( 'NONE',  ( -0.000000000000000000, 1.000000000000000000, -0.000000000000000000 ) ) ;
#557 = CARTESIAN_POINT ( 'NONE',  ( -3.196222926588304425, -0.5000000000000004441, -11.29043856474209839 ) ) ;
#558 = ORIENTED_EDGE ( 'NONE', *, *, #2124, .T. ) ;
#559 = DIRECTION ( 'NONE',  ( -1.836970198721029441E-16, 1.000000000000000000, -0.000000000000000000 ) ) ;
#560 = ORIENTED_EDGE ( 'NONE', *, *, #407, .F. ) ;
#561 = CARTESIAN_POINT ( 'NONE',  ( -2.633100484259955465, -11.79999999999999716, 11.31315318030783956 ) ) ;
#562 = CARTESIAN_POINT ( 'NONE',  ( -22.48085295647300086, -15.00000000000000178, 13.70000000000000107 ) ) ;
#563 = EDGE_CURVE ( 'NONE', #2671, #177, #2818, .T. ) ;
#564 = ADVANCED_FACE ( 'NONE', ( #422 ), #905, .T. ) ;
#565 = CARTESIAN_POINT ( 'NONE',  ( 12.30862072773752658, -0.5000000000000000000, 12.50000000000000000 ) ) ;
#566 = DIRECTION ( 'NONE',  ( -0.000000000000000000, -0.000000000000000000, 1.000000000000000000 ) ) ;
#567 = VERTEX_POINT ( 'NONE', #196 ) ;
#568 = EDGE_LOOP ( 'NONE', ( #126, #2388, #2403, #1975 ) ) ;
#569 = VECTOR ( 'NONE', #1977, 1000.000000000000000 ) ;
#570 = EDGE_CURVE ( 'NONE', #1051, #2862, #1874, .T. ) ;
#571 = DIRECTION ( 'NONE',  ( 0.000000000000000000, 0.000000000000000000, -1.000000000000000000 ) ) ;
#572 = ORIENTED_EDGE ( 'NONE', *, *, #1548, .F. ) ;
#573 = CIRCLE ( 'NONE', #233, 1.700000000000000178 ) ;
#574 = LINE ( 'NONE', #1070, #1714 ) ;
#575 = AXIS2_PLACEMENT_3D ( 'NONE', #2404, #981, #1925 ) ;
#576 = VECTOR ( 'NONE', #724, 1000.000000000000000 ) ;
#577 = ORIENTED_EDGE ( 'NONE', *, *, #985, .T. ) ;
#578 = DIRECTION ( 'NONE',  ( -0.7999999999999999334, -0.000000000000000000, 0.6000000000000001998 ) ) ;
#579 = VERTEX_POINT ( 'NONE', #440 ) ;
#580 = AXIS2_PLACEMENT_3D ( 'NONE', #718, #428, #1905 ) ;
#581 = LINE ( 'NONE', #2901, #1021 ) ;
#582 = CC_DESIGN_APPROVAL ( #497, ( #2271 ) ) ;
#583 = DIRECTION ( 'NONE',  ( 0.000000000000000000, -1.000000000000000000, 0.000000000000000000 ) ) ;
#584 = CARTESIAN_POINT ( 'NONE',  ( -10.82264973081037773, -11.79999999999999893, 6.535889741755010363 ) ) ;
#585 = APPROVAL_STATUS ( 'not_yet_approved' ) ;
#586 = ORIENTED_EDGE ( 'NONE', *, *, #729, .F. ) ;
#587 = ORIENTED_EDGE ( 'NONE', *, *, #2158, .F. ) ;
#588 = DIRECTION ( 'NONE',  ( -0.000000000000000000, 1.000000000000000000, -0.000000000000000000 ) ) ;
#589 = EDGE_CURVE ( 'NONE', #1518, #853, #2061, .T. ) ;
#590 = ORIENTED_EDGE ( 'NONE', *, *, #2909, .F. ) ;
#591 = EDGE_CURVE ( 'NONE', #111, #1152, #1438, .T. ) ;
#592 = LINE ( 'NONE', #1817, #1869 ) ;
#593 = EDGE_LOOP ( 'NONE', ( #792, #363, #1004, #689 ) ) ;
#594 = CARTESIAN_POINT ( 'NONE',  ( 16.53551085499100282, -0.5000000000000004441, 2.000000000000000000 ) ) ;
#595 = ORIENTED_EDGE ( 'NONE', *, *, #1687, .T. ) ;
#596 = CARTESIAN_POINT ( 'NONE',  ( 26.51914704352699914, -0.5000000000000000000, -1.985240989708994430 ) ) ;
#597 = CARTESIAN_POINT ( 'NONE',  ( -26.48085295647300086, -14.50000000000000533, 15.00000000000000000 ) ) ;
#598 = CIRCLE ( 'NONE', #2967, 1.899999999999999023 ) ;
#599 = DIRECTION ( 'NONE',  ( 0.6785983445458454444, -0.6785983445458454444, -0.2810846377148276121 ) ) ;
#600 = LINE ( 'NONE', #190, #2262 ) ;
#601 = LINE ( 'NONE', #2023, #2364 ) ;
#602 = VERTEX_POINT ( 'NONE', #2790 ) ;
#603 = ORIENTED_EDGE ( 'NONE', *, *, #1330, .T. ) ;
#604 = AXIS2_PLACEMENT_3D ( 'NONE', #1790, #1341, #2752 ) ;
#605 = CARTESIAN_POINT ( 'NONE',  ( -10.82264973081036352, -11.79999999999999893, 5.000000000000000000 ) ) ;
#606 = ORIENTED_EDGE ( 'NONE', *, *, #1086, .F. ) ;
#607 = DIRECTION ( 'NONE',  ( -1.000000000000000000, 0.000000000000000000, 0.000000000000000000 ) ) ;
#608 = EDGE_CURVE ( 'NONE', #1331, #405, #1359, .T. ) ;
#609 = EDGE_CURVE ( 'NONE', #1444, #957, #1179, .T. ) ;
#610 = ORIENTED_EDGE ( 'NONE', *, *, #266, .F. ) ;
#611 = DIRECTION ( 'NONE',  ( 1.000000000000000000, 0.000000000000000000, 0.000000000000000000 ) ) ;
#612 = VERTEX_POINT ( 'NONE', #891 ) ;
#613 = VERTEX_POINT ( 'NONE', #1608 ) ;
#614 = FACE_OUTER_BOUND ( 'NONE', #2229, .T. ) ;
#615 = LINE ( 'NONE', #123, #524 ) ;
#616 = LINE ( 'NONE', #1305, #168 ) ;
#617 = CARTESIAN_POINT ( 'NONE',  ( -21.48085295647300086, -9.000000000000000000, -4.500000000000003553 ) ) ;
#618 = APPLICATION_PROTOCOL_DEFINITION ( 'international standard', 'config_control_design', 1994, #1184 ) ;
#619 = VERTEX_POINT ( 'NONE', #2339 ) ;
#620 = ORIENTED_EDGE ( 'NONE', *, *, #44, .T. ) ;
#621 = DIRECTION ( 'NONE',  ( -1.836970198721029688E-16, 1.000000000000000000, 0.000000000000000000 ) ) ;
#622 = ORIENTED_EDGE ( 'NONE', *, *, #1724, .F. ) ;
#623 = VECTOR ( 'NONE', #2875, 1000.000000000000000 ) ;
#624 = DIRECTION ( 'NONE',  ( -0.8843847528469696018, -0.000000000000000000, -0.4667586195581228670 ) ) ;
#625 = VECTOR ( 'NONE', #1618, 1000.000000000000000 ) ;
#626 = VERTEX_POINT ( 'NONE', #2556 ) ;
#627 = CARTESIAN_POINT ( 'NONE',  ( -10.82264973081036352, -11.79999999999999893, 5.000000000000000000 ) ) ;
#628 = EDGE_LOOP ( 'NONE', ( #998, #890, #1881, #1073 ) ) ;
#629 = ADVANCED_FACE ( 'NONE', ( #393 ), #1333, .T. ) ;
#630 = AXIS2_PLACEMENT_3D ( 'NONE', #2755, #1577, #903 ) ;
#631 = CARTESIAN_POINT ( 'NONE',  ( 23.85294014131761031, -9.000000000000000000, -6.407164753943843216 ) ) ;
#632 = DIRECTION ( 'NONE',  ( -0.6000000000000001998, 0.000000000000000000, -0.7999999999999999334 ) ) ;
#633 = CIRCLE ( 'NONE', #1662, 1.899999999999997691 ) ;
#634 = LINE ( 'NONE', #2999, #67 ) ;
#635 = EDGE_CURVE ( 'NONE', #2308, #1926, #1832, .T. ) ;
#636 = DIRECTION ( 'NONE',  ( -1.000000000000000000, 0.000000000000000000, 0.000000000000000000 ) ) ;
#637 = CARTESIAN_POINT ( 'NONE',  ( 24.51914704352699914, -15.00000000000000178, 12.00000000000000000 ) ) ;
#638 = LINE ( 'NONE', #221, #2604 ) ;
#639 = ADVANCED_FACE ( 'NONE', ( #2542 ), #2803, .F. ) ;
#640 = ORIENTED_EDGE ( 'NONE', *, *, #691, .T. ) ;
#641 = EDGE_LOOP ( 'NONE', ( #2062, #1846, #1758, #2489 ) ) ;
#642 = CARTESIAN_POINT ( 'NONE',  ( -14.49721676793699920, -11.80000000000000071, -3.900000000000000355 ) ) ;
#643 = ORIENTED_EDGE ( 'NONE', *, *, #1736, .F. ) ;
#644 = EDGE_LOOP ( 'NONE', ( #2623, #1138, #1686, #640, #134, #1991, #1506, #77 ) ) ;
#645 = DIRECTION ( 'NONE',  ( -1.836970198721029688E-16, 1.000000000000000000, 0.000000000000000000 ) ) ;
#646 = CARTESIAN_POINT ( 'NONE',  ( 0.000000000000000000, 0.000000000000000000, 0.000000000000000000 ) ) ;
#647 = LINE ( 'NONE', #881, #884 ) ;
#648 = LINE ( 'NONE', #3039, #877 ) ;
#649 = FACE_BOUND ( 'NONE', #1557, .T. ) ;
#650 = CARTESIAN_POINT ( 'NONE',  ( 24.51914704352699914, -9.000000000000000000, 8.750000000000000000 ) ) ;
#651 = EDGE_CURVE ( 'NONE', #1527, #1121, #164, .T. ) ;
#652 = SHAPE_DEFINITION_REPRESENTATION ( #2997, #1095 ) ;
#653 = CARTESIAN_POINT ( 'NONE',  ( -11.48085295647300086, 0.000000000000000000, 14.50000000000000000 ) ) ;
#654 = ADVANCED_FACE ( 'NONE', ( #714 ), #1920, .T. ) ;
#655 = ORIENTED_EDGE ( 'NONE', *, *, #1570, .F. ) ;
#656 = CARTESIAN_POINT ( 'NONE',  ( 7.280656287186142883, 0.000000000000000000, 9.500000000000001776 ) ) ;
#657 = VERTEX_POINT ( 'NONE', #2180 ) ;
#658 = ORIENTED_EDGE ( 'NONE', *, *, #1754, .F. ) ;
#659 = VECTOR ( 'NONE', #2292, 1000.000000000000000 ) ;
#660 = CARTESIAN_POINT ( 'NONE',  ( -22.48085295647300441, -12.40000000000000036, -12.00000000000000355 ) ) ;
#661 = DIRECTION ( 'NONE',  ( -0.8843847528469696018, 0.000000000000000000, 0.4667586195581228670 ) ) ;
#662 = LINE ( 'NONE', #415, #2207 ) ;
#663 = LINE ( 'NONE', #1586, #2449 ) ;
#664 = CARTESIAN_POINT ( 'NONE',  ( 8.519147043526995589, -9.000000000000000000, -14.50000000000000000 ) ) ;
#665 = CYLINDRICAL_SURFACE ( 'NONE', #2514, 5.000000000000000000 ) ;
#666 = APPROVAL_DATE_TIME ( #3001, #2590 ) ;
#667 = FACE_OUTER_BOUND ( 'NONE', #2724, .T. ) ;
#668 = EDGE_CURVE ( 'NONE', #871, #2911, #1464, .T. ) ;
#669 = EDGE_CURVE ( 'NONE', #152, #744, #1555, .T. ) ;
#670 = CARTESIAN_POINT ( 'NONE',  ( -9.922649730810379154, -0.5000000000000004441, -7.806828091810600334 ) ) ;
#671 = ORIENTED_EDGE ( 'NONE', *, *, #2522, .F. ) ;
#672 = DIRECTION ( 'NONE',  ( 0.000000000000000000, 1.000000000000000000, 0.000000000000000000 ) ) ;
#673 = CIRCLE ( 'NONE', #1127, 3.249999999999999556 ) ;
#674 = LINE ( 'NONE', #2589, #929 ) ;
#675 = VECTOR ( 'NONE', #952, 1000.000000000000000 ) ;
#676 = LINE ( 'NONE', #910, #1066 ) ;
#677 = ORIENTED_EDGE ( 'NONE', *, *, #408, .F. ) ;
#678 = VECTOR ( 'NONE', #2622, 1000.000000000000114 ) ;
#679 = FACE_OUTER_BOUND ( 'NONE', #2976, .T. ) ;
#680 = DIRECTION ( 'NONE',  ( 0.000000000000000000, -1.000000000000000000, -0.000000000000000000 ) ) ;
#681 = PERSON_AND_ORGANIZATION ( #2384, #2073 ) ;
#682 = AXIS2_PLACEMENT_3D ( 'NONE', #437, #1377, #193 ) ;
#683 = CIRCLE ( 'NONE', #3006, 1.700000000000003508 ) ;
#684 = LINE ( 'NONE', #1117, #880 ) ;
#685 = VECTOR ( 'NONE', #2867, 1000.000000000000000 ) ;
#686 = DIRECTION ( 'NONE',  ( -0.000000000000000000, 1.000000000000000000, -0.000000000000000000 ) ) ;
#687 = AXIS2_PLACEMENT_3D ( 'NONE', #1755, #1293, #2288 ) ;
#688 = ORIENTED_EDGE ( 'NONE', *, *, #2683, .T. ) ;
#689 = ORIENTED_EDGE ( 'NONE', *, *, #423, .F. ) ;
#690 = ADVANCED_FACE ( 'NONE', ( #2166 ), #1002, .T. ) ;
#691 = EDGE_CURVE ( 'NONE', #1141, #2941, #1683, .T. ) ;
#692 = DIRECTION ( 'NONE',  ( 0.000000000000000000, 0.000000000000000000, 1.000000000000000000 ) ) ;
#693 = LINE ( 'NONE', #271, #675 ) ;
#694 = ORIENTED_EDGE ( 'NONE', *, *, #1915, .T. ) ;
#695 = DIRECTION ( 'NONE',  ( -0.000000000000000000, 1.000000000000000000, -0.000000000000000000 ) ) ;
#696 = FACE_OUTER_BOUND ( 'NONE', #2042, .T. ) ;
#697 = UNCERTAINTY_MEASURE_WITH_UNIT (LENGTH_MEASURE( 1.000000000000000082E-05 ), #389, 'distance_accuracy_value', 'NONE');
#698 = COORDINATED_UNIVERSAL_TIME_OFFSET ( 0, 0, .AHEAD. ) ;
#699 = CARTESIAN_POINT ( 'NONE',  ( -22.48085295647300441, -9.000000000000000000, -15.25000000000000355 ) ) ;
#700 = CARTESIAN_POINT ( 'NONE',  ( -12.81418628980633834, 0.000000000000000000, -13.49999999999999822 ) ) ;
#701 = EDGE_LOOP ( 'NONE', ( #313, #2448, #1281, #2344 ) ) ;
#702 = VECTOR ( 'NONE', #2334, 1000.000000000000000 ) ;
#703 = ORIENTED_EDGE ( 'NONE', *, *, #1042, .F. ) ;
#704 = EDGE_CURVE ( 'NONE', #1516, #2777, #2599, .T. ) ;
#705 = VECTOR ( 'NONE', #2115, 1000.000000000000000 ) ;
#706 = DIRECTION ( 'NONE',  ( 0.000000000000000000, 0.000000000000000000, 1.000000000000000000 ) ) ;
#707 = EDGE_CURVE ( 'NONE', #1121, #1260, #1950, .T. ) ;
#708 = PLANE ( 'NONE',  #2554 ) ;
#709 = ORIENTED_EDGE ( 'NONE', *, *, #2462, .F. ) ;
#710 = CYLINDRICAL_SURFACE ( 'NONE', #1249, 0.8999999999999998002 ) ;
#711 = DIRECTION ( 'NONE',  ( 0.000000000000000000, -0.000000000000000000, -1.000000000000000000 ) ) ;
#712 = CARTESIAN_POINT ( 'NONE',  ( 18.43551085499100139, -0.5000000000000004441, 2.000000000000000444 ) ) ;
#713 = VERTEX_POINT ( 'NONE', #700 ) ;
#714 = FACE_OUTER_BOUND ( 'NONE', #2653, .T. ) ;
#715 = ORIENTED_EDGE ( 'NONE', *, *, #2103, .T. ) ;
#716 = CARTESIAN_POINT ( 'NONE',  ( -25.98085295647300796, -15.00000000000000000, -14.99999999999999289 ) ) ;
#717 = EDGE_LOOP ( 'NONE', ( #1493, #2651 ) ) ;
#718 = CARTESIAN_POINT ( 'NONE',  ( -11.92264973081035961, -11.79999999999999893, 5.000000000000000000 ) ) ;
#719 = EDGE_CURVE ( 'NONE', #1332, #249, #510, .T. ) ;
#720 = CARTESIAN_POINT ( 'NONE',  ( 24.51914704352699914, -12.40000000000000036, 8.750000000000000000 ) ) ;
#721 = CARTESIAN_POINT ( 'NONE',  ( -22.48085295647300441, -9.000000000000000000, -8.750000000000003553 ) ) ;
#722 = CARTESIAN_POINT ( 'NONE',  ( -9.922649730810377378, -11.79999999999999893, 7.806828091810600334 ) ) ;
#723 = AXIS2_PLACEMENT_3D ( 'NONE', #1542, #2491, #2444 ) ;
#724 = DIRECTION ( 'NONE',  ( 0.000000000000000000, -1.000000000000000000, 0.000000000000000000 ) ) ;
#725 = EDGE_CURVE ( 'NONE', #1978, #22, #2199, .T. ) ;
#726 = DIRECTION ( 'NONE',  ( 0.000000000000000000, -0.000000000000000000, 1.000000000000000000 ) ) ;
#727 = AXIS2_PLACEMENT_3D ( 'NONE', #1916, #743, #1477 ) ;
#728 = ORIENTED_EDGE ( 'NONE', *, *, #160, .T. ) ;
#729 = EDGE_CURVE ( 'NONE', #2889, #181, #1405, .T. ) ;
#730 = VECTOR ( 'NONE', #578, 1000.000000000000114 ) ;
#731 = CIRCLE ( 'NONE', #1220, 3.249999999999999556 ) ;
#732 = CARTESIAN_POINT ( 'NONE',  ( -20.23085295647290138, -9.000000000000000000, 21.25000000000004974 ) ) ;
#733 = ORIENTED_EDGE ( 'NONE', *, *, #479, .T. ) ;
#735 = CARTESIAN_POINT ( 'NONE',  ( -11.92264973081037738, -0.5000000000000004441, -3.899999999999999911 ) ) ;
#734 = AXIS2_PLACEMENT_3D ( 'NONE', #1409, #2082, #692 ) ;
#736 = ORIENTED_EDGE ( 'NONE', *, *, #1753, .T. ) ;
#737 = APPROVAL_PERSON_ORGANIZATION ( #818, #497, #1522 ) ;
#738 = DIRECTION ( 'NONE',  ( -0.000000000000000000, 1.000000000000000000, -0.000000000000000000 ) ) ;
#739 = DIRECTION ( 'NONE',  ( 0.000000000000000000, 0.000000000000000000, 1.000000000000000000 ) ) ;
#740 = ORIENTED_EDGE ( 'NONE', *, *, #2314, .F. ) ;
#741 = CARTESIAN_POINT ( 'NONE',  ( -2.880211829158750181, -0.5000000000000004441, -10.44774230492995848 ) ) ;
#742 = LINE ( 'NONE', #18, #93 ) ;
#743 = DIRECTION ( 'NONE',  ( -0.000000000000000000, 1.000000000000000000, -0.000000000000000000 ) ) ;
#744 = VERTEX_POINT ( 'NONE', #1221 ) ;
#745 = ADVANCED_FACE ( 'NONE', ( #2586 ), #54, .F. ) ;
#746 = EDGE_CURVE ( 'NONE', #1260, #2808, #2394, .T. ) ;
#747 = CARTESIAN_POINT ( 'NONE',  ( -9.814186289806338337, 0.000000000000000000, 9.500000000000001776 ) ) ;
#748 = DIRECTION ( 'NONE',  ( -6.776750031527378598E-15, 0.000000000000000000, 1.000000000000000000 ) ) ;
#749 = VERTEX_POINT ( 'NONE', #944 ) ;
#750 = VECTOR ( 'NONE', #3034, 1000.000000000000000 ) ;
#751 = AXIS2_PLACEMENT_3D ( 'NONE', #584, #2370, #2931 ) ;
#752 = CARTESIAN_POINT ( 'NONE',  ( -6.072649730810379509, -0.5000000000000004441, 0.000000000000000000 ) ) ;
#753 = ORIENTED_EDGE ( 'NONE', *, *, #1647, .T. ) ;
#754 = PLANE ( 'NONE',  #482 ) ;
#755 = ORIENTED_EDGE ( 'NONE', *, *, #608, .F. ) ;
#756 = CARTESIAN_POINT ( 'NONE',  ( -22.48085295647300086, -9.000000000000000000, 12.00000000000000000 ) ) ;
#757 = FACE_BOUND ( 'NONE', #1579, .T. ) ;
#758 = VECTOR ( 'NONE', #1147, 1000.000000000000000 ) ;
#759 = LINE ( 'NONE', #1666, #480 ) ;
#760 = CARTESIAN_POINT ( 'NONE',  ( -16.48085295647299731, -9.000000000000000000, 4.500000000000002665 ) ) ;
#761 = DIRECTION ( 'NONE',  ( 0.000000000000000000, 0.000000000000000000, -1.000000000000000000 ) ) ;
#762 = EDGE_CURVE ( 'NONE', #2739, #2543, #1887, .T. ) ;
#763 = ORIENTED_EDGE ( 'NONE', *, *, #477, .T. ) ;
#764 = ORIENTED_EDGE ( 'NONE', *, *, #989, .F. ) ;
#765 = FACE_OUTER_BOUND ( 'NONE', #426, .T. ) ;
#766 = ORIENTED_EDGE ( 'NONE', *, *, #2787, .T. ) ;
#767 = CARTESIAN_POINT ( 'NONE',  ( -9.922649730810377378, -11.79999999999999893, -7.806828091810600334 ) ) ;
#768 = ORIENTED_EDGE ( 'NONE', *, *, #2685, .T. ) ;
#769 = EDGE_CURVE ( 'NONE', #567, #111, #2367, .T. ) ;
#770 = FACE_OUTER_BOUND ( 'NONE', #115, .T. ) ;
#771 = CARTESIAN_POINT ( 'NONE',  ( -3.196222926588303537, -11.79999999999999716, -11.29043856474209662 ) ) ;
#772 = CARTESIAN_POINT ( 'NONE',  ( 18.43551085499100139, -0.5000000000000004441, -2.000000000000000444 ) ) ;
#773 = AXIS2_PLACEMENT_3D ( 'NONE', #1270, #2968, #1794 ) ;
#774 = CIRCLE ( 'NONE', #2003, 0.8999999999999998002 ) ;
#775 = DIRECTION ( 'NONE',  ( -0.6000000000000001998, 0.000000000000000000, 0.7999999999999999334 ) ) ;
#776 = ORIENTED_EDGE ( 'NONE', *, *, #291, .T. ) ;
#777 = VECTOR ( 'NONE', #895, 1000.000000000000000 ) ;
#778 = ORIENTED_EDGE ( 'NONE', *, *, #1797, .F. ) ;
#779 = AXIS2_PLACEMENT_3D ( 'NONE', #1189, #680, #2131 ) ;
#780 = DIRECTION ( 'NONE',  ( 0.7071067811865500152, -0.000000000000000000, 0.7071067811865451302 ) ) ;
#781 = CIRCLE ( 'NONE', #95, 1.149999999999999911 ) ;
#782 = EDGE_CURVE ( 'NONE', #1428, #513, #1695, .T. ) ;
#783 = EDGE_CURVE ( 'NONE', #602, #547, #958, .T. ) ;
#784 = ORIENTED_EDGE ( 'NONE', *, *, #3046, .T. ) ;
#785 = DIRECTION ( 'NONE',  ( -1.836970198721029441E-16, 1.000000000000000000, 0.000000000000000000 ) ) ;
#786 = ORIENTED_EDGE ( 'NONE', *, *, #87, .T. ) ;
#787 = AXIS2_PLACEMENT_3D ( 'NONE', #2981, #2948, #1327 ) ;
#788 = DIRECTION ( 'NONE',  ( 0.000000000000000000, 0.000000000000000000, 1.000000000000000000 ) ) ;
#789 = DIRECTION ( 'NONE',  ( 0.7071067811865451302, -0.000000000000000000, -0.7071067811865500152 ) ) ;
#790 = CARTESIAN_POINT ( 'NONE',  ( -19.48085295647300086, -0.5000000000000000000, 12.50000000000000000 ) ) ;
#791 = ORIENTED_EDGE ( 'NONE', *, *, #2333, .F. ) ;
#792 = ORIENTED_EDGE ( 'NONE', *, *, #2893, .F. ) ;
#793 = DIRECTION ( 'NONE',  ( -0.000000000000000000, 1.000000000000000000, -0.000000000000000000 ) ) ;
#794 = VECTOR ( 'NONE', #872, 1000.000000000000000 ) ;
#795 = DIRECTION ( 'NONE',  ( 0.000000000000000000, 0.000000000000000000, 1.000000000000000000 ) ) ;
#796 = ORIENTED_EDGE ( 'NONE', *, *, #1738, .F. ) ;
#797 = CARTESIAN_POINT ( 'NONE',  ( -19.48085295647300086, 0.000000000000000000, -8.499999999999998224 ) ) ;
#798 = ORIENTED_EDGE ( 'NONE', *, *, #2877, .T. ) ;
#799 = EDGE_CURVE ( 'NONE', #1294, #2416, #1063, .T. ) ;
#800 = EDGE_CURVE ( 'NONE', #1034, #2202, #2846, .T. ) ;
#801 = PLANE ( 'NONE',  #2161 ) ;
#802 = DIRECTION ( 'NONE',  ( -0.000000000000000000, 1.000000000000000000, -0.000000000000000000 ) ) ;
#803 = VECTOR ( 'NONE', #1603, 1000.000000000000000 ) ;
#804 = DIRECTION ( 'NONE',  ( 0.000000000000000000, 0.000000000000000000, -1.000000000000000000 ) ) ;
#805 = VERTEX_POINT ( 'NONE', #1713 ) ;
#806 = VERTEX_POINT ( 'NONE', #2659 ) ;
#807 = LINE ( 'NONE', #100, #569 ) ;
#808 = ORIENTED_EDGE ( 'NONE', *, *, #2162, .F. ) ;
#809 = FACE_OUTER_BOUND ( 'NONE', #2080, .T. ) ;
#810 = ORIENTED_EDGE ( 'NONE', *, *, #1930, .T. ) ;
#811 = CARTESIAN_POINT ( 'NONE',  ( 18.43551085499100495, -11.79999999999999538, 2.000000000000000444 ) ) ;
#812 = EDGE_LOOP ( 'NONE', ( #125, #2366, #1455, #1423, #2644, #148, #1734, #753, #2032, #2879, #2379, #150, #2884, #2676, #2211, #154, #945, #1386, #2826, #620, #119, #2741, #57, #1255, #1513, #1888, #1171, #166 ) ) ;
#813 = LINE ( 'NONE', #2873, #973 ) ;
#814 = FACE_BOUND ( 'NONE', #225, .T. ) ;
#815 = CARTESIAN_POINT ( 'NONE',  ( -25.48085295647300086, -15.00000000000000000, -16.00000000000000000 ) ) ;
#816 = EDGE_CURVE ( 'NONE', #1283, #1243, #2645, .T. ) ;
#817 = ADVANCED_FACE ( 'NONE', ( #81 ), #2440, .F. ) ;
#818 = PERSON_AND_ORGANIZATION ( #2384, #2073 ) ;
#819 = AXIS2_PLACEMENT_3D ( 'NONE', #2708, #588, #1526 ) ;
#820 = ORIENTED_EDGE ( 'NONE', *, *, #916, .F. ) ;
#821 = EDGE_LOOP ( 'NONE', ( #2114, #2958, #980, #606 ) ) ;
#822 = AXIS2_PLACEMENT_3D ( 'NONE', #2164, #2365, #2378 ) ;
#823 = FACE_OUTER_BOUND ( 'NONE', #312, .T. ) ;
#824 = ORIENTED_EDGE ( 'NONE', *, *, #2233, .F. ) ;
#825 = CIRCLE ( 'NONE', #2802, 3.249999999999999556 ) ;
#826 = CARTESIAN_POINT ( 'NONE',  ( 24.51914704352699914, -9.000000000000000000, 8.750000000000000000 ) ) ;
#827 = AXIS2_PLACEMENT_3D ( 'NONE', #106, #1997, #2693 ) ;
#828 = AXIS2_PLACEMENT_3D ( 'NONE', #94, #1519, #2639 ) ;
#829 = VERTEX_POINT ( 'NONE', #1491 ) ;
#830 = LINE ( 'NONE', #1497, #2309 ) ;
#831 = ORIENTED_EDGE ( 'NONE', *, *, #2318, .F. ) ;
#832 = VECTOR ( 'NONE', #2198, 1000.000000000000000 ) ;
#833 = DIRECTION ( 'NONE',  ( -1.000000000000000000, 0.000000000000000000, 0.000000000000000000 ) ) ;
#834 = FACE_OUTER_BOUND ( 'NONE', #1009, .T. ) ;
#835 = CARTESIAN_POINT ( 'NONE',  ( -10.82264973081037773, -11.79999999999999893, -5.000000000000000000 ) ) ;
#836 = DIRECTION ( 'NONE',  ( -0.000000000000000000, 1.000000000000000000, 0.000000000000000000 ) ) ;
#837 = DIRECTION ( 'NONE',  ( -0.000000000000000000, 1.000000000000000000, -0.000000000000000000 ) ) ;
#838 = ADVANCED_FACE ( 'NONE', ( #1032 ), #1739, .T. ) ;
#839 = ORIENTED_EDGE ( 'NONE', *, *, #2250, .F. ) ;
#840 = ORIENTED_EDGE ( 'NONE', *, *, #236, .T. ) ;
#841 = ADVANCED_FACE ( 'NONE', ( #1015 ), #311, .T. ) ;
#842 = CARTESIAN_POINT ( 'NONE',  ( -10.82264973081037951, -11.79999999999999893, -6.535889741755010363 ) ) ;
#843 = ORIENTED_EDGE ( 'NONE', *, *, #899, .F. ) ;
#844 = CYLINDRICAL_SURFACE ( 'NONE', #1029, 3.249999999999999556 ) ;
#845 = ORIENTED_EDGE ( 'NONE', *, *, #1420, .T. ) ;
#846 = CARTESIAN_POINT ( 'NONE',  ( 24.51914704352699914, -9.000000000000000000, -8.750000000000003553 ) ) ;
#847 = ORIENTED_EDGE ( 'NONE', *, *, #2683, .F. ) ;
#848 = LINE ( 'NONE', #896, #2069 ) ;
#849 = CARTESIAN_POINT ( 'NONE',  ( -20.78085295647299802, -12.40000000000000036, 12.00000000000000000 ) ) ;
#850 = VECTOR ( 'NONE', #761, 1000.000000000000000 ) ;
#851 = LINE ( 'NONE', #189, #803 ) ;
#852 = CARTESIAN_POINT ( 'NONE',  ( -25.27374617528645473, -15.00000000000000000, -15.50000000000000711 ) ) ;
#853 = VERTEX_POINT ( 'NONE', #2670 ) ;
#854 = AXIS2_PLACEMENT_3D ( 'NONE', #2593, #1429, #450 ) ;
#855 = EDGE_LOOP ( 'NONE', ( #1193, #519, #1962, #2745 ) ) ;
#856 = CC_DESIGN_PERSON_AND_ORGANIZATION_ASSIGNMENT ( #3020, #2799, ( #1375 ) ) ;
#857 = AXIS2_PLACEMENT_3D ( 'NONE', #2322, #695, #1851 ) ;
#858 = DIRECTION ( 'NONE',  ( 0.000000000000000000, 0.000000000000000000, -1.000000000000000000 ) ) ;
#859 = ORIENTED_EDGE ( 'NONE', *, *, #1236, .T. ) ;
#860 = EDGE_CURVE ( 'NONE', #2189, #2808, #2686, .T. ) ;
#861 = FACE_OUTER_BOUND ( 'NONE', #105, .T. ) ;
#862 = ORIENTED_EDGE ( 'NONE', *, *, #2235, .F. ) ;
#863 = DIRECTION ( 'NONE',  ( -1.000000000000000000, 0.000000000000000000, -0.000000000000000000 ) ) ;
#864 = ORIENTED_EDGE ( 'NONE', *, *, #2142, .F. ) ;
#865 = DIRECTION ( 'NONE',  ( -0.000000000000000000, 1.000000000000000000, -0.000000000000000000 ) ) ;
#866 = FACE_OUTER_BOUND ( 'NONE', #323, .T. ) ;
#867 = DIRECTION ( 'NONE',  ( 0.000000000000000000, 0.000000000000000000, 1.000000000000000000 ) ) ;
#868 = LINE ( 'NONE', #2717, #2212 ) ;
#869 = DIRECTION ( 'NONE',  ( -1.000000000000000000, 0.000000000000000000, 0.000000000000000000 ) ) ;
#870 = EDGE_LOOP ( 'NONE', ( #2743, #2010, #703, #1834, #1917, #3005, #2833, #555, #1406, #334, #2678, #1745, #2210, #33, #1556, #2260, #2430, #1288, #1033, #117, #2985, #1891, #2660, #210, #1602, #961, #862, #1799 ) ) ;
#871 = VERTEX_POINT ( 'NONE', #1504 ) ;
#872 = DIRECTION ( 'NONE',  ( -0.9615676393087543294, 0.000000000000000000, -0.2745681609986660443 ) ) ;
#873 = EDGE_LOOP ( 'NONE', ( #2882, #2665, #1596, #411 ) ) ;
#874 = ORIENTED_EDGE ( 'NONE', *, *, #2707, .T. ) ;
#875 = AXIS2_PLACEMENT_3D ( 'NONE', #1180, #2121, #990 ) ;
#876 = DIRECTION ( 'NONE',  ( 0.000000000000000000, 0.000000000000000000, 1.000000000000000000 ) ) ;
#877 = VECTOR ( 'NONE', #1370, 1000.000000000000000 ) ;
#878 = CYLINDRICAL_SURFACE ( 'NONE', #135, 3.249999999999999556 ) ;
#879 = EDGE_CURVE ( 'NONE', #2866, #2202, #340, .T. ) ;
#880 = VECTOR ( 'NONE', #2078, 999.9999999999998863 ) ;
#881 = CARTESIAN_POINT ( 'NONE',  ( -19.48085295647300086, -0.5000000000000000000, 12.50000000000000000 ) ) ;
#882 = ADVANCED_FACE ( 'NONE', ( #1253 ), #2193, .F. ) ;
#883 = DIRECTION ( 'NONE',  ( -0.9615676393087543294, 0.000000000000000000, -0.2745681609986660443 ) ) ;
#884 = VECTOR ( 'NONE', #2035, 1000.000000000000000 ) ;
#885 = DIRECTION ( 'NONE',  ( -0.000000000000000000, 1.000000000000000000, 0.000000000000000000 ) ) ;
#886 = CYLINDRICAL_SURFACE ( 'NONE', #1324, 0.9000000000000014655 ) ;
#887 = VECTOR ( 'NONE', #1038, 1000.000000000000000 ) ;
#888 = CARTESIAN_POINT ( 'NONE',  ( -26.48085295647300086, -9.000000000000000000, -14.99999999999999289 ) ) ;
#889 = VECTOR ( 'NONE', #2006, 1000.000000000000000 ) ;
#890 = ORIENTED_EDGE ( 'NONE', *, *, #1841, .T. ) ;
#891 = CARTESIAN_POINT ( 'NONE',  ( -10.82264973081037773, -11.79999999999999893, -5.000000000000000000 ) ) ;
#892 = ORIENTED_EDGE ( 'NONE', *, *, #3016, .F. ) ;
#893 = ORIENTED_EDGE ( 'NONE', *, *, #2070, .F. ) ;
#894 = DIRECTION ( 'NONE',  ( 0.000000000000000000, 0.000000000000000000, 1.000000000000000000 ) ) ;
#895 = DIRECTION ( 'NONE',  ( 0.000000000000000000, 0.000000000000000000, -1.000000000000000000 ) ) ;
#896 = CARTESIAN_POINT ( 'NONE',  ( -26.48085295647300086, -9.000000000000000000, -16.00000000000000000 ) ) ;
#897 = ADVANCED_FACE ( 'NONE', ( #1494 ), #114, .F. ) ;
#898 = DIRECTION ( 'NONE',  ( 0.000000000000000000, 0.000000000000000000, -1.000000000000000000 ) ) ;
#899 = EDGE_CURVE ( 'NONE', #2705, #1191, #2258, .T. ) ;
#900 = CARTESIAN_POINT ( 'NONE',  ( -3.196222926588304869, -11.79999999999999716, 11.29043856474209484 ) ) ;
#901 = CARTESIAN_POINT ( 'NONE',  ( 27.51914704352699914, -9.000000000000000000, 16.00000000000000000 ) ) ;
#902 = APPROVAL_ROLE ( '' ) ;
#903 = DIRECTION ( 'NONE',  ( -6.938893903907228378E-16, 0.000000000000000000, 1.000000000000000000 ) ) ;
#904 = EDGE_CURVE ( 'NONE', #853, #1428, #1035, .T. ) ;
#905 = PLANE ( 'NONE',  #310 ) ;
#906 = ORIENTED_EDGE ( 'NONE', *, *, #1163, .F. ) ;
#907 = VECTOR ( 'NONE', #401, 1000.000000000000000 ) ;
#908 = DIRECTION ( 'NONE',  ( -1.836970198721029441E-16, 1.000000000000000000, -0.000000000000000000 ) ) ;
#909 = LINE ( 'NONE', #256, #241 ) ;
#910 = CARTESIAN_POINT ( 'NONE',  ( 24.51914704352699914, -9.000000000000000000, 15.25000000000000000 ) ) ;
#911 = CARTESIAN_POINT ( 'NONE',  ( -25.98085295647300796, -15.00000000000000000, 14.79289321881344854 ) ) ;
#912 = LINE ( 'NONE', #2580, #705 ) ;
#913 = PLANE ( 'NONE',  #384 ) ;
#914 = CARTESIAN_POINT ( 'NONE',  ( 16.53551085499100637, -11.79999999999999538, -2.000000000000000000 ) ) ;
#915 = EDGE_CURVE ( 'NONE', #2507, #371, #1454, .T. ) ;
#916 = EDGE_CURVE ( 'NONE', #2480, #2360, #372, .T. ) ;
#917 = DIRECTION ( 'NONE',  ( -1.000000000000000000, 0.000000000000000000, 0.000000000000000000 ) ) ;
#918 = ORIENTED_EDGE ( 'NONE', *, *, #1043, .T. ) ;
#919 = ORIENTED_EDGE ( 'NONE', *, *, #3053, .T. ) ;
#920 = CARTESIAN_POINT ( 'NONE',  ( -6.072649730810377733, -11.79999999999999716, 0.000000000000000000 ) ) ;
#921 = VECTOR ( 'NONE', #1421, 1000.000000000000114 ) ;
#922 = DIRECTION ( 'NONE',  ( 0.000000000000000000, -0.000000000000000000, -1.000000000000000000 ) ) ;
#923 = FACE_OUTER_BOUND ( 'NONE', #90, .T. ) ;
#924 = ORIENTED_EDGE ( 'NONE', *, *, #2541, .F. ) ;
#925 = CARTESIAN_POINT ( 'NONE',  ( 18.43551085499100139, -0.5000000000000004441, 2.000000000000000444 ) ) ;
#926 = DIRECTION ( 'NONE',  ( 0.000000000000000000, 0.000000000000000000, 1.000000000000000000 ) ) ;
#927 = AXIS2_PLACEMENT_3D ( 'NONE', #2267, #1094, #2298 ) ;
#928 = CYLINDRICAL_SURFACE ( 'NONE', #1071, 1.899999999999999023 ) ;
#929 = VECTOR ( 'NONE', #1616, 1000.000000000000000 ) ;
#930 = LINE ( 'NONE', #2986, #794 ) ;
#931 = CIRCLE ( 'NONE', #47, 1.099999999999994982 ) ;
#932 = EDGE_CURVE ( 'NONE', #626, #977, #1511, .T. ) ;
#933 = EDGE_LOOP ( 'NONE', ( #1811, #2515, #2123, #3035 ) ) ;
#934 = EDGE_CURVE ( 'NONE', #1729, #178, #2908, .T. ) ;
#935 = ORIENTED_EDGE ( 'NONE', *, *, #2335, .F. ) ;
#936 = LINE ( 'NONE', #1879, #975 ) ;
#937 = DIRECTION ( 'NONE',  ( -1.836970198721029441E-16, 1.000000000000000000, -0.000000000000000000 ) ) ;
#938 = CARTESIAN_POINT ( 'NONE',  ( 24.51914704352699914, -12.40000000000000036, 12.00000000000000000 ) ) ;
#939 = FACE_OUTER_BOUND ( 'NONE', #1310, .T. ) ;
#940 = PLANE ( 'NONE',  #2064 ) ;
#941 = PERSON_AND_ORGANIZATION_ROLE ( 'creator' ) ;
#942 = LINE ( 'NONE', #712, #3045 ) ;
#943 = ORIENTED_EDGE ( 'NONE', *, *, #988, .T. ) ;
#944 = CARTESIAN_POINT ( 'NONE',  ( -4.922649730810377378, -11.79999999999999716, -1.149999999999999911 ) ) ;
#945 = ORIENTED_EDGE ( 'NONE', *, *, #1985, .T. ) ;
#946 = PLANE ( 'NONE',  #751 ) ;
#947 = ORIENTED_EDGE ( 'NONE', *, *, #121, .F. ) ;
#948 = AXIS2_PLACEMENT_3D ( 'NONE', #2568, #2145, #506 ) ;
#949 = DIRECTION ( 'NONE',  ( -0.000000000000000000, 1.000000000000000000, -0.000000000000000000 ) ) ;
#950 = EDGE_CURVE ( 'NONE', #613, #1280, #1282, .T. ) ;
#951 = ADVANCED_FACE ( 'NONE', ( #1020 ), #2028, .F. ) ;
#952 = DIRECTION ( 'NONE',  ( -0.000000000000000000, -1.000000000000000000, -0.000000000000000000 ) ) ;
#953 = ORIENTED_EDGE ( 'NONE', *, *, #950, .T. ) ;
#954 = CARTESIAN_POINT ( 'NONE',  ( -9.814186289806338337, -9.000000000000000000, 9.500000000000001776 ) ) ;
#955 = DIRECTION ( 'NONE',  ( -0.7999999999999999334, -0.000000000000000000, 0.6000000000000001998 ) ) ;
#956 = CARTESIAN_POINT ( 'NONE',  ( -4.922649730810378266, -0.5000000000000004441, 1.149999999999999911 ) ) ;
#957 = VERTEX_POINT ( 'NONE', #2011 ) ;
#958 = LINE ( 'NONE', #2149, #186 ) ;
#959 = ORIENTED_EDGE ( 'NONE', *, *, #1163, .T. ) ;
#960 = DIRECTION ( 'NONE',  ( -1.000000000000000000, 0.000000000000000000, 0.000000000000000000 ) ) ;
#961 = ORIENTED_EDGE ( 'NONE', *, *, #2372, .F. ) ;
#962 = FACE_OUTER_BOUND ( 'NONE', #2187, .T. ) ;
#963 = CARTESIAN_POINT ( 'NONE',  ( 12.08578643762690241, -11.79999999999999538, -5.000000000000000000 ) ) ;
#964 = CARTESIAN_POINT ( 'NONE',  ( 12.94972441736410218, -11.79999999999999538, 3.900000000000000355 ) ) ;
#965 = EDGE_CURVE ( 'NONE', #1295, #16, #1702, .T. ) ;
#966 = CARTESIAN_POINT ( 'NONE',  ( 16.53551085499100637, -11.79999999999999538, 3.900000000000000355 ) ) ;
#967 = EDGE_CURVE ( 'NONE', #1926, #2889, #2598, .T. ) ;
#968 = VECTOR ( 'NONE', #1945, 1000.000000000000000 ) ;
#969 = CARTESIAN_POINT ( 'NONE',  ( 24.51914704352699914, -12.40000000000000036, -12.00000000000000355 ) ) ;
#970 = DIRECTION ( 'NONE',  ( -0.8843847528469696018, 0.000000000000000000, -0.4667586195581228670 ) ) ;
#971 = AXIS2_PLACEMENT_3D ( 'NONE', #307, #789, #2697 ) ;
#972 = ORIENTED_EDGE ( 'NONE', *, *, #2478, .F. ) ;
#973 = VECTOR ( 'NONE', #1709, 999.9999999999998863 ) ;
#974 = DIRECTION ( 'NONE',  ( 1.000000000000000000, 0.000000000000000000, -0.000000000000000000 ) ) ;
#976 = DIRECTION ( 'NONE',  ( -0.000000000000000000, 1.000000000000000000, -0.000000000000000000 ) ) ;
#975 = VECTOR ( 'NONE', #470, 1000.000000000000114 ) ;
#977 = VERTEX_POINT ( 'NONE', #1993 ) ;
#978 = CC_DESIGN_APPROVAL ( #2590, ( #1375 ) ) ;
#979 = CARTESIAN_POINT ( 'NONE',  ( -4.922649730810377378, -11.79999999999999716, 0.000000000000000000 ) ) ;
#980 = ORIENTED_EDGE ( 'NONE', *, *, #2545, .F. ) ;
#981 = DIRECTION ( 'NONE',  ( 0.000000000000000000, 1.000000000000000000, 0.000000000000000000 ) ) ;
#982 = ORIENTED_EDGE ( 'NONE', *, *, #2773, .T. ) ;
#983 = PLANE ( 'NONE',  #2031 ) ;
#984 = DIRECTION ( 'NONE',  ( -0.000000000000000000, 1.000000000000000000, -0.000000000000000000 ) ) ;
#985 = EDGE_CURVE ( 'NONE', #2758, #178, #2105, .T. ) ;
#986 = CARTESIAN_POINT ( 'NONE',  ( 23.85294014131761386, -0.5000000000000000000, -6.407164753943837887 ) ) ;
#987 = ADVANCED_FACE ( 'NONE', ( #2214 ), #327, .F. ) ;
#988 = EDGE_CURVE ( 'NONE', #626, #1195, #807, .T. ) ;
#989 = EDGE_CURVE ( 'NONE', #1243, #298, #2431, .T. ) ;
#990 = DIRECTION ( 'NONE',  ( -1.000000000000000000, 0.000000000000000000, -0.000000000000000000 ) ) ;
#991 = CARTESIAN_POINT ( 'NONE',  ( -25.81978092151245718, -13.68175551013424318, -16.81824448986576570 ) ) ;
#992 = ORIENTED_EDGE ( 'NONE', *, *, #120, .T. ) ;
#993 = ORIENTED_EDGE ( 'NONE', *, *, #1344, .F. ) ;
#994 = AXIS2_PLACEMENT_3D ( 'NONE', #2638, #292, #78 ) ;
#995 = CARTESIAN_POINT ( 'NONE',  ( -26.48085295647300086, -14.50000000000000533, -16.00000000000000000 ) ) ;
#996 = VERTEX_POINT ( 'NONE', #314 ) ;
#997 = CARTESIAN_POINT ( 'NONE',  ( 2.577350269189627507, -11.79999999999999716, 0.000000000000000000 ) ) ;
#998 = ORIENTED_EDGE ( 'NONE', *, *, #217, .T. ) ;
#999 = DIRECTION ( 'NONE',  ( 0.000000000000000000, -1.000000000000000000, -0.000000000000000000 ) ) ;
#1000 = DIRECTION ( 'NONE',  ( 1.000000000000000000, 0.000000000000000000, 0.000000000000000000 ) ) ;
#1001 = CARTESIAN_POINT ( 'NONE',  ( -26.48085295647300086, -9.000000000000000000, 15.00000000000000000 ) ) ;
#1002 = PLANE ( 'NONE',  #1123 ) ;
#1003 = EDGE_CURVE ( 'NONE', #1119, #1480, #1751, .T. ) ;
#1004 = ORIENTED_EDGE ( 'NONE', *, *, #2822, .T. ) ;
#1005 = ORIENTED_EDGE ( 'NONE', *, *, #1706, .F. ) ;
#1006 = DIRECTION ( 'NONE',  ( 0.000000000000000000, -0.7071067811865475727, -0.7071067811865475727 ) ) ;
#1007 = ORIENTED_EDGE ( 'NONE', *, *, #2024, .T. ) ;
#1008 = DIRECTION ( 'NONE',  ( -1.836970198721029441E-16, 1.000000000000000000, -0.000000000000000000 ) ) ;
#1009 = EDGE_LOOP ( 'NONE', ( #2907, #1084, #2263, #1102 ) ) ;
#1010 = DIRECTION ( 'NONE',  ( -0.7071067811865451302, 0.000000000000000000, 0.7071067811865500152 ) ) ;
#1011 = DIRECTION ( 'NONE',  ( 0.9615676393087544405, 1.768914467343416502E-16, -0.2745681609986653782 ) ) ;
#1012 = DIRECTION ( 'NONE',  ( 0.000000000000000000, -0.000000000000000000, -1.000000000000000000 ) ) ;
#1013 = VECTOR ( 'NONE', #1313, 1000.000000000000000 ) ;
#1014 = VECTOR ( 'NONE', #338, 1000.000000000000000 ) ;
#1015 = FACE_OUTER_BOUND ( 'NONE', #2878, .T. ) ;
#1016 = EDGE_LOOP ( 'NONE', ( #1407, #2935, #228, #2473 ) ) ;
#1017 = VECTOR ( 'NONE', #2728, 1000.000000000000000 ) ;
#1018 = EDGE_LOOP ( 'NONE', ( #2255, #165, #906, #2058 ) ) ;
#1019 = ADVANCED_FACE ( 'NONE', ( #823 ), #1761, .F. ) ;
#1020 = FACE_OUTER_BOUND ( 'NONE', #1743, .T. ) ;
#1021 = VECTOR ( 'NONE', #2204, 1000.000000000000114 ) ;
#1022 = EDGE_CURVE ( 'NONE', #1231, #2758, #358, .T. ) ;
#1023 = CARTESIAN_POINT ( 'NONE',  ( 10.98578643762690277, -11.79999999999999538, 5.000000000000000000 ) ) ;
#1024 = CIRCLE ( 'NONE', #2453, 3.249999999999999556 ) ;
#1025 = VERTEX_POINT ( 'NONE', #956 ) ;
#1026 = CARTESIAN_POINT ( 'NONE',  ( -2.880211829158747960, -11.79999999999999716, -10.44774230492995848 ) ) ;
#1027 = ORIENTED_EDGE ( 'NONE', *, *, #2250, .T. ) ;
#1028 = EDGE_CURVE ( 'NONE', #612, #1331, #2551, .T. ) ;
#1029 = AXIS2_PLACEMENT_3D ( 'NONE', #2030, #1514, #2048 ) ;
#1030 = DIRECTION ( 'NONE',  ( 0.000000000000000000, -0.000000000000000000, -1.000000000000000000 ) ) ;
#1031 = DIRECTION ( 'NONE',  ( -0.2810846377148251141, -0.6785983445458459995, 0.6785983445458459995 ) ) ;
#1032 = FACE_OUTER_BOUND ( 'NONE', #2729, .T. ) ;
#1033 = ORIENTED_EDGE ( 'NONE', *, *, #425, .F. ) ;
#1034 = VERTEX_POINT ( 'NONE', #1001 ) ;
#1035 = LINE ( 'NONE', #2955, #1167 ) ;
#1036 = EDGE_LOOP ( 'NONE', ( #2049, #1334, #1951, #622 ) ) ;
#1037 = EDGE_CURVE ( 'NONE', #1516, #613, #673, .T. ) ;
#1038 = DIRECTION ( 'NONE',  ( -0.000000000000000000, -1.000000000000000000, -0.000000000000000000 ) ) ;
#1039 = EDGE_LOOP ( 'NONE', ( #132, #1472, #112, #1776 ) ) ;
#1040 = PLANE ( 'NONE',  #1711 ) ;
#1041 = ORIENTED_EDGE ( 'NONE', *, *, #2126, .T. ) ;
#1042 = EDGE_CURVE ( 'NONE', #957, #527, #1416, .T. ) ;
#1043 = EDGE_CURVE ( 'NONE', #224, #1104, #942, .T. ) ;
#1044 = DIRECTION ( 'NONE',  ( -1.836970198721029441E-16, 1.000000000000000000, -0.000000000000000000 ) ) ;
#1045 = CARTESIAN_POINT ( 'NONE',  ( -12.81418628980633834, -9.000000000000000000, -13.49999999999999822 ) ) ;
#1046 = DIRECTION ( 'NONE',  ( -1.000000000000000000, -1.836970198721029441E-16, 0.000000000000000000 ) ) ;
#1047 = EDGE_CURVE ( 'NONE', #396, #1229, #261, .T. ) ;
#1048 = AXIS2_PLACEMENT_3D ( 'NONE', #2053, #2004, #2947 ) ;
#1049 = CARTESIAN_POINT ( 'NONE',  ( 0.000000000000000000, 0.000000000000000000, 0.000000000000000000 ) ) ;
#1050 = VERTEX_POINT ( 'NONE', #232 ) ;
#1051 = VERTEX_POINT ( 'NONE', #1431 ) ;
#1052 = CARTESIAN_POINT ( 'NONE',  ( -14.49721676793699920, -11.80000000000000071, 2.000000000000000000 ) ) ;
#1053 = ORIENTED_EDGE ( 'NONE', *, *, #2024, .F. ) ;
#1054 = DIRECTION ( 'NONE',  ( 0.000000000000000000, -1.000000000000000000, -0.000000000000000000 ) ) ;
#1055 = ORIENTED_EDGE ( 'NONE', *, *, #1347, .T. ) ;
#1056 = LINE ( 'NONE', #1952, #1069 ) ;
#1057 = ORIENTED_EDGE ( 'NONE', *, *, #2990, .T. ) ;
#1058 = DIRECTION ( 'NONE',  ( -8.279805068032728454E-15, 0.000000000000000000, -1.000000000000000000 ) ) ;
#1059 = EDGE_CURVE ( 'NONE', #1239, #1104, #248, .T. ) ;
#1060 = CARTESIAN_POINT ( 'NONE',  ( -3.196222926588303537, -11.79999999999999716, -11.29043856474209839 ) ) ;
#1061 = LINE ( 'NONE', #2783, #1937 ) ;
#1062 = DIRECTION ( 'NONE',  ( -0.000000000000000000, 1.000000000000000000, -0.000000000000000000 ) ) ;
#1063 = CIRCLE ( 'NONE', #1501, 0.9000000000000036859 ) ;
#1064 = ORIENTED_EDGE ( 'NONE', *, *, #2787, .F. ) ;
#1065 = EDGE_LOOP ( 'NONE', ( #1582, #1705, #2987, #2265 ) ) ;
#1066 = VECTOR ( 'NONE', #2519, 1000.000000000000000 ) ;
#1067 = CARTESIAN_POINT ( 'NONE',  ( -2.880211829158754622, -0.5000000000000004441, 10.44774230492995848 ) ) ;
#1068 = ORIENTED_EDGE ( 'NONE', *, *, #266, .T. ) ;
#1069 = VECTOR ( 'NONE', #1969, 1000.000000000000000 ) ;
#1070 = CARTESIAN_POINT ( 'NONE',  ( 8.519147043526995589, 0.000000000000000000, -14.50000000000000000 ) ) ;
#1071 = AXIS2_PLACEMENT_3D ( 'NONE', #3004, #2774, #1590 ) ;
#1072 = VECTOR ( 'NONE', #1822, 1000.000000000000000 ) ;
#1073 = ORIENTED_EDGE ( 'NONE', *, *, #2841, .F. ) ;
#1074 = DIRECTION ( 'NONE',  ( -0.4999999999999965028, 0.7071067811865500152, 0.5000000000000000000 ) ) ;
#1075 = ORIENTED_EDGE ( 'NONE', *, *, #2917, .T. ) ;
#1076 = VECTOR ( 'NONE', #1483, 1000.000000000000000 ) ;
#1077 = CARTESIAN_POINT ( 'NONE',  ( -3.196222926588303537, -11.79999999999999716, -11.29043856474209839 ) ) ;
#1078 = VECTOR ( 'NONE', #1773, 1000.000000000000000 ) ;
#1079 = PLANE ( 'NONE',  #971 ) ;
#1080 = LINE ( 'NONE', #124, #2136 ) ;
#1081 = CARTESIAN_POINT ( 'NONE',  ( 10.08578643762690241, -11.79999999999999538, -6.745402340387840034 ) ) ;
#1082 = EDGE_CURVE ( 'NONE', #1243, #1283, #2306, .T. ) ;
#1083 = CARTESIAN_POINT ( 'NONE',  ( 12.08578643762690241, -11.79999999999999538, 5.000000000000000000 ) ) ;
#1084 = ORIENTED_EDGE ( 'NONE', *, *, #1273, .F. ) ;
#1085 = ORIENTED_EDGE ( 'NONE', *, *, #444, .T. ) ;
#1086 = EDGE_CURVE ( 'NONE', #2719, #1902, #759, .T. ) ;
#1087 = CARTESIAN_POINT ( 'NONE',  ( -22.48085295647300086, -9.000000000000000000, 15.25000000000000000 ) ) ;
#1088 = EDGE_LOOP ( 'NONE', ( #2155, #992, #595, #303, #1393, #810 ) ) ;
#1089 = ADVANCED_FACE ( 'NONE', ( #509 ), #2887, .T. ) ;
#1090 = DIRECTION ( 'NONE',  ( 0.000000000000000000, 1.000000000000000000, 0.000000000000000000 ) ) ;
#1091 = ORIENTED_EDGE ( 'NONE', *, *, #782, .F. ) ;
#1092 = FACE_OUTER_BOUND ( 'NONE', #1065, .T. ) ;
#1093 = ORIENTED_EDGE ( 'NONE', *, *, #382, .T. ) ;
#1094 = DIRECTION ( 'NONE',  ( -1.836970198721029688E-16, 1.000000000000000000, 0.000000000000000000 ) ) ;
#1095 = ADVANCED_BREP_SHAPE_REPRESENTATION ( 'cut_die', ( #2326, #2703 ), #1671 ) ;
#1096 = PLANE ( 'NONE',  #1312 ) ;
#1097 = VECTOR ( 'NONE', #1882, 1000.000000000000000 ) ;
#1098 = CARTESIAN_POINT ( 'NONE',  ( 24.51914704352699914, -12.40000000000000036, -10.30000000000000071 ) ) ;
#1099 = CARTESIAN_POINT ( 'NONE',  ( -22.48085295647300441, -9.000000000000000000, -10.30000000000000426 ) ) ;
#1100 = CARTESIAN_POINT ( 'NONE',  ( 10.33289778252569668, -11.79999999999999538, -7.610813215765722006 ) ) ;
#1101 = DIRECTION ( 'NONE',  ( 1.000000000000000000, 0.000000000000000000, 0.000000000000000000 ) ) ;
#1102 = ORIENTED_EDGE ( 'NONE', *, *, #73, .T. ) ;
#1103 = AXIS2_PLACEMENT_3D ( 'NONE', #2075, #1772, #867 ) ;
#1104 = VERTEX_POINT ( 'NONE', #772 ) ;
#1105 = DIRECTION ( 'NONE',  ( -0.000000000000000000, -1.000000000000000000, -0.000000000000000000 ) ) ;
#1106 = EDGE_CURVE ( 'NONE', #457, #829, #774, .T. ) ;
#1107 = VERTEX_POINT ( 'NONE', #2640 ) ;
#1108 = EDGE_CURVE ( 'NONE', #1785, #1992, #1215, .T. ) ;
#1109 = ORIENTED_EDGE ( 'NONE', *, *, #382, .F. ) ;
#1110 = CARTESIAN_POINT ( 'NONE',  ( -16.48085295647299731, 0.000000000000000000, 4.500000000000002665 ) ) ;
#1111 = VERTEX_POINT ( 'NONE', #1202 ) ;
#1112 = FACE_OUTER_BOUND ( 'NONE', #701, .T. ) ;
#1113 = DIRECTION ( 'NONE',  ( -1.836970198721029441E-16, 1.000000000000000000, -0.000000000000000000 ) ) ;
#1114 = CARTESIAN_POINT ( 'NONE',  ( -10.23866082823991697, -0.5000000000000004441, -8.649524351622742913 ) ) ;
#1115 = DIRECTION ( 'NONE',  ( -1.836970198721029441E-16, 1.000000000000000000, -0.000000000000000000 ) ) ;
#1116 = DIRECTION ( 'NONE',  ( 0.000000000000000000, 1.000000000000000000, 0.000000000000000000 ) ) ;
#1117 = CARTESIAN_POINT ( 'NONE',  ( 27.97194939967482341, -13.40683841071346194, 17.09316158928654517 ) ) ;
#1118 = ORIENTED_EDGE ( 'NONE', *, *, #2917, .F. ) ;
#1119 = VERTEX_POINT ( 'NONE', #1680 ) ;
#1120 = DIRECTION ( 'NONE',  ( -0.000000000000000000, -0.000000000000000000, -1.000000000000000000 ) ) ;
#1121 = VERTEX_POINT ( 'NONE', #2613 ) ;
#1122 = VERTEX_POINT ( 'NONE', #986 ) ;
#1123 = AXIS2_PLACEMENT_3D ( 'NONE', #296, #2414, #974 ) ;
#1124 = LINE ( 'NONE', #2066, #335 ) ;
#1125 = ADVANCED_FACE ( 'NONE', ( #2626 ), #1176, .T. ) ;
#1126 = EDGE_CURVE ( 'NONE', #238, #2687, #2501, .T. ) ;
#1127 = AXIS2_PLACEMENT_3D ( 'NONE', #2119, #2595, #2860 ) ;
#1128 = LINE ( 'NONE', #846, #2110 ) ;
#1129 = AXIS2_PLACEMENT_3D ( 'NONE', #1026, #559, #2447 ) ;
#1130 = DIRECTION ( 'NONE',  ( 0.000000000000000000, -1.000000000000000000, 0.000000000000000000 ) ) ;
#1131 = CIRCLE ( 'NONE', #2310, 5.000000000000000888 ) ;
#1132 = CARTESIAN_POINT ( 'NONE',  ( -22.48085295647300441, -9.000000000000000000, -15.25000000000000355 ) ) ;
#1133 = FACE_BOUND ( 'NONE', #11, .T. ) ;
#1134 = DIRECTION ( 'NONE',  ( 1.836970198721029688E-16, -1.000000000000000000, -0.000000000000000000 ) ) ;
#1135 = CIRCLE ( 'NONE', #2316, 1.700000000000003508 ) ;
#1136 = DIRECTION ( 'NONE',  ( -1.000000000000000000, 0.000000000000000000, 0.000000000000000000 ) ) ;
#1137 = LOCAL_TIME ( 9, 50, 55.00000000000000000, #2570 ) ;
#1138 = ORIENTED_EDGE ( 'NONE', *, *, #104, .T. ) ;
#1139 = DIRECTION ( 'NONE',  ( 0.000000000000000000, 0.000000000000000000, 1.000000000000000000 ) ) ;
#1140 = ORIENTED_EDGE ( 'NONE', *, *, #1967, .F. ) ;
#1141 = VERTEX_POINT ( 'NONE', #275 ) ;
#1142 = LINE ( 'NONE', #1565, #435 ) ;
#1143 = DIRECTION ( 'NONE',  ( -1.836970198721029441E-16, 1.000000000000000000, -0.000000000000000000 ) ) ;
#1144 = DIRECTION ( 'NONE',  ( 0.7071067811865451302, 0.000000000000000000, -0.7071067811865500152 ) ) ;
#1145 = CARTESIAN_POINT ( 'NONE',  ( 10.98578643762690632, -11.79999999999999538, 6.745402340387840034 ) ) ;
#1146 = EDGE_CURVE ( 'NONE', #2596, #16, #2843, .T. ) ;
#1147 = DIRECTION ( 'NONE',  ( 0.000000000000000000, 1.000000000000000000, 0.000000000000000000 ) ) ;
#1148 = EDGE_CURVE ( 'NONE', #1470, #348, #2695, .T. ) ;
#1149 = CARTESIAN_POINT ( 'NONE',  ( -19.48085295647300086, -0.5000000000000000000, 12.50000000000000000 ) ) ;
#1150 = PLANE ( 'NONE',  #1864 ) ;
#1151 = CARTESIAN_POINT ( 'NONE',  ( -21.48085295647300086, -9.000000000000000000, 7.000000000000000000 ) ) ;
#1152 = VERTEX_POINT ( 'NONE', #495 ) ;
#1153 = EDGE_LOOP ( 'NONE', ( #2490, #543 ) ) ;
#1154 = CIRCLE ( 'NONE', #1048, 1.700000000000003508 ) ;
#1155 = DIRECTION ( 'NONE',  ( -1.836970198721029441E-16, 1.000000000000000000, -0.000000000000000000 ) ) ;
#1156 = PLANE ( 'NONE',  #1322 ) ;
#1157 = PLANE ( 'NONE',  #2938 ) ;
#1158 = EDGE_LOOP ( 'NONE', ( #2988, #2129, #1041, #1484 ) ) ;
#1159 = CYLINDRICAL_SURFACE ( 'NONE', #2330, 1.700000000000000178 ) ;
#1160 = DIRECTION ( 'NONE',  ( -2.602085213965210247E-15, 0.000000000000000000, 1.000000000000000000 ) ) ;
#1161 = EDGE_CURVE ( 'NONE', #348, #1470, #1503, .T. ) ;
#1162 = DIRECTION ( 'NONE',  ( 0.000000000000000000, 0.000000000000000000, -1.000000000000000000 ) ) ;
#1163 = EDGE_CURVE ( 'NONE', #2416, #2620, #1750, .T. ) ;
#1164 = DIRECTION ( 'NONE',  ( -1.836970198721029441E-16, 1.000000000000000000, 0.000000000000000000 ) ) ;
#1165 = ORIENTED_EDGE ( 'NONE', *, *, #1047, .T. ) ;
#1166 = VERTEX_POINT ( 'NONE', #1045 ) ;
#1167 = VECTOR ( 'NONE', #571, 1000.000000000000000 ) ;
#1168 = DIRECTION ( 'NONE',  ( 1.000000000000000000, 0.000000000000000000, 0.000000000000000000 ) ) ;
#1169 = AXIS2_PLACEMENT_3D ( 'NONE', #2192, #1771, #2485 ) ;
#1170 = CARTESIAN_POINT ( 'NONE',  ( -12.81418628980633656, -9.000000000000000000, -13.49999999999999822 ) ) ;
#1171 = ORIENTED_EDGE ( 'NONE', *, *, #1028, .T. ) ;
#1172 = VECTOR ( 'NONE', #1784, 1000.000000000000000 ) ;
#1173 = CARTESIAN_POINT ( 'NONE',  ( 9.614449384976754942, 0.000000000000000000, -13.92192376423484923 ) ) ;
#1174 = CARTESIAN_POINT ( 'NONE',  ( -21.48085295647300086, 0.000000000000000000, 7.000000000000000000 ) ) ;
#1175 = PERSON_AND_ORGANIZATION_ROLE ( 'classification_officer' ) ;
#1176 = PLANE ( 'NONE',  #1364 ) ;
#1177 = CIRCLE ( 'NONE', #2361, 5.000000000000000000 ) ;
#1178 = EDGE_CURVE ( 'NONE', #1900, #1875, #1304, .T. ) ;
#1179 = CIRCLE ( 'NONE', #1636, 0.9000000000000005773 ) ;
#1180 = CARTESIAN_POINT ( 'NONE',  ( -19.48085295647300086, -0.5000000000000000000, -12.50000000000000000 ) ) ;
#1181 = CIRCLE ( 'NONE', #2811, 1.100000000000000311 ) ;
#1182 = VERTEX_POINT ( 'NONE', #2734 ) ;
#1183 = ORIENTED_EDGE ( 'NONE', *, *, #1330, .F. ) ;
#1184 = APPLICATION_CONTEXT ( 'configuration controlled 3d designs of mechanical parts and assemblies' ) ;
#1185 = CARTESIAN_POINT ( 'NONE',  ( -22.48085295647300441, -9.000000000000000000, -12.00000000000000355 ) ) ;
#1186 = FACE_OUTER_BOUND ( 'NONE', #644, .T. ) ;
#1187 = DIRECTION ( 'NONE',  ( -1.000000000000000000, 0.000000000000000000, 0.000000000000000000 ) ) ;
#1188 = FACE_OUTER_BOUND ( 'NONE', #392, .T. ) ;
#1189 = CARTESIAN_POINT ( 'NONE',  ( -16.48085295647299731, -9.000000000000000000, -4.500000000000002665 ) ) ;
#1190 = DIRECTION ( 'NONE',  ( -1.836970198721029688E-16, 1.000000000000000000, 0.000000000000000000 ) ) ;
#1191 = VERTEX_POINT ( 'NONE', #1250 ) ;
#1192 = CARTESIAN_POINT ( 'NONE',  ( -2.880211829158747960, -11.79999999999999716, -10.44774230492995848 ) ) ;
#1193 = ORIENTED_EDGE ( 'NONE', *, *, #351, .F. ) ;
#1194 = CARTESIAN_POINT ( 'NONE',  ( -22.48085295647300086, -9.000000000000000000, 12.00000000000000000 ) ) ;
#1195 = VERTEX_POINT ( 'NONE', #80 ) ;
#1196 = ADVANCED_FACE ( 'NONE', ( #834 ), #1957, .F. ) ;
#1197 = LINE ( 'NONE', #2140, #2313 ) ;
#1198 = CARTESIAN_POINT ( 'NONE',  ( -19.48085295647300086, -0.5000000000000000000, 8.500000000000000000 ) ) ;
#1199 = DIRECTION ( 'NONE',  ( -0.000000000000000000, -0.000000000000000000, 1.000000000000000000 ) ) ;
#1200 = PLANE ( 'NONE',  #948 ) ;
#1201 = DIRECTION ( 'NONE',  ( 1.000000000000000000, 0.000000000000000000, -0.000000000000000000 ) ) ;
#1202 = CARTESIAN_POINT ( 'NONE',  ( 10.33289778252569491, -0.5000000000000004441, -7.610813215765721118 ) ) ;
#1203 = VERTEX_POINT ( 'NONE', #2669 ) ;
#1204 = CARTESIAN_POINT ( 'NONE',  ( 27.51914704352699204, -14.50000000000000533, -16.00000000000000000 ) ) ;
#1205 = DIRECTION ( 'NONE',  ( 1.836970198721029441E-16, -1.000000000000000000, 0.000000000000000000 ) ) ;
#1206 = VERTEX_POINT ( 'NONE', #1536 ) ;
#1207 = EDGE_CURVE ( 'NONE', #1527, #1786, #2903, .T. ) ;
#1208 = CYLINDRICAL_SURFACE ( 'NONE', #2949, 0.9000000000000032419 ) ;
#1209 = ADVANCED_FACE ( 'NONE', ( #1788 ), #1079, .F. ) ;
#1210 = AXIS2_PLACEMENT_3D ( 'NONE', #1626, #2572, #1164 ) ;
#1211 = ORIENTED_EDGE ( 'NONE', *, *, #251, .T. ) ;
#1212 = DIRECTION ( 'NONE',  ( -1.836970198721029688E-16, 1.000000000000000000, 0.000000000000000000 ) ) ;
#1213 = ORIENTED_EDGE ( 'NONE', *, *, #719, .F. ) ;
#1214 = DIRECTION ( 'NONE',  ( -0.000000000000000000, 1.000000000000000000, -0.000000000000000000 ) ) ;
#1215 = CIRCLE ( 'NONE', #727, 3.249999999999999556 ) ;
#1216 = CARTESIAN_POINT ( 'NONE',  ( -21.48085295647300086, 0.000000000000000000, -4.500000000000003553 ) ) ;
#1217 = DIRECTION ( 'NONE',  ( -1.836970198721029441E-16, 1.000000000000000000, -0.000000000000000000 ) ) ;
#1218 = VECTOR ( 'NONE', #2636, 1000.000000000000000 ) ;
#1219 = CIRCLE ( 'NONE', #2757, 1.899999999999999023 ) ;
#1220 = AXIS2_PLACEMENT_3D ( 'NONE', #1402, #1871, #1430 ) ;
#1221 = CARTESIAN_POINT ( 'NONE',  ( -9.814186289806338337, 0.000000000000000000, 14.50000000000000000 ) ) ;
#1223 = CARTESIAN_POINT ( 'NONE',  ( -2.633100484259955465, -0.5000000000000004441, 11.31315318030783956 ) ) ;
#1222 = CIRCLE ( 'NONE', #1620, 1.699999999999996625 ) ;
#1224 = ORIENTED_EDGE ( 'NONE', *, *, #668, .T. ) ;
#1225 = EDGE_LOOP ( 'NONE', ( #2257, #2332, #671, #505 ) ) ;
#1226 = VECTOR ( 'NONE', #174, 1000.000000000000000 ) ;
#1227 = CARTESIAN_POINT ( 'NONE',  ( 10.08578643762690064, -0.5000000000000004441, -6.745402340387840034 ) ) ;
#1228 = APPROVAL_DATE_TIME ( #1403, #497 ) ;
#1229 = VERTEX_POINT ( 'NONE', #597 ) ;
#1230 = CARTESIAN_POINT ( 'NONE',  ( -22.48085295647300086, -12.40000000000000036, 8.750000000000000000 ) ) ;
#1231 = VERTEX_POINT ( 'NONE', #2205 ) ;
#1232 = CARTESIAN_POINT ( 'NONE',  ( -19.48085295647299731, -9.000000000000000000, -8.500000000000001776 ) ) ;
#1233 = LINE ( 'NONE', #1499, #2699 ) ;
#1234 = EDGE_CURVE ( 'NONE', #547, #1050, #1756, .T. ) ;
#1235 = CARTESIAN_POINT ( 'NONE',  ( 24.51914704352699914, -9.000000000000000000, -12.00000000000000355 ) ) ;
#1236 = EDGE_CURVE ( 'NONE', #513, #1900, #615, .T. ) ;
#1237 = CARTESIAN_POINT ( 'NONE',  ( -22.48085295647300441, -9.000000000000000000, -12.00000000000000355 ) ) ;
#1238 = DIRECTION ( 'NONE',  ( 0.2810846377148230046, -0.6785983445458464436, 0.6785983445458464436 ) ) ;
#1239 = VERTEX_POINT ( 'NONE', #2425 ) ;
#1240 = EDGE_LOOP ( 'NONE', ( #270, #694, #2688, #554 ) ) ;
#1241 = VECTOR ( 'NONE', #2885, 1000.000000000000000 ) ;
#1242 = CARTESIAN_POINT ( 'NONE',  ( -10.23866082823991874, -11.79999999999999893, 8.649524351622742913 ) ) ;
#1243 = VERTEX_POINT ( 'NONE', #1987 ) ;
#1244 = DIRECTION ( 'NONE',  ( -1.836970198721029441E-16, 1.000000000000000000, -0.000000000000000000 ) ) ;
#1245 = EDGE_LOOP ( 'NONE', ( #1346, #736, #1417, #2926 ) ) ;
#1246 = AXIS2_PLACEMENT_3D ( 'NONE', #741, #1897, #2088 ) ;
#1247 = CARTESIAN_POINT ( 'NONE',  ( 21.40602013117032243, -15.00000000000000000, 21.40602013117017322 ) ) ;
#1248 = DIRECTION ( 'NONE',  ( 0.8843847528469696018, 0.000000000000000000, -0.4667586195581228670 ) ) ;
#1249 = AXIS2_PLACEMENT_3D ( 'NONE', #722, #1661, #2610 ) ;
#1250 = CARTESIAN_POINT ( 'NONE',  ( 10.98578643762690099, -0.5000000000000004441, 5.000000000000000000 ) ) ;
#1251 = EDGE_CURVE ( 'NONE', #2321, #1904, #353, .T. ) ;
#1252 = ADVANCED_FACE ( 'NONE', ( #550 ), #2020, .F. ) ;
#1253 = FACE_OUTER_BOUND ( 'NONE', #2933, .T. ) ;
#1254 = ORIENTED_EDGE ( 'NONE', *, *, #408, .T. ) ;
#1255 = ORIENTED_EDGE ( 'NONE', *, *, #2426, .T. ) ;
#1256 = CARTESIAN_POINT ( 'NONE',  ( -11.48085295647300086, 0.000000000000000000, -14.50000000000000000 ) ) ;
#1257 = DIRECTION ( 'NONE',  ( 1.000000000000000000, 0.000000000000000000, 0.000000000000000000 ) ) ;
#1258 = ORIENTED_EDGE ( 'NONE', *, *, #2439, .T. ) ;
#1259 = CYLINDRICAL_SURFACE ( 'NONE', #1129, 0.9000000000000002442 ) ;
#1260 = VERTEX_POINT ( 'NONE', #2929 ) ;
#1261 = CYLINDRICAL_SURFACE ( 'NONE', #2009, 4.999999999999999112 ) ;
#1262 = CARTESIAN_POINT ( 'NONE',  ( -20.38687308764313855, -15.00000000000000000, 20.38687308764327710 ) ) ;
#1263 = VECTOR ( 'NONE', #9, 1000.000000000000000 ) ;
#1264 = AXIS2_PLACEMENT_3D ( 'NONE', #2172, #1212, #459 ) ;
#1265 = CARTESIAN_POINT ( 'NONE',  ( -26.48085295647300086, -15.00000000000000000, -16.00000000000000000 ) ) ;
#1266 = ADVANCED_FACE ( 'NONE', ( #814, #137 ), #2962, .F. ) ;
#1267 = ORIENTED_EDGE ( 'NONE', *, *, #12, .T. ) ;
#1268 = AXIS2_PLACEMENT_3D ( 'NONE', #453, #2289, #2983 ) ;
#1269 = ORIENTED_EDGE ( 'NONE', *, *, #2725, .T. ) ;
#1270 = CARTESIAN_POINT ( 'NONE',  ( 16.53551085499100637, -11.79999999999999538, 2.000000000000000000 ) ) ;
#1271 = EDGE_CURVE ( 'NONE', #394, #1321, #1972, .T. ) ;
#1272 = AXIS2_PLACEMENT_3D ( 'NONE', #2468, #2163, #788 ) ;
#1273 = EDGE_CURVE ( 'NONE', #83, #394, #573, .T. ) ;
#1274 = CARTESIAN_POINT ( 'NONE',  ( -13.07456703712661827, -11.79999999999999893, 3.900000000000000355 ) ) ;
#1275 = ORIENTED_EDGE ( 'NONE', *, *, #934, .T. ) ;
#1276 = CARTESIAN_POINT ( 'NONE',  ( 21.40602013117013058, -15.00000000000000000, -21.40602013117027624 ) ) ;
#1277 = ORIENTED_EDGE ( 'NONE', *, *, #1148, .T. ) ;
#1278 = CARTESIAN_POINT ( 'NONE',  ( -9.814186289806338337, -9.000000000000000000, 9.500000000000001776 ) ) ;
#1279 = CARTESIAN_POINT ( 'NONE',  ( -2.633100484259955465, -11.79999999999999716, -11.31315318030784667 ) ) ;
#1280 = VERTEX_POINT ( 'NONE', #1520 ) ;
#1281 = ORIENTED_EDGE ( 'NONE', *, *, #591, .F. ) ;
#1282 = LINE ( 'NONE', #1087, #1749 ) ;
#1283 = VERTEX_POINT ( 'NONE', #562 ) ;
#1284 = CARTESIAN_POINT ( 'NONE',  ( -10.82264973081037773, -11.79999999999999893, 7.806828091810600334 ) ) ;
#1285 = EDGE_CURVE ( 'NONE', #2543, #619, #1290, .T. ) ;
#1286 = ORIENTED_EDGE ( 'NONE', *, *, #12, .F. ) ;
#1287 = DIRECTION ( 'NONE',  ( 1.000000000000000000, 1.836970198721029441E-16, 0.000000000000000000 ) ) ;
#1288 = ORIENTED_EDGE ( 'NONE', *, *, #1841, .F. ) ;
#1289 = CYLINDRICAL_SURFACE ( 'NONE', #1372, 3.249999999999999556 ) ;
#1290 = LINE ( 'NONE', #1500, #1014 ) ;
#1291 = DIRECTION ( 'NONE',  ( 0.000000000000000000, -1.000000000000000000, 0.000000000000000000 ) ) ;
#1292 = CIRCLE ( 'NONE', #1246, 0.8999999999999998002 ) ;
#1293 = DIRECTION ( 'NONE',  ( -0.000000000000000000, 1.000000000000000000, -0.000000000000000000 ) ) ;
#1294 = VERTEX_POINT ( 'NONE', #1279 ) ;
#1295 = VERTEX_POINT ( 'NONE', #2222 ) ;
#1296 = DIRECTION ( 'NONE',  ( 1.129458338587896499E-15, 0.000000000000000000, 1.000000000000000000 ) ) ;
#1297 = ORIENTED_EDGE ( 'NONE', *, *, #407, .T. ) ;
#1298 = FACE_OUTER_BOUND ( 'NONE', #1509, .T. ) ;
#1299 = ORIENTED_EDGE ( 'NONE', *, *, #217, .F. ) ;
#1300 = FACE_OUTER_BOUND ( 'NONE', #1394, .T. ) ;
#1301 = ORIENTED_EDGE ( 'NONE', *, *, #1592, .F. ) ;
#1302 = EDGE_CURVE ( 'NONE', #1331, #1051, #3027, .T. ) ;
#1303 = FACE_OUTER_BOUND ( 'NONE', #2709, .T. ) ;
#1304 = LINE ( 'NONE', #2944, #1708 ) ;
#1305 = CARTESIAN_POINT ( 'NONE',  ( 12.94972441736410218, -0.5000000000000004441, 3.900000000000000355 ) ) ;
#1306 = ADVANCED_FACE ( 'NONE', ( #923 ), #2331, .F. ) ;
#1307 = DIRECTION ( 'NONE',  ( -0.000000000000000000, 1.000000000000000000, -0.000000000000000000 ) ) ;
#1308 = DIRECTION ( 'NONE',  ( -1.836970198721029441E-16, 1.000000000000000000, -0.000000000000000000 ) ) ;
#1309 = AXIS2_PLACEMENT_3D ( 'NONE', #1974, #775, #2918 ) ;
#1310 = EDGE_LOOP ( 'NONE', ( #2579, #2007, #1524, #2371 ) ) ;
#1311 = ORIENTED_EDGE ( 'NONE', *, *, #1022, .F. ) ;
#1312 = AXIS2_PLACEMENT_3D ( 'NONE', #1340, #1867, #883 ) ;
#1313 = DIRECTION ( 'NONE',  ( -1.836970198721029441E-16, 1.000000000000000000, -0.000000000000000000 ) ) ;
#1314 = ORIENTED_EDGE ( 'NONE', *, *, #608, .T. ) ;
#1315 = CIRCLE ( 'NONE', #2356, 1.149999999999999911 ) ;
#1316 = CARTESIAN_POINT ( 'NONE',  ( -11.92264973081037738, -0.5000000000000004441, 3.900000000000000355 ) ) ;
#1317 = VECTOR ( 'NONE', #1323, 1000.000000000000000 ) ;
#1318 = EDGE_LOOP ( 'NONE', ( #61, #2341, #2171, #2148 ) ) ;
#1319 = CARTESIAN_POINT ( 'NONE',  ( 9.614449384976756718, -9.000000000000000000, -13.92192376423484923 ) ) ;
#1320 = VERTEX_POINT ( 'NONE', #1601 ) ;
#1321 = VERTEX_POINT ( 'NONE', #1571 ) ;
#1322 = AXIS2_PLACEMENT_3D ( 'NONE', #2096, #2342, #922 ) ;
#1323 = DIRECTION ( 'NONE',  ( -1.836970198721029441E-16, 1.000000000000000000, -0.000000000000000000 ) ) ;
#1324 = AXIS2_PLACEMENT_3D ( 'NONE', #1081, #2784, #636 ) ;
#1325 = LINE ( 'NONE', #1132, #625 ) ;
#1326 = DIRECTION ( 'NONE',  ( -0.7071067811865500152, 0.000000000000000000, -0.7071067811865451302 ) ) ;
#1327 = DIRECTION ( 'NONE',  ( 0.000000000000000000, 0.000000000000000000, 1.000000000000000000 ) ) ;
#1328 = ADVANCED_FACE ( 'NONE', ( #400 ), #1096, .F. ) ;
#1329 = CARTESIAN_POINT ( 'NONE',  ( 16.53551085499100637, -11.79999999999999538, -3.899999999999999023 ) ) ;
#1330 = EDGE_CURVE ( 'NONE', #2966, #871, #663, .T. ) ;
#1331 = VERTEX_POINT ( 'NONE', #214 ) ;
#1332 = VERTEX_POINT ( 'NONE', #2036 ) ;
#1333 = PLANE ( 'NONE',  #326 ) ;
#1334 = ORIENTED_EDGE ( 'NONE', *, *, #53, .T. ) ;
#1335 = DIRECTION ( 'NONE',  ( 0.000000000000000000, 0.000000000000000000, 1.000000000000000000 ) ) ;
#1336 = ORIENTED_EDGE ( 'NONE', *, *, #2575, .T. ) ;
#1337 = PLANE ( 'NONE',  #2159 ) ;
#1338 = ORIENTED_EDGE ( 'NONE', *, *, #860, .T. ) ;
#1339 = LINE ( 'NONE', #2714, #1465 ) ;
#1340 = CARTESIAN_POINT ( 'NONE',  ( 10.33289778252569668, -11.79999999999999538, -7.610813215765722006 ) ) ;
#1341 = DIRECTION ( 'NONE',  ( 0.000000000000000000, -1.000000000000000000, 0.000000000000000000 ) ) ;
#1342 = CARTESIAN_POINT ( 'NONE',  ( 2.577350269189627063, -11.79999999999999716, 1.149999999999999911 ) ) ;
#1343 = CARTESIAN_POINT ( 'NONE',  ( 24.51914704352699914, -9.000000000000000000, 15.25000000000000000 ) ) ;
#1344 = EDGE_CURVE ( 'NONE', #1195, #517, #2782, .T. ) ;
#1345 = VERTEX_POINT ( 'NONE', #1824 ) ;
#1346 = ORIENTED_EDGE ( 'NONE', *, *, #2628, .T. ) ;
#1347 = EDGE_CURVE ( 'NONE', #373, #2966, #2074, .T. ) ;
#1348 = DIRECTION ( 'NONE',  ( -1.836970198721029441E-16, 1.000000000000000000, -0.000000000000000000 ) ) ;
#1349 = ORIENTED_EDGE ( 'NONE', *, *, #351, .T. ) ;
#1350 = ORIENTED_EDGE ( 'NONE', *, *, #1687, .F. ) ;
#1351 = CARTESIAN_POINT ( 'NONE',  ( 21.51914704352699559, -9.000000000000000000, -1.985240989708994430 ) ) ;
#1352 = DIRECTION ( 'NONE',  ( 0.000000000000000000, 1.000000000000000000, 0.000000000000000000 ) ) ;
#1353 = DIRECTION ( 'NONE',  ( -0.9363291775690446572, -1.693767013105668475E-16, 0.3511234415883912607 ) ) ;
#1354 = DIRECTION ( 'NONE',  ( -0.000000000000000000, 1.000000000000000000, -0.000000000000000000 ) ) ;
#1355 = LINE ( 'NONE', #1839, #2731 ) ;
#1356 = LINE ( 'NONE', #1149, #1717 ) ;
#1357 = PLANE ( 'NONE',  #682 ) ;
#1358 = ORIENTED_EDGE ( 'NONE', *, *, #691, .F. ) ;
#1359 = LINE ( 'NONE', #180, #439 ) ;
#1360 = ORIENTED_EDGE ( 'NONE', *, *, #746, .F. ) ;
#1361 = ORIENTED_EDGE ( 'NONE', *, *, #1754, .T. ) ;
#1362 = AXIS2_PLACEMENT_3D ( 'NONE', #842, #1777, #1296 ) ;
#1363 = EDGE_CURVE ( 'NONE', #1564, #398, #2500, .T. ) ;
#1364 = AXIS2_PLACEMENT_3D ( 'NONE', #1885, #2393, #2874 ) ;
#1365 = CYLINDRICAL_SURFACE ( 'NONE', #2896, 1.700000000000001954 ) ;
#1366 = EDGE_CURVE ( 'NONE', #1119, #1939, #676, .T. ) ;
#1367 = AXIS2_PLACEMENT_3D ( 'NONE', #767, #1244, #2219 ) ;
#1368 = CYLINDRICAL_SURFACE ( 'NONE', #580, 1.099999999999994982 ) ;
#1369 = AXIS2_PLACEMENT_3D ( 'NONE', #1986, #1723, #1000 ) ;
#1370 = DIRECTION ( 'NONE',  ( -1.836970198721029441E-16, 1.000000000000000000, -0.000000000000000000 ) ) ;
#1371 = CARTESIAN_POINT ( 'NONE',  ( -10.23866082823992052, -0.5000000000000004441, 8.649524351622742913 ) ) ;
#1372 = AXIS2_PLACEMENT_3D ( 'NONE', #2071, #1770, #2978 ) ;
#1373 = CARTESIAN_POINT ( 'NONE',  ( 26.51914704352699914, -0.5000000000000000000, 1.985240989708994430 ) ) ;
#1374 = DIRECTION ( 'NONE',  ( 0.000000000000000000, -1.000000000000000000, 0.000000000000000000 ) ) ;
#1375 = PRODUCT_DEFINITION_FORMATION_WITH_SPECIFIED_SOURCE ( 'ANY', '', #1809, .NOT_KNOWN. ) ;
#1376 = APPROVAL_ROLE ( '' ) ;
#1377 = DIRECTION ( 'NONE',  ( 0.000000000000000000, 0.000000000000000000, -1.000000000000000000 ) ) ;
#1378 = LOCAL_TIME ( 9, 50, 55.00000000000000000, #2772 ) ;
#1379 = DIRECTION ( 'NONE',  ( 0.000000000000000000, 1.000000000000000000, 0.000000000000000000 ) ) ;
#1380 = EDGE_LOOP ( 'NONE', ( #1831, #128, #2720, #2574 ) ) ;
#1381 = DIRECTION ( 'NONE',  ( -0.000000000000000000, 1.000000000000000000, -0.000000000000000000 ) ) ;
#1382 = EDGE_CURVE ( 'NONE', #657, #579, #2801, .T. ) ;
#1383 = LINE ( 'NONE', #458, #1914 ) ;
#1384 = ADVANCED_FACE ( 'NONE', ( #1849 ), #1157, .F. ) ;
#1385 = CARTESIAN_POINT ( 'NONE',  ( 28.51914704352699914, -14.50000000000000533, -15.00000000000000000 ) ) ;
#1386 = ORIENTED_EDGE ( 'NONE', *, *, #551, .T. ) ;
#1387 = AXIS2_PLACEMENT_3D ( 'NONE', #2642, #2601, #960 ) ;
#1388 = FACE_OUTER_BOUND ( 'NONE', #2278, .T. ) ;
#1389 = CARTESIAN_POINT ( 'NONE',  ( 12.08578643762690064, -0.5000000000000004441, 3.899999999999999911 ) ) ;
#1390 = CARTESIAN_POINT ( 'NONE',  ( 10.08578643762690241, -11.79999999999999538, -6.745402340387840034 ) ) ;
#1391 = VECTOR ( 'NONE', #1934, 1000.000000000000227 ) ;
#1392 = CARTESIAN_POINT ( 'NONE',  ( -10.82264973081037951, -0.5000000000000004441, -5.000000000000000000 ) ) ;
#1393 = ORIENTED_EDGE ( 'NONE', *, *, #2746, .T. ) ;
#1394 = EDGE_LOOP ( 'NONE', ( #2870, #1091, #572, #2692 ) ) ;
#1395 = AXIS2_PLACEMENT_3D ( 'NONE', #2502, #885, #368 ) ;
#1396 = DIRECTION ( 'NONE',  ( -0.000000000000000000, 1.000000000000000000, -0.000000000000000000 ) ) ;
#1397 = CC_DESIGN_PERSON_AND_ORGANIZATION_ASSIGNMENT ( #2785, #941, ( #2271 ) ) ;
#1398 = LINE ( 'NONE', #1170, #1657 ) ;
#1399 = ORIENTED_EDGE ( 'NONE', *, *, #2424, .T. ) ;
#1400 = EDGE_CURVE ( 'NONE', #1926, #377, #648, .T. ) ;
#1401 = CARTESIAN_POINT ( 'NONE',  ( 10.33289778252569846, -11.79999999999999538, 7.610813215765723783 ) ) ;
#1402 = CARTESIAN_POINT ( 'NONE',  ( -22.48085295647300086, -12.40000000000000036, 12.00000000000000000 ) ) ;
#1403 = DATE_AND_TIME ( #355, #146 ) ;
#1404 = CARTESIAN_POINT ( 'NONE',  ( 27.31204026234044235, -15.00000000000000000, -15.50000000000000711 ) ) ;
#1405 = LINE ( 'NONE', #2352, #2996 ) ;
#1406 = ORIENTED_EDGE ( 'NONE', *, *, #1753, .F. ) ;
#1407 = ORIENTED_EDGE ( 'NONE', *, *, #1614, .F. ) ;
#1408 = VECTOR ( 'NONE', #85, 1000.000000000000000 ) ;
#1409 = CARTESIAN_POINT ( 'NONE',  ( 28.51914704352699914, -14.50000000000000533, -16.00000000000000000 ) ) ;
#1410 = VECTOR ( 'NONE', #726, 1000.000000000000000 ) ;
#1411 = CARTESIAN_POINT ( 'NONE',  ( 22.26914704352689967, -9.000000000000000000, -21.25000000000004974 ) ) ;
#1412 = DIRECTION ( 'NONE',  ( 0.000000000000000000, 0.000000000000000000, 1.000000000000000000 ) ) ;
#1413 = LINE ( 'NONE', #2362, #758 ) ;
#1414 = CARTESIAN_POINT ( 'NONE',  ( 24.51914704352699914, -9.000000000000000000, -12.00000000000000355 ) ) ;
#1415 = CIRCLE ( 'NONE', #2655, 5.000000000000000000 ) ;
#1416 = LINE ( 'NONE', #1447, #1955 ) ;
#1417 = ORIENTED_EDGE ( 'NONE', *, *, #2176, .F. ) ;
#1418 = VECTOR ( 'NONE', #780, 1000.000000000000114 ) ;
#1419 = EDGE_CURVE ( 'NONE', #83, #1345, #3014, .T. ) ;
#1420 = EDGE_CURVE ( 'NONE', #75, #1978, #1325, .T. ) ;
#1421 = DIRECTION ( 'NONE',  ( -0.7071067811865451302, 0.000000000000000000, 0.7071067811865500152 ) ) ;
#1422 = CIRCLE ( 'NONE', #787, 1.700000000000000178 ) ;
#1423 = ORIENTED_EDGE ( 'NONE', *, *, #2633, .T. ) ;
#1424 = CARTESIAN_POINT ( 'NONE',  ( 24.51914704352699914, -9.000000000000000000, -10.30000000000000249 ) ) ;
#1425 = ORIENTED_EDGE ( 'NONE', *, *, #2176, .T. ) ;
#1426 = CARTESIAN_POINT ( 'NONE',  ( 24.51914704352699914, -9.000000000000000000, 12.00000000000000000 ) ) ;
#1427 = CARTESIAN_POINT ( 'NONE',  ( 27.51914704352699914, -14.50000000000000533, 16.00000000000000000 ) ) ;
#1428 = VERTEX_POINT ( 'NONE', #1385 ) ;
#1429 = DIRECTION ( 'NONE',  ( -0.7071067811865475727, -0.7071067811865475727, -0.000000000000000000 ) ) ;
#1430 = DIRECTION ( 'NONE',  ( 0.000000000000000000, 0.000000000000000000, 1.000000000000000000 ) ) ;
#1431 = CARTESIAN_POINT ( 'NONE',  ( -14.49721676793699920, -11.80000000000000071, -3.900000000000000355 ) ) ;
#1432 = ORIENTED_EDGE ( 'NONE', *, *, #860, .F. ) ;
#1433 = CARTESIAN_POINT ( 'NONE',  ( 12.30862072773752658, -0.5000000000000000000, -12.50000000000000000 ) ) ;
#1434 = EDGE_CURVE ( 'NONE', #829, #957, #2566, .T. ) ;
#1435 = DIRECTION ( 'NONE',  ( -0.000000000000000000, 1.000000000000000000, -0.000000000000000000 ) ) ;
#1436 = EDGE_CURVE ( 'NONE', #1121, #2482, #2268, .T. ) ;
#1437 = ORIENTED_EDGE ( 'NONE', *, *, #2730, .F. ) ;
#1438 = CIRCLE ( 'NONE', #507, 5.000000000000000888 ) ;
#1439 = ADVANCED_FACE ( 'NONE', ( #866 ), #1803, .T. ) ;
#1440 = CIRCLE ( 'NONE', #216, 1.700000000000003508 ) ;
#1441 = DIRECTION ( 'NONE',  ( -1.000000000000000000, 0.000000000000000000, 0.000000000000000000 ) ) ;
#1442 = ORIENTED_EDGE ( 'NONE', *, *, #1966, .F. ) ;
#1443 = PLANE ( 'NONE',  #575 ) ;
#1444 = VERTEX_POINT ( 'NONE', #1114 ) ;
#1445 = DIRECTION ( 'NONE',  ( -0.000000000000000000, 1.000000000000000000, -0.000000000000000000 ) ) ;
#1446 = CARTESIAN_POINT ( 'NONE',  ( -19.48085295647300086, -0.5000000000000000000, -8.499999999999996447 ) ) ;
#1447 = CARTESIAN_POINT ( 'NONE',  ( -10.82264973081038129, -0.5000000000000004441, -6.535889741755010363 ) ) ;
#1448 = DIRECTION ( 'NONE',  ( -1.000000000000000000, 0.000000000000000000, 0.000000000000000000 ) ) ;
#1449 = DIRECTION ( 'NONE',  ( -0.000000000000000000, 1.000000000000000000, -0.000000000000000000 ) ) ;
#1450 = ORIENTED_EDGE ( 'NONE', *, *, #916, .T. ) ;
#1451 = ORIENTED_EDGE ( 'NONE', *, *, #533, .T. ) ;
#1452 = DIRECTION ( 'NONE',  ( -1.836970198721029441E-16, 1.000000000000000000, -0.000000000000000000 ) ) ;
#1453 = ADVANCED_FACE ( 'NONE', ( #2998 ), #2374, .F. ) ;
#1454 = CIRCLE ( 'NONE', #2749, 0.8999999999999980238 ) ;
#1455 = ORIENTED_EDGE ( 'NONE', *, *, #967, .T. ) ;
#1456 = CARTESIAN_POINT ( 'NONE',  ( 26.23524188440988425, -16.78390515911712200, -14.05397550791978212 ) ) ;
#1457 = ORIENTED_EDGE ( 'NONE', *, *, #563, .F. ) ;
#1458 = CARTESIAN_POINT ( 'NONE',  ( 28.51914704352699914, -9.000000000000000000, -16.00000000000000000 ) ) ;
#1459 = CIRCLE ( 'NONE', #1264, 1.899999999999999023 ) ;
#1460 = CARTESIAN_POINT ( 'NONE',  ( 24.51914704352699914, -15.00000000000000178, -10.30000000000000426 ) ) ;
#1461 = CARTESIAN_POINT ( 'NONE',  ( -11.92264973081037738, -11.79999999999999893, -5.000000000000000000 ) ) ;
#1462 = VECTOR ( 'NONE', #1800, 1000.000000000000000 ) ;
#1463 = AXIS2_PLACEMENT_3D ( 'NONE', #1414, #1634, #2858 ) ;
#1464 = LINE ( 'NONE', #69, #968 ) ;
#1466 = LINE ( 'NONE', #279, #2179 ) ;
#1465 = VECTOR ( 'NONE', #1353, 1000.000000000000114 ) ;
#1467 = VERTEX_POINT ( 'NONE', #2389 ) ;
#1468 = ORIENTED_EDGE ( 'NONE', *, *, #27, .T. ) ;
#1469 = FACE_OUTER_BOUND ( 'NONE', #2135, .T. ) ;
#1470 = VERTEX_POINT ( 'NONE', #1658 ) ;
#1471 = FACE_OUTER_BOUND ( 'NONE', #318, .T. ) ;
#1472 = ORIENTED_EDGE ( 'NONE', *, *, #904, .T. ) ;
#1473 = EDGE_CURVE ( 'NONE', #2480, #2321, #2203, .T. ) ;
#1474 = CARTESIAN_POINT ( 'NONE',  ( -4.922649730810377378, -11.79999999999999716, 0.000000000000000000 ) ) ;
#1475 = ADVANCED_FACE ( 'NONE', ( #1940, #2855 ), #708, .T. ) ;
#1476 = LINE ( 'NONE', #306, #485 ) ;
#1477 = DIRECTION ( 'NONE',  ( 0.000000000000000000, 0.000000000000000000, 1.000000000000000000 ) ) ;
#1478 = VECTOR ( 'NONE', #1199, 1000.000000000000000 ) ;
#1479 = DIRECTION ( 'NONE',  ( -1.000000000000000000, 0.000000000000000000, -0.000000000000000000 ) ) ;
#1480 = VERTEX_POINT ( 'NONE', #720 ) ;
#1481 = VERTEX_POINT ( 'NONE', #45 ) ;
#1482 = AXIS2_PLACEMENT_3D ( 'NONE', #1890, #1046, #1205 ) ;
#1483 = DIRECTION ( 'NONE',  ( -1.000000000000000000, -1.807003620809172660E-16, -0.000000000000000000 ) ) ;
#1484 = ORIENTED_EDGE ( 'NONE', *, *, #950, .F. ) ;
#1485 = CARTESIAN_POINT ( 'NONE',  ( -10.23866082823991874, -11.79999999999999893, 8.649524351622742913 ) ) ;
#1486 = ORIENTED_EDGE ( 'NONE', *, *, #2928, .F. ) ;
#1487 = DIRECTION ( 'NONE',  ( 0.000000000000000000, 1.000000000000000000, 0.000000000000000000 ) ) ;
#1488 = CARTESIAN_POINT ( 'NONE',  ( 24.51914704352699914, -9.000000000000000000, 10.29999999999999893 ) ) ;
#1489 = EDGE_CURVE ( 'NONE', #72, #2671, #693, .T. ) ;
#1490 = EDGE_CURVE ( 'NONE', #1051, #2308, #1459, .T. ) ;
#1491 = CARTESIAN_POINT ( 'NONE',  ( -10.82264973081037773, -11.79999999999999893, -7.806828091810600334 ) ) ;
#1492 = ORIENTED_EDGE ( 'NONE', *, *, #800, .T. ) ;
#1493 = ORIENTED_EDGE ( 'NONE', *, *, #1003, .T. ) ;
#1494 = FACE_OUTER_BOUND ( 'NONE', #147, .T. ) ;
#1495 = FACE_OUTER_BOUND ( 'NONE', #568, .T. ) ;
#1496 = ORIENTED_EDGE ( 'NONE', *, *, #1473, .T. ) ;
#1497 = CARTESIAN_POINT ( 'NONE',  ( -25.55986153003226846, -14.30925643016945514, 16.19074356983055196 ) ) ;
#1498 = ORIENTED_EDGE ( 'NONE', *, *, #2704, .T. ) ;
#1499 = CARTESIAN_POINT ( 'NONE',  ( 10.98578643762690277, -11.79999999999999538, -6.745402340387840034 ) ) ;
#1500 = CARTESIAN_POINT ( 'NONE',  ( -25.48085295647299375, -15.00000000000000000, 15.50000000000000711 ) ) ;
#1501 = AXIS2_PLACEMENT_3D ( 'NONE', #1192, #498, #1901 ) ;
#1502 = PERSON_AND_ORGANIZATION_ROLE ( 'design_owner' ) ;
#1503 = CIRCLE ( 'NONE', #2251, 3.249999999999999556 ) ;
#1504 = CARTESIAN_POINT ( 'NONE',  ( -14.14751962313966871, -0.5000000000000000000, -12.50000000000000000 ) ) ;
#1505 = ADVANCED_FACE ( 'NONE', ( #2343 ), #227, .T. ) ;
#1506 = ORIENTED_EDGE ( 'NONE', *, *, #1667, .T. ) ;
#1507 = AXIS2_PLACEMENT_3D ( 'NONE', #963, #1676, #60 ) ;
#1508 = AXIS2_PLACEMENT_3D ( 'NONE', #2625, #2336, #1622 ) ;
#1509 = EDGE_LOOP ( 'NONE', ( #410, #1269, #2018, #2059 ) ) ;
#1510 = EDGE_CURVE ( 'NONE', #713, #1166, #1398, .T. ) ;
#1511 = LINE ( 'NONE', #1256, #1655 ) ;
#1512 = CIRCLE ( 'NONE', #1567, 3.249999999999999556 ) ;
#1513 = ORIENTED_EDGE ( 'NONE', *, *, #1106, .T. ) ;
#1514 = DIRECTION ( 'NONE',  ( -0.000000000000000000, 1.000000000000000000, -0.000000000000000000 ) ) ;
#1515 = AXIS2_PLACEMENT_3D ( 'NONE', #637, #1062, #2951 ) ;
#1516 = VERTEX_POINT ( 'NONE', #1230 ) ;
#1517 = CARTESIAN_POINT ( 'NONE',  ( 27.51914704352699914, -15.00000000000000000, 16.00000000000000000 ) ) ;
#1518 = VERTEX_POINT ( 'NONE', #1427 ) ;
#1519 = DIRECTION ( 'NONE',  ( 0.000000000000000000, -1.000000000000000000, -0.000000000000000000 ) ) ;
#1520 = CARTESIAN_POINT ( 'NONE',  ( -22.48085295647300086, -9.000000000000000000, 15.25000000000000000 ) ) ;
#1521 = PLANE ( 'NONE',  #1482 ) ;
#1522 = APPROVAL_ROLE ( '' ) ;
#1523 = ORIENTED_EDGE ( 'NONE', *, *, #2103, .F. ) ;
#1524 = ORIENTED_EDGE ( 'NONE', *, *, #1146, .F. ) ;
#1525 = EDGE_CURVE ( 'NONE', #749, #238, #2156, .T. ) ;
#1526 = DIRECTION ( 'NONE',  ( 0.000000000000000000, 0.000000000000000000, 1.000000000000000000 ) ) ;
#1527 = VERTEX_POINT ( 'NONE', #1198 ) ;
#1528 = EDGE_CURVE ( 'NONE', #2308, #391, #3, .T. ) ;
#1529 = CARTESIAN_POINT ( 'NONE',  ( 21.51914704352699559, -9.000000000000000000, -1.985240989708994430 ) ) ;
#1530 = AXIS2_PLACEMENT_3D ( 'NONE', #1927, #1692, #2876 ) ;
#1531 = ORIENTED_EDGE ( 'NONE', *, *, #1363, .F. ) ;
#1532 = CYLINDRICAL_SURFACE ( 'NONE', #1367, 0.8999999999999998002 ) ;
#1533 = EDGE_LOOP ( 'NONE', ( #2472, #455, #265, #481 ) ) ;
#1534 = ADVANCED_FACE ( 'NONE', ( #2113 ), #28, .T. ) ;
#1535 = DIRECTION ( 'NONE',  ( -1.000000000000000000, 0.000000000000000000, 0.000000000000000000 ) ) ;
#1536 = CARTESIAN_POINT ( 'NONE',  ( -22.48085295647300441, -15.00000000000000178, -13.70000000000000107 ) ) ;
#1537 = FACE_BOUND ( 'NONE', #421, .T. ) ;
#1538 = FACE_OUTER_BOUND ( 'NONE', #1833, .T. ) ;
#1539 = LINE ( 'NONE', #2505, #1919 ) ;
#1540 = ORIENTED_EDGE ( 'NONE', *, *, #2070, .T. ) ;
#1541 = ORIENTED_EDGE ( 'NONE', *, *, #1510, .T. ) ;
#1542 = CARTESIAN_POINT ( 'NONE',  ( -11.92264973081036139, -0.5000000000000004441, 5.000000000000000000 ) ) ;
#1543 = EDGE_LOOP ( 'NONE', ( #2442, #2953, #2920, #2034 ) ) ;
#1544 = CARTESIAN_POINT ( 'NONE',  ( 24.51914704352699914, -12.40000000000000036, -12.00000000000000355 ) ) ;
#1545 = ORIENTED_EDGE ( 'NONE', *, *, #423, .T. ) ;
#1546 = LINE ( 'NONE', #414, #1462 ) ;
#1547 = ORIENTED_EDGE ( 'NONE', *, *, #915, .T. ) ;
#1548 = EDGE_CURVE ( 'NONE', #1875, #1428, #288, .T. ) ;
#1549 = DIRECTION ( 'NONE',  ( -1.000000000000000000, -0.000000000000000000, -0.000000000000000000 ) ) ;
#1550 = ADVANCED_FACE ( 'NONE', ( #2825, #2578, #1643, #504, #1186 ), #1443, .F. ) ;
#1551 = CARTESIAN_POINT ( 'NONE',  ( -11.48085295647300086, -9.000000000000000000, -14.50000000000000000 ) ) ;
#1552 = DIRECTION ( 'NONE',  ( 1.000000000000000000, 0.000000000000000000, 0.000000000000000000 ) ) ;
#1553 = DIRECTION ( 'NONE',  ( 0.2745681609986653782, 5.043735292721858280E-17, 0.9615676393087545515 ) ) ;
#1554 = LINE ( 'NONE', #565, #2904 ) ;
#1555 = CIRCLE ( 'NONE', #2247, 5.000000000000000888 ) ;
#1556 = ORIENTED_EDGE ( 'NONE', *, *, #160, .F. ) ;
#1557 = EDGE_LOOP ( 'NONE', ( #993, #1027, #947, #982, #1457, #1668, #1531, #46, #658, #1068, #107, #2960, #2354, #1007, #1783, #1349 ) ) ;
#1558 = VECTOR ( 'NONE', #96, 1000.000000000000000 ) ;
#1559 = DIRECTION ( 'NONE',  ( 0.7071067811865451302, -0.000000000000000000, -0.7071067811865500152 ) ) ;
#1560 = ORIENTED_EDGE ( 'NONE', *, *, #2789, .T. ) ;
#1561 = CIRCLE ( 'NONE', #1862, 0.9000000000000023537 ) ;
#1562 = CARTESIAN_POINT ( 'NONE',  ( -25.48085295647300086, -9.000000000000000000, -16.00000000000000000 ) ) ;
#1563 = AXIS2_PLACEMENT_3D ( 'NONE', #2943, #2051, #352 ) ;
#1564 = VERTEX_POINT ( 'NONE', #2591 ) ;
#1565 = CARTESIAN_POINT ( 'NONE',  ( -11.48085295647300086, -9.000000000000000000, 14.50000000000000000 ) ) ;
#1566 = EDGE_LOOP ( 'NONE', ( #287, #359, #2494, #534, #1908, #324 ) ) ;
#1567 = AXIS2_PLACEMENT_3D ( 'NONE', #1185, #738, #446 ) ;
#1568 = DIRECTION ( 'NONE',  ( 1.000000000000000000, 1.836970198721029441E-16, 0.000000000000000000 ) ) ;
#1569 = VECTOR ( 'NONE', #2523, 1000.000000000000114 ) ;
#1570 = EDGE_CURVE ( 'NONE', #280, #289, #471, .T. ) ;
#1571 = CARTESIAN_POINT ( 'NONE',  ( 24.51914704352699914, -12.40000000000000036, 10.29999999999999716 ) ) ;
#1572 = ADVANCED_FACE ( 'NONE', ( #2128, #2869 ), #754, .F. ) ;
#1573 = LINE ( 'NONE', #664, #113 ) ;
#1574 = DIRECTION ( 'NONE',  ( 0.000000000000000000, 0.000000000000000000, 1.000000000000000000 ) ) ;
#1575 = DIRECTION ( 'NONE',  ( -1.836970198721029441E-16, 1.000000000000000000, -0.000000000000000000 ) ) ;
#1576 = ADVANCED_FACE ( 'NONE', ( #2230 ), #1532, .F. ) ;
#1577 = DIRECTION ( 'NONE',  ( 0.000000000000000000, -1.000000000000000000, -0.000000000000000000 ) ) ;
#1578 = EDGE_LOOP ( 'NONE', ( #2588, #2218, #1728, #1581 ) ) ;
#1579 = EDGE_LOOP ( 'NONE', ( #2305, #1286 ) ) ;
#1580 = FACE_OUTER_BOUND ( 'NONE', #2600, .T. ) ;
#1581 = ORIENTED_EDGE ( 'NONE', *, *, #3031, .F. ) ;
#1582 = ORIENTED_EDGE ( 'NONE', *, *, #2124, .F. ) ;
#1583 = CARTESIAN_POINT ( 'NONE',  ( -22.48085295647300086, -9.000000000000000000, 8.750000000000000000 ) ) ;
#1584 = DIRECTION ( 'NONE',  ( 0.000000000000000000, 1.000000000000000000, -0.000000000000000000 ) ) ;
#1585 = FACE_OUTER_BOUND ( 'NONE', #262, .T. ) ;
#1586 = CARTESIAN_POINT ( 'NONE',  ( -11.09310706433028315, -0.5000000000000000000, -14.79080941910704183 ) ) ;
#1587 = CARTESIAN_POINT ( 'NONE',  ( -10.82264973081036530, -0.5000000000000004441, 5.000000000000000000 ) ) ;
#1588 = PLANE ( 'NONE',  #2658 ) ;
#1589 = PRODUCT_RELATED_PRODUCT_CATEGORY ( 'detail', '', ( #1809 ) ) ;
#1590 = DIRECTION ( 'NONE',  ( -1.000000000000000000, 0.000000000000000000, 0.000000000000000000 ) ) ;
#1591 = ORIENTED_EDGE ( 'NONE', *, *, #143, .F. ) ;
#1592 = EDGE_CURVE ( 'NONE', #619, #1644, #830, .T. ) ;
#1593 = ADVANCED_FACE ( 'NONE', ( #133 ), #1767, .F. ) ;
#1594 = APPLICATION_CONTEXT ( 'configuration controlled 3d designs of mechanical parts and assemblies' ) ;
#1595 = CARTESIAN_POINT ( 'NONE',  ( 26.51914704352699914, -9.000000000000000000, -5.000000000000000000 ) ) ;
#1596 = ORIENTED_EDGE ( 'NONE', *, *, #1400, .F. ) ;
#1597 = ORIENTED_EDGE ( 'NONE', *, *, #1285, .F. ) ;
#1598 = CARTESIAN_POINT ( 'NONE',  ( 27.51914704352699914, -15.00000000000000000, 16.00000000000000000 ) ) ;
#1599 = LINE ( 'NONE', #2546, #1172 ) ;
#1600 = CARTESIAN_POINT ( 'NONE',  ( 2.577350269189627063, -0.5000000000000004441, 1.149999999999999911 ) ) ;
#1601 = CARTESIAN_POINT ( 'NONE',  ( 16.53551085499100637, -0.5000000000000004441, 3.900000000000000355 ) ) ;
#1602 = ORIENTED_EDGE ( 'NONE', *, *, #2575, .F. ) ;
#1603 = DIRECTION ( 'NONE',  ( -1.836970198721029441E-16, 1.000000000000000000, -0.000000000000000000 ) ) ;
#1604 = CARTESIAN_POINT ( 'NONE',  ( -19.48085295647300441, -0.5000000000000000000, -8.500000000000000000 ) ) ;
#1605 = DATE_AND_TIME ( #2348, #1137 ) ;
#1606 = FACE_OUTER_BOUND ( 'NONE', #1868, .T. ) ;
#1607 = AXIS2_PLACEMENT_3D ( 'NONE', #1461, #2132, #2147 ) ;
#1608 = CARTESIAN_POINT ( 'NONE',  ( -22.48085295647300086, -12.40000000000000036, 15.25000000000000000 ) ) ;
#1609 = ADVANCED_FACE ( 'NONE', ( #1300 ), #1040, .F. ) ;
#1610 = EDGE_CURVE ( 'NONE', #1320, #224, #2402, .T. ) ;
#1611 = ORIENTED_EDGE ( 'NONE', *, *, #308, .F. ) ;
#1612 = VECTOR ( 'NONE', #2979, 1000.000000000000114 ) ;
#1613 = CARTESIAN_POINT ( 'NONE',  ( 7.841528112681499962, -0.5000000000000000000, -14.85763221350178753 ) ) ;
#1614 = EDGE_CURVE ( 'NONE', #1518, #2866, #2925, .T. ) ;
#1615 = VECTOR ( 'NONE', #1101, 1000.000000000000000 ) ;
#1616 = DIRECTION ( 'NONE',  ( 0.000000000000000000, 1.000000000000000000, 0.000000000000000000 ) ) ;
#1617 = AXIS2_PLACEMENT_3D ( 'NONE', #1787, #1113, #1535 ) ;
#1618 = DIRECTION ( 'NONE',  ( -0.000000000000000000, 1.000000000000000000, -0.000000000000000000 ) ) ;
#1619 = EDGE_LOOP ( 'NONE', ( #1085, #733, #2182, #2340 ) ) ;
#1620 = AXIS2_PLACEMENT_3D ( 'NONE', #1837, #865, #2961 ) ;
#1621 = CARTESIAN_POINT ( 'NONE',  ( 2.577350269189627063, -0.5000000000000004441, 1.149999999999999911 ) ) ;
#1622 = DIRECTION ( 'NONE',  ( 0.000000000000000000, 0.000000000000000000, 1.000000000000000000 ) ) ;
#1623 = AXIS2_PLACEMENT_3D ( 'NONE', #2270, #1116, #1791 ) ;
#1624 = PERSON_AND_ORGANIZATION ( #2384, #2073 ) ;
#1625 = FACE_OUTER_BOUND ( 'NONE', #1088, .T. ) ;
#1626 = CARTESIAN_POINT ( 'NONE',  ( 10.98578643762690277, -11.79999999999999538, -6.535889741755010363 ) ) ;
#1627 = ORIENTED_EDGE ( 'NONE', *, *, #1685, .T. ) ;
#1628 = ORIENTED_EDGE ( 'NONE', *, *, #1629, .F. ) ;
#1629 = EDGE_CURVE ( 'NONE', #396, #1141, #76, .T. ) ;
#1630 = CARTESIAN_POINT ( 'NONE',  ( -22.48085295647300086, -12.40000000000000036, 13.70000000000000462 ) ) ;
#1631 = DIRECTION ( 'NONE',  ( -1.836970198721029441E-16, 1.000000000000000000, -0.000000000000000000 ) ) ;
#1632 = ORIENTED_EDGE ( 'NONE', *, *, #1861, .F. ) ;
#1633 = DIRECTION ( 'NONE',  ( 1.000000000000000000, 0.000000000000000000, 0.000000000000000000 ) ) ;
#1634 = DIRECTION ( 'NONE',  ( -0.000000000000000000, 1.000000000000000000, -0.000000000000000000 ) ) ;
#1635 = DIRECTION ( 'NONE',  ( 0.000000000000000000, 1.000000000000000000, 0.000000000000000000 ) ) ;
#1636 = AXIS2_PLACEMENT_3D ( 'NONE', #670, #686, #3007 ) ;
#1637 = DIRECTION ( 'NONE',  ( 0.000000000000000000, 0.000000000000000000, 1.000000000000000000 ) ) ;
#1638 = ORIENTED_EDGE ( 'NONE', *, *, #2401, .F. ) ;
#1639 = VECTOR ( 'NONE', #2286, 1000.000000000000000 ) ;
#1640 = ORIENTED_EDGE ( 'NONE', *, *, #1570, .T. ) ;
#1641 = CIRCLE ( 'NONE', #2721, 1.700000000000003508 ) ;
#1642 = CARTESIAN_POINT ( 'NONE',  ( -26.48085295647300086, -9.000000000000000000, -16.00000000000000000 ) ) ;
#1643 = FACE_BOUND ( 'NONE', #2643, .T. ) ;
#1644 = VERTEX_POINT ( 'NONE', #2652 ) ;
#1645 = EDGE_CURVE ( 'NONE', #1152, #1697, #2201, .T. ) ;
#1646 = CARTESIAN_POINT ( 'NONE',  ( 10.98578643762690277, -11.79999999999999538, -6.745402340387840034 ) ) ;
#1647 = EDGE_CURVE ( 'NONE', #2596, #82, #546, .T. ) ;
#1648 = CARTESIAN_POINT ( 'NONE',  ( -10.82264973081037773, -11.79999999999999893, -7.806828091810600334 ) ) ;
#1649 = DIRECTION ( 'NONE',  ( -1.836970198721029441E-16, 1.000000000000000000, -0.000000000000000000 ) ) ;
#1650 = ORIENTED_EDGE ( 'NONE', *, *, #1894, .T. ) ;
#1651 = DIRECTION ( 'NONE',  ( 0.7071067811865451302, 0.000000000000000000, -0.7071067811865500152 ) ) ;
#1652 = EDGE_LOOP ( 'NONE', ( #2266, #763, #2614, #2094 ) ) ;
#1653 = CYLINDRICAL_SURFACE ( 'NONE', #1387, 1.899999999999999023 ) ;
#1654 = ORIENTED_EDGE ( 'NONE', *, *, #1082, .F. ) ;
#1655 = VECTOR ( 'NONE', #1964, 1000.000000000000000 ) ;
#1656 = DIRECTION ( 'NONE',  ( 0.000000000000000000, 0.000000000000000000, 1.000000000000000000 ) ) ;
#1657 = VECTOR ( 'NONE', #1880, 1000.000000000000000 ) ;
#1658 = CARTESIAN_POINT ( 'NONE',  ( 24.51914704352699914, -9.000000000000000000, -8.750000000000003553 ) ) ;
#1659 = CARTESIAN_POINT ( 'NONE',  ( 18.43551085499100495, -11.79999999999999538, 2.000000000000000444 ) ) ;
#1660 = CIRCLE ( 'NONE', #2008, 1.899999999999999023 ) ;
#1661 = DIRECTION ( 'NONE',  ( -1.836970198721029441E-16, 1.000000000000000000, -0.000000000000000000 ) ) ;
#1662 = AXIS2_PLACEMENT_3D ( 'NONE', #365, #2534, #2733 ) ;
#1663 = FACE_OUTER_BOUND ( 'NONE', #512, .T. ) ;
#1664 = ADVANCED_FACE ( 'NONE', ( #1471 ), #91, .T. ) ;
#1665 = AXIS2_PLACEMENT_3D ( 'NONE', #2100, #3043, #926 ) ;
#1666 = CARTESIAN_POINT ( 'NONE',  ( -20.23085295647308968, -9.000000000000000000, -21.24999999999994316 ) ) ;
#1667 = EDGE_CURVE ( 'NONE', #1875, #2739, #1056, .T. ) ;
#1668 = ORIENTED_EDGE ( 'NONE', *, *, #1861, .T. ) ;
#1669 = CIRCLE ( 'NONE', #1762, 1.149999999999999911 ) ;
#1670 = DIRECTION ( 'NONE',  ( 0.000000000000000000, -1.000000000000000000, 0.000000000000000000 ) ) ;
#1671 =( GEOMETRIC_REPRESENTATION_CONTEXT ( 3 ) GLOBAL_UNCERTAINTY_ASSIGNED_CONTEXT ( ( #697 ) ) GLOBAL_UNIT_ASSIGNED_CONTEXT ( ( #389, #2055, #2488 ) ) REPRESENTATION_CONTEXT ( 'NONE', 'WORKASPACE' ) );
#1672 = EDGE_LOOP ( 'NONE', ( #1858, #1547, #2844, #1638 ) ) ;
#1673 = CARTESIAN_POINT ( 'NONE',  ( -21.48085295647300086, -9.000000000000000000, 7.000000000000000000 ) ) ;
#1674 = VERTEX_POINT ( 'NONE', #1746 ) ;
#1675 = DIRECTION ( 'NONE',  ( 0.9363291775690446572, 0.000000000000000000, 0.3511234415883912607 ) ) ;
#1676 = DIRECTION ( 'NONE',  ( -1.836970198721029441E-16, 1.000000000000000000, -0.000000000000000000 ) ) ;
#1677 = VERTEX_POINT ( 'NONE', #797 ) ;
#1678 = FACE_OUTER_BOUND ( 'NONE', #1039, .T. ) ;
#1679 = DIRECTION ( 'NONE',  ( 0.000000000000000000, -1.000000000000000000, 0.000000000000000000 ) ) ;
#1680 = CARTESIAN_POINT ( 'NONE',  ( 24.51914704352699914, -12.40000000000000036, 15.25000000000000000 ) ) ;
#1681 = ORIENTED_EDGE ( 'NONE', *, *, #2424, .F. ) ;
#1682 = ADVANCED_FACE ( 'NONE', ( #2712 ), #349, .F. ) ;
#1683 = LINE ( 'NONE', #237, #129 ) ;
#1684 = CARTESIAN_POINT ( 'NONE',  ( -25.48085295647300086, -14.50000000000000533, -16.00000000000000000 ) ) ;
#1685 = EDGE_CURVE ( 'NONE', #2687, #1025, #1315, .T. ) ;
#1686 = ORIENTED_EDGE ( 'NONE', *, *, #500, .T. ) ;
#1687 = EDGE_CURVE ( 'NONE', #713, #2911, #362, .T. ) ;
#1688 = CARTESIAN_POINT ( 'NONE',  ( -3.196222926588304869, -11.79999999999999716, 11.29043856474209484 ) ) ;
#1689 = EDGE_LOOP ( 'NONE', ( #2383, #935, #893, #2711 ) ) ;
#1690 = DIRECTION ( 'NONE',  ( -1.000000000000000000, -1.836970198721029688E-16, 0.000000000000000000 ) ) ;
#1691 = ORIENTED_EDGE ( 'NONE', *, *, #782, .T. ) ;
#1692 = DIRECTION ( 'NONE',  ( 0.000000000000000000, 1.000000000000000000, 0.000000000000000000 ) ) ;
#1693 = FACE_OUTER_BOUND ( 'NONE', #717, .T. ) ;
#1694 = DIRECTION ( 'NONE',  ( 0.4667586195581228670, 0.000000000000000000, -0.8843847528469696018 ) ) ;
#1695 = LINE ( 'NONE', #1204, #1856 ) ;
#1696 = FACE_OUTER_BOUND ( 'NONE', #1652, .T. ) ;
#1697 = VERTEX_POINT ( 'NONE', #118 ) ;
#1698 = ORIENTED_EDGE ( 'NONE', *, *, #2995, .T. ) ;
#1699 = ADVANCED_FACE ( 'NONE', ( #317 ), #1259, .F. ) ;
#1700 = EDGE_CURVE ( 'NONE', #1994, #431, #1546, .T. ) ;
#1701 = DIRECTION ( 'NONE',  ( -1.836970198721029441E-16, 1.000000000000000000, -0.000000000000000000 ) ) ;
#1702 = CIRCLE ( 'NONE', #374, 0.8999999999999998002 ) ;
#1703 = ORIENTED_EDGE ( 'NONE', *, *, #746, .T. ) ;
#1704 = DIRECTION ( 'NONE',  ( 0.000000000000000000, 0.000000000000000000, -1.000000000000000000 ) ) ;
#1705 = ORIENTED_EDGE ( 'NONE', *, *, #2863, .T. ) ;
#1706 = EDGE_CURVE ( 'NONE', #249, #1122, #378, .T. ) ;
#1707 = CARTESIAN_POINT ( 'NONE',  ( 24.51914704352699914, -9.000000000000000000, -15.25000000000000355 ) ) ;
#1708 = VECTOR ( 'NONE', #109, 1000.000000000000114 ) ;
#1709 = DIRECTION ( 'NONE',  ( -0.7999999999999998224, 0.000000000000000000, -0.6000000000000001998 ) ) ;
#1710 = CARTESIAN_POINT ( 'NONE',  ( 8.519147043526995589, -9.000000000000000000, -14.50000000000000000 ) ) ;
#1711 = AXIS2_PLACEMENT_3D ( 'NONE', #1276, #1074, #2420 ) ;
#1712 = VECTOR ( 'NONE', #185, 1000.000000000000114 ) ;
#1713 = CARTESIAN_POINT ( 'NONE',  ( 9.614449384976754942, -9.000000000000000000, -13.92192376423484923 ) ) ;
#1714 = VECTOR ( 'NONE', #624, 1000.000000000000000 ) ;
#1715 = VERTEX_POINT ( 'NONE', #2297 ) ;
#1716 = ORIENTED_EDGE ( 'NONE', *, *, #2233, .T. ) ;
#1717 = VECTOR ( 'NONE', #434, 1000.000000000000000 ) ;
#1718 = DIRECTION ( 'NONE',  ( -0.000000000000000000, 1.000000000000000000, -0.000000000000000000 ) ) ;
#1719 = EDGE_CURVE ( 'NONE', #805, #240, #3025, .T. ) ;
#1720 = ORIENTED_EDGE ( 'NONE', *, *, #2680, .F. ) ;
#1721 = DIRECTION ( 'NONE',  ( 0.8843847528469696018, 0.000000000000000000, -0.4667586195581228670 ) ) ;
#1722 = ORIENTED_EDGE ( 'NONE', *, *, #1047, .F. ) ;
#1723 = DIRECTION ( 'NONE',  ( -0.000000000000000000, 0.000000000000000000, 1.000000000000000000 ) ) ;
#1724 = EDGE_CURVE ( 'NONE', #1992, #1470, #1128, .T. ) ;
#1725 = CARTESIAN_POINT ( 'NONE',  ( 2.577350269189627507, -11.79999999999999716, -1.149999999999999911 ) ) ;
#1726 = AXIS2_PLACEMENT_3D ( 'NONE', #2079, #1348, #917 ) ;
#1727 = DIRECTION ( 'NONE',  ( -0.000000000000000000, 0.000000000000000000, 1.000000000000000000 ) ) ;
#1728 = ORIENTED_EDGE ( 'NONE', *, *, #3022, .F. ) ;
#1729 = VERTEX_POINT ( 'NONE', #627 ) ;
#1730 = CARTESIAN_POINT ( 'NONE',  ( 2.577350269189627063, -11.79999999999999716, 1.149999999999999911 ) ) ;
#1731 = LINE ( 'NONE', #1923, #887 ) ;
#1732 = ORIENTED_EDGE ( 'NONE', *, *, #2027, .F. ) ;
#1733 = CARTESIAN_POINT ( 'NONE',  ( -21.48085295647300086, 0.000000000000000000, -7.000000000000000000 ) ) ;
#1734 = ORIENTED_EDGE ( 'NONE', *, *, #2005, .T. ) ;
#1735 = CARTESIAN_POINT ( 'NONE',  ( 26.21914704352700198, -12.40000000000000036, 12.00000000000000000 ) ) ;
#1736 = EDGE_CURVE ( 'NONE', #457, #1444, #2264, .T. ) ;
#1737 = DIRECTION ( 'NONE',  ( 0.000000000000000000, -1.000000000000000000, 0.000000000000000000 ) ) ;
#1738 = EDGE_CURVE ( 'NONE', #1481, #1467, #2765, .T. ) ;
#1739 = PLANE ( 'NONE',  #35 ) ;
#1740 = ORIENTED_EDGE ( 'NONE', *, *, #2084, .F. ) ;
#1741 = ORIENTED_EDGE ( 'NONE', *, *, #651, .F. ) ;
#1742 = CARTESIAN_POINT ( 'NONE',  ( 24.51914704352699914, -12.40000000000000036, 12.00000000000000000 ) ) ;
#1743 = EDGE_LOOP ( 'NONE', ( #764, #2517, #776, #2559 ) ) ;
#1744 = CARTESIAN_POINT ( 'NONE',  ( -21.48085295647300086, 0.000000000000000000, 4.500000000000002665 ) ) ;
#1745 = ORIENTED_EDGE ( 'NONE', *, *, #1915, .F. ) ;
#1746 = CARTESIAN_POINT ( 'NONE',  ( -9.814186289806338337, -9.000000000000000000, 14.50000000000000000 ) ) ;
#1747 = ORIENTED_EDGE ( 'NONE', *, *, #1234, .T. ) ;
#1748 = DIRECTION ( 'NONE',  ( 0.000000000000000000, -1.000000000000000000, 0.000000000000000000 ) ) ;
#1749 = VECTOR ( 'NONE', #2460, 1000.000000000000000 ) ;
#1750 = LINE ( 'NONE', #1060, #2153 ) ;
#1751 = CIRCLE ( 'NONE', #34, 3.249999999999999556 ) ;
#1752 = LINE ( 'NONE', #1424, #2083 ) ;
#1753 = EDGE_CURVE ( 'NONE', #1050, #2098, #2081, .T. ) ;
#1754 = EDGE_CURVE ( 'NONE', #1674, #567, #1142, .T. ) ;
#1755 = CARTESIAN_POINT ( 'NONE',  ( 24.51914704352699914, -9.000000000000000000, 12.00000000000000000 ) ) ;
#1756 = CIRCLE ( 'NONE', #2060, 1.099999999999997646 ) ;
#1757 = ORIENTED_EDGE ( 'NONE', *, *, #2859, .F. ) ;
#1758 = ORIENTED_EDGE ( 'NONE', *, *, #2707, .F. ) ;
#1759 = EDGE_CURVE ( 'NONE', #24, #1239, #1599, .T. ) ;
#1760 = ADVANCED_FACE ( 'NONE', ( #427 ), #1337, .T. ) ;
#1761 = CYLINDRICAL_SURFACE ( 'NONE', #819, 1.700000000000001954 ) ;
#1762 = AXIS2_PLACEMENT_3D ( 'NONE', #979, #2634, #1441 ) ;
#1763 = ORIENTED_EDGE ( 'NONE', *, *, #591, .T. ) ;
#1764 = CYLINDRICAL_SURFACE ( 'NONE', #2511, 3.249999999999999556 ) ;
#1765 = AXIS2_PLACEMENT_3D ( 'NONE', #1110, #360, #1335 ) ;
#1766 = ORIENTED_EDGE ( 'NONE', *, *, #1271, .T. ) ;
#1767 = PLANE ( 'NONE',  #827 ) ;
#1768 = ORIENTED_EDGE ( 'NONE', *, *, #1844, .F. ) ;
#1769 = CC_DESIGN_SECURITY_CLASSIFICATION ( #1872, ( #1375 ) ) ;
#1770 = DIRECTION ( 'NONE',  ( -0.000000000000000000, 1.000000000000000000, -0.000000000000000000 ) ) ;
#1771 = DIRECTION ( 'NONE',  ( -0.000000000000000000, 1.000000000000000000, -0.000000000000000000 ) ) ;
#1772 = DIRECTION ( 'NONE',  ( -0.000000000000000000, 1.000000000000000000, -0.000000000000000000 ) ) ;
#1773 = DIRECTION ( 'NONE',  ( -1.000000000000000000, -0.000000000000000000, -0.000000000000000000 ) ) ;
#1774 = LINE ( 'NONE', #144, #390 ) ;
#1775 = EDGE_LOOP ( 'NONE', ( #839, #1935, #38, #2419 ) ) ;
#1776 = ORIENTED_EDGE ( 'NONE', *, *, #343, .T. ) ;
#1777 = DIRECTION ( 'NONE',  ( -1.000000000000000000, -1.836970198721029441E-16, 1.129458338587896499E-15 ) ) ;
#1778 = ADVANCED_FACE ( 'NONE', ( #212 ), #1365, .F. ) ;
#1779 = ORIENTED_EDGE ( 'NONE', *, *, #1037, .T. ) ;
#1780 = ADVANCED_FACE ( 'NONE', ( #1092 ), #184, .F. ) ;
#1781 = LINE ( 'NONE', #2937, #242 ) ;
#1782 = VECTOR ( 'NONE', #748, 1000.000000000000000 ) ;
#1783 = ORIENTED_EDGE ( 'NONE', *, *, #2104, .F. ) ;
#1784 = DIRECTION ( 'NONE',  ( 0.000000000000000000, 0.000000000000000000, -1.000000000000000000 ) ) ;
#1785 = VERTEX_POINT ( 'NONE', #2281 ) ;
#1786 = VERTEX_POINT ( 'NONE', #445 ) ;
#1787 = CARTESIAN_POINT ( 'NONE',  ( 2.577350269189627507, -11.79999999999999716, 0.000000000000000000 ) ) ;
#1788 = FACE_OUTER_BOUND ( 'NONE', #1980, .T. ) ;
#1789 = AXIS2_PLACEMENT_3D ( 'NONE', #2520, #2770, #2735 ) ;
#1790 = CARTESIAN_POINT ( 'NONE',  ( 12.08578643762690064, -0.5000000000000004441, 5.000000000000000000 ) ) ;
#1791 = DIRECTION ( 'NONE',  ( 0.000000000000000000, 0.000000000000000000, 1.000000000000000000 ) ) ;
#1792 = EDGE_LOOP ( 'NONE', ( #874, #2417, #2433, #2405 ) ) ;
#1793 = ORIENTED_EDGE ( 'NONE', *, *, #1347, .F. ) ;
#1794 = DIRECTION ( 'NONE',  ( -1.000000000000000000, 0.000000000000000000, 0.000000000000000000 ) ) ;
#1795 = ORIENTED_EDGE ( 'NONE', *, *, #1700, .F. ) ;
#1796 = PLANE ( 'NONE',  #537 ) ;
#1797 = EDGE_CURVE ( 'NONE', #1992, #1785, #825, .T. ) ;
#1798 = ADVANCED_FACE ( 'NONE', ( #200 ), #2792, .T. ) ;
#1799 = ORIENTED_EDGE ( 'NONE', *, *, #477, .F. ) ;
#1800 = DIRECTION ( 'NONE',  ( 1.000000000000000000, 1.882430564313146451E-16, 5.019814838168390536E-16 ) ) ;
#1801 = ORIENTED_EDGE ( 'NONE', *, *, #2807, .T. ) ;
#1802 = DIRECTION ( 'NONE',  ( -1.836970198721029441E-16, 1.000000000000000000, 0.000000000000000000 ) ) ;
#1803 = PLANE ( 'NONE',  #2109 ) ;
#1804 = CARTESIAN_POINT ( 'NONE',  ( -22.48085295647300441, -12.40000000000000036, -15.25000000000000355 ) ) ;
#1805 = CARTESIAN_POINT ( 'NONE',  ( 21.51914704352699559, -9.000000000000000000, 1.985240989708994430 ) ) ;
#1806 = FACE_OUTER_BOUND ( 'NONE', #1225, .T. ) ;
#1807 = DIRECTION ( 'NONE',  ( -1.000000000000000000, 0.000000000000000000, 0.000000000000000000 ) ) ;
#1808 = VECTOR ( 'NONE', #1105, 1000.000000000000000 ) ;
#1809 = PRODUCT ( 'cut_die', 'cut_die', '', ( #175 ) ) ;
#1810 = ORIENTED_EDGE ( 'NONE', *, *, #2991, .F. ) ;
#1811 = ORIENTED_EDGE ( 'NONE', *, *, #2725, .F. ) ;
#1812 = VECTOR ( 'NONE', #2813, 1000.000000000000000 ) ;
#1813 = DIRECTION ( 'NONE',  ( -1.000000000000000000, -1.814166333681105989E-16, -1.814166333681105743E-15 ) ) ;
#1814 = ORIENTED_EDGE ( 'NONE', *, *, #2525, .T. ) ;
#1815 = VECTOR ( 'NONE', #2349, 1000.000000000000000 ) ;
#1816 = ORIENTED_EDGE ( 'NONE', *, *, #2561, .T. ) ;
#1817 = CARTESIAN_POINT ( 'NONE',  ( 10.33289778252569668, -11.79999999999999538, -7.610813215765721118 ) ) ;
#1818 = CIRCLE ( 'NONE', #1272, 1.700000000000000178 ) ;
#1819 = CARTESIAN_POINT ( 'NONE',  ( 7.280656287186142883, -9.000000000000000000, 9.500000000000001776 ) ) ;
#1820 = APPROVAL ( #2302, 'UNSPECIFIED' ) ;
#1821 = CIRCLE ( 'NONE', #532, 3.249999999999999556 ) ;
#1822 = DIRECTION ( 'NONE',  ( -0.000000000000000000, -1.000000000000000000, -0.000000000000000000 ) ) ;
#1823 = AXIS2_PLACEMENT_3D ( 'NONE', #2323, #1307, #2253 ) ;
#1824 = CARTESIAN_POINT ( 'NONE',  ( 24.51914704352699914, -12.40000000000000036, 13.70000000000000462 ) ) ;
#1825 = ADVANCED_FACE ( 'NONE', ( #3012 ), #878, .F. ) ;
#1826 = CARTESIAN_POINT ( 'NONE',  ( -4.922649730810377378, -11.79999999999999716, 1.149999999999999911 ) ) ;
#1827 = DIRECTION ( 'NONE',  ( 0.000000000000000000, 0.000000000000000000, 1.000000000000000000 ) ) ;
#1828 = APPROVAL_STATUS ( 'not_yet_approved' ) ;
#1829 = DIRECTION ( 'NONE',  ( -0.000000000000000000, 1.000000000000000000, -0.000000000000000000 ) ) ;
#1830 = ADVANCED_FACE ( 'NONE', ( #1112 ), #2993, .T. ) ;
#1831 = ORIENTED_EDGE ( 'NONE', *, *, #2616, .T. ) ;
#1832 = LINE ( 'NONE', #1857, #474 ) ;
#1833 = EDGE_LOOP ( 'NONE', ( #1425, #768, #1437, #4 ) ) ;
#1834 = ORIENTED_EDGE ( 'NONE', *, *, #609, .F. ) ;
#1835 = FACE_OUTER_BOUND ( 'NONE', #1016, .T. ) ;
#1836 = DIRECTION ( 'NONE',  ( 0.000000000000000000, 0.000000000000000000, 1.000000000000000000 ) ) ;
#1837 = CARTESIAN_POINT ( 'NONE',  ( -22.48085295647300441, -15.00000000000000178, -12.00000000000000355 ) ) ;
#1838 = CARTESIAN_POINT ( 'NONE',  ( -20.38687308764331618, -15.00000000000000000, -20.38687308764317763 ) ) ;
#1839 = CARTESIAN_POINT ( 'NONE',  ( 10.98578643762690277, -11.79999999999999538, -5.000000000000000000 ) ) ;
#1840 = CARTESIAN_POINT ( 'NONE',  ( -14.14751962313967049, 0.000000000000000000, -12.49999999999999822 ) ) ;
#1841 = EDGE_CURVE ( 'NONE', #1715, #1107, #1561, .T. ) ;
#1842 = APPROVAL_DATE_TIME ( #2582, #1820 ) ;
#1843 = CARTESIAN_POINT ( 'NONE',  ( 28.51914704352699914, -15.00000000000000000, 14.99999999999999289 ) ) ;
#1844 = EDGE_CURVE ( 'NONE', #2446, #2687, #3037, .T. ) ;
#1845 = CARTESIAN_POINT ( 'NONE',  ( 16.53551085499100637, -11.79999999999999538, -3.899999999999999023 ) ) ;
#1846 = ORIENTED_EDGE ( 'NONE', *, *, #904, .F. ) ;
#1847 = DIRECTION ( 'NONE',  ( -0.000000000000000000, 1.000000000000000000, -0.000000000000000000 ) ) ;
#1848 = CARTESIAN_POINT ( 'NONE',  ( 27.31204026234044946, -15.00000000000000000, 15.50000000000000711 ) ) ;
#1849 = FACE_OUTER_BOUND ( 'NONE', #1533, .T. ) ;
#1850 = ORIENTED_EDGE ( 'NONE', *, *, #1382, .T. ) ;
#1851 = DIRECTION ( 'NONE',  ( 0.000000000000000000, 0.000000000000000000, 1.000000000000000000 ) ) ;
#1852 = CYLINDRICAL_SURFACE ( 'NONE', #1463, 3.249999999999999556 ) ;
#1853 = DIRECTION ( 'NONE',  ( -1.000000000000000000, 0.000000000000000000, 0.000000000000000000 ) ) ;
#1854 = CC_DESIGN_PERSON_AND_ORGANIZATION_ASSIGNMENT ( #681, #1175, ( #1872 ) ) ;
#1855 = EDGE_CURVE ( 'NONE', #536, #75, #235, .T. ) ;
#1856 = VECTOR ( 'NONE', #250, 1000.000000000000114 ) ;
#1857 = CARTESIAN_POINT ( 'NONE',  ( -16.39721676793699601, -11.80000000000000071, -2.000000000000000000 ) ) ;
#1858 = ORIENTED_EDGE ( 'NONE', *, *, #2615, .T. ) ;
#1859 = ORIENTED_EDGE ( 'NONE', *, *, #308, .T. ) ;
#1860 = AXIS2_PLACEMENT_3D ( 'NONE', #1710, #1694, #970 ) ;
#1861 = EDGE_CURVE ( 'NONE', #2671, #398, #1958, .T. ) ;
#1862 = AXIS2_PLACEMENT_3D ( 'NONE', #2810, #2095, #1863 ) ;
#1863 = DIRECTION ( 'NONE',  ( 1.927470528863113822E-15, 0.000000000000000000, -1.000000000000000000 ) ) ;
#1864 = AXIS2_PLACEMENT_3D ( 'NONE', #2817, #1635, #2090 ) ;
#1865 = CARTESIAN_POINT ( 'NONE',  ( 24.51914704352699914, -12.40000000000000036, -13.70000000000000817 ) ) ;
#1866 = CIRCLE ( 'NONE', #1665, 3.249999999999999556 ) ;
#1867 = DIRECTION ( 'NONE',  ( 0.2745681609986660443, 5.043735292721872455E-17, -0.9615676393087543294 ) ) ;
#1868 = EDGE_LOOP ( 'NONE', ( #2795, #282, #586, #2913 ) ) ;
#1869 = VECTOR ( 'NONE', #395, 1000.000000000000000 ) ;
#1870 = CARTESIAN_POINT ( 'NONE',  ( 28.51914704352699914, -9.000000000000000000, -15.00000000000000000 ) ) ;
#1871 = DIRECTION ( 'NONE',  ( -0.000000000000000000, 1.000000000000000000, -0.000000000000000000 ) ) ;
#1872 = SECURITY_CLASSIFICATION ( '', '', #419 ) ;
#1873 = DIRECTION ( 'NONE',  ( 1.836970198721029688E-16, -1.000000000000000000, -0.000000000000000000 ) ) ;
#1874 = LINE ( 'NONE', #642, #659 ) ;
#1875 = VERTEX_POINT ( 'NONE', #2800 ) ;
#1876 = ORIENTED_EDGE ( 'NONE', *, *, #1610, .T. ) ;
#1877 = EDGE_CURVE ( 'NONE', #198, #2992, #89, .T. ) ;
#1878 = EDGE_CURVE ( 'NONE', #1206, #657, #2524, .T. ) ;
#1879 = CARTESIAN_POINT ( 'NONE',  ( -10.23866082823991874, -0.5000000000000004441, 8.649524351622742913 ) ) ;
#1880 = DIRECTION ( 'NONE',  ( -0.000000000000000000, -1.000000000000000000, -0.000000000000000000 ) ) ;
#1881 = ORIENTED_EDGE ( 'NONE', *, *, #27, .F. ) ;
#1882 = DIRECTION ( 'NONE',  ( 1.000000000000000000, 0.000000000000000000, -0.000000000000000000 ) ) ;
#1883 = CARTESIAN_POINT ( 'NONE',  ( 26.21914704352700198, -12.40000000000000036, -12.00000000000000355 ) ) ;
#1884 = COORDINATED_UNIVERSAL_TIME_OFFSET ( 0, 0, .AHEAD. ) ;
#1885 = CARTESIAN_POINT ( 'NONE',  ( -11.48085295647300086, -9.000000000000000000, -14.50000000000000000 ) ) ;
#1886 = ORIENTED_EDGE ( 'NONE', *, *, #2312, .F. ) ;
#1887 = LINE ( 'NONE', #278, #921 ) ;
#1888 = ORIENTED_EDGE ( 'NONE', *, *, #1989, .T. ) ;
#1889 = AXIS2_PLACEMENT_3D ( 'NONE', #2376, #2130, #2624 ) ;
#1890 = CARTESIAN_POINT ( 'NONE',  ( -16.39721676793699601, -11.80000000000000071, -2.000000000000000000 ) ) ;
#1891 = ORIENTED_EDGE ( 'NONE', *, *, #965, .F. ) ;
#1892 = EDGE_CURVE ( 'NONE', #3010, #853, #2538, .T. ) ;
#1893 = CARTESIAN_POINT ( 'NONE',  ( -3.196222926588305313, -0.5000000000000004441, 11.29043856474209484 ) ) ;
#1894 = EDGE_CURVE ( 'NONE', #2543, #1518, #684, .T. ) ;
#1895 = CARTESIAN_POINT ( 'NONE',  ( 16.53551085499100637, -11.79999999999999538, -2.000000000000000000 ) ) ;
#1896 = ORIENTED_EDGE ( 'NONE', *, *, #2704, .F. ) ;
#1897 = DIRECTION ( 'NONE',  ( -0.000000000000000000, 1.000000000000000000, -0.000000000000000000 ) ) ;
#1898 = PLANE ( 'NONE',  #2358 ) ;
#1899 = CARTESIAN_POINT ( 'NONE',  ( -22.48085295647300086, -15.00000000000000178, 12.00000000000000000 ) ) ;
#1900 = VERTEX_POINT ( 'NONE', #1404 ) ;
#1901 = DIRECTION ( 'NONE',  ( -1.000000000000000000, 0.000000000000000000, 0.000000000000000000 ) ) ;
#1902 = VERTEX_POINT ( 'NONE', #888 ) ;
#1903 = PLANE ( 'NONE',  #305 ) ;
#1904 = VERTEX_POINT ( 'NONE', #2338 ) ;
#1905 = DIRECTION ( 'NONE',  ( -1.000000000000000000, 0.000000000000000000, 0.000000000000000000 ) ) ;
#1906 = VECTOR ( 'NONE', #187, 1000.000000000000000 ) ;
#1907 = DIRECTION ( 'NONE',  ( -1.000000000000000000, 0.000000000000000000, 0.000000000000000000 ) ) ;
#1908 = ORIENTED_EDGE ( 'NONE', *, *, #2746, .F. ) ;
#1909 = AXIS2_PLACEMENT_3D ( 'NONE', #491, #2359, #739 ) ;
#1910 = CYLINDRICAL_SURFACE ( 'NONE', #857, 1.700000000000000178 ) ;
#1911 = CIRCLE ( 'NONE', #192, 0.8999999999999998002 ) ;
#1912 = DIRECTION ( 'NONE',  ( -0.000000000000000000, 1.000000000000000000, -0.000000000000000000 ) ) ;
#1913 = EDGE_CURVE ( 'NONE', #1203, #547, #638, .T. ) ;
#1914 = VECTOR ( 'NONE', #1656, 1000.000000000000000 ) ;
#1915 = EDGE_CURVE ( 'NONE', #1104, #1203, #1660, .T. ) ;
#1916 = CARTESIAN_POINT ( 'NONE',  ( 24.51914704352699914, -12.40000000000000036, -12.00000000000000355 ) ) ;
#1917 = ORIENTED_EDGE ( 'NONE', *, *, #2248, .F. ) ;
#1918 = ADVANCED_FACE ( 'NONE', ( #667 ), #1357, .T. ) ;
#1919 = VECTOR ( 'NONE', #837, 1000.000000000000000 ) ;
#1920 = PLANE ( 'NONE',  #2891 ) ;
#1921 = DIRECTION ( 'NONE',  ( -0.000000000000000000, 1.000000000000000000, -0.000000000000000000 ) ) ;
#1922 = ORIENTED_EDGE ( 'NONE', *, *, #68, .T. ) ;
#1923 = CARTESIAN_POINT ( 'NONE',  ( -9.814186289806338337, -9.000000000000000000, 14.50000000000000000 ) ) ;
#1924 = ORIENTED_EDGE ( 'NONE', *, *, #291, .F. ) ;
#1925 = DIRECTION ( 'NONE',  ( 0.000000000000000000, -0.000000000000000000, 1.000000000000000000 ) ) ;
#1926 = VERTEX_POINT ( 'NONE', #2102 ) ;
#1927 = CARTESIAN_POINT ( 'NONE',  ( 0.000000000000000000, 0.000000000000000000, 0.000000000000000000 ) ) ;
#1928 = FACE_OUTER_BOUND ( 'NONE', #2819, .T. ) ;
#1929 = DIRECTION ( 'NONE',  ( -1.000000000000000000, 0.000000000000000000, 0.000000000000000000 ) ) ;
#1930 = EDGE_CURVE ( 'NONE', #240, #626, #2806, .T. ) ;
#1931 = AXIS2_PLACEMENT_3D ( 'NONE', #756, #1214, #2160 ) ;
#1932 = EDGE_CURVE ( 'NONE', #744, #111, #404, .T. ) ;
#1933 = DIRECTION ( 'NONE',  ( 0.000000000000000000, -1.000000000000000000, -0.000000000000000000 ) ) ;
#1934 = DIRECTION ( 'NONE',  ( 0.9615676393087544405, 0.000000000000000000, -0.2745681609986653227 ) ) ;
#1935 = ORIENTED_EDGE ( 'NONE', *, *, #988, .F. ) ;
#1936 = VERTEX_POINT ( 'NONE', #208 ) ;
#1937 = VECTOR ( 'NONE', #599, 1000.000000000000114 ) ;
#1938 = DIRECTION ( 'NONE',  ( -1.000000000000000000, 0.000000000000000000, 0.000000000000000000 ) ) ;
#1939 = VERTEX_POINT ( 'NONE', #1343 ) ;
#1940 = FACE_BOUND ( 'NONE', #1953, .T. ) ;
#1941 = VERTEX_POINT ( 'NONE', #2056 ) ;
#1942 = PLANE ( 'NONE',  #994 ) ;
#1943 = PLANE ( 'NONE',  #2112 ) ;
#1944 = DIRECTION ( 'NONE',  ( 1.129458338587896499E-15, 0.000000000000000000, 1.000000000000000000 ) ) ;
#1945 = DIRECTION ( 'NONE',  ( 0.000000000000000000, 1.000000000000000000, 0.000000000000000000 ) ) ;
#1946 = ADVANCED_FACE ( 'NONE', ( #1606 ), #928, .F. ) ;
#1947 = ORIENTED_EDGE ( 'NONE', *, *, #2748, .T. ) ;
#1948 = ORIENTED_EDGE ( 'NONE', *, *, #1489, .F. ) ;
#1949 = DIRECTION ( 'NONE',  ( 1.000000000000000000, -0.000000000000000000, 0.000000000000000000 ) ) ;
#1950 = CIRCLE ( 'NONE', #2398, 4.999999999999999112 ) ;
#1951 = ORIENTED_EDGE ( 'NONE', *, *, #1161, .T. ) ;
#1952 = CARTESIAN_POINT ( 'NONE',  ( 28.01914704352700625, -15.00000000000000000, 14.99999999999999289 ) ) ;
#1953 = EDGE_LOOP ( 'NONE', ( #161, #1118, #2183, #406, #1896 ) ) ;
#1954 = CARTESIAN_POINT ( 'NONE',  ( -2.633100484259956797, -0.5000000000000004441, 11.31315318030783779 ) ) ;
#1955 = VECTOR ( 'NONE', #1944, 1000.000000000000000 ) ;
#1956 = CARTESIAN_POINT ( 'NONE',  ( -22.48085295647300441, -9.000000000000000000, -8.750000000000003553 ) ) ;
#1957 = CYLINDRICAL_SURFACE ( 'NONE', #1169, 1.700000000000001954 ) ;
#1958 = CIRCLE ( 'NONE', #630, 5.000000000000000000 ) ;
#1959 = CARTESIAN_POINT ( 'NONE',  ( -26.48085295647300086, -9.000000000000000000, 16.00000000000000000 ) ) ;
#1960 = CIRCLE ( 'NONE', #2411, 0.9000000000000005773 ) ;
#1961 = ORIENTED_EDGE ( 'NONE', *, *, #2369, .F. ) ;
#1962 = ORIENTED_EDGE ( 'NONE', *, *, #120, .F. ) ;
#1963 = VECTOR ( 'NONE', #2040, 1000.000000000000000 ) ;
#1964 = DIRECTION ( 'NONE',  ( -1.000000000000000000, -0.000000000000000000, -0.000000000000000000 ) ) ;
#1965 = CARTESIAN_POINT ( 'NONE',  ( -2.633100484259957685, -0.5000000000000004441, -11.31315318030784667 ) ) ;
#1966 = EDGE_CURVE ( 'NONE', #602, #2587, #138, .T. ) ;
#1967 = EDGE_CURVE ( 'NONE', #2941, #1900, #3021, .T. ) ;
#1968 = ORIENTED_EDGE ( 'NONE', *, *, #104, .F. ) ;
#1969 = DIRECTION ( 'NONE',  ( 0.000000000000000000, 0.000000000000000000, 1.000000000000000000 ) ) ;
#1970 = ORIENTED_EDGE ( 'NONE', *, *, #1059, .F. ) ;
#1971 = FACE_OUTER_BOUND ( 'NONE', #2133, .T. ) ;
#1972 = LINE ( 'NONE', #1488, #1558 ) ;
#1973 = VECTOR ( 'NONE', #1120, 1000.000000000000000 ) ;
#1974 = CARTESIAN_POINT ( 'NONE',  ( -21.48085295647300086, -9.000000000000000000, 7.000000000000000000 ) ) ;
#1975 = ORIENTED_EDGE ( 'NONE', *, *, #1647, .F. ) ;
#1976 = EDGE_LOOP ( 'NONE', ( #92, #1720, #1922, #1968 ) ) ;
#1977 = DIRECTION ( 'NONE',  ( -0.000000000000000000, -1.000000000000000000, -0.000000000000000000 ) ) ;
#1978 = VERTEX_POINT ( 'NONE', #699 ) ;
#1979 = DIRECTION ( 'NONE',  ( -1.836970198721029441E-16, 1.000000000000000000, -0.000000000000000000 ) ) ;
#1980 = EDGE_LOOP ( 'NONE', ( #529, #2906, #1998, #2396 ) ) ;
#1981 = DIRECTION ( 'NONE',  ( -1.000000000000000000, 0.000000000000000000, 0.000000000000000000 ) ) ;
#1982 = ORIENTED_EDGE ( 'NONE', *, *, #514, .T. ) ;
#1983 = ADVANCED_FACE ( 'NONE', ( #1625 ), #1150, .T. ) ;
#1984 = CLOSED_SHELL ( 'NONE', ( #1825, #463, #2769, #325, #2072, #1778, #2767, #2503, #364, #1983, #385, #1760, #1572, #882, #1780, #745, #447, #1946, #2667, #2497, #443, #267, #2648, #2631, #2969, #2666, #2350, #3018, #25, #987, #1682, #1453, #1384, #1534, #639, #2930, #1328, #1699, #2276, #1576, #897, #515, #346, #502, #1475, #1664, #2044, #2347, #1918, #1593, #629, #2217, #841, #1439, #1089, #145, #1125, #2178, #564, #1550, #690, #269, #838, #2839, #386, #2139, #2861, #1209, #1609, #2443, #2597, #366, #1306, #654, #201, #1252, #1196, #2232, #817, #1019, #2122, #2804, #293, #2563, #51, #951, #1266, #2410, #2788, #2950, #1505, #2880, #1830, #2272, #2213, #1798 ) ) ;
#1985 = EDGE_CURVE ( 'NONE', #1239, #2897, #1219, .T. ) ;
#1986 = CARTESIAN_POINT ( 'NONE',  ( -11.48085295647300086, -9.000000000000000000, 14.50000000000000000 ) ) ;
#1987 = CARTESIAN_POINT ( 'NONE',  ( -22.48085295647300086, -15.00000000000000178, 10.30000000000000071 ) ) ;
#1988 = CARTESIAN_POINT ( 'NONE',  ( -10.23866082823991697, -11.79999999999999893, -8.649524351622744689 ) ) ;
#1989 = EDGE_CURVE ( 'NONE', #829, #612, #2571, .T. ) ;
#1990 = CYLINDRICAL_SURFACE ( 'NONE', #2952, 1.100000000000000311 ) ;
#1991 = ORIENTED_EDGE ( 'NONE', *, *, #1178, .T. ) ;
#1992 = VERTEX_POINT ( 'NONE', #2594 ) ;
#1993 = CARTESIAN_POINT ( 'NONE',  ( -9.814186289806338337, 0.000000000000000000, -14.50000000000000000 ) ) ;
#1994 = VERTEX_POINT ( 'NONE', #464 ) ;
#1995 = DIRECTION ( 'NONE',  ( -0.000000000000000000, 1.000000000000000000, -0.000000000000000000 ) ) ;
#1996 = ORIENTED_EDGE ( 'NONE', *, *, #2087, .F. ) ;
#1997 = DIRECTION ( 'NONE',  ( 0.000000000000000000, -1.000000000000000000, 0.000000000000000000 ) ) ;
#1998 = ORIENTED_EDGE ( 'NONE', *, *, #444, .F. ) ;
#1999 = CARTESIAN_POINT ( 'NONE',  ( -10.82264973081037773, -11.79999999999999893, 7.806828091810600334 ) ) ;
#2000 = VECTOR ( 'NONE', #2475, 1000.000000000000000 ) ;
#2001 = CC_DESIGN_PERSON_AND_ORGANIZATION_ASSIGNMENT ( #1624, #2077, ( #1375 ) ) ;
#2002 = DIRECTION ( 'NONE',  ( 0.4999999999999965028, 0.7071067811865500152, -0.5000000000000000000 ) ) ;
#2003 = AXIS2_PLACEMENT_3D ( 'NONE', #2657, #1190, #1929 ) ;
#2004 = DIRECTION ( 'NONE',  ( -0.000000000000000000, 1.000000000000000000, -0.000000000000000000 ) ) ;
#2005 = EDGE_CURVE ( 'NONE', #2727, #2596, #1911, .T. ) ;
#2006 = DIRECTION ( 'NONE',  ( -1.836970198721029441E-16, 1.000000000000000000, -0.000000000000000000 ) ) ;
#2007 = ORIENTED_EDGE ( 'NONE', *, *, #965, .T. ) ;
#2008 = AXIS2_PLACEMENT_3D ( 'NONE', #420, #1829, #1162 ) ;
#2009 = AXIS2_PLACEMENT_3D ( 'NONE', #49, #1487, #548 ) ;
#2010 = ORIENTED_EDGE ( 'NONE', *, *, #2990, .F. ) ;
#2011 = CARTESIAN_POINT ( 'NONE',  ( -10.82264973081037951, -0.5000000000000004441, -7.806828091810600334 ) ) ;
#2012 = VECTOR ( 'NONE', #1701, 1000.000000000000000 ) ;
#2013 = ORIENTED_EDGE ( 'NONE', *, *, #2859, .T. ) ;
#2014 = FACE_OUTER_BOUND ( 'NONE', #2220, .T. ) ;
#2015 = AXIS2_PLACEMENT_3D ( 'NONE', #1598, #2736, #2301 ) ;
#2016 = ORIENTED_EDGE ( 'NONE', *, *, #1525, .T. ) ;
#2017 = DIRECTION ( 'NONE',  ( 0.000000000000000000, 0.000000000000000000, 1.000000000000000000 ) ) ;
#2018 = ORIENTED_EDGE ( 'NONE', *, *, #3051, .T. ) ;
#2019 = CARTESIAN_POINT ( 'NONE',  ( -2.633100484259955909, -11.79999999999999716, 11.31315318030783779 ) ) ;
#2020 = PLANE ( 'NONE',  #86 ) ;
#2021 = DIRECTION ( 'NONE',  ( -0.000000000000000000, 1.000000000000000000, -0.000000000000000000 ) ) ;
#2022 = CARTESIAN_POINT ( 'NONE',  ( 10.33289778252569668, -11.79999999999999538, -7.610813215765721118 ) ) ;
#2023 = CARTESIAN_POINT ( 'NONE',  ( -13.07456703712661827, -0.5000000000000004441, -3.900000000000000355 ) ) ;
#2024 = EDGE_CURVE ( 'NONE', #2294, #373, #436, .T. ) ;
#2025 = ORIENTED_EDGE ( 'NONE', *, *, #2126, .F. ) ;
#2026 = ORIENTED_EDGE ( 'NONE', *, *, #53, .F. ) ;
#2027 = EDGE_CURVE ( 'NONE', #613, #1516, #731, .T. ) ;
#2028 = CYLINDRICAL_SURFACE ( 'NONE', #276, 1.700000000000001954 ) ;
#2029 = EDGE_LOOP ( 'NONE', ( #1523, #2291 ) ) ;
#2030 = CARTESIAN_POINT ( 'NONE',  ( 24.51914704352699914, -9.000000000000000000, -12.00000000000000355 ) ) ;
#2031 = AXIS2_PLACEMENT_3D ( 'NONE', #1247, #2391, #1010 ) ;
#2032 = ORIENTED_EDGE ( 'NONE', *, *, #2401, .T. ) ;
#2033 = CARTESIAN_POINT ( 'NONE',  ( -19.48085295647300086, -0.5000000000000000000, 12.50000000000000000 ) ) ;
#2034 = ORIENTED_EDGE ( 'NONE', *, *, #1106, .F. ) ;
#2035 = DIRECTION ( 'NONE',  ( 1.000000000000000000, 0.000000000000000000, 0.000000000000000000 ) ) ;
#2036 = CARTESIAN_POINT ( 'NONE',  ( 12.30862072773752658, 0.000000000000000000, -12.50000000000000000 ) ) ;
#2037 = VECTOR ( 'NONE', #2827, 1000.000000000000000 ) ;
#2038 = DIRECTION ( 'NONE',  ( 0.000000000000000000, 0.000000000000000000, -1.000000000000000000 ) ) ;
#2039 = FACE_OUTER_BOUND ( 'NONE', #10, .T. ) ;
#2040 = DIRECTION ( 'NONE',  ( 0.000000000000000000, 1.000000000000000000, 0.000000000000000000 ) ) ;
#2041 = CARTESIAN_POINT ( 'NONE',  ( -22.48085295647300441, -9.000000000000000000, -13.70000000000000462 ) ) ;
#2042 = EDGE_LOOP ( 'NONE', ( #924, #1691, #1886, #655 ) ) ;
#2043 = ORIENTED_EDGE ( 'NONE', *, *, #2438, .F. ) ;
#2044 = ADVANCED_FACE ( 'NONE', ( #1663 ), #940, .T. ) ;
#2045 = LINE ( 'NONE', #1845, #2528 ) ;
#2046 = ORIENTED_EDGE ( 'NONE', *, *, #2807, .F. ) ;
#2047 = ORIENTED_EDGE ( 'NONE', *, *, #2971, .T. ) ;
#2048 = DIRECTION ( 'NONE',  ( 0.000000000000000000, 0.000000000000000000, 1.000000000000000000 ) ) ;
#2049 = ORIENTED_EDGE ( 'NONE', *, *, #1108, .F. ) ;
#2050 = CARTESIAN_POINT ( 'NONE',  ( -10.23866082823991697, -11.79999999999999893, -8.649524351622744689 ) ) ;
#2051 = DIRECTION ( 'NONE',  ( -1.836970198721029688E-16, 1.000000000000000000, 0.000000000000000000 ) ) ;
#2052 = CARTESIAN_POINT ( 'NONE',  ( 24.51914704352699914, -9.000000000000000000, 13.70000000000000284 ) ) ;
#2053 = CARTESIAN_POINT ( 'NONE',  ( 24.51914704352699914, -12.40000000000000036, 12.00000000000000000 ) ) ;
#2054 = FACE_OUTER_BOUND ( 'NONE', #1775, .T. ) ;
#2055 =( NAMED_UNIT ( * ) PLANE_ANGLE_UNIT ( ) SI_UNIT ( $, .RADIAN. ) );
#2056 = CARTESIAN_POINT ( 'NONE',  ( 10.98578643762690632, -11.79999999999999538, 6.745402340387840034 ) ) ;
#2057 = AXIS2_PLACEMENT_3D ( 'NONE', #2905, #97, #321 ) ;
#2058 = ORIENTED_EDGE ( 'NONE', *, *, #799, .F. ) ;
#2059 = ORIENTED_EDGE ( 'NONE', *, *, #1366, .F. ) ;
#2060 = AXIS2_PLACEMENT_3D ( 'NONE', #367, #1737, #2236 ) ;
#2061 = LINE ( 'NONE', #454, #2380 ) ;
#2062 = ORIENTED_EDGE ( 'NONE', *, *, #1548, .T. ) ;
#2063 = VECTOR ( 'NONE', #535, 1000.000000000000114 ) ;
#2064 = AXIS2_PLACEMENT_3D ( 'NONE', #2377, #2611, #1201 ) ;
#2065 = ORIENTED_EDGE ( 'NONE', *, *, #1685, .F. ) ;
#2066 = CARTESIAN_POINT ( 'NONE',  ( -14.14751962313966871, -0.5000000000000000000, 12.50000000000000000 ) ) ;
#2067 = AXIS2_PLACEMENT_3D ( 'NONE', #329, #2923, #1675 ) ;
#2068 = CARTESIAN_POINT ( 'NONE',  ( -16.48085295647299731, -9.000000000000000000, -4.500000000000002665 ) ) ;
#2069 = VECTOR ( 'NONE', #155, 1000.000000000000000 ) ;
#2070 = EDGE_CURVE ( 'NONE', #2429, #1122, #1415, .T. ) ;
#2071 = CARTESIAN_POINT ( 'NONE',  ( -22.48085295647300086, -9.000000000000000000, 12.00000000000000000 ) ) ;
#2072 = ADVANCED_FACE ( 'NONE', ( #2116 ), #1852, .F. ) ;
#2073 = ORGANIZATION ( 'UNSPECIFIED', 'UNSPECIFIED', '' ) ;
#2074 = LINE ( 'NONE', #204, #328 ) ;
#2075 = CARTESIAN_POINT ( 'NONE',  ( -22.48085295647300441, -9.000000000000000000, -12.00000000000000355 ) ) ;
#2076 = CARTESIAN_POINT ( 'NONE',  ( 16.53551085499100637, -11.79999999999999538, -3.899999999999999023 ) ) ;
#2077 = PERSON_AND_ORGANIZATION_ROLE ( 'creator' ) ;
#2078 = DIRECTION ( 'NONE',  ( 0.2810846377148269459, 0.6785983445458456664, 0.6785983445458456664 ) ) ;
#2079 = CARTESIAN_POINT ( 'NONE',  ( -11.92264973081037738, -11.79999999999999893, -5.000000000000000000 ) ) ;
#2080 = EDGE_LOOP ( 'NONE', ( #864, #845, #2311, #2120 ) ) ;
#2081 = LINE ( 'NONE', #170, #777 ) ;
#2082 = DIRECTION ( 'NONE',  ( 0.7071067811865475727, -0.7071067811865475727, 0.000000000000000000 ) ) ;
#2083 = VECTOR ( 'NONE', #1921, 1000.000000000000000 ) ;
#2084 = EDGE_CURVE ( 'NONE', #398, #1481, #2363, .T. ) ;
#2085 = DIRECTION ( 'NONE',  ( -1.000000000000000000, -0.000000000000000000, -0.000000000000000000 ) ) ;
#2086 = ORIENTED_EDGE ( 'NONE', *, *, #1161, .F. ) ;
#2087 = EDGE_CURVE ( 'NONE', #1936, #152, #2346, .T. ) ;
#2088 = DIRECTION ( 'NONE',  ( 0.000000000000000000, 0.000000000000000000, -1.000000000000000000 ) ) ;
#2089 = CARTESIAN_POINT ( 'NONE',  ( -14.14751962313967049, -0.5000000000000000000, 12.50000000000000000 ) ) ;
#2090 = DIRECTION ( 'NONE',  ( 0.000000000000000000, -0.000000000000000000, 1.000000000000000000 ) ) ;
#2091 = CIRCLE ( 'NONE', #604, 1.100000000000000311 ) ;
#2092 = DIRECTION ( 'NONE',  ( 0.000000000000000000, 0.000000000000000000, 1.000000000000000000 ) ) ;
#2093 = ORIENTED_EDGE ( 'NONE', *, *, #343, .F. ) ;
#2094 = ORIENTED_EDGE ( 'NONE', *, *, #1490, .F. ) ;
#2095 = DIRECTION ( 'NONE',  ( -0.000000000000000000, 1.000000000000000000, -0.000000000000000000 ) ) ;
#2096 = CARTESIAN_POINT ( 'NONE',  ( -20.78085295647300157, -12.40000000000000036, -12.00000000000000355 ) ) ;
#2097 = CARTESIAN_POINT ( 'NONE',  ( -21.48085295647300086, -9.000000000000000000, 7.000000000000000000 ) ) ;
#2098 = VERTEX_POINT ( 'NONE', #31 ) ;
#2099 = LINE ( 'NONE', #2796, #2673 ) ;
#2100 = CARTESIAN_POINT ( 'NONE',  ( -22.48085295647300441, -12.40000000000000036, -12.00000000000000355 ) ) ;
#2101 = PERSON_AND_ORGANIZATION ( #2384, #2073 ) ;
#2102 = CARTESIAN_POINT ( 'NONE',  ( -16.39721676793699601, -11.80000000000000071, 2.000000000000000000 ) ) ;
#2103 = EDGE_CURVE ( 'NONE', #169, #2458, #683, .T. ) ;
#2104 = EDGE_CURVE ( 'NONE', #1166, #373, #742, .T. ) ;
#2105 = CIRCLE ( 'NONE', #723, 1.099999999999995870 ) ;
#2106 = CARTESIAN_POINT ( 'NONE',  ( -19.48085295647299731, -9.000000000000000000, 8.500000000000001776 ) ) ;
#2107 = EDGE_LOOP ( 'NONE', ( #2761, #1763, #2663, #2694, #194, #2974 ) ) ;
#2108 = VERTEX_POINT ( 'NONE', #2089 ) ;
#2109 = AXIS2_PLACEMENT_3D ( 'NONE', #2750, #632, #172 ) ;
#2110 = VECTOR ( 'NONE', #2744, 1000.000000000000000 ) ;
#2111 = DIRECTION ( 'NONE',  ( -0.000000000000000000, 1.000000000000000000, -0.000000000000000000 ) ) ;
#2112 = AXIS2_PLACEMENT_3D ( 'NONE', #1735, #1748, #1030 ) ;
#2113 = FACE_OUTER_BOUND ( 'NONE', #342, .T. ) ;
#2114 = ORIENTED_EDGE ( 'NONE', *, *, #3046, .F. ) ;
#2115 = DIRECTION ( 'NONE',  ( 0.000000000000000000, 0.000000000000000000, -1.000000000000000000 ) ) ;
#2116 = FACE_OUTER_BOUND ( 'NONE', #1036, .T. ) ;
#2117 = AXIS2_PLACEMENT_3D ( 'NONE', #1544, #2493, #2972 ) ;
#2118 = DATE_TIME_ROLE ( 'creation_date' ) ;
#2119 = CARTESIAN_POINT ( 'NONE',  ( -22.48085295647300086, -12.40000000000000036, 12.00000000000000000 ) ) ;
#2120 = ORIENTED_EDGE ( 'NONE', *, *, #2194, .F. ) ;
#2121 = DIRECTION ( 'NONE',  ( 0.000000000000000000, 0.000000000000000000, -1.000000000000000000 ) ) ;
#2122 = ADVANCED_FACE ( 'NONE', ( #451, #2581 ), #1898, .F. ) ;
#2123 = ORIENTED_EDGE ( 'NONE', *, *, #1366, .T. ) ;
#2124 = EDGE_CURVE ( 'NONE', #1677, #2966, #2842, .T. ) ;
#2125 = ORIENTED_EDGE ( 'NONE', *, *, #1419, .F. ) ;
#2126 = EDGE_CURVE ( 'NONE', #2777, #1280, #2452, .T. ) ;
#2127 = CARTESIAN_POINT ( 'NONE',  ( -6.072649730810377733, -11.79999999999999716, 0.000000000000000000 ) ) ;
#2128 = FACE_BOUND ( 'NONE', #870, .T. ) ;
#2129 = ORIENTED_EDGE ( 'NONE', *, *, #704, .T. ) ;
#2130 = DIRECTION ( 'NONE',  ( -1.836970198721029688E-16, 1.000000000000000000, 0.000000000000000000 ) ) ;
#2131 = DIRECTION ( 'NONE',  ( 0.000000000000000000, 0.000000000000000000, 1.000000000000000000 ) ) ;
#2132 = DIRECTION ( 'NONE',  ( 1.836970198721029688E-16, -1.000000000000000000, -0.000000000000000000 ) ) ;
#2133 = EDGE_LOOP ( 'NONE', ( #959, #496, #643, #2924 ) ) ;
#2134 = DIRECTION ( 'NONE',  ( -1.836970198721029441E-16, 1.000000000000000000, -0.000000000000000000 ) ) ;
#2135 = EDGE_LOOP ( 'NONE', ( #2467, #1336, #1311, #2835 ) ) ;
#2136 = VECTOR ( 'NONE', #2021, 1000.000000000000000 ) ;
#2137 = DIRECTION ( 'NONE',  ( 0.000000000000000000, 0.000000000000000000, 1.000000000000000000 ) ) ;
#2138 = VERTEX_POINT ( 'NONE', #1389 ) ;
#2139 = ADVANCED_FACE ( 'NONE', ( #696 ), #913, .F. ) ;
#2140 = CARTESIAN_POINT ( 'NONE',  ( -26.48085295647300086, -15.00000000000000000, -14.99999999999999289 ) ) ;
#2141 = EDGE_CURVE ( 'NONE', #1564, #567, #1131, .T. ) ;
#2142 = EDGE_CURVE ( 'NONE', #75, #536, #1866, .T. ) ;
#2143 = CARTESIAN_POINT ( 'NONE',  ( -16.39721676793699601, -11.80000000000000071, -2.000000000000000000 ) ) ;
#2144 = ORIENTED_EDGE ( 'NONE', *, *, #769, .T. ) ;
#2145 = DIRECTION ( 'NONE',  ( 1.000000000000000000, 0.000000000000000000, 0.000000000000000000 ) ) ;
#2146 = DIRECTION ( 'NONE',  ( -0.000000000000000000, 1.000000000000000000, 0.000000000000000000 ) ) ;
#2147 = DIRECTION ( 'NONE',  ( -1.000000000000000000, 0.000000000000000000, 0.000000000000000000 ) ) ;
#2148 = ORIENTED_EDGE ( 'NONE', *, *, #2462, .T. ) ;
#2149 = CARTESIAN_POINT ( 'NONE',  ( 12.08578643762690241, -11.79999999999999538, -3.900000000000005240 ) ) ;
#2150 = CARTESIAN_POINT ( 'NONE',  ( 23.85294014131760676, -9.000000000000000000, 6.407164753943843216 ) ) ;
#2151 = ORIENTED_EDGE ( 'NONE', *, *, #1645, .F. ) ;
#2152 = VECTOR ( 'NONE', #52, 1000.000000000000000 ) ;
#2153 = VECTOR ( 'NONE', #2437, 1000.000000000000000 ) ;
#2154 = PLANE ( 'NONE',  #2067 ) ;
#2155 = ORIENTED_EDGE ( 'NONE', *, *, #932, .T. ) ;
#2156 = LINE ( 'NONE', #257, #2698 ) ;
#2157 = ORIENTED_EDGE ( 'NONE', *, *, #2158, .T. ) ;
#2158 = EDGE_CURVE ( 'NONE', #2108, #1527, #813, .T. ) ;
#2159 = AXIS2_PLACEMENT_3D ( 'NONE', #646, #1352, #153 ) ;
#2160 = DIRECTION ( 'NONE',  ( 0.000000000000000000, 0.000000000000000000, 1.000000000000000000 ) ) ;
#2161 = AXIS2_PLACEMENT_3D ( 'NONE', #2927, #294, #1248 ) ;
#2162 = EDGE_CURVE ( 'NONE', #2421, #996, #108, .T. ) ;
#2163 = DIRECTION ( 'NONE',  ( -0.000000000000000000, 1.000000000000000000, -0.000000000000000000 ) ) ;
#2164 = CARTESIAN_POINT ( 'NONE',  ( -4.922649730810379154, -0.5000000000000004441, 0.000000000000000000 ) ) ;
#2165 = VECTOR ( 'NONE', #2753, 1000.000000000000000 ) ;
#2166 = FACE_OUTER_BOUND ( 'NONE', #1619, .T. ) ;
#2167 = CARTESIAN_POINT ( 'NONE',  ( 24.51914704352699914, -15.00000000000000178, 10.30000000000000071 ) ) ;
#2168 = ORIENTED_EDGE ( 'NONE', *, *, #1878, .T. ) ;
#2169 = EDGE_LOOP ( 'NONE', ( #1654, #449, #1254, #1924 ) ) ;
#2170 = CARTESIAN_POINT ( 'NONE',  ( 10.98578643762690632, -11.79999999999999538, -5.000000000000000000 ) ) ;
#2171 = ORIENTED_EDGE ( 'NONE', *, *, #2194, .T. ) ;
#2172 = CARTESIAN_POINT ( 'NONE',  ( -14.49721676793699920, -11.80000000000000071, -2.000000000000000000 ) ) ;
#2173 = EDGE_LOOP ( 'NONE', ( #1211, #1876, #487, #1961 ) ) ;
#2174 = FACE_OUTER_BOUND ( 'NONE', #2107, .T. ) ;
#2175 = CYLINDRICAL_SURFACE ( 'NONE', #2508, 5.000000000000000888 ) ;
#2176 = EDGE_CURVE ( 'NONE', #198, #2098, #1233, .T. ) ;
#2177 = DIRECTION ( 'NONE',  ( 0.000000000000000000, 0.000000000000000000, 1.000000000000000000 ) ) ;
#2178 = ADVANCED_FACE ( 'NONE', ( #2221 ), #2668, .T. ) ;
#2179 = VECTOR ( 'NONE', #23, 1000.000000000000000 ) ;
#2180 = CARTESIAN_POINT ( 'NONE',  ( -22.48085295647300441, -12.40000000000000036, -13.70000000000000817 ) ) ;
#2181 = CARTESIAN_POINT ( 'NONE',  ( -22.48085295647300086, -12.40000000000000036, 12.00000000000000000 ) ) ;
#2182 = ORIENTED_EDGE ( 'NONE', *, *, #1614, .T. ) ;
#2183 = ORIENTED_EDGE ( 'NONE', *, *, #236, .F. ) ;
#2184 = CIRCLE ( 'NONE', #1789, 5.000000000000000000 ) ;
#2185 = AXIS2_PLACEMENT_3D ( 'NONE', #1474, #2422, #304 ) ;
#2186 = FACE_OUTER_BOUND ( 'NONE', #1672, .T. ) ;
#2187 = EDGE_LOOP ( 'NONE', ( #468, #56 ) ) ;
#2188 = CARTESIAN_POINT ( 'NONE',  ( -26.67159652630354927, -14.30925643016945870, -15.07900857355926405 ) ) ;
#2189 = VERTEX_POINT ( 'NONE', #1216 ) ;
#2190 = DIRECTION ( 'NONE',  ( 0.000000000000000000, 0.000000000000000000, 1.000000000000000000 ) ) ;
#2191 = CARTESIAN_POINT ( 'NONE',  ( -16.39721676793699956, -0.5000000000000004441, -2.000000000000000000 ) ) ;
#2192 = CARTESIAN_POINT ( 'NONE',  ( 24.51914704352699914, -9.000000000000000000, 12.00000000000000000 ) ) ;
#2193 = PLANE ( 'NONE',  #2797 ) ;
#2194 = EDGE_CURVE ( 'NONE', #536, #22, #521, .T. ) ;
#2195 = ORIENTED_EDGE ( 'NONE', *, *, #2928, .T. ) ;
#2196 = ORIENTED_EDGE ( 'NONE', *, *, #2525, .F. ) ;
#2197 = DIRECTION ( 'NONE',  ( 4.336808689942027202E-15, 0.000000000000000000, -1.000000000000000000 ) ) ;
#2198 = DIRECTION ( 'NONE',  ( -1.836970198721029441E-16, 1.000000000000000000, -0.000000000000000000 ) ) ;
#2199 = CIRCLE ( 'NONE', #2499, 3.249999999999999556 ) ;
#2200 = ORIENTED_EDGE ( 'NONE', *, *, #2478, .T. ) ;
#2201 = LINE ( 'NONE', #2244, #2754 ) ;
#2202 = VERTEX_POINT ( 'NONE', #319 ) ;
#2203 = CIRCLE ( 'NONE', #2603, 1.149999999999999911 ) ;
#2204 = DIRECTION ( 'NONE',  ( -0.9363291775690446572, 0.000000000000000000, 0.3511234415883912607 ) ) ;
#2205 = CARTESIAN_POINT ( 'NONE',  ( -11.92264973081037738, -11.79999999999999893, 3.900000000000000355 ) ) ;
#2206 = VECTOR ( 'NONE', #2786, 1000.000000000000000 ) ;
#2207 = VECTOR ( 'NONE', #1130, 1000.000000000000000 ) ;
#2208 = CARTESIAN_POINT ( 'NONE',  ( -22.48085295647300086, -15.00000000000000178, 12.00000000000000000 ) ) ;
#2209 = AXIS2_PLACEMENT_3D ( 'NONE', #243, #2111, #2373 ) ;
#2210 = ORIENTED_EDGE ( 'NONE', *, *, #1043, .F. ) ;
#2211 = ORIENTED_EDGE ( 'NONE', *, *, #2369, .T. ) ;
#2212 = VECTOR ( 'NONE', #2537, 1000.000000000000000 ) ;
#2213 = ADVANCED_FACE ( 'NONE', ( #1928 ), #1261, .T. ) ;
#2214 = FACE_OUTER_BOUND ( 'NONE', #2173, .T. ) ;
#2215 = EDGE_CURVE ( 'NONE', #177, #2429, #336, .T. ) ;
#2216 = DIRECTION ( 'NONE',  ( 0.000000000000000000, 0.000000000000000000, -1.000000000000000000 ) ) ;
#2217 = ADVANCED_FACE ( 'NONE', ( #2436 ), #801, .T. ) ;
#2218 = ORIENTED_EDGE ( 'NONE', *, *, #549, .T. ) ;
#2219 = DIRECTION ( 'NONE',  ( -1.000000000000000000, 0.000000000000000000, 0.000000000000000000 ) ) ;
#2220 = EDGE_LOOP ( 'NONE', ( #2026, #778, #2243, #1277 ) ) ;
#2221 = FACE_OUTER_BOUND ( 'NONE', #2492, .T. ) ;
#2222 = CARTESIAN_POINT ( 'NONE',  ( -10.82264973081037951, -0.5000000000000004441, 7.806828091810600334 ) ) ;
#2223 = APPLICATION_PROTOCOL_DEFINITION ( 'international standard', 'config_control_design', 1994, #1594 ) ;
#2224 = VERTEX_POINT ( 'NONE', #1460 ) ;
#2225 = ORIENTED_EDGE ( 'NONE', *, *, #66, .T. ) ;
#2226 = DIRECTION ( 'NONE',  ( 0.000000000000000000, 0.000000000000000000, 1.000000000000000000 ) ) ;
#2227 = ORIENTED_EDGE ( 'NONE', *, *, #254, .T. ) ;
#2228 = DIRECTION ( 'NONE',  ( 0.000000000000000000, 0.000000000000000000, 1.000000000000000000 ) ) ;
#2229 = EDGE_LOOP ( 'NONE', ( #2390, #1732, #953, #1093 ) ) ;
#2230 = FACE_OUTER_BOUND ( 'NONE', #1543, .T. ) ;
#2231 = EDGE_LOOP ( 'NONE', ( #1275, #798, #831, #2890 ) ) ;
#2232 = ADVANCED_FACE ( 'NONE', ( #757, #1693 ), #1943, .F. ) ;
#2233 = EDGE_CURVE ( 'NONE', #2224, #2635, #1818, .T. ) ;
#2234 = CYLINDRICAL_SURFACE ( 'NONE', #1617, 1.149999999999999911 ) ;
#2235 = EDGE_CURVE ( 'NONE', #391, #377, #2423, .T. ) ;
#2236 = DIRECTION ( 'NONE',  ( 0.000000000000000000, 0.000000000000000000, -1.000000000000000000 ) ) ;
#2237 = DIRECTION ( 'NONE',  ( 0.7071067811865500152, -0.000000000000000000, 0.7071067811865451302 ) ) ;
#2238 = ORIENTED_EDGE ( 'NONE', *, *, #1436, .T. ) ;
#2239 = EDGE_LOOP ( 'NONE', ( #2820, #542 ) ) ;
#2240 = CARTESIAN_POINT ( 'NONE',  ( -9.922649730810379154, -0.5000000000000004441, 7.806828091810600334 ) ) ;
#2241 = ORIENTED_EDGE ( 'NONE', *, *, #2104, .T. ) ;
#2242 = CYLINDRICAL_SURFACE ( 'NONE', #2902, 3.249999999999999556 ) ;
#2243 = ORIENTED_EDGE ( 'NONE', *, *, #1724, .T. ) ;
#2244 = CARTESIAN_POINT ( 'NONE',  ( 8.519147043526995589, 0.000000000000000000, 14.50000000000000000 ) ) ;
#2245 = ORIENTED_EDGE ( 'NONE', *, *, #879, .F. ) ;
#2246 = DIRECTION ( 'NONE',  ( 1.836970198721029688E-16, -1.000000000000000000, -0.000000000000000000 ) ) ;
#2247 = AXIS2_PLACEMENT_3D ( 'NONE', #747, #2864, #467 ) ;
#2248 = EDGE_CURVE ( 'NONE', #2620, #1444, #581, .T. ) ;
#2249 = DIRECTION ( 'NONE',  ( -0.7071067811865500152, 0.000000000000000000, -0.7071067811865451302 ) ) ;
#2250 = EDGE_CURVE ( 'NONE', #1195, #805, #239, .T. ) ;
#2251 = AXIS2_PLACEMENT_3D ( 'NONE', #1235, #65, #2451 ) ;
#2252 = CARTESIAN_POINT ( 'NONE',  ( 26.51914704352699914, -9.000000000000000000, -1.985240989708994430 ) ) ;
#2253 = DIRECTION ( 'NONE',  ( 2.081668171172168513E-15, 0.000000000000000000, -1.000000000000000000 ) ) ;
#2254 = AXIS2_PLACEMENT_3D ( 'NONE', #1819, #1584, #2780 ) ;
#2255 = ORIENTED_EDGE ( 'NONE', *, *, #3022, .T. ) ;
#2256 = AXIS2_PLACEMENT_3D ( 'NONE', #122, #1568, #1802 ) ;
#2257 = ORIENTED_EDGE ( 'NONE', *, *, #899, .T. ) ;
#2258 = LINE ( 'NONE', #149, #1013 ) ;
#2259 = VECTOR ( 'NONE', #347, 1000.000000000000114 ) ;
#2260 = ORIENTED_EDGE ( 'NONE', *, *, #103, .F. ) ;
#2261 = LINE ( 'NONE', #183, #2259 ) ;
#2262 = VECTOR ( 'NONE', #1574, 1000.000000000000000 ) ;
#2263 = ORIENTED_EDGE ( 'NONE', *, *, #1419, .T. ) ;
#2264 = LINE ( 'NONE', #2050, #2557 ) ;
#2265 = ORIENTED_EDGE ( 'NONE', *, *, #2971, .F. ) ;
#2266 = ORIENTED_EDGE ( 'NONE', *, *, #570, .T. ) ;
#2267 = CARTESIAN_POINT ( 'NONE',  ( 16.53551085499100637, -11.79999999999999538, 2.000000000000000000 ) ) ;
#2268 = LINE ( 'NONE', #2097, #1612 ) ;
#2269 = LINE ( 'NONE', #1826, #2629 ) ;
#2270 = CARTESIAN_POINT ( 'NONE',  ( 7.280656287186141107, -9.000000000000000000, -9.500000000000001776 ) ) ;
#2271 = PRODUCT_DEFINITION ( 'UNKNOWN', '', #1375, #476 ) ;
#2272 = ADVANCED_FACE ( 'NONE', ( #2409 ), #2175, .T. ) ;
#2273 = LINE ( 'NONE', #2454, #1963 ) ;
#2274 = ORIENTED_EDGE ( 'NONE', *, *, #163, .F. ) ;
#2275 = ORIENTED_EDGE ( 'NONE', *, *, #1382, .F. ) ;
#2276 = ADVANCED_FACE ( 'NONE', ( #1971 ), #2679, .F. ) ;
#2277 = CARTESIAN_POINT ( 'NONE',  ( -22.48085295647300441, -12.40000000000000036, -8.750000000000003553 ) ) ;
#2278 = EDGE_LOOP ( 'NONE', ( #1611, #2168, #1850, #1486 ) ) ;
#2279 = DIRECTION ( 'NONE',  ( 0.000000000000000000, 0.000000000000000000, 1.000000000000000000 ) ) ;
#2280 = ORIENTED_EDGE ( 'NONE', *, *, #2439, .F. ) ;
#2281 = CARTESIAN_POINT ( 'NONE',  ( 24.51914704352699914, -12.40000000000000036, -15.25000000000000355 ) ) ;
#2282 = ORIENTED_EDGE ( 'NONE', *, *, #13, .T. ) ;
#2283 = CARTESIAN_POINT ( 'NONE',  ( 2.577350269189627507, -11.79999999999999716, -1.149999999999999911 ) ) ;
#2284 = CARTESIAN_POINT ( 'NONE',  ( 8.519147043526995589, -9.000000000000000000, 14.50000000000000000 ) ) ;
#2285 = AXIS2_PLACEMENT_3D ( 'NONE', #954, #3029, #2840 ) ;
#2286 = DIRECTION ( 'NONE',  ( -0.000000000000000000, -1.000000000000000000, -0.000000000000000000 ) ) ;
#2287 = DIRECTION ( 'NONE',  ( 1.000000000000000000, 1.807003620809172906E-16, -0.000000000000000000 ) ) ;
#2288 = DIRECTION ( 'NONE',  ( 0.000000000000000000, 0.000000000000000000, 1.000000000000000000 ) ) ;
#2289 = DIRECTION ( 'NONE',  ( -0.000000000000000000, 1.000000000000000000, -0.000000000000000000 ) ) ;
#2290 = EDGE_LOOP ( 'NONE', ( #3036, #460, #2527, #2922, #2151, #2225 ) ) ;
#2291 = ORIENTED_EDGE ( 'NONE', *, *, #2822, .F. ) ;
#2292 = DIRECTION ( 'NONE',  ( -1.836970198721029441E-16, 1.000000000000000000, -0.000000000000000000 ) ) ;
#2293 = EDGE_CURVE ( 'NONE', #469, #396, #1476, .T. ) ;
#2294 = VERTEX_POINT ( 'NONE', #2781 ) ;
#2295 = EDGE_LOOP ( 'NONE', ( #786, #918, #1970, #2530 ) ) ;
#2296 = DIRECTION ( 'NONE',  ( 0.000000000000000000, 0.000000000000000000, 1.000000000000000000 ) ) ;
#2297 = CARTESIAN_POINT ( 'NONE',  ( 10.33289778252569846, -0.5000000000000004441, 7.610813215765723783 ) ) ;
#2298 = DIRECTION ( 'NONE',  ( -1.000000000000000000, 0.000000000000000000, 0.000000000000000000 ) ) ;
#2299 = DIRECTION ( 'NONE',  ( 0.000000000000000000, 0.000000000000000000, 1.000000000000000000 ) ) ;
#2300 = FACE_OUTER_BOUND ( 'NONE', #1318, .T. ) ;
#2301 = DIRECTION ( 'NONE',  ( 0.000000000000000000, 1.000000000000000000, 0.000000000000000000 ) ) ;
#2302 = APPROVAL_STATUS ( 'not_yet_approved' ) ;
#2303 = CARTESIAN_POINT ( 'NONE',  ( 12.08578643762690241, -11.79999999999999538, -5.000000000000000000 ) ) ;
#2304 = VECTOR ( 'NONE', #2740, 1000.000000000000000 ) ;
#2305 = ORIENTED_EDGE ( 'NONE', *, *, #73, .F. ) ;
#2306 = CIRCLE ( 'NONE', #131, 1.700000000000000178 ) ;
#2307 = CARTESIAN_POINT ( 'NONE',  ( 12.08578643762690064, -0.5000000000000004441, -3.900000000000005240 ) ) ;
#2308 = VERTEX_POINT ( 'NONE', #2766 ) ;
#2309 = VECTOR ( 'NONE', #2912, 1000.000000000000114 ) ;
#2310 = AXIS2_PLACEMENT_3D ( 'NONE', #2798, #219, #1160 ) ;
#2311 = ORIENTED_EDGE ( 'NONE', *, *, #725, .T. ) ;
#2312 = EDGE_CURVE ( 'NONE', #289, #513, #662, .T. ) ;
#2313 = VECTOR ( 'NONE', #2793, 1000.000000000000000 ) ;
#2314 = EDGE_CURVE ( 'NONE', #1941, #2705, #171, .T. ) ;
#2315 = CARTESIAN_POINT ( 'NONE',  ( 24.51914704352699914, -9.000000000000000000, -12.00000000000000355 ) ) ;
#2316 = AXIS2_PLACEMENT_3D ( 'NONE', #660, #3011, #894 ) ;
#2317 = DIRECTION ( 'NONE',  ( -0.000000000000000000, 1.000000000000000000, -0.000000000000000000 ) ) ;
#2318 = EDGE_CURVE ( 'NONE', #2727, #1295, #381, .T. ) ;
#2319 = APPROVAL_PERSON_ORGANIZATION ( #191, #1820, #902 ) ;
#2320 = CARTESIAN_POINT ( 'NONE',  ( -11.92264973081037738, -11.79999999999999893, -3.899999999999999911 ) ) ;
#2321 = VERTEX_POINT ( 'NONE', #2283 ) ;
#2322 = CARTESIAN_POINT ( 'NONE',  ( -22.48085295647300441, -9.000000000000000000, -12.00000000000000355 ) ) ;
#2323 = CARTESIAN_POINT ( 'NONE',  ( 21.51914704352699559, -0.5000000000000004441, 1.985240989708994430 ) ) ;
#2324 = DIRECTION ( 'NONE',  ( 1.000000000000000000, 0.000000000000000000, 0.000000000000000000 ) ) ;
#2325 = DIRECTION ( 'NONE',  ( 1.000000000000000000, 0.000000000000000000, -0.000000000000000000 ) ) ;
#2326 = MANIFOLD_SOLID_BREP ( 'Fillet1', #1984 ) ;
#2327 = ORIENTED_EDGE ( 'NONE', *, *, #2893, .T. ) ;
#2328 = DIRECTION ( 'NONE',  ( -0.000000000000000000, 0.000000000000000000, 1.000000000000000000 ) ) ;
#2329 = CYLINDRICAL_SURFACE ( 'NONE', #2209, 1.700000000000001954 ) ;
#2330 = AXIS2_PLACEMENT_3D ( 'NONE', #3041, #1445, #2190 ) ;
#2331 = PLANE ( 'NONE',  #277 ) ;
#2332 = ORIENTED_EDGE ( 'NONE', *, *, #103, .T. ) ;
#2333 = EDGE_CURVE ( 'NONE', #2108, #1467, #647, .T. ) ;
#2334 = DIRECTION ( 'NONE',  ( -0.000000000000000000, 1.000000000000000000, -0.000000000000000000 ) ) ;
#2335 = EDGE_CURVE ( 'NONE', #1122, #2672, #136, .T. ) ;
#2336 = DIRECTION ( 'NONE',  ( -0.000000000000000000, 1.000000000000000000, -0.000000000000000000 ) ) ;
#2337 = CALENDAR_DATE ( 2025, 12, 12 ) ;
#2338 = CARTESIAN_POINT ( 'NONE',  ( 2.577350269189625287, -0.5000000000000004441, -1.149999999999999911 ) ) ;
#2339 = CARTESIAN_POINT ( 'NONE',  ( -25.27374617528644407, -15.00000000000000000, 15.50000000000000711 ) ) ;
#2340 = ORIENTED_EDGE ( 'NONE', *, *, #879, .T. ) ;
#2341 = ORIENTED_EDGE ( 'NONE', *, *, #1855, .F. ) ;
#2342 = DIRECTION ( 'NONE',  ( 0.000000000000000000, -1.000000000000000000, 0.000000000000000000 ) ) ;
#2343 = FACE_OUTER_BOUND ( 'NONE', #855, .T. ) ;
#2344 = ORIENTED_EDGE ( 'NONE', *, *, #769, .F. ) ;
#2345 = CARTESIAN_POINT ( 'NONE',  ( -22.48085295647300441, -15.00000000000000178, -12.00000000000000355 ) ) ;
#2346 = LINE ( 'NONE', #1174, #41 ) ;
#2347 = ADVANCED_FACE ( 'NONE', ( #1585 ), #2234, .T. ) ;
#2348 = CALENDAR_DATE ( 2025, 12, 12 ) ;
#2349 = DIRECTION ( 'NONE',  ( -0.000000000000000000, 1.000000000000000000, -0.000000000000000000 ) ) ;
#2350 = ADVANCED_FACE ( 'NONE', ( #1303 ), #2518, .F. ) ;
#2351 = VECTOR ( 'NONE', #566, 1000.000000000000000 ) ;
#2352 = CARTESIAN_POINT ( 'NONE',  ( -14.49721676793699920, -11.80000000000000071, 3.899999999999997691 ) ) ;
#2353 = EDGE_LOOP ( 'NONE', ( #356, #1779 ) ) ;
#2354 = ORIENTED_EDGE ( 'NONE', *, *, #514, .F. ) ;
#2355 = VECTOR ( 'NONE', #383, 1000.000000000000000 ) ;
#2356 = AXIS2_PLACEMENT_3D ( 'NONE', #2434, #2940, #2481 ) ;
#2357 = FACE_OUTER_BOUND ( 'NONE', #2984, .T. ) ;
#2358 = AXIS2_PLACEMENT_3D ( 'NONE', #1883, #1679, #711 ) ;
#2359 = DIRECTION ( 'NONE',  ( 0.000000000000000000, 1.000000000000000000, 0.000000000000000000 ) ) ;
#2360 = VERTEX_POINT ( 'NONE', #1600 ) ;
#2361 = AXIS2_PLACEMENT_3D ( 'NONE', #1351, #1054, #2477 ) ;
#2362 = CARTESIAN_POINT ( 'NONE',  ( -9.814186289806338337, -9.000000000000000000, -14.50000000000000000 ) ) ;
#2363 = LINE ( 'NONE', #274, #2852 ) ;
#2364 = VECTOR ( 'NONE', #403, 1000.000000000000000 ) ;
#2365 = DIRECTION ( 'NONE',  ( -0.000000000000000000, 1.000000000000000000, -0.000000000000000000 ) ) ;
#2366 = ORIENTED_EDGE ( 'NONE', *, *, #635, .T. ) ;
#2367 = LINE ( 'NONE', #2832, #623 ) ;
#2368 = ORIENTED_EDGE ( 'NONE', *, *, #1042, .T. ) ;
#2369 = EDGE_CURVE ( 'NONE', #431, #24, #2606, .T. ) ;
#2370 = DIRECTION ( 'NONE',  ( -1.000000000000000000, -1.836970198721029441E-16, 0.000000000000000000 ) ) ;
#2371 = ORIENTED_EDGE ( 'NONE', *, *, #2005, .F. ) ;
#2372 = EDGE_CURVE ( 'NONE', #377, #181, #633, .T. ) ;
#2373 = DIRECTION ( 'NONE',  ( 0.000000000000000000, 0.000000000000000000, 1.000000000000000000 ) ) ;
#2374 = CYLINDRICAL_SURFACE ( 'NONE', #429, 1.899999999999999023 ) ;
#2375 = DIRECTION ( 'NONE',  ( 1.000000000000000000, 0.000000000000000000, 0.000000000000000000 ) ) ;
#2376 = CARTESIAN_POINT ( 'NONE',  ( -4.922649730810377378, -11.79999999999999716, 0.000000000000000000 ) ) ;
#2377 = CARTESIAN_POINT ( 'NONE',  ( 2.577350269189627063, -11.79999999999999716, 1.149999999999999911 ) ) ;
#2378 = DIRECTION ( 'NONE',  ( 0.000000000000000000, 0.000000000000000000, -1.000000000000000000 ) ) ;
#2379 = ORIENTED_EDGE ( 'NONE', *, *, #2841, .T. ) ;
#2380 = VECTOR ( 'NONE', #1559, 1000.000000000000114 ) ;
#2381 = CARTESIAN_POINT ( 'NONE',  ( -26.48085295647300086, -14.50000000000000533, 16.00000000000000000 ) ) ;
#2382 = CARTESIAN_POINT ( 'NONE',  ( -25.48085295647299375, -15.00000000000000000, 16.00000000000000000 ) ) ;
#2383 = ORIENTED_EDGE ( 'NONE', *, *, #2773, .F. ) ;
#2384 = PERSON ( 'UNSPECIFIED', 'UNSPECIFIED', 'UNSPECIFIED', ('UNSPECIFIED'), ('UNSPECIFIED'), ('UNSPECIFIED') ) ;
#2385 = EDGE_CURVE ( 'NONE', #2705, #1994, #3050, .T. ) ;
#2386 = EDGE_CURVE ( 'NONE', #2866, #3010, #2498, .T. ) ;
#2387 = CARTESIAN_POINT ( 'NONE',  ( 10.98578643762690632, -11.79999999999999538, -5.000000000000000000 ) ) ;
#2388 = ORIENTED_EDGE ( 'NONE', *, *, #2577, .T. ) ;
#2389 = CARTESIAN_POINT ( 'NONE',  ( 12.30862072773752658, -0.5000000000000000000, 12.50000000000000000 ) ) ;
#2390 = ORIENTED_EDGE ( 'NONE', *, *, #704, .F. ) ;
#2391 = DIRECTION ( 'NONE',  ( -0.5000000000000002220, 0.7071067811865497932, -0.4999999999999967804 ) ) ;
#2392 = DIRECTION ( 'NONE',  ( -0.7071067811865451302, -0.000000000000000000, 0.7071067811865500152 ) ) ;
#2393 = DIRECTION ( 'NONE',  ( 0.000000000000000000, 0.000000000000000000, -1.000000000000000000 ) ) ;
#2394 = LINE ( 'NONE', #2617, #1263 ) ;
#2395 = DIRECTION ( 'NONE',  ( 0.000000000000000000, 0.000000000000000000, -1.000000000000000000 ) ) ;
#2396 = ORIENTED_EDGE ( 'NONE', *, *, #800, .F. ) ;
#2397 = ORIENTED_EDGE ( 'NONE', *, *, #2915, .F. ) ;
#2398 = AXIS2_PLACEMENT_3D ( 'NONE', #760, #1933, #483 ) ;
#2399 = VECTOR ( 'NONE', #2469, 1000.000000000000000 ) ;
#2400 = CARTESIAN_POINT ( 'NONE',  ( 24.51914704352699914, -15.00000000000000178, -13.70000000000000462 ) ) ;
#2401 = EDGE_CURVE ( 'NONE', #82, #2421, #2900, .T. ) ;
#2402 = CIRCLE ( 'NONE', #2555, 1.899999999999999467 ) ;
#2403 = ORIENTED_EDGE ( 'NONE', *, *, #2615, .F. ) ;
#2404 = CARTESIAN_POINT ( 'NONE',  ( 0.000000000000000000, -15.00000000000000000, 0.000000000000000000 ) ) ;
#2405 = ORIENTED_EDGE ( 'NONE', *, *, #762, .F. ) ;
#2406 = VECTOR ( 'NONE', #2324, 1000.000000000000000 ) ;
#2407 = FACE_OUTER_BOUND ( 'NONE', #1380, .T. ) ;
#2408 = VECTOR ( 'NONE', #984, 1000.000000000000000 ) ;
#2409 = FACE_OUTER_BOUND ( 'NONE', #59, .T. ) ;
#2410 = ADVANCED_FACE ( 'NONE', ( #614 ), #1289, .F. ) ;
#2411 = AXIS2_PLACEMENT_3D ( 'NONE', #1227, #1718, #2216 ) ;
#2412 = DIRECTION ( 'NONE',  ( -0.000000000000000000, 1.000000000000000000, -0.000000000000000000 ) ) ;
#2413 = APPROVAL_PERSON_ORGANIZATION ( #2101, #2590, #1376 ) ;
#2414 = DIRECTION ( 'NONE',  ( 0.000000000000000000, 0.000000000000000000, 1.000000000000000000 ) ) ;
#2415 = LINE ( 'NONE', #991, #2977 ) ;
#2416 = VERTEX_POINT ( 'NONE', #1077 ) ;
#2417 = ORIENTED_EDGE ( 'NONE', *, *, #589, .F. ) ;
#2418 = LINE ( 'NONE', #315, #2560 ) ;
#2419 = ORIENTED_EDGE ( 'NONE', *, *, #1719, .F. ) ;
#2420 = DIRECTION ( 'NONE',  ( 0.7071067811865500152, 0.000000000000000000, 0.7071067811865451302 ) ) ;
#2421 = VERTEX_POINT ( 'NONE', #2019 ) ;
#2422 = DIRECTION ( 'NONE',  ( -1.836970198721029441E-16, 1.000000000000000000, -0.000000000000000000 ) ) ;
#2423 = LINE ( 'NONE', #2191, #530 ) ;
#2424 = EDGE_CURVE ( 'NONE', #1182, #1206, #1222, .T. ) ;
#2425 = CARTESIAN_POINT ( 'NONE',  ( 18.43551085499100495, -11.79999999999999538, -2.000000000000000000 ) ) ;
#2426 = EDGE_CURVE ( 'NONE', #2416, #457, #1339, .T. ) ;
#2427 = CIRCLE ( 'NONE', #2585, 1.699999999999996625 ) ;
#2428 = DIRECTION ( 'NONE',  ( -0.000000000000000000, 1.000000000000000000, -0.000000000000000000 ) ) ;
#2429 = VERTEX_POINT ( 'NONE', #596 ) ;
#2430 = ORIENTED_EDGE ( 'NONE', *, *, #254, .F. ) ;
#2431 = LINE ( 'NONE', #2921, #2304 ) ;
#2432 = PLANE ( 'NONE',  #3054 ) ;
#2433 = ORIENTED_EDGE ( 'NONE', *, *, #1894, .F. ) ;
#2434 = CARTESIAN_POINT ( 'NONE',  ( -4.922649730810379154, -0.5000000000000004441, 0.000000000000000000 ) ) ;
#2435 = ORIENTED_EDGE ( 'NONE', *, *, #3033, .F. ) ;
#2436 = FACE_OUTER_BOUND ( 'NONE', #2290, .T. ) ;
#2437 = DIRECTION ( 'NONE',  ( -1.836970198721029441E-16, 1.000000000000000000, -0.000000000000000000 ) ) ;
#2438 = EDGE_CURVE ( 'NONE', #249, #871, #2484, .T. ) ;
#2439 = EDGE_CURVE ( 'NONE', #2719, #289, #848, .T. ) ;
#2440 = CYLINDRICAL_SURFACE ( 'NONE', #2057, 3.249999999999999556 ) ;
#2441 = VERTEX_POINT ( 'NONE', #1630 ) ;
#2442 = ORIENTED_EDGE ( 'NONE', *, *, #1736, .T. ) ;
#2443 = ADVANCED_FACE ( 'NONE', ( #2 ), #2576, .T. ) ;
#2444 = DIRECTION ( 'NONE',  ( 0.000000000000000000, 0.000000000000000000, -1.000000000000000000 ) ) ;
#2445 = PLANE ( 'NONE',  #2701 ) ;
#2446 = VERTEX_POINT ( 'NONE', #2127 ) ;
#2447 = DIRECTION ( 'NONE',  ( -1.000000000000000000, 0.000000000000000000, 0.000000000000000000 ) ) ;
#2448 = ORIENTED_EDGE ( 'NONE', *, *, #66, .F. ) ;
#2449 = VECTOR ( 'NONE', #2548, 999.9999999999998863 ) ;
#2450 = CARTESIAN_POINT ( 'NONE',  ( 26.51914704352699914, -9.000000000000000000, -1.985240989708994430 ) ) ;
#2451 = DIRECTION ( 'NONE',  ( 0.000000000000000000, 0.000000000000000000, 1.000000000000000000 ) ) ;
#2452 = CIRCLE ( 'NONE', #1508, 3.249999999999999556 ) ;
#2453 = AXIS2_PLACEMENT_3D ( 'NONE', #1426, #1396, #202 ) ;
#2454 = CARTESIAN_POINT ( 'NONE',  ( -25.48085295647300086, -15.00000000000000000, -16.00000000000000000 ) ) ;
#2455 = DIRECTION ( 'NONE',  ( 0.000000000000000000, 0.000000000000000000, 1.000000000000000000 ) ) ;
#2456 = LOCAL_TIME ( 9, 50, 55.00000000000000000, #698 ) ;
#2457 = EDGE_LOOP ( 'NONE', ( #1053, #2397, #1064, #558, #1793 ) ) ;
#2458 = VERTEX_POINT ( 'NONE', #1865 ) ;
#2459 = LOCAL_TIME ( 9, 50, 55.00000000000000000, #1884 ) ;
#2460 = DIRECTION ( 'NONE',  ( -0.000000000000000000, 1.000000000000000000, -0.000000000000000000 ) ) ;
#2461 = EDGE_CURVE ( 'NONE', #2441, #298, #438, .T. ) ;
#2462 = EDGE_CURVE ( 'NONE', #22, #1978, #1512, .T. ) ;
#2463 = ORIENTED_EDGE ( 'NONE', *, *, #2628, .F. ) ;
#2464 = DIRECTION ( 'NONE',  ( -0.000000000000000000, 1.000000000000000000, -0.000000000000000000 ) ) ;
#2465 = ORIENTED_EDGE ( 'NONE', *, *, #2682, .F. ) ;
#2466 = DIRECTION ( 'NONE',  ( 0.000000000000000000, -0.000000000000000000, -1.000000000000000000 ) ) ;
#2467 = ORIENTED_EDGE ( 'NONE', *, *, #729, .T. ) ;
#2468 = CARTESIAN_POINT ( 'NONE',  ( 24.51914704352699914, -15.00000000000000178, -12.00000000000000355 ) ) ;
#2469 = DIRECTION ( 'NONE',  ( 0.000000000000000000, 1.000000000000000000, 0.000000000000000000 ) ) ;
#2470 = LINE ( 'NONE', #511, #1782 ) ;
#2471 = COORDINATED_UNIVERSAL_TIME_OFFSET ( 0, 0, .AHEAD. ) ;
#2472 = ORIENTED_EDGE ( 'NONE', *, *, #3015, .T. ) ;
#2473 = ORIENTED_EDGE ( 'NONE', *, *, #2386, .F. ) ;
#2474 = AXIS2_PLACEMENT_3D ( 'NONE', #62, #999, #2654 ) ;
#2475 = DIRECTION ( 'NONE',  ( -1.836970198721029441E-16, 1.000000000000000000, -0.000000000000000000 ) ) ;
#2476 = ORIENTED_EDGE ( 'NONE', *, *, #2991, .T. ) ;
#2477 = DIRECTION ( 'NONE',  ( -2.081668171172168513E-15, 0.000000000000000000, 1.000000000000000000 ) ) ;
#2478 = EDGE_CURVE ( 'NONE', #2429, #72, #1383, .T. ) ;
#2479 = EDGE_CURVE ( 'NONE', #1939, #2868, #1024, .T. ) ;
#2480 = VERTEX_POINT ( 'NONE', #2605 ) ;
#2481 = DIRECTION ( 'NONE',  ( 0.000000000000000000, 0.000000000000000000, -1.000000000000000000 ) ) ;
#2482 = VERTEX_POINT ( 'NONE', #14 ) ;
#2483 = AXIS2_PLACEMENT_3D ( 'NONE', #964, #205, #2375 ) ;
#2484 = LINE ( 'NONE', #3013, #286 ) ;
#2485 = DIRECTION ( 'NONE',  ( 0.000000000000000000, 0.000000000000000000, 1.000000000000000000 ) ) ;
#2486 = FACE_OUTER_BOUND ( 'NONE', #20, .T. ) ;
#2487 = CARTESIAN_POINT ( 'NONE',  ( -2.633100484259955465, -11.79999999999999716, 11.31315318030783956 ) ) ;
#2488 =( NAMED_UNIT ( * ) SI_UNIT ( $, .STERADIAN. ) SOLID_ANGLE_UNIT ( ) );
#2489 = ORIENTED_EDGE ( 'NONE', *, *, #1667, .F. ) ;
#2490 = ORIENTED_EDGE ( 'NONE', *, *, #2479, .F. ) ;
#2491 = DIRECTION ( 'NONE',  ( 0.000000000000000000, -1.000000000000000000, 0.000000000000000000 ) ) ;
#2492 = EDGE_LOOP ( 'NONE', ( #1361, #2144, #2738, #688 ) ) ;
#2493 = DIRECTION ( 'NONE',  ( -0.000000000000000000, 1.000000000000000000, -0.000000000000000000 ) ) ;
#2494 = ORIENTED_EDGE ( 'NONE', *, *, #121, .T. ) ;
#2495 = DIRECTION ( 'NONE',  ( 0.8843847528469696018, 0.000000000000000000, 0.4667586195581228670 ) ) ;
#2496 = ORIENTED_EDGE ( 'NONE', *, *, #1878, .F. ) ;
#2497 = ADVANCED_FACE ( 'NONE', ( #2357 ), #1368, .T. ) ;
#2498 = LINE ( 'NONE', #2747, #1712 ) ;
#2499 = AXIS2_PLACEMENT_3D ( 'NONE', #1237, #525, #1637 ) ;
#2500 = LINE ( 'NONE', #2284, #376 ) ;
#2501 = CIRCLE ( 'NONE', #822, 1.149999999999999911 ) ;
#2502 = CARTESIAN_POINT ( 'NONE',  ( 1.019147043526999585, -9.000000000000000000, 0.000000000000000000 ) ) ;
#2503 = ADVANCED_FACE ( 'NONE', ( #2823 ), #2329, .F. ) ;
#2504 = DIRECTION ( 'NONE',  ( 0.000000000000000000, 0.000000000000000000, -1.000000000000000000 ) ) ;
#2505 = CARTESIAN_POINT ( 'NONE',  ( 24.51914704352699914, -9.000000000000000000, -13.70000000000000639 ) ) ;
#2506 = VECTOR ( 'NONE', #1155, 1000.000000000000000 ) ;
#2507 = VERTEX_POINT ( 'NONE', #1893 ) ;
#2508 = AXIS2_PLACEMENT_3D ( 'NONE', #1278, #64, #2886 ) ;
#2509 = ORIENTED_EDGE ( 'NONE', *, *, #1028, .F. ) ;
#2510 = DIRECTION ( 'NONE',  ( -1.836970198721029441E-16, 1.000000000000000000, -0.000000000000000000 ) ) ;
#2511 = AXIS2_PLACEMENT_3D ( 'NONE', #2710, #2464, #2228 ) ;
#2512 = EDGE_LOOP ( 'NONE', ( #492, #2805 ) ) ;
#2513 = CARTESIAN_POINT ( 'NONE',  ( -22.48085295647300441, -9.000000000000000000, -12.00000000000000355 ) ) ;
#2514 = AXIS2_PLACEMENT_3D ( 'NONE', #1805, #836, #1827 ) ;
#2515 = ORIENTED_EDGE ( 'NONE', *, *, #1003, .F. ) ;
#2516 = DIRECTION ( 'NONE',  ( -0.000000000000000000, 1.000000000000000000, -0.000000000000000000 ) ) ;
#2517 = ORIENTED_EDGE ( 'NONE', *, *, #816, .F. ) ;
#2518 = PLANE ( 'NONE',  #2256 ) ;
#2519 = DIRECTION ( 'NONE',  ( -0.000000000000000000, 1.000000000000000000, -0.000000000000000000 ) ) ;
#2520 = CARTESIAN_POINT ( 'NONE',  ( -9.814186289806338337, 0.000000000000000000, -9.500000000000001776 ) ) ;
#2521 = CARTESIAN_POINT ( 'NONE',  ( -14.49721676793699920, -11.80000000000000071, 3.899999999999997691 ) ) ;
#2522 = EDGE_CURVE ( 'NONE', #1994, #2138, #3026, .T. ) ;
#2523 = DIRECTION ( 'NONE',  ( -0.9615676393087543294, -1.768914467343416749E-16, -0.2745681609986659888 ) ) ;
#2524 = LINE ( 'NONE', #2041, #1815 ) ;
#2525 = EDGE_CURVE ( 'NONE', #2360, #1904, #781, .T. ) ;
#2526 = ORIENTED_EDGE ( 'NONE', *, *, #669, .F. ) ;
#2527 = ORIENTED_EDGE ( 'NONE', *, *, #1738, .T. ) ;
#2528 = VECTOR ( 'NONE', #1813, 1000.000000000000000 ) ;
#2529 = DIRECTION ( 'NONE',  ( -1.000000000000000000, 0.000000000000000000, -0.000000000000000000 ) ) ;
#2530 = ORIENTED_EDGE ( 'NONE', *, *, #1759, .F. ) ;
#2531 = ORIENTED_EDGE ( 'NONE', *, *, #668, .F. ) ;
#2532 = DIRECTION ( 'NONE',  ( -1.000000000000000000, 0.000000000000000000, 0.000000000000000000 ) ) ;
#2533 = CARTESIAN_POINT ( 'NONE',  ( 7.841528112681499962, -0.5000000000000000000, 14.85763221350178753 ) ) ;
#2534 = DIRECTION ( 'NONE',  ( -0.000000000000000000, 1.000000000000000000, -0.000000000000000000 ) ) ;
#2535 = DIRECTION ( 'NONE',  ( 0.5000000000000013323, 0.7071067811865481278, 0.4999999999999978906 ) ) ;
#2536 = FACE_BOUND ( 'NONE', #2732, .T. ) ;
#2537 = DIRECTION ( 'NONE',  ( -0.000000000000000000, -0.000000000000000000, 1.000000000000000000 ) ) ;
#2538 = LINE ( 'NONE', #1843, #2206 ) ;
#2539 = EDGE_CURVE ( 'NONE', #1034, #1902, #2836, .T. ) ;
#2540 = EDGE_LOOP ( 'NONE', ( #1982, #1703, #1432, #2932 ) ) ;
#2541 = EDGE_CURVE ( 'NONE', #1428, #280, #909, .T. ) ;
#2542 = FACE_OUTER_BOUND ( 'NONE', #1245, .T. ) ;
#2543 = VERTEX_POINT ( 'NONE', #1848 ) ;
#2544 = ORIENTED_EDGE ( 'NONE', *, *, #479, .F. ) ;
#2545 = EDGE_CURVE ( 'NONE', #1902, #396, #1197, .T. ) ;
#2546 = CARTESIAN_POINT ( 'NONE',  ( 18.43551085499100495, -11.79999999999999538, 2.000000000000000444 ) ) ;
#2547 = DIRECTION ( 'NONE',  ( 0.000000000000000000, 0.000000000000000000, -1.000000000000000000 ) ) ;
#2548 = DIRECTION ( 'NONE',  ( 0.7999999999999998224, 0.000000000000000000, -0.6000000000000001998 ) ) ;
#2549 = EDGE_LOOP ( 'NONE', ( #501, #211, #2200, #2618 ) ) ;
#2550 = DIRECTION ( 'NONE',  ( -0.8843847528469696018, -0.000000000000000000, -0.4667586195581228670 ) ) ;
#2551 = CIRCLE ( 'NONE', #1607, 1.100000000000000311 ) ;
#2552 = CARTESIAN_POINT ( 'NONE',  ( -14.49721676793700098, -0.5000000000000004441, -3.900000000000000355 ) ) ;
#2553 = CARTESIAN_POINT ( 'NONE',  ( 27.51914704352699204, -15.00000000000000000, -15.50000000000000711 ) ) ;
#2554 = AXIS2_PLACEMENT_3D ( 'NONE', #2837, #518, #1690 ) ;
#2555 = AXIS2_PLACEMENT_3D ( 'NONE', #594, #2883, #1704 ) ;
#2556 = CARTESIAN_POINT ( 'NONE',  ( 7.280656287186142883, 0.000000000000000000, -14.50000000000000000 ) ) ;
#2557 = VECTOR ( 'NONE', #908, 1000.000000000000000 ) ;
#2558 = VECTOR ( 'NONE', #1011, 1000.000000000000114 ) ;
#2559 = ORIENTED_EDGE ( 'NONE', *, *, #2461, .T. ) ;
#2560 = VECTOR ( 'NONE', #2647, 1000.000000000000000 ) ;
#2561 = EDGE_CURVE ( 'NONE', #1229, #1034, #674, .T. ) ;
#2562 = DIRECTION ( 'NONE',  ( 0.000000000000000000, 0.000000000000000000, 1.000000000000000000 ) ) ;
#2563 = ADVANCED_FACE ( 'NONE', ( #26, #962 ), #1156, .F. ) ;
#2564 = VECTOR ( 'NONE', #2287, 1000.000000000000000 ) ;
#2565 = DIRECTION ( 'NONE',  ( 0.000000000000000000, 1.000000000000000000, 0.000000000000000000 ) ) ;
#2566 = LINE ( 'NONE', #448, #1906 ) ;
#2567 = EDGE_LOOP ( 'NONE', ( #1399, #1859 ) ) ;
#2568 = CARTESIAN_POINT ( 'NONE',  ( 28.51914704352699914, -15.00000000000000000, -16.00000000000000000 ) ) ;
#2569 = DIRECTION ( 'NONE',  ( 0.000000000000000000, 0.000000000000000000, 1.000000000000000000 ) ) ;
#2570 = COORDINATED_UNIVERSAL_TIME_OFFSET ( 0, 0, .AHEAD. ) ;
#2571 = LINE ( 'NONE', #1648, #284 ) ;
#2572 = DIRECTION ( 'NONE',  ( 1.000000000000000000, 1.836970198721029441E-16, 0.000000000000000000 ) ) ;
#2573 = ORIENTED_EDGE ( 'NONE', *, *, #500, .F. ) ;
#2574 = ORIENTED_EDGE ( 'NONE', *, *, #1525, .F. ) ;
#2575 = EDGE_CURVE ( 'NONE', #181, #2758, #226, .T. ) ;
#2576 = PLANE ( 'NONE',  #734 ) ;
#2577 = EDGE_CURVE ( 'NONE', #16, #2507, #936, .T. ) ;
#2578 = FACE_BOUND ( 'NONE', #2567, .T. ) ;
#2579 = ORIENTED_EDGE ( 'NONE', *, *, #2318, .T. ) ;
#2580 = CARTESIAN_POINT ( 'NONE',  ( 10.98578643762690099, -0.5000000000000004441, 6.535889741755010363 ) ) ;
#2581 = FACE_OUTER_BOUND ( 'NONE', #2239, .T. ) ;
#2582 = DATE_AND_TIME ( #2829, #1378 ) ;
#2583 = VECTOR ( 'NONE', #473, 1000.000000000000000 ) ;
#2584 = DIRECTION ( 'NONE',  ( 0.000000000000000000, 1.000000000000000000, 0.000000000000000000 ) ) ;
#2585 = AXIS2_PLACEMENT_3D ( 'NONE', #2345, #5, #218 ) ;
#2586 = FACE_OUTER_BOUND ( 'NONE', #2762, .T. ) ;
#2587 = VERTEX_POINT ( 'NONE', #2170 ) ;
#2588 = ORIENTED_EDGE ( 'NONE', *, *, #2730, .T. ) ;
#2589 = CARTESIAN_POINT ( 'NONE',  ( -26.48085295647300086, -15.00000000000000000, 15.00000000000000000 ) ) ;
#2590 = APPROVAL ( #1828, 'UNSPECIFIED' ) ;
#2591 = CARTESIAN_POINT ( 'NONE',  ( 9.614449384976756718, -9.000000000000000000, 13.92192376423484923 ) ) ;
#2592 = ORIENTED_EDGE ( 'NONE', *, *, #1989, .F. ) ;
#2593 = CARTESIAN_POINT ( 'NONE',  ( -26.48085295647300086, -14.50000000000000533, -16.00000000000000000 ) ) ;
#2594 = CARTESIAN_POINT ( 'NONE',  ( 24.51914704352699914, -12.40000000000000036, -8.750000000000003553 ) ) ;
#2595 = DIRECTION ( 'NONE',  ( -0.000000000000000000, 1.000000000000000000, -0.000000000000000000 ) ) ;
#2596 = VERTEX_POINT ( 'NONE', #1242 ) ;
#2597 = ADVANCED_FACE ( 'NONE', ( #765 ), #2445, .T. ) ;
#2598 = CIRCLE ( 'NONE', #2936, 1.899999999999999023 ) ;
#2599 = LINE ( 'NONE', #2627, #230 ) ;
#2600 = EDGE_LOOP ( 'NONE', ( #3049, #1057, #755, #2509 ) ) ;
#2601 = DIRECTION ( 'NONE',  ( -1.836970198721029441E-16, 1.000000000000000000, -0.000000000000000000 ) ) ;
#2602 = ORIENTED_EDGE ( 'NONE', *, *, #1086, .T. ) ;
#2603 = AXIS2_PLACEMENT_3D ( 'NONE', #997, #15, #1907 ) ;
#2604 = VECTOR ( 'NONE', #1807, 1000.000000000000000 ) ;
#2605 = CARTESIAN_POINT ( 'NONE',  ( 2.577350269189627063, -11.79999999999999716, 1.149999999999999911 ) ) ;
#2606 = CIRCLE ( 'NONE', #927, 1.899999999999999023 ) ;
#2607 = DIRECTION ( 'NONE',  ( -1.000000000000000000, 0.000000000000000000, 0.000000000000000000 ) ) ;
#2608 = PLANE ( 'NONE',  #2483 ) ;
#2609 = AXIS2_PLACEMENT_3D ( 'NONE', #151, #1090, #2957 ) ;
#2610 = DIRECTION ( 'NONE',  ( -1.000000000000000000, 0.000000000000000000, 0.000000000000000000 ) ) ;
#2611 = DIRECTION ( 'NONE',  ( 0.000000000000000000, 0.000000000000000000, 1.000000000000000000 ) ) ;
#2612 = CIRCLE ( 'NONE', #1515, 1.700000000000000178 ) ;
#2613 = CARTESIAN_POINT ( 'NONE',  ( -19.48085295647299731, -9.000000000000000000, 8.500000000000001776 ) ) ;
#2614 = ORIENTED_EDGE ( 'NONE', *, *, #1528, .F. ) ;
#2615 = EDGE_CURVE ( 'NONE', #82, #2507, #2621, .T. ) ;
#2616 = EDGE_CURVE ( 'NONE', #749, #2446, #1669, .T. ) ;
#2617 = CARTESIAN_POINT ( 'NONE',  ( -21.48085295647300086, -9.000000000000000000, 4.500000000000002665 ) ) ;
#2618 = ORIENTED_EDGE ( 'NONE', *, *, #1489, .T. ) ;
#2619 = FACE_OUTER_BOUND ( 'NONE', #873, .T. ) ;
#2620 = VERTEX_POINT ( 'NONE', #557 ) ;
#2621 = LINE ( 'NONE', #1688, #2012 ) ;
#2622 = DIRECTION ( 'NONE',  ( 0.6785983445458454444, 0.6785983445458454444, -0.2810846377148276121 ) ) ;
#2623 = ORIENTED_EDGE ( 'NONE', *, *, #1285, .T. ) ;
#2624 = DIRECTION ( 'NONE',  ( -1.000000000000000000, 0.000000000000000000, 0.000000000000000000 ) ) ;
#2625 = CARTESIAN_POINT ( 'NONE',  ( -22.48085295647300086, -9.000000000000000000, 12.00000000000000000 ) ) ;
#2626 = FACE_OUTER_BOUND ( 'NONE', #2856, .T. ) ;
#2627 = CARTESIAN_POINT ( 'NONE',  ( -22.48085295647300086, -9.000000000000000000, 8.750000000000000000 ) ) ;
#2628 = EDGE_CURVE ( 'NONE', #2587, #1050, #2895, .T. ) ;
#2629 = VECTOR ( 'NONE', #1115, 1000.000000000000000 ) ;
#2630 = DIRECTION ( 'NONE',  ( 0.000000000000000000, 0.000000000000000000, 1.000000000000000000 ) ) ;
#2631 = ADVANCED_FACE ( 'NONE', ( #2186 ), #2910, .F. ) ;
#2632 = EDGE_LOOP ( 'NONE', ( #1338, #1560, #2778, #766 ) ) ;
#2633 = EDGE_CURVE ( 'NONE', #2889, #1231, #2418, .T. ) ;
#2634 = DIRECTION ( 'NONE',  ( -1.836970198721029688E-16, 1.000000000000000000, 0.000000000000000000 ) ) ;
#2635 = VERTEX_POINT ( 'NONE', #2400 ) ;
#2636 = DIRECTION ( 'NONE',  ( -1.836970198721029441E-16, 1.000000000000000000, -0.000000000000000000 ) ) ;
#2637 = ORIENTED_EDGE ( 'NONE', *, *, #1302, .F. ) ;
#2638 = CARTESIAN_POINT ( 'NONE',  ( -13.07456703712661827, -11.79999999999999893, -3.900000000000000355 ) ) ;
#2639 = DIRECTION ( 'NONE',  ( 0.000000000000000000, 0.000000000000000000, 1.000000000000000000 ) ) ;
#2640 = CARTESIAN_POINT ( 'NONE',  ( 10.98578643762690454, -0.5000000000000004441, 6.745402340387840034 ) ) ;
#2641 = DIRECTION ( 'NONE',  ( -1.836970198721029441E-16, 1.000000000000000000, -0.000000000000000000 ) ) ;
#2642 = CARTESIAN_POINT ( 'NONE',  ( -14.49721676793699920, -11.80000000000000071, -2.000000000000000000 ) ) ;
#2643 = EDGE_LOOP ( 'NONE', ( #1716, #2327 ) ) ;
#2644 = ORIENTED_EDGE ( 'NONE', *, *, #2909, .T. ) ;
#2645 = CIRCLE ( 'NONE', #523, 1.700000000000000178 ) ;
#2646 = VECTOR ( 'NONE', #320, 1000.000000000000000 ) ;
#2647 = DIRECTION ( 'NONE',  ( 1.000000000000000000, 1.714726285227498548E-16, 1.524201142424443285E-15 ) ) ;
#2648 = ADVANCED_FACE ( 'NONE', ( #1495 ), #2154, .F. ) ;
#2649 = VECTOR ( 'NONE', #302, 1000.000000000000000 ) ;
#2650 = EDGE_CURVE ( 'NONE', #1480, #1119, #1821, .T. ) ;
#2651 = ORIENTED_EDGE ( 'NONE', *, *, #2650, .T. ) ;
#2652 = CARTESIAN_POINT ( 'NONE',  ( -25.48085295647299375, -14.50000000000000533, 16.00000000000000000 ) ) ;
#2653 = EDGE_LOOP ( 'NONE', ( #1650, #2544, #1301, #1597 ) ) ;
#2654 = DIRECTION ( 'NONE',  ( 1.734723475976807094E-15, 0.000000000000000000, 1.000000000000000000 ) ) ;
#2655 = AXIS2_PLACEMENT_3D ( 'NONE', #475, #2816, #231 ) ;
#2656 = DIRECTION ( 'NONE',  ( -0.3511234415883912607, -6.450032982702389578E-17, -0.9363291775690446572 ) ) ;
#2657 = CARTESIAN_POINT ( 'NONE',  ( -9.922649730810377378, -11.79999999999999893, -7.806828091810600334 ) ) ;
#2658 = AXIS2_PLACEMENT_3D ( 'NONE', #2487, #1553, #418 ) ;
#2659 = CARTESIAN_POINT ( 'NONE',  ( -4.922649730810377378, -11.79999999999999893, 1.149999999999999911 ) ) ;
#2660 = ORIENTED_EDGE ( 'NONE', *, *, #2877, .F. ) ;
#2661 = ORIENTED_EDGE ( 'NONE', *, *, #1344, .T. ) ;
#2662 = CARTESIAN_POINT ( 'NONE',  ( -4.922649730810377378, -11.79999999999999716, -1.149999999999999911 ) ) ;
#2663 = ORIENTED_EDGE ( 'NONE', *, *, #1645, .T. ) ;
#2664 = DIRECTION ( 'NONE',  ( 0.000000000000000000, -1.000000000000000000, 0.000000000000000000 ) ) ;
#2665 = ORIENTED_EDGE ( 'NONE', *, *, #2235, .T. ) ;
#2666 = ADVANCED_FACE ( 'NONE', ( #2881 ), #1208, .F. ) ;
#2667 = ADVANCED_FACE ( 'NONE', ( #1469 ), #2432, .F. ) ;
#2668 = PLANE ( 'NONE',  #1369 ) ;
#2669 = CARTESIAN_POINT ( 'NONE',  ( 16.53551085499100282, -0.5000000000000004441, -3.899999999999999023 ) ) ;
#2670 = CARTESIAN_POINT ( 'NONE',  ( 28.51914704352699914, -14.50000000000000533, 14.99999999999999289 ) ) ;
#2671 = VERTEX_POINT ( 'NONE', #102 ) ;
#2672 = VERTEX_POINT ( 'NONE', #503 ) ;
#2673 = VECTOR ( 'NONE', #1633, 1000.000000000000000 ) ;
#2674 = DIRECTION ( 'NONE',  ( -1.000000000000000000, 0.000000000000000000, 0.000000000000000000 ) ) ;
#2675 = LINE ( 'NONE', #74, #1418 ) ;
#2676 = ORIENTED_EDGE ( 'NONE', *, *, #1700, .T. ) ;
#2677 = CARTESIAN_POINT ( 'NONE',  ( -4.922649730810377378, -11.79999999999999716, 0.000000000000000000 ) ) ;
#2678 = ORIENTED_EDGE ( 'NONE', *, *, #1913, .F. ) ;
#2679 = PLANE ( 'NONE',  #3003 ) ;
#2680 = EDGE_CURVE ( 'NONE', #1229, #1644, #2675, .T. ) ;
#2681 = DIRECTION ( 'NONE',  ( 0.000000000000000000, 0.000000000000000000, 1.000000000000000000 ) ) ;
#2682 = EDGE_CURVE ( 'NONE', #2482, #152, #42, .T. ) ;
#2683 = EDGE_CURVE ( 'NONE', #744, #1674, #1731, .T. ) ;
#2684 = PERSON_AND_ORGANIZATION ( #2384, #2073 ) ;
#2685 = EDGE_CURVE ( 'NONE', #2098, #1111, #1960, .T. ) ;
#2686 = LINE ( 'NONE', #541, #2351 ) ;
#2687 = VERTEX_POINT ( 'NONE', #752 ) ;
#2688 = ORIENTED_EDGE ( 'NONE', *, *, #3015, .F. ) ;
#2689 = DIRECTION ( 'NONE',  ( -0.000000000000000000, 1.000000000000000000, -0.000000000000000000 ) ) ;
#2690 = ORIENTED_EDGE ( 'NONE', *, *, #1207, .T. ) ;
#2691 = CARTESIAN_POINT ( 'NONE',  ( 28.01914704352700625, -15.00000000000000000, 14.79289321881344677 ) ) ;
#2692 = ORIENTED_EDGE ( 'NONE', *, *, #1178, .F. ) ;
#2693 = DIRECTION ( 'NONE',  ( 0.000000000000000000, -0.000000000000000000, -1.000000000000000000 ) ) ;
#2694 = ORIENTED_EDGE ( 'NONE', *, *, #203, .F. ) ;
#2695 = CIRCLE ( 'NONE', #2751, 3.249999999999999556 ) ;
#2696 = DIRECTION ( 'NONE',  ( 0.000000000000000000, 0.000000000000000000, 1.000000000000000000 ) ) ;
#2697 = DIRECTION ( 'NONE',  ( 0.000000000000000000, 1.000000000000000000, -0.000000000000000000 ) ) ;
#2698 = VECTOR ( 'NONE', #1631, 1000.000000000000000 ) ;
#2699 = VECTOR ( 'NONE', #1044, 1000.000000000000000 ) ;
#2700 = FACE_OUTER_BOUND ( 'NONE', #821, .T. ) ;
#2701 = AXIS2_PLACEMENT_3D ( 'NONE', #995, #1006, #1949 ) ;
#2702 = DIRECTION ( 'NONE',  ( 0.000000000000000000, 0.000000000000000000, 1.000000000000000000 ) ) ;
#2703 = AXIS2_PLACEMENT_3D ( 'NONE', #1049, #2702, #339 ) ;
#2704 = EDGE_CURVE ( 'NONE', #2321, #749, #88, .T. ) ;
#2705 = VERTEX_POINT ( 'NONE', #1023 ) ;
#2706 = VERTEX_POINT ( 'NONE', #1965 ) ;
#2707 = EDGE_CURVE ( 'NONE', #2739, #853, #2261, .T. ) ;
#2708 = CARTESIAN_POINT ( 'NONE',  ( 24.51914704352699914, -9.000000000000000000, -12.00000000000000355 ) ) ;
#2709 = EDGE_LOOP ( 'NONE', ( #1468, #2227, #843, #740 ) ) ;
#2710 = CARTESIAN_POINT ( 'NONE',  ( 24.51914704352699914, -9.000000000000000000, 12.00000000000000000 ) ) ;
#2711 = ORIENTED_EDGE ( 'NONE', *, *, #2215, .F. ) ;
#2712 = FACE_OUTER_BOUND ( 'NONE', #2295, .T. ) ;
#2713 = ORIENTED_EDGE ( 'NONE', *, *, #2461, .F. ) ;
#2714 = CARTESIAN_POINT ( 'NONE',  ( -3.196222926588303537, -11.79999999999999716, -11.29043856474209662 ) ) ;
#2715 = CARTESIAN_POINT ( 'NONE',  ( -19.48085295647300086, -0.5000000000000000000, 8.500000000000000000 ) ) ;
#2716 = FACE_BOUND ( 'NONE', #1153, .T. ) ;
#2717 = CARTESIAN_POINT ( 'NONE',  ( -19.48085295647300086, 0.000000000000000000, 12.50000000000000000 ) ) ;
#2718 = LINE ( 'NONE', #1100, #1569 ) ;
#2719 = VERTEX_POINT ( 'NONE', #1562 ) ;
#2720 = ORIENTED_EDGE ( 'NONE', *, *, #1126, .F. ) ;
#2721 = AXIS2_PLACEMENT_3D ( 'NONE', #2181, #1435, #2630 ) ;
#2722 = CC_DESIGN_PERSON_AND_ORGANIZATION_ASSIGNMENT ( #2684, #1502, ( #1809 ) ) ;
#2723 = DIRECTION ( 'NONE',  ( -0.000000000000000000, 1.000000000000000000, -0.000000000000000000 ) ) ;
#2724 = EDGE_LOOP ( 'NONE', ( #341, #2899, #1498, #2016 ) ) ;
#2725 = EDGE_CURVE ( 'NONE', #1480, #2868, #2726, .T. ) ;
#2726 = LINE ( 'NONE', #826, #142 ) ;
#2727 = VERTEX_POINT ( 'NONE', #1284 ) ;
#2728 = DIRECTION ( 'NONE',  ( 0.000000000000000000, 1.000000000000000000, 0.000000000000000000 ) ) ;
#2729 = EDGE_LOOP ( 'NONE', ( #2939, #1801, #784, #1258 ) ) ;
#2730 = EDGE_CURVE ( 'NONE', #2992, #1111, #592, .T. ) ;
#2731 = VECTOR ( 'NONE', #2038, 1000.000000000000000 ) ;
#2732 = EDGE_LOOP ( 'NONE', ( #2791, #2086 ) ) ;
#2733 = DIRECTION ( 'NONE',  ( 0.000000000000000000, 0.000000000000000000, -1.000000000000000000 ) ) ;
#2734 = CARTESIAN_POINT ( 'NONE',  ( -22.48085295647300441, -15.00000000000000178, -10.30000000000000782 ) ) ;
#2735 = DIRECTION ( 'NONE',  ( 0.000000000000000000, 0.000000000000000000, 1.000000000000000000 ) ) ;
#2736 = DIRECTION ( 'NONE',  ( -0.7071067811865500152, 0.000000000000000000, -0.7071067811865451302 ) ) ;
#2737 = LINE ( 'NONE', #1329, #889 ) ;
#2738 = ORIENTED_EDGE ( 'NONE', *, *, #1932, .F. ) ;
#2739 = VERTEX_POINT ( 'NONE', #2691 ) ;
#2740 = DIRECTION ( 'NONE',  ( -0.000000000000000000, 1.000000000000000000, -0.000000000000000000 ) ) ;
#2741 = ORIENTED_EDGE ( 'NONE', *, *, #3031, .T. ) ;
#2742 = CARTESIAN_POINT ( 'NONE',  ( -26.48085295647300086, -15.00000000000000000, -16.00000000000000000 ) ) ;
#2743 = ORIENTED_EDGE ( 'NONE', *, *, #3053, .F. ) ;
#2744 = DIRECTION ( 'NONE',  ( -0.000000000000000000, 1.000000000000000000, -0.000000000000000000 ) ) ;
#2745 = ORIENTED_EDGE ( 'NONE', *, *, #222, .F. ) ;
#2746 = EDGE_CURVE ( 'NONE', #1332, #240, #574, .T. ) ;
#2747 = CARTESIAN_POINT ( 'NONE',  ( 22.26914704352708796, -9.000000000000000000, 21.24999999999994316 ) ) ;
#2748 = EDGE_CURVE ( 'NONE', #1936, #2108, #1124, .T. ) ;
#2749 = AXIS2_PLACEMENT_3D ( 'NONE', #1067, #2723, #2197 ) ;
#2750 = CARTESIAN_POINT ( 'NONE',  ( -21.48085295647300086, -9.000000000000000000, -7.000000000000000000 ) ) ;
#2751 = AXIS2_PLACEMENT_3D ( 'NONE', #19, #2412, #295 ) ;
#2752 = DIRECTION ( 'NONE',  ( 0.000000000000000000, 0.000000000000000000, -1.000000000000000000 ) ) ;
#2753 = DIRECTION ( 'NONE',  ( -0.000000000000000000, -1.000000000000000000, -0.000000000000000000 ) ) ;
#2754 = VECTOR ( 'NONE', #1721, 1000.000000000000000 ) ;
#2755 = CARTESIAN_POINT ( 'NONE',  ( 21.51914704352699559, -9.000000000000000000, 1.985240989708994430 ) ) ;
#2756 = ORIENTED_EDGE ( 'NONE', *, *, #322, .F. ) ;
#2757 = AXIS2_PLACEMENT_3D ( 'NONE', #914, #466, #1853 ) ;
#2758 = VERTEX_POINT ( 'NONE', #1316 ) ;
#2759 = CARTESIAN_POINT ( 'NONE',  ( 26.51914704352699914, -9.000000000000000000, -5.000000000000000000 ) ) ;
#2760 = VECTOR ( 'NONE', #1143, 1000.000000000000000 ) ;
#2761 = ORIENTED_EDGE ( 'NONE', *, *, #1932, .T. ) ;
#2762 = EDGE_LOOP ( 'NONE', ( #2531, #2043, #1213, #199 ) ) ;
#2763 = CARTESIAN_POINT ( 'NONE',  ( 10.08578643762690241, -11.79999999999999538, 6.745402340387840034 ) ) ;
#2764 = CIRCLE ( 'NONE', #2117, 1.700000000000003508 ) ;
#2765 = LINE ( 'NONE', #2533, #3047 ) ;
#2766 = CARTESIAN_POINT ( 'NONE',  ( -16.39721676793699601, -11.80000000000000071, -2.000000000000000000 ) ) ;
#2767 = ADVANCED_FACE ( 'NONE', ( #1298 ), #1764, .F. ) ;
#2768 = CARTESIAN_POINT ( 'NONE',  ( 12.94972441736410218, -11.79999999999999538, -3.900000000000005240 ) ) ;
#2769 = ADVANCED_FACE ( 'NONE', ( #809 ), #2242, .F. ) ;
#2770 = DIRECTION ( 'NONE',  ( 0.000000000000000000, 1.000000000000000000, 0.000000000000000000 ) ) ;
#2771 = FACE_OUTER_BOUND ( 'NONE', #71, .T. ) ;
#2772 = COORDINATED_UNIVERSAL_TIME_OFFSET ( 0, 0, .AHEAD. ) ;
#2773 = EDGE_CURVE ( 'NONE', #2672, #177, #1177, .T. ) ;
#2774 = DIRECTION ( 'NONE',  ( -1.836970198721029441E-16, 1.000000000000000000, -0.000000000000000000 ) ) ;
#2775 = ORIENTED_EDGE ( 'NONE', *, *, #1126, .T. ) ;
#2776 = DIRECTION ( 'NONE',  ( -0.000000000000000000, 0.000000000000000000, 1.000000000000000000 ) ) ;
#2777 = VERTEX_POINT ( 'NONE', #1583 ) ;
#2778 = ORIENTED_EDGE ( 'NONE', *, *, #2863, .F. ) ;
#2779 = PLANE ( 'NONE',  #2015 ) ;
#2780 = DIRECTION ( 'NONE',  ( 0.000000000000000000, 0.000000000000000000, 1.000000000000000000 ) ) ;
#2781 = CARTESIAN_POINT ( 'NONE',  ( -21.48085295647300086, -9.000000000000000000, -4.500000000000003553 ) ) ;
#2782 = LINE ( 'NONE', #1551, #2850 ) ;
#2783 = CARTESIAN_POINT ( 'NONE',  ( -20.56780229172592911, -20.41305066474707886, 12.55073421966244851 ) ) ;
#2784 = DIRECTION ( 'NONE',  ( -1.836970198721029441E-16, 1.000000000000000000, -0.000000000000000000 ) ) ;
#2785 = PERSON_AND_ORGANIZATION ( #2384, #2073 ) ;
#2786 = DIRECTION ( 'NONE',  ( 0.000000000000000000, -1.000000000000000000, 0.000000000000000000 ) ) ;
#2787 = EDGE_CURVE ( 'NONE', #1677, #2189, #488, .T. ) ;
#2788 = ADVANCED_FACE ( 'NONE', ( #375 ), #130, .T. ) ;
#2789 = EDGE_CURVE ( 'NONE', #2808, #1786, #3008, .T. ) ;
#2790 = CARTESIAN_POINT ( 'NONE',  ( 12.08578643762690241, -11.79999999999999538, -3.900000000000005240 ) ) ;
#2791 = ORIENTED_EDGE ( 'NONE', *, *, #1148, .F. ) ;
#2792 = CYLINDRICAL_SURFACE ( 'NONE', #281, 5.000000000000000000 ) ;
#2793 = DIRECTION ( 'NONE',  ( 0.000000000000000000, -1.000000000000000000, 0.000000000000000000 ) ) ;
#2794 = DIRECTION ( 'NONE',  ( 0.8843847528469696018, 0.000000000000000000, -0.4667586195581228670 ) ) ;
#2795 = ORIENTED_EDGE ( 'NONE', *, *, #1400, .T. ) ;
#2796 = CARTESIAN_POINT ( 'NONE',  ( -19.48085295647300086, 0.000000000000000000, 12.50000000000000000 ) ) ;
#2797 = AXIS2_PLACEMENT_3D ( 'NONE', #790, #1727, #553 ) ;
#2798 = CARTESIAN_POINT ( 'NONE',  ( 7.280656287186142883, -9.000000000000000000, 9.500000000000001776 ) ) ;
#2799 = PERSON_AND_ORGANIZATION_ROLE ( 'design_supplier' ) ;
#2800 = CARTESIAN_POINT ( 'NONE',  ( 28.01914704352700625, -15.00000000000000000, -14.79289321881344854 ) ) ;
#2801 = CIRCLE ( 'NONE', #188, 1.700000000000003508 ) ;
#2802 = AXIS2_PLACEMENT_3D ( 'NONE', #2959, #1381, #2562 ) ;
#2803 = PLANE ( 'NONE',  #1210 ) ;
#2804 = ADVANCED_FACE ( 'NONE', ( #2014 ), #844, .F. ) ;
#2805 = ORIENTED_EDGE ( 'NONE', *, *, #1082, .T. ) ;
#2806 = CIRCLE ( 'NONE', #2945, 5.000000000000000000 ) ;
#2807 = EDGE_CURVE ( 'NONE', #513, #469, #1781, .T. ) ;
#2808 = VERTEX_POINT ( 'NONE', #1744 ) ;
#2809 = AXIS2_PLACEMENT_3D ( 'NONE', #516, #1452, #268 ) ;
#2810 = CARTESIAN_POINT ( 'NONE',  ( 10.08578643762690064, -0.5000000000000004441, 6.745402340387840034 ) ) ;
#2811 = AXIS2_PLACEMENT_3D ( 'NONE', #369, #1374, #2504 ) ;
#2812 = CARTESIAN_POINT ( 'NONE',  ( -13.07456703712661827, -0.5000000000000004441, 3.900000000000000355 ) ) ;
#2813 = DIRECTION ( 'NONE',  ( -1.000000000000000000, -1.882430564313189099E-16, -3.764861128626378198E-16 ) ) ;
#2814 = ORIENTED_EDGE ( 'NONE', *, *, #2438, .T. ) ;
#2815 = CARTESIAN_POINT ( 'NONE',  ( -22.48085295647300086, -9.000000000000000000, 13.70000000000000284 ) ) ;
#2816 = DIRECTION ( 'NONE',  ( -0.000000000000000000, 1.000000000000000000, -0.000000000000000000 ) ) ;
#2817 = CARTESIAN_POINT ( 'NONE',  ( 0.000000000000000000, 0.000000000000000000, 0.000000000000000000 ) ) ;
#2818 = LINE ( 'NONE', #2759, #1973 ) ;
#2819 = EDGE_LOOP ( 'NONE', ( #1741, #2690, #357, #1360, #2847 ) ) ;
#2820 = ORIENTED_EDGE ( 'NONE', *, *, #1797, .T. ) ;
#2821 = CC_DESIGN_DATE_AND_TIME_ASSIGNMENT ( #465, #2118, ( #2271 ) ) ;
#2822 = EDGE_CURVE ( 'NONE', #2458, #169, #2764, .T. ) ;
#2823 = FACE_OUTER_BOUND ( 'NONE', #379, .T. ) ;
#2824 = CIRCLE ( 'NONE', #1931, 3.249999999999999556 ) ;
#2825 = FACE_BOUND ( 'NONE', #2512, .T. ) ;
#2826 = ORIENTED_EDGE ( 'NONE', *, *, #1966, .T. ) ;
#2827 = DIRECTION ( 'NONE',  ( -1.836970198721029441E-16, 1.000000000000000000, -0.000000000000000000 ) ) ;
#2828 = CARTESIAN_POINT ( 'NONE',  ( -9.922649730810377378, -11.79999999999999893, 7.806828091810600334 ) ) ;
#2829 = CALENDAR_DATE ( 2025, 12, 12 ) ;
#2830 = DIRECTION ( 'NONE',  ( -0.7071067811865451302, -0.000000000000000000, 0.7071067811865500152 ) ) ;
#2831 = ORIENTED_EDGE ( 'NONE', *, *, #570, .F. ) ;
#2832 = CARTESIAN_POINT ( 'NONE',  ( 7.280656287186142883, -9.000000000000000000, 14.50000000000000000 ) ) ;
#2833 = ORIENTED_EDGE ( 'NONE', *, *, #549, .F. ) ;
#2834 = LINE ( 'NONE', #716, #850 ) ;
#2835 = ORIENTED_EDGE ( 'NONE', *, *, #2633, .F. ) ;
#2836 = LINE ( 'NONE', #1642, #2854 ) ;
#2837 = CARTESIAN_POINT ( 'NONE',  ( -14.49721676793699920, -11.80000000000000071, -2.000000000000000000 ) ) ;
#2838 = LINE ( 'NONE', #245, #413 ) ;
#2839 = ADVANCED_FACE ( 'NONE', ( #861 ), #1796, .T. ) ;
#2840 = DIRECTION ( 'NONE',  ( 0.000000000000000000, 0.000000000000000000, 1.000000000000000000 ) ) ;
#2841 = EDGE_CURVE ( 'NONE', #996, #1941, #489, .T. ) ;
#2842 = LINE ( 'NONE', #1446, #576 ) ;
#2843 = LINE ( 'NONE', #522, #2894 ) ;
#2844 = ORIENTED_EDGE ( 'NONE', *, *, #533, .F. ) ;
#2845 = VECTOR ( 'NONE', #36, 1000.000000000000114 ) ;
#2846 = LINE ( 'NONE', #732, #2845 ) ;
#2847 = ORIENTED_EDGE ( 'NONE', *, *, #707, .F. ) ;
#2848 = LINE ( 'NONE', #1673, #1478 ) ;
#2849 = ORIENTED_EDGE ( 'NONE', *, *, #2293, .F. ) ;
#2850 = VECTOR ( 'NONE', #2085, 1000.000000000000000 ) ;
#2851 = AXIS2_PLACEMENT_3D ( 'NONE', #2033, #863, #2328 ) ;
#2852 = VECTOR ( 'NONE', #2146, 1000.000000000000000 ) ;
#2853 = CARTESIAN_POINT ( 'NONE',  ( 2.577350269189625287, -0.5000000000000004441, 0.000000000000000000 ) ) ;
#2854 = VECTOR ( 'NONE', #2547, 1000.000000000000000 ) ;
#2855 = FACE_OUTER_BOUND ( 'NONE', #812, .T. ) ;
#2856 = EDGE_LOOP ( 'NONE', ( #2661, #345, #332, #943 ) ) ;
#2857 = CARTESIAN_POINT ( 'NONE',  ( -22.48085295647300086, -12.40000000000000036, 10.29999999999999716 ) ) ;
#2858 = DIRECTION ( 'NONE',  ( 0.000000000000000000, 0.000000000000000000, 1.000000000000000000 ) ) ;
#2859 = EDGE_CURVE ( 'NONE', #579, #657, #1135, .T. ) ;
#2860 = DIRECTION ( 'NONE',  ( 0.000000000000000000, 0.000000000000000000, 1.000000000000000000 ) ) ;
#2861 = ADVANCED_FACE ( 'NONE', ( #1835 ), #2779, .F. ) ;
#2862 = VERTEX_POINT ( 'NONE', #2552 ) ;
#2863 = EDGE_CURVE ( 'NONE', #1677, #1786, #868, .T. ) ;
#2864 = DIRECTION ( 'NONE',  ( 0.000000000000000000, 1.000000000000000000, 0.000000000000000000 ) ) ;
#2865 = FACE_OUTER_BOUND ( 'NONE', #2231, .T. ) ;
#2866 = VERTEX_POINT ( 'NONE', #901 ) ;
#2867 = DIRECTION ( 'NONE',  ( 0.000000000000000000, 1.000000000000000000, 0.000000000000000000 ) ) ;
#2868 = VERTEX_POINT ( 'NONE', #650 ) ;
#2869 = FACE_OUTER_BOUND ( 'NONE', #2919, .T. ) ;
#2870 = ORIENTED_EDGE ( 'NONE', *, *, #1236, .F. ) ;
#2871 = FACE_OUTER_BOUND ( 'NONE', #1792, .T. ) ;
#2872 = CIRCLE ( 'NONE', #2474, 5.000000000000000000 ) ;
#2873 = CARTESIAN_POINT ( 'NONE',  ( -11.09310706433028315, -0.5000000000000000000, 14.79080941910704183 ) ) ;
#2874 = DIRECTION ( 'NONE',  ( -1.000000000000000000, 0.000000000000000000, -0.000000000000000000 ) ) ;
#2875 = DIRECTION ( 'NONE',  ( 0.000000000000000000, 1.000000000000000000, -0.000000000000000000 ) ) ;
#2876 = DIRECTION ( 'NONE',  ( 0.000000000000000000, -0.000000000000000000, 1.000000000000000000 ) ) ;
#2877 = EDGE_CURVE ( 'NONE', #178, #1295, #600, .T. ) ;
#2878 = EDGE_LOOP ( 'NONE', ( #2238, #2965, #1996, #1947, #2157, #182 ) ) ;
#2879 = ORIENTED_EDGE ( 'NONE', *, *, #2162, .T. ) ;
#2880 = ADVANCED_FACE ( 'NONE', ( #2054 ), #207, .T. ) ;
#2881 = FACE_OUTER_BOUND ( 'NONE', #628, .T. ) ;
#2882 = ORIENTED_EDGE ( 'NONE', *, *, #1528, .T. ) ;
#2883 = DIRECTION ( 'NONE',  ( -0.000000000000000000, 1.000000000000000000, -0.000000000000000000 ) ) ;
#2884 = ORIENTED_EDGE ( 'NONE', *, *, #2385, .T. ) ;
#2885 = DIRECTION ( 'NONE',  ( 0.000000000000000000, -0.000000000000000000, 1.000000000000000000 ) ) ;
#2886 = DIRECTION ( 'NONE',  ( 0.000000000000000000, 0.000000000000000000, 1.000000000000000000 ) ) ;
#2887 = PLANE ( 'NONE',  #1860 ) ;
#2888 = DIRECTION ( 'NONE',  ( -1.000000000000000000, -0.000000000000000000, 0.000000000000000000 ) ) ;
#2889 = VERTEX_POINT ( 'NONE', #2521 ) ;
#2890 = ORIENTED_EDGE ( 'NONE', *, *, #461, .F. ) ;
#2891 = AXIS2_PLACEMENT_3D ( 'NONE', #2381, #21, #1448 ) ;
#2892 = EDGE_CURVE ( 'NONE', #1332, #2911, #388, .T. ) ;
#2893 = EDGE_CURVE ( 'NONE', #2635, #2224, #1422, .T. ) ;
#2894 = VECTOR ( 'NONE', #1217, 1000.000000000000000 ) ;
#2895 = LINE ( 'NONE', #2387, #832 ) ;
#2896 = AXIS2_PLACEMENT_3D ( 'NONE', #2315, #1847, #2017 ) ;
#2897 = VERTEX_POINT ( 'NONE', #2076 ) ;
#2898 = DIRECTION ( 'NONE',  ( 0.000000000000000000, 1.000000000000000000, 0.000000000000000000 ) ) ;
#2899 = ORIENTED_EDGE ( 'NONE', *, *, #1251, .F. ) ;
#2900 = CIRCLE ( 'NONE', #1563, 0.8999999999999980238 ) ;
#2901 = CARTESIAN_POINT ( 'NONE',  ( -3.196222926588303981, -0.5000000000000004441, -11.29043856474209662 ) ) ;
#2902 = AXIS2_PLACEMENT_3D ( 'NONE', #2513, #1995, #2296 ) ;
#2903 = LINE ( 'NONE', #2715, #2399 ) ;
#2904 = VECTOR ( 'NONE', #2982, 1000.000000000000000 ) ;
#2905 = CARTESIAN_POINT ( 'NONE',  ( 24.51914704352699914, -9.000000000000000000, 12.00000000000000000 ) ) ;
#2906 = ORIENTED_EDGE ( 'NONE', *, *, #2680, .T. ) ;
#2907 = ORIENTED_EDGE ( 'NONE', *, *, #1271, .F. ) ;
#2908 = LINE ( 'NONE', #605, #2000 ) ;
#2909 = EDGE_CURVE ( 'NONE', #1231, #1729, #931, .T. ) ;
#2910 = CYLINDRICAL_SURFACE ( 'NONE', #2809, 0.8999999999999980238 ) ;
#2911 = VERTEX_POINT ( 'NONE', #1840 ) ;
#2912 = DIRECTION ( 'NONE',  ( -0.2810846377148251141, 0.6785983445458459995, 0.6785983445458459995 ) ) ;
#2913 = ORIENTED_EDGE ( 'NONE', *, *, #967, .F. ) ;
#2914 = DIRECTION ( 'NONE',  ( 0.000000000000000000, 1.000000000000000000, 0.000000000000000000 ) ) ;
#2915 = EDGE_CURVE ( 'NONE', #2189, #2294, #141, .T. ) ;
#2916 = CARTESIAN_POINT ( 'NONE',  ( 24.51914704352699914, -15.00000000000000178, 12.00000000000000000 ) ) ;
#2917 = EDGE_CURVE ( 'NONE', #806, #2480, #3000, .T. ) ;
#2918 = DIRECTION ( 'NONE',  ( 0.7999999999999999334, 0.000000000000000000, 0.6000000000000001998 ) ) ;
#2919 = EDGE_LOOP ( 'NONE', ( #972, #1540, #1005, #2814, #1183, #2047, #587, #424, #796, #2476 ) ) ;
#2920 = ORIENTED_EDGE ( 'NONE', *, *, #1434, .F. ) ;
#2921 = CARTESIAN_POINT ( 'NONE',  ( -22.48085295647300086, -9.000000000000000000, 10.29999999999999893 ) ) ;
#2922 = ORIENTED_EDGE ( 'NONE', *, *, #3033, .T. ) ;
#2923 = DIRECTION ( 'NONE',  ( -0.3511234415883912607, -6.450032982702389578E-17, 0.9363291775690446572 ) ) ;
#2924 = ORIENTED_EDGE ( 'NONE', *, *, #2426, .F. ) ;
#2925 = LINE ( 'NONE', #1517, #2942 ) ;
#2926 = ORIENTED_EDGE ( 'NONE', *, *, #44, .F. ) ;
#2927 = CARTESIAN_POINT ( 'NONE',  ( 8.519147043526995589, -9.000000000000000000, 14.50000000000000000 ) ) ;
#2928 = EDGE_CURVE ( 'NONE', #1182, #579, #158, .T. ) ;
#2929 = CARTESIAN_POINT ( 'NONE',  ( -21.48085295647300086, -9.000000000000000000, 4.500000000000002665 ) ) ;
#2930 = ADVANCED_FACE ( 'NONE', ( #1538 ), #886, .F. ) ;
#2931 = DIRECTION ( 'NONE',  ( 1.836970198721029441E-16, -1.000000000000000000, 0.000000000000000000 ) ) ;
#2932 = ORIENTED_EDGE ( 'NONE', *, *, #2915, .T. ) ;
#2933 = EDGE_LOOP ( 'NONE', ( #2435, #791, #299, #545 ) ) ;
#2934 = DIRECTION ( 'NONE',  ( 0.000000000000000000, 0.000000000000000000, 1.000000000000000000 ) ) ;
#2935 = ORIENTED_EDGE ( 'NONE', *, *, #589, .T. ) ;
#2936 = AXIS2_PLACEMENT_3D ( 'NONE', #1052, #621, #2674 ) ;
#2937 = CARTESIAN_POINT ( 'NONE',  ( -25.48085295647300086, -14.50000000000000533, -16.00000000000000000 ) ) ;
#2938 = AXIS2_PLACEMENT_3D ( 'NONE', #2768, #898, #430 ) ;
#2939 = ORIENTED_EDGE ( 'NONE', *, *, #2312, .T. ) ;
#2940 = DIRECTION ( 'NONE',  ( -0.000000000000000000, 1.000000000000000000, -0.000000000000000000 ) ) ;
#2941 = VERTEX_POINT ( 'NONE', #852 ) ;
#2942 = VECTOR ( 'NONE', #2898, 1000.000000000000000 ) ;
#2943 = CARTESIAN_POINT ( 'NONE',  ( -2.880211829158752845, -11.79999999999999716, 10.44774230492995848 ) ) ;
#2944 = CARTESIAN_POINT ( 'NONE',  ( 28.16559365293372963, -15.00000000000000000, -14.64644660940672516 ) ) ;
#2945 = AXIS2_PLACEMENT_3D ( 'NONE', #3044, #2584, #3032 ) ;
#2946 = VECTOR ( 'NONE', #1058, 1000.000000000000000 ) ;
#2947 = DIRECTION ( 'NONE',  ( 0.000000000000000000, 0.000000000000000000, 1.000000000000000000 ) ) ;
#2948 = DIRECTION ( 'NONE',  ( -0.000000000000000000, 1.000000000000000000, -0.000000000000000000 ) ) ;
#2949 = AXIS2_PLACEMENT_3D ( 'NONE', #285, #1979, #1938 ) ;
#2950 = ADVANCED_FACE ( 'NONE', ( #2039 ), #665, .T. ) ;
#2951 = DIRECTION ( 'NONE',  ( 0.000000000000000000, 0.000000000000000000, 1.000000000000000000 ) ) ;
#2952 = AXIS2_PLACEMENT_3D ( 'NONE', #1083, #1308, #159 ) ;
#2953 = ORIENTED_EDGE ( 'NONE', *, *, #609, .T. ) ;
#2954 = ORIENTED_EDGE ( 'NONE', *, *, #2386, .T. ) ;
#2955 = CARTESIAN_POINT ( 'NONE',  ( 28.51914704352699914, -14.50000000000000533, -15.00000000000000000 ) ) ;
#2956 = ORIENTED_EDGE ( 'NONE', *, *, #2539, .T. ) ;
#2957 = DIRECTION ( 'NONE',  ( 0.000000000000000000, 0.000000000000000000, 1.000000000000000000 ) ) ;
#2958 = ORIENTED_EDGE ( 'NONE', *, *, #2293, .T. ) ;
#2959 = CARTESIAN_POINT ( 'NONE',  ( 24.51914704352699914, -12.40000000000000036, -12.00000000000000355 ) ) ;
#2960 = ORIENTED_EDGE ( 'NONE', *, *, #707, .T. ) ;
#2961 = DIRECTION ( 'NONE',  ( 0.000000000000000000, 0.000000000000000000, 1.000000000000000000 ) ) ;
#2962 = PLANE ( 'NONE',  #432 ) ;
#2963 = CARTESIAN_POINT ( 'NONE',  ( 24.51914704352699914, -15.00000000000000178, 13.70000000000000107 ) ) ;
#2964 = DIRECTION ( 'NONE',  ( -1.000000000000000000, 0.000000000000000000, 0.000000000000000000 ) ) ;
#2965 = ORIENTED_EDGE ( 'NONE', *, *, #2682, .T. ) ;
#2966 = VERTEX_POINT ( 'NONE', #1604 ) ;
#2967 = AXIS2_PLACEMENT_3D ( 'NONE', #55, #1449, #2395 ) ;
#2968 = DIRECTION ( 'NONE',  ( -1.836970198721029441E-16, 1.000000000000000000, -0.000000000000000000 ) ) ;
#2969 = ADVANCED_FACE ( 'NONE', ( #2771 ), #1588, .F. ) ;
#2970 = ORIENTED_EDGE ( 'NONE', *, *, #1022, .T. ) ;
#2971 = EDGE_CURVE ( 'NONE', #2966, #1527, #1356, .T. ) ;
#2972 = DIRECTION ( 'NONE',  ( 0.000000000000000000, 0.000000000000000000, 1.000000000000000000 ) ) ;
#2973 = VECTOR ( 'NONE', #3028, 1000.000000000000000 ) ;
#2974 = ORIENTED_EDGE ( 'NONE', *, *, #669, .T. ) ;
#2975 = CARTESIAN_POINT ( 'NONE',  ( -22.48085295647300086, -9.000000000000000000, 12.00000000000000000 ) ) ;
#2976 = EDGE_LOOP ( 'NONE', ( #2496, #1681, #2195, #2013 ) ) ;
#2977 = VECTOR ( 'NONE', #1238, 1000.000000000000114 ) ;
#2978 = DIRECTION ( 'NONE',  ( 0.000000000000000000, 0.000000000000000000, 1.000000000000000000 ) ) ;
#2979 = DIRECTION ( 'NONE',  ( 0.7999999999999999334, 0.000000000000000000, 0.6000000000000001998 ) ) ;
#2980 = LINE ( 'NONE', #140, #1639 ) ;
#2981 = CARTESIAN_POINT ( 'NONE',  ( 24.51914704352699914, -15.00000000000000178, -12.00000000000000355 ) ) ;
#2982 = DIRECTION ( 'NONE',  ( 0.000000000000000000, 1.000000000000000000, -0.000000000000000000 ) ) ;
#2983 = DIRECTION ( 'NONE',  ( 0.000000000000000000, 0.000000000000000000, 1.000000000000000000 ) ) ;
#2984 = EDGE_LOOP ( 'NONE', ( #2970, #577, #350, #590 ) ) ;
#2985 = ORIENTED_EDGE ( 'NONE', *, *, #2577, .F. ) ;
#2986 = CARTESIAN_POINT ( 'NONE',  ( 10.33289778252569668, -0.5000000000000004441, -7.610813215765721118 ) ) ;
#2987 = ORIENTED_EDGE ( 'NONE', *, *, #1207, .F. ) ;
#2988 = ORIENTED_EDGE ( 'NONE', *, *, #1037, .F. ) ;
#2989 = DIRECTION ( 'NONE',  ( -1.000000000000000000, 0.000000000000000000, 0.000000000000000000 ) ) ;
#2990 = EDGE_CURVE ( 'NONE', #527, #405, #1181, .T. ) ;
#2991 = EDGE_CURVE ( 'NONE', #1481, #72, #197, .T. ) ;
#2992 = VERTEX_POINT ( 'NONE', #2022 ) ;
#2993 = CYLINDRICAL_SURFACE ( 'NONE', #2254, 5.000000000000000888 ) ;
#2994 = CARTESIAN_POINT ( 'NONE',  ( 10.98578643762690454, -11.79999999999999538, 6.745402340387840034 ) ) ;
#2995 = EDGE_CURVE ( 'NONE', #394, #83, #2612, .T. ) ;
#2996 = VECTOR ( 'NONE', #2134, 1000.000000000000000 ) ;
#2997 = PRODUCT_DEFINITION_SHAPE ( 'NONE', 'NONE',  #2271 ) ;
#2998 = FACE_OUTER_BOUND ( 'NONE', #1240, .T. ) ;
#2999 = CARTESIAN_POINT ( 'NONE',  ( -26.12729956587973135, -15.00000000000000000, 14.64644660940672516 ) ) ;
#3000 = LINE ( 'NONE', #1342, #2564 ) ;
#3001 = DATE_AND_TIME ( #220, #2456 ) ;
#3002 = AXIS2_PLACEMENT_3D ( 'NONE', #1390, #176, #869 ) ;
#3003 = AXIS2_PLACEMENT_3D ( 'NONE', #771, #2656, #539 ) ;
#3004 = CARTESIAN_POINT ( 'NONE',  ( -14.49721676793699920, -11.80000000000000071, 2.000000000000000000 ) ) ;
#3005 = ORIENTED_EDGE ( 'NONE', *, *, #234, .F. ) ;
#3006 = AXIS2_PLACEMENT_3D ( 'NONE', #969, #1912, #2569 ) ;
#3007 = DIRECTION ( 'NONE',  ( 0.000000000000000000, 0.000000000000000000, -1.000000000000000000 ) ) ;
#3008 = CIRCLE ( 'NONE', #1765, 4.999999999999999112 ) ;
#3009 = EDGE_LOOP ( 'NONE', ( #1757, #2275 ) ) ;
#3010 = VERTEX_POINT ( 'NONE', #110 ) ;
#3011 = DIRECTION ( 'NONE',  ( -0.000000000000000000, 1.000000000000000000, -0.000000000000000000 ) ) ;
#3012 = FACE_OUTER_BOUND ( 'NONE', #1158, .T. ) ;
#3013 = CARTESIAN_POINT ( 'NONE',  ( -19.48085295647300086, -0.5000000000000000000, -12.50000000000000000 ) ) ;
#3014 = LINE ( 'NONE', #2052, #2355 ) ;
#3015 = EDGE_CURVE ( 'NONE', #2897, #1203, #2737, .T. ) ;
#3016 = EDGE_CURVE ( 'NONE', #2635, #2458, #1539, .T. ) ;
#3017 = CARTESIAN_POINT ( 'NONE',  ( 7.280656287186142883, 0.000000000000000000, 14.50000000000000000 ) ) ;
#3018 = ADVANCED_FACE ( 'NONE', ( #1806 ), #1990, .T. ) ;
#3019 = CARTESIAN_POINT ( 'NONE',  ( -11.92264973081035961, -11.79999999999999893, 5.000000000000000000 ) ) ;
#3020 = PERSON_AND_ORGANIZATION ( #2384, #2073 ) ;
#3021 = LINE ( 'NONE', #2553, #2406 ) ;
#3022 = EDGE_CURVE ( 'NONE', #1294, #2706, #1774, .T. ) ;
#3023 = CARTESIAN_POINT ( 'NONE',  ( -9.814186289806338337, -9.000000000000000000, -14.50000000000000000 ) ) ;
#3024 = ORIENTED_EDGE ( 'NONE', *, *, #1434, .T. ) ;
#3025 = LINE ( 'NONE', #1319, #1017 ) ;
#3026 = LINE ( 'NONE', #3038, #2760 ) ;
#3027 = LINE ( 'NONE', #2320, #1812 ) ;
#3028 = DIRECTION ( 'NONE',  ( -1.836970198721029441E-16, 1.000000000000000000, -0.000000000000000000 ) ) ;
#3029 = DIRECTION ( 'NONE',  ( 0.000000000000000000, -1.000000000000000000, -0.000000000000000000 ) ) ;
#3030 = DIRECTION ( 'NONE',  ( -0.000000000000000000, 1.000000000000000000, 0.000000000000000000 ) ) ;
#3031 = EDGE_CURVE ( 'NONE', #2992, #1294, #2718, .T. ) ;
#3032 = DIRECTION ( 'NONE',  ( 0.000000000000000000, 0.000000000000000000, 1.000000000000000000 ) ) ;
#3033 = EDGE_CURVE ( 'NONE', #1467, #1697, #1554, .T. ) ;
#3034 = DIRECTION ( 'NONE',  ( -1.836970198721029441E-16, 1.000000000000000000, -0.000000000000000000 ) ) ;
#3035 = ORIENTED_EDGE ( 'NONE', *, *, #2479, .T. ) ;
#3036 = ORIENTED_EDGE ( 'NONE', *, *, #1363, .T. ) ;
#3037 = LINE ( 'NONE', #920, #2506 ) ;
#3038 = CARTESIAN_POINT ( 'NONE',  ( 12.08578643762690241, -11.79999999999999538, 3.899999999999999911 ) ) ;
#3039 = CARTESIAN_POINT ( 'NONE',  ( -16.39721676793699601, -11.80000000000000071, 2.000000000000000000 ) ) ;
#3040 = EDGE_LOOP ( 'NONE', ( #361, #728, #99, #1795 ) ) ;
#3041 = CARTESIAN_POINT ( 'NONE',  ( -22.48085295647300441, -9.000000000000000000, -12.00000000000000355 ) ) ;
#3042 = VECTOR ( 'NONE', #2888, 1000.000000000000000 ) ;
#3043 = DIRECTION ( 'NONE',  ( -0.000000000000000000, 1.000000000000000000, -0.000000000000000000 ) ) ;
#3044 = CARTESIAN_POINT ( 'NONE',  ( 7.280656287186141107, 0.000000000000000000, -9.500000000000001776 ) ) ;
#3045 = VECTOR ( 'NONE', #478, 1000.000000000000000 ) ;
#3046 = EDGE_CURVE ( 'NONE', #469, #2719, #2273, .T. ) ;
#3047 = VECTOR ( 'NONE', #661, 1000.000000000000114 ) ;
#3048 = CYLINDRICAL_SURFACE ( 'NONE', #1726, 1.100000000000000311 ) ;
#3049 = ORIENTED_EDGE ( 'NONE', *, *, #143, .T. ) ;
#3050 = CIRCLE ( 'NONE', #331, 1.100000000000000311 ) ;
#3051 = EDGE_CURVE ( 'NONE', #2868, #1939, #290, .T. ) ;
#3052 = ORIENTED_EDGE ( 'NONE', *, *, #783, .T. ) ;
#3053 = EDGE_CURVE ( 'NONE', #405, #2862, #601, .T. ) ;
#3054 = AXIS2_PLACEMENT_3D ( 'NONE', #1274, #300, #1257 ) ;
ENDSEC;
END-ISO-10303-21;
