ISO-10303-21;
HEADER;
FILE_DESCRIPTION (( 'STEP AP203' ),
    '1' );
FILE_NAME ('cut_punch.STEP',
    '2025-12-05T12:01:36',
    ( '' ),
    ( '' ),
    '',
    '',
    '' );
FILE_SCHEMA (( 'CONFIG_CONTROL_DESIGN' ));
ENDSEC;

DATA;
#1 = EDGE_CURVE ( 'NONE', #931, #737, #2487, .T. ) ;
#2 = CARTESIAN_POINT ( 'NONE',  ( -22.48085295647300086, -12.20000000000000107, -8.750000000000000000 ) ) ;
#3 = COORDINATED_UNIVERSAL_TIME_OFFSET ( 0, 0, .AHEAD. ) ;
#4 = CARTESIAN_POINT ( 'NONE',  ( -3.196222926588303981, -8.799999999999997158, -11.29043856474209662 ) ) ;
#5 = ORIENTED_EDGE ( 'NONE', *, *, #1743, .F. ) ;
#6 = DIRECTION ( 'NONE',  ( 0.000000000000000000, 0.000000000000000000, 1.000000000000000000 ) ) ;
#7 = VECTOR ( 'NONE', #1903, 1000.000000000000000 ) ;
#8 = CARTESIAN_POINT ( 'NONE',  ( 27.51914704352699559, -14.29999999999999893, -16.00000000000000000 ) ) ;
#9 = AXIS2_PLACEMENT_3D ( 'NONE', #2637, #1501, #1755 ) ;
#10 = CARTESIAN_POINT ( 'NONE',  ( 19.51914704352700269, -8.799999999999993605, 10.00000000000000178 ) ) ;
#11 = ORIENTED_EDGE ( 'NONE', *, *, #73, .F. ) ;
#12 = CARTESIAN_POINT ( 'NONE',  ( 27.31204026234045656, -14.79999999999999183, -15.50000000000000711 ) ) ;
#13 = CIRCLE ( 'NONE', #2464, 1.700000000000003508 ) ;
#14 = VECTOR ( 'NONE', #2311, 1000.000000000000000 ) ;
#15 = EDGE_CURVE ( 'NONE', #2700, #2478, #1554, .T. ) ;
#16 = ORIENTED_EDGE ( 'NONE', *, *, #1701, .T. ) ;
#17 = ORIENTED_EDGE ( 'NONE', *, *, #2319, .F. ) ;
#18 = EDGE_CURVE ( 'NONE', #2923, #2593, #1609, .T. ) ;
#19 = CARTESIAN_POINT ( 'NONE',  ( -22.48085295647299731, -8.800000000000000711, 12.00000000000000000 ) ) ;
#20 = PERSON_AND_ORGANIZATION_ROLE ( 'classification_officer' ) ;
#21 = VECTOR ( 'NONE', #800, 1000.000000000000114 ) ;
#22 = DIRECTION ( 'NONE',  ( -0.000000000000000000, 1.000000000000000000, -0.000000000000000000 ) ) ;
#23 = CARTESIAN_POINT ( 'NONE',  ( -14.48085295647299908, -10.80000000000000071, -10.00000000000000000 ) ) ;
#24 = CARTESIAN_POINT ( 'NONE',  ( -26.48085295647299731, -8.800000000000002487, -16.00000000000000000 ) ) ;
#25 = AXIS2_PLACEMENT_3D ( 'NONE', #2762, #1154, #2286 ) ;
#26 = ORIENTED_EDGE ( 'NONE', *, *, #1970, .T. ) ;
#27 = CARTESIAN_POINT ( 'NONE',  ( -11.48085295647299731, -10.80000000000000071, -10.00000000000000000 ) ) ;
#28 = EDGE_LOOP ( 'NONE', ( #1038, #1329, #2527, #873 ) ) ;
#29 = APPROVAL_PERSON_ORGANIZATION ( #218, #1406, #1094 ) ;
#30 = CARTESIAN_POINT ( 'NONE',  ( -22.48085295647299731, -8.800000000000000711, 8.750000000000000000 ) ) ;
#31 = ORIENTED_EDGE ( 'NONE', *, *, #782, .T. ) ;
#32 = CARTESIAN_POINT ( 'NONE',  ( 12.08578643762690241, -8.799999999999995381, 3.899999999999999911 ) ) ;
#33 = CARTESIAN_POINT ( 'NONE',  ( -22.48085295647299731, -8.800000000000000711, 15.25000000000000000 ) ) ;
#34 = VERTEX_POINT ( 'NONE', #972 ) ;
#35 = DIRECTION ( 'NONE',  ( -1.836970198721029688E-16, 1.000000000000000000, 0.000000000000000000 ) ) ;
#36 = EDGE_CURVE ( 'NONE', #2019, #876, #70, .T. ) ;
#37 = VECTOR ( 'NONE', #2315, 1000.000000000000000 ) ;
#38 = CIRCLE ( 'NONE', #2916, 2.099999999999999645 ) ;
#39 = ADVANCED_FACE ( 'NONE', ( #1859 ), #765, .F. ) ;
#40 = DIRECTION ( 'NONE',  ( -0.000000000000000000, 1.000000000000000000, -0.000000000000000000 ) ) ;
#41 = CARTESIAN_POINT ( 'NONE',  ( -25.48085295647299020, -14.80000000000000249, 15.50000000000000711 ) ) ;
#42 = ORIENTED_EDGE ( 'NONE', *, *, #2530, .F. ) ;
#43 = FACE_OUTER_BOUND ( 'NONE', #1757, .T. ) ;
#44 = ADVANCED_FACE ( 'NONE', ( #83 ), #1890, .T. ) ;
#45 = DIRECTION ( 'NONE',  ( -0.000000000000000000, 1.000000000000000000, -0.000000000000000000 ) ) ;
#46 = ORIENTED_EDGE ( 'NONE', *, *, #2297, .T. ) ;
#47 = DIRECTION ( 'NONE',  ( -1.836970198721029688E-16, 1.000000000000000000, 0.000000000000000000 ) ) ;
#48 = VERTEX_POINT ( 'NONE', #2514 ) ;
#49 = DIRECTION ( 'NONE',  ( 0.000000000000000000, 0.000000000000000000, 1.000000000000000000 ) ) ;
#50 = DIRECTION ( 'NONE',  ( 0.000000000000000000, -0.000000000000000000, -1.000000000000000000 ) ) ;
#51 = EDGE_LOOP ( 'NONE', ( #961, #1415, #1856, #1706 ) ) ;
#52 = LINE ( 'NONE', #1622, #37 ) ;
#53 = FACE_OUTER_BOUND ( 'NONE', #203, .T. ) ;
#54 = EDGE_CURVE ( 'NONE', #731, #1862, #317, .T. ) ;
#55 = ORIENTED_EDGE ( 'NONE', *, *, #1034, .F. ) ;
#56 = CARTESIAN_POINT ( 'NONE',  ( -11.92264973081037738, -8.799999999999998934, -3.899999999999999911 ) ) ;
#57 = ORIENTED_EDGE ( 'NONE', *, *, #925, .T. ) ;
#58 = CARTESIAN_POINT ( 'NONE',  ( -12.38085295647299411, -14.80000000000000071, 10.00000000000000178 ) ) ;
#59 = DIRECTION ( 'NONE',  ( 0.2810846377148270570, 0.6785983445458455554, 0.6785983445458456664 ) ) ;
#60 = ADVANCED_FACE ( 'NONE', ( #2121 ), #1845, .F. ) ;
#61 = ORIENTED_EDGE ( 'NONE', *, *, #2823, .T. ) ;
#62 = LINE ( 'NONE', #268, #911 ) ;
#63 = VECTOR ( 'NONE', #346, 1000.000000000000000 ) ;
#64 = CARTESIAN_POINT ( 'NONE',  ( 16.51914704352699914, -10.79999999999999361, 10.00000000000000178 ) ) ;
#65 = ORIENTED_EDGE ( 'NONE', *, *, #1068, .T. ) ;
#66 = AXIS2_PLACEMENT_3D ( 'NONE', #650, #2191, #422 ) ;
#67 = VECTOR ( 'NONE', #1021, 1000.000000000000000 ) ;
#68 = LINE ( 'NONE', #2574, #1697 ) ;
#69 = DIRECTION ( 'NONE',  ( -1.836970198721029688E-16, 1.000000000000000000, 0.000000000000000000 ) ) ;
#70 = LINE ( 'NONE', #2317, #2480 ) ;
#71 = DIRECTION ( 'NONE',  ( 0.000000000000000000, 0.000000000000000000, 1.000000000000000000 ) ) ;
#72 = CIRCLE ( 'NONE', #1731, 1.700000000000003508 ) ;
#73 = EDGE_CURVE ( 'NONE', #1467, #993, #1076, .T. ) ;
#74 = FACE_OUTER_BOUND ( 'NONE', #1248, .T. ) ;
#75 = DIRECTION ( 'NONE',  ( 1.000000000000000000, 1.807003620809172906E-16, -0.000000000000000000 ) ) ;
#76 = VERTEX_POINT ( 'NONE', #2069 ) ;
#77 = CIRCLE ( 'NONE', #1546, 1.700000000000003508 ) ;
#78 = CARTESIAN_POINT ( 'NONE',  ( -10.82264973081037773, -8.799999999999998934, -5.000000000000000000 ) ) ;
#79 = EDGE_LOOP ( 'NONE', ( #366, #267, #2349, #545 ) ) ;
#80 = LOCAL_TIME ( 12, 1, 36.00000000000000000, #2698 ) ;
#81 = CARTESIAN_POINT ( 'NONE',  ( -26.67159652630354572, -14.10925643016945941, -15.07900857355926583 ) ) ;
#82 = ORIENTED_EDGE ( 'NONE', *, *, #2808, .F. ) ;
#83 = FACE_OUTER_BOUND ( 'NONE', #1809, .T. ) ;
#84 = LINE ( 'NONE', #493, #773 ) ;
#85 = DIRECTION ( 'NONE',  ( 1.892425610156516875E-16, -1.000000000000000000, -0.000000000000000000 ) ) ;
#86 = DIRECTION ( 'NONE',  ( -1.836970198721029688E-16, 1.000000000000000000, 0.000000000000000000 ) ) ;
#87 = VERTEX_POINT ( 'NONE', #1186 ) ;
#88 = EDGE_CURVE ( 'NONE', #2091, #2882, #274, .T. ) ;
#89 = CARTESIAN_POINT ( 'NONE',  ( 10.98578643762690632, -8.799999999999995381, 6.745402340387840034 ) ) ;
#90 = DIRECTION ( 'NONE',  ( -0.000000000000000000, 1.000000000000000000, -0.000000000000000000 ) ) ;
#91 = ORIENTED_EDGE ( 'NONE', *, *, #2281, .F. ) ;
#92 = EDGE_CURVE ( 'NONE', #1520, #1521, #52, .T. ) ;
#93 = CARTESIAN_POINT ( 'NONE',  ( -22.48085295647300086, -8.800000000000000711, -8.750000000000000000 ) ) ;
#94 = EDGE_CURVE ( 'NONE', #125, #2662, #68, .T. ) ;
#95 = DIRECTION ( 'NONE',  ( -1.836970198721029688E-16, 1.000000000000000000, 0.000000000000000000 ) ) ;
#96 = FACE_OUTER_BOUND ( 'NONE', #277, .T. ) ;
#97 = DIRECTION ( 'NONE',  ( -1.892425610156516875E-16, 1.000000000000000000, -0.000000000000000000 ) ) ;
#98 = DIRECTION ( 'NONE',  ( -1.892425610156516875E-16, 1.000000000000000000, 0.000000000000000000 ) ) ;
#99 = VERTEX_POINT ( 'NONE', #2791 ) ;
#100 = CARTESIAN_POINT ( 'NONE',  ( 24.51914704352699914, -12.19999999999999218, -12.00000000000000000 ) ) ;
#101 = ORIENTED_EDGE ( 'NONE', *, *, #362, .T. ) ;
#102 = LINE ( 'NONE', #2570, #482 ) ;
#103 = VERTEX_POINT ( 'NONE', #970 ) ;
#104 = LINE ( 'NONE', #118, #2653 ) ;
#105 = VECTOR ( 'NONE', #2903, 1000.000000000000000 ) ;
#106 = ADVANCED_FACE ( 'NONE', ( #1231 ), #996, .F. ) ;
#107 = DIRECTION ( 'NONE',  ( -1.892425610156516875E-16, 1.000000000000000000, -0.000000000000000000 ) ) ;
#108 = ADVANCED_FACE ( 'NONE', ( #1667 ), #2760, .F. ) ;
#109 = AXIS2_PLACEMENT_3D ( 'NONE', #2927, #1432, #1178 ) ;
#110 = FACE_OUTER_BOUND ( 'NONE', #1887, .T. ) ;
#111 = DIRECTION ( 'NONE',  ( -1.836970198721029688E-16, 1.000000000000000000, 0.000000000000000000 ) ) ;
#112 = DIRECTION ( 'NONE',  ( -1.892425610156516875E-16, 1.000000000000000000, 0.000000000000000000 ) ) ;
#113 = VERTEX_POINT ( 'NONE', #1409 ) ;
#114 = ORIENTED_EDGE ( 'NONE', *, *, #1466, .F. ) ;
#115 = AXIS2_PLACEMENT_3D ( 'NONE', #2359, #1519, #144 ) ;
#116 = CARTESIAN_POINT ( 'NONE',  ( -25.48085295647299731, -14.80000000000000249, -16.00000000000000000 ) ) ;
#117 = ORIENTED_EDGE ( 'NONE', *, *, #2365, .F. ) ;
#118 = CARTESIAN_POINT ( 'NONE',  ( 13.51914704352699914, -10.79999999999999361, 10.00000000000000178 ) ) ;
#119 = AXIS2_PLACEMENT_3D ( 'NONE', #677, #2674, #1629 ) ;
#120 = VECTOR ( 'NONE', #111, 1000.000000000000000 ) ;
#121 = ADVANCED_FACE ( 'NONE', ( #550 ), #519, .F. ) ;
#122 = CARTESIAN_POINT ( 'NONE',  ( -11.92264973081037915, 0.2000000000000001221, -5.000000000000000000 ) ) ;
#123 = DIRECTION ( 'NONE',  ( 0.7071067811865500152, 1.338146981832767456E-16, 0.7071067811865451302 ) ) ;
#124 = ADVANCED_FACE ( 'NONE', ( #489 ), #2356, .T. ) ;
#125 = VERTEX_POINT ( 'NONE', #330 ) ;
#126 = EDGE_LOOP ( 'NONE', ( #2394, #1912, #2763, #1760 ) ) ;
#127 = CARTESIAN_POINT ( 'NONE',  ( 10.98578643762690277, -8.799999999999995381, -5.000000000000000000 ) ) ;
#128 = AXIS2_PLACEMENT_3D ( 'NONE', #1916, #2148, #1969 ) ;
#129 = CARTESIAN_POINT ( 'NONE',  ( 24.51914704352699914, -12.19999999999999218, -12.00000000000000000 ) ) ;
#130 = EDGE_LOOP ( 'NONE', ( #439, #117, #282, #577 ) ) ;
#131 = ADVANCED_FACE ( 'NONE', ( #1654 ), #2544, .T. ) ;
#132 = AXIS2_PLACEMENT_3D ( 'NONE', #2764, #2357, #738 ) ;
#133 = ORIENTED_EDGE ( 'NONE', *, *, #2673, .T. ) ;
#134 = CARTESIAN_POINT ( 'NONE',  ( -26.48085295647299731, -14.30000000000000959, 15.00000000000000000 ) ) ;
#135 = VERTEX_POINT ( 'NONE', #533 ) ;
#136 = DIRECTION ( 'NONE',  ( -1.892425610156516875E-16, 1.000000000000000000, -0.000000000000000000 ) ) ;
#137 = ORIENTED_EDGE ( 'NONE', *, *, #992, .F. ) ;
#138 = ORIENTED_EDGE ( 'NONE', *, *, #1114, .F. ) ;
#139 = ORIENTED_EDGE ( 'NONE', *, *, #423, .F. ) ;
#140 = DIRECTION ( 'NONE',  ( -1.836970198721029688E-16, 1.000000000000000000, 0.000000000000000000 ) ) ;
#141 = FACE_BOUND ( 'NONE', #2417, .T. ) ;
#142 = CARTESIAN_POINT ( 'NONE',  ( -10.82264973081037773, -8.799999999999998934, -7.806828091810600334 ) ) ;
#143 = EDGE_CURVE ( 'NONE', #1550, #815, #1455, .T. ) ;
#144 = DIRECTION ( 'NONE',  ( -1.000000000000000000, 0.000000000000000000, 0.000000000000000000 ) ) ;
#145 = ORIENTED_EDGE ( 'NONE', *, *, #2056, .F. ) ;
#146 = VERTEX_POINT ( 'NONE', #2423 ) ;
#147 = EDGE_CURVE ( 'NONE', #731, #2060, #2305, .T. ) ;
#148 = LINE ( 'NONE', #589, #2709 ) ;
#149 = ORIENTED_EDGE ( 'NONE', *, *, #2166, .T. ) ;
#150 = CYLINDRICAL_SURFACE ( 'NONE', #1993, 3.000000000000000888 ) ;
#151 = EDGE_LOOP ( 'NONE', ( #585, #1752, #2273, #1098 ) ) ;
#152 = CIRCLE ( 'NONE', #769, 3.249999999999999556 ) ;
#153 = ORIENTED_EDGE ( 'NONE', *, *, #1184, .F. ) ;
#154 = VERTEX_POINT ( 'NONE', #2212 ) ;
#155 = CARTESIAN_POINT ( 'NONE',  ( 16.51914704352699914, -10.79999999999999361, -10.00000000000000178 ) ) ;
#156 = AXIS2_PLACEMENT_3D ( 'NONE', #2701, #204, #1156 ) ;
#157 = DIRECTION ( 'NONE',  ( -1.000000000000000000, 0.000000000000000000, 0.000000000000000000 ) ) ;
#158 = AXIS2_PLACEMENT_3D ( 'NONE', #1603, #964, #2493 ) ;
#159 = VERTEX_POINT ( 'NONE', #2396 ) ;
#160 = LINE ( 'NONE', #1542, #2911 ) ;
#161 = VECTOR ( 'NONE', #1387, 1000.000000000000000 ) ;
#162 = DIRECTION ( 'NONE',  ( -1.000000000000000000, 0.000000000000000000, 0.000000000000000000 ) ) ;
#163 = VERTEX_POINT ( 'NONE', #1956 ) ;
#164 = EDGE_CURVE ( 'NONE', #1862, #2009, #2781, .T. ) ;
#165 = ORIENTED_EDGE ( 'NONE', *, *, #1526, .T. ) ;
#166 = DIRECTION ( 'NONE',  ( -1.836970198721029688E-16, 1.000000000000000000, 0.000000000000000000 ) ) ;
#167 = ORIENTED_EDGE ( 'NONE', *, *, #1513, .F. ) ;
#168 = DIRECTION ( 'NONE',  ( 0.2745681609986654337, 5.043735292721860129E-17, 0.9615676393087545515 ) ) ;
#169 = CC_DESIGN_PERSON_AND_ORGANIZATION_ASSIGNMENT ( #2713, #686, ( #685 ) ) ;
#170 = AXIS2_PLACEMENT_3D ( 'NONE', #642, #416, #673 ) ;
#171 = CIRCLE ( 'NONE', #637, 2.099999999999999645 ) ;
#172 = CARTESIAN_POINT ( 'NONE',  ( -16.39721676793699956, -8.800000000000000711, -2.000000000000000444 ) ) ;
#173 = ORGANIZATION ( 'UNSPECIFIED', 'UNSPECIFIED', '' ) ;
#174 = CARTESIAN_POINT ( 'NONE',  ( -10.82264973081036352, -8.799999999999998934, 5.000000000000000000 ) ) ;
#175 = ORIENTED_EDGE ( 'NONE', *, *, #271, .F. ) ;
#176 = CARTESIAN_POINT ( 'NONE',  ( 10.98578643762690277, -8.799999999999995381, -6.745402340387840034 ) ) ;
#177 = CARTESIAN_POINT ( 'NONE',  ( 22.60609637877996647, -20.21305066474703338, 12.55073421966247338 ) ) ;
#178 = VERTEX_POINT ( 'NONE', #850 ) ;
#179 = EDGE_LOOP ( 'NONE', ( #2565, #1475 ) ) ;
#180 = DIRECTION ( 'NONE',  ( -1.892425610156516875E-16, 1.000000000000000000, 0.000000000000000000 ) ) ;
#181 = ORIENTED_EDGE ( 'NONE', *, *, #2128, .T. ) ;
#182 = DIRECTION ( 'NONE',  ( 0.000000000000000000, 0.000000000000000000, 1.000000000000000000 ) ) ;
#183 = VECTOR ( 'NONE', #343, 1000.000000000000000 ) ;
#184 = EDGE_CURVE ( 'NONE', #626, #2153, #2409, .T. ) ;
#185 = LINE ( 'NONE', #638, #2211 ) ;
#186 = EDGE_CURVE ( 'NONE', #2097, #135, #2439, .T. ) ;
#187 = DIRECTION ( 'NONE',  ( -1.892425610156516875E-16, 1.000000000000000000, 0.000000000000000000 ) ) ;
#188 =( NAMED_UNIT ( * ) PLANE_ANGLE_UNIT ( ) SI_UNIT ( $, .RADIAN. ) );
#189 = DIRECTION ( 'NONE',  ( -1.892425610156517122E-16, 1.000000000000000000, -0.000000000000000000 ) ) ;
#190 = VERTEX_POINT ( 'NONE', #2620 ) ;
#191 = CARTESIAN_POINT ( 'NONE',  ( 24.51914704352699914, -8.799999999999991829, 12.00000000000000000 ) ) ;
#192 = ORIENTED_EDGE ( 'NONE', *, *, #2804, .T. ) ;
#193 = DIRECTION ( 'NONE',  ( 1.892425610156516875E-16, -1.000000000000000000, -0.000000000000000000 ) ) ;
#194 = ORIENTED_EDGE ( 'NONE', *, *, #1297, .F. ) ;
#195 = EDGE_LOOP ( 'NONE', ( #2583, #965, #16, #431 ) ) ;
#196 = ADVANCED_FACE ( 'NONE', ( #1730 ), #2648, .T. ) ;
#197 = LINE ( 'NONE', #1565, #841 ) ;
#198 = CARTESIAN_POINT ( 'NONE',  ( 18.61914704352700412, -14.80100000000001081, -10.00000000000000178 ) ) ;
#199 = EDGE_CURVE ( 'NONE', #1658, #1840, #1059, .T. ) ;
#200 = DIRECTION ( 'NONE',  ( -0.000000000000000000, 1.000000000000000000, -0.000000000000000000 ) ) ;
#201 = AXIS2_PLACEMENT_3D ( 'NONE', #409, #168, #1330 ) ;
#202 = CARTESIAN_POINT ( 'NONE',  ( -11.92264973081037915, 0.2000000000000001221, 3.900000000000000355 ) ) ;
#203 = EDGE_LOOP ( 'NONE', ( #175, #1155, #1771, #600 ) ) ;
#204 = DIRECTION ( 'NONE',  ( -1.836970198721029688E-16, 1.000000000000000000, 0.000000000000000000 ) ) ;
#205 = VECTOR ( 'NONE', #1373, 1000.000000000000000 ) ;
#206 = FACE_OUTER_BOUND ( 'NONE', #2034, .T. ) ;
#207 = CARTESIAN_POINT ( 'NONE',  ( 27.51914704352699559, -14.79999999999999183, -16.00000000000000000 ) ) ;
#208 = ORIENTED_EDGE ( 'NONE', *, *, #2115, .T. ) ;
#209 = CARTESIAN_POINT ( 'NONE',  ( -4.922649730810380042, 0.2000000000000014266, 1.350000000000000089 ) ) ;
#210 = VERTEX_POINT ( 'NONE', #1930 ) ;
#211 = CIRCLE ( 'NONE', #2424, 3.249999999999999556 ) ;
#212 = FACE_BOUND ( 'NONE', #286, .T. ) ;
#213 = AXIS2_PLACEMENT_3D ( 'NONE', #2794, #2089, #1850 ) ;
#214 = ADVANCED_FACE ( 'NONE', ( #1074, #1257 ), #596, .F. ) ;
#215 = ORIENTED_EDGE ( 'NONE', *, *, #54, .T. ) ;
#216 = PLANE ( 'NONE',  #1599 ) ;
#217 = VECTOR ( 'NONE', #1877, 1000.000000000000000 ) ;
#218 = PERSON_AND_ORGANIZATION ( #463, #173 ) ;
#219 = CARTESIAN_POINT ( 'NONE',  ( 24.51914704352699914, -12.19999999999999218, -12.00000000000000000 ) ) ;
#220 = ORIENTED_EDGE ( 'NONE', *, *, #764, .F. ) ;
#221 = CARTESIAN_POINT ( 'NONE',  ( 24.51914704352699914, -12.19999999999999218, 13.70000000000000462 ) ) ;
#222 = CIRCLE ( 'NONE', #2383, 3.249999999999999556 ) ;
#223 = DIRECTION ( 'NONE',  ( -1.000000000000000000, 0.000000000000000000, 0.000000000000000000 ) ) ;
#224 = DIRECTION ( 'NONE',  ( 0.000000000000000000, 0.000000000000000000, 1.000000000000000000 ) ) ;
#225 = EDGE_CURVE ( 'NONE', #620, #801, #1290, .T. ) ;
#226 = ORIENTED_EDGE ( 'NONE', *, *, #1460, .F. ) ;
#227 = LINE ( 'NONE', #2463, #999 ) ;
#228 = CARTESIAN_POINT ( 'NONE',  ( -14.48085295647299908, -10.80000000000000071, -10.00000000000000000 ) ) ;
#229 = DIRECTION ( 'NONE',  ( -1.000000000000000000, 0.000000000000000000, 0.000000000000000000 ) ) ;
#230 = ORIENTED_EDGE ( 'NONE', *, *, #450, .F. ) ;
#231 = CARTESIAN_POINT ( 'NONE',  ( 24.51914704352699914, -8.799999999999991829, -8.750000000000000000 ) ) ;
#232 = ADVANCED_FACE ( 'NONE', ( #1539 ), #581, .F. ) ;
#233 = DIRECTION ( 'NONE',  ( -1.836970198721029441E-16, 1.000000000000000000, 0.000000000000000000 ) ) ;
#234 = DIRECTION ( 'NONE',  ( -1.836970198721029688E-16, 1.000000000000000000, 0.000000000000000000 ) ) ;
#235 = ORIENTED_EDGE ( 'NONE', *, *, #2465, .F. ) ;
#236 = DIRECTION ( 'NONE',  ( -1.892425610156516875E-16, 1.000000000000000000, 0.000000000000000000 ) ) ;
#237 = ADVANCED_FACE ( 'NONE', ( #821 ), #1699, .F. ) ;
#238 = ORIENTED_EDGE ( 'NONE', *, *, #921, .F. ) ;
#239 = DIRECTION ( 'NONE',  ( 0.000000000000000000, 0.000000000000000000, 1.000000000000000000 ) ) ;
#240 = APPROVAL_ROLE ( '' ) ;
#241 = PLANE ( 'NONE',  #25 ) ;
#242 = ORIENTED_EDGE ( 'NONE', *, *, #1564, .T. ) ;
#243 = DIRECTION ( 'NONE',  ( -0.000000000000000000, 1.000000000000000000, -0.000000000000000000 ) ) ;
#244 = CIRCLE ( 'NONE', #1901, 2.100000000000000977 ) ;
#245 = FACE_OUTER_BOUND ( 'NONE', #1834, .T. ) ;
#246 = AXIS2_PLACEMENT_3D ( 'NONE', #1360, #891, #2253 ) ;
#247 = LINE ( 'NONE', #2736, #1359 ) ;
#248 = ORIENTED_EDGE ( 'NONE', *, *, #1684, .F. ) ;
#249 = ADVANCED_FACE ( 'NONE', ( #2818 ), #2636, .F. ) ;
#250 = LINE ( 'NONE', #1162, #2135 ) ;
#251 = CIRCLE ( 'NONE', #625, 2.100000000000002753 ) ;
#252 = AXIS2_PLACEMENT_3D ( 'NONE', #845, #1269, #1481 ) ;
#253 = DIRECTION ( 'NONE',  ( -1.836970198721029688E-16, 1.000000000000000000, 0.000000000000000000 ) ) ;
#254 = VERTEX_POINT ( 'NONE', #2177 ) ;
#255 = CARTESIAN_POINT ( 'NONE',  ( -26.48085295647299731, -8.800000000000002487, -16.00000000000000000 ) ) ;
#256 = EDGE_CURVE ( 'NONE', #839, #695, #2116, .T. ) ;
#257 = DIRECTION ( 'NONE',  ( -0.2810846377148107922, -0.6785983445458488861, 0.6785983445458491081 ) ) ;
#258 = AXIS2_PLACEMENT_3D ( 'NONE', #771, #86, #1294 ) ;
#259 = DIRECTION ( 'NONE',  ( -1.000000000000000000, 0.000000000000000000, 0.000000000000000000 ) ) ;
#260 = VERTEX_POINT ( 'NONE', #359 ) ;
#261 = CARTESIAN_POINT ( 'NONE',  ( 12.08578643762690241, -8.799999999999995381, 3.899999999999999911 ) ) ;
#262 = AXIS2_PLACEMENT_3D ( 'NONE', #2268, #2059, #229 ) ;
#263 = ORIENTED_EDGE ( 'NONE', *, *, #1899, .F. ) ;
#264 = CYLINDRICAL_SURFACE ( 'NONE', #356, 1.099999999999994982 ) ;
#265 =( GEOMETRIC_REPRESENTATION_CONTEXT ( 3 ) GLOBAL_UNCERTAINTY_ASSIGNED_CONTEXT ( ( #732 ) ) GLOBAL_UNIT_ASSIGNED_CONTEXT ( ( #1817, #188, #456 ) ) REPRESENTATION_CONTEXT ( 'NONE', 'WORKASPACE' ) );
#266 = DIRECTION ( 'NONE',  ( -1.892425610156516875E-16, 1.000000000000000000, 0.000000000000000000 ) ) ;
#267 = ORIENTED_EDGE ( 'NONE', *, *, #1142, .F. ) ;
#268 = CARTESIAN_POINT ( 'NONE',  ( -26.48085295647299731, -8.800000000000002487, 16.00000000000000000 ) ) ;
#269 = CARTESIAN_POINT ( 'NONE',  ( 18.43551085499100139, -8.799999999999993605, 2.000000000000000000 ) ) ;
#270 = ORIENTED_EDGE ( 'NONE', *, *, #1293, .F. ) ;
#271 = EDGE_CURVE ( 'NONE', #2171, #1977, #2728, .T. ) ;
#272 = AXIS2_PLACEMENT_3D ( 'NONE', #2531, #2805, #1900 ) ;
#273 = AXIS2_PLACEMENT_3D ( 'NONE', #2589, #140, #385 ) ;
#274 = LINE ( 'NONE', #1640, #1322 ) ;
#275 = EDGE_CURVE ( 'NONE', #1614, #178, #551, .T. ) ;
#276 = CARTESIAN_POINT ( 'NONE',  ( 24.51914704352699914, -12.19999999999999218, 12.00000000000000000 ) ) ;
#277 = EDGE_LOOP ( 'NONE', ( #1018, #1283, #1452, #2111 ) ) ;
#278 = FACE_OUTER_BOUND ( 'NONE', #525, .T. ) ;
#279 = CARTESIAN_POINT ( 'NONE',  ( 10.98578643762690099, 0.2000000000000043132, -6.535889741755010363 ) ) ;
#280 = ORIENTED_EDGE ( 'NONE', *, *, #719, .T. ) ;
#281 = CARTESIAN_POINT ( 'NONE',  ( 24.51914704352699914, -8.799999999999991829, 15.25000000000000000 ) ) ;
#282 = ORIENTED_EDGE ( 'NONE', *, *, #2186, .T. ) ;
#283 = CARTESIAN_POINT ( 'NONE',  ( 27.51914704352699559, -14.29999999999999893, 16.00000000000000000 ) ) ;
#284 = VERTEX_POINT ( 'NONE', #2012 ) ;
#285 = CARTESIAN_POINT ( 'NONE',  ( -14.48085295647299908, -14.80000000000000071, -10.00000000000000000 ) ) ;
#286 = EDGE_LOOP ( 'NONE', ( #615, #805 ) ) ;
#287 = EDGE_CURVE ( 'NONE', #2203, #2333, #2633, .T. ) ;
#288 = DIRECTION ( 'NONE',  ( -1.000000000000000000, -1.836970198721029688E-16, 0.000000000000000000 ) ) ;
#289 = DIRECTION ( 'NONE',  ( 0.000000000000000000, 0.000000000000000000, 1.000000000000000000 ) ) ;
#290 = DIRECTION ( 'NONE',  ( -0.7071067811865487940, -1.338146981832765484E-16, -0.7071067811865463515 ) ) ;
#291 = DIRECTION ( 'NONE',  ( -0.000000000000000000, 1.000000000000000000, -0.000000000000000000 ) ) ;
#292 = CARTESIAN_POINT ( 'NONE',  ( -9.922649730810379154, 0.2000000000000005107, -7.806828091810600334 ) ) ;
#293 = PLANE ( 'NONE',  #1627 ) ;
#294 = ORIENTED_EDGE ( 'NONE', *, *, #1048, .T. ) ;
#295 = FACE_OUTER_BOUND ( 'NONE', #2261, .T. ) ;
#296 = VECTOR ( 'NONE', #2004, 1000.000000000000000 ) ;
#297 = ORIENTED_EDGE ( 'NONE', *, *, #2239, .F. ) ;
#298 = CARTESIAN_POINT ( 'NONE',  ( -20.78085295647299802, -12.20000000000000107, -12.00000000000000000 ) ) ;
#299 = ORIENTED_EDGE ( 'NONE', *, *, #1242, .T. ) ;
#300 = AXIS2_PLACEMENT_3D ( 'NONE', #2355, #574, #1913 ) ;
#301 = AXIS2_PLACEMENT_3D ( 'NONE', #116, #2629, #793 ) ;
#302 = DIRECTION ( 'NONE',  ( -1.836970198721029688E-16, 1.000000000000000000, 0.000000000000000000 ) ) ;
#303 = EDGE_CURVE ( 'NONE', #1550, #993, #861, .T. ) ;
#304 = DIRECTION ( 'NONE',  ( -1.000000000000000000, -1.836970198721029688E-16, 0.000000000000000000 ) ) ;
#305 = CYLINDRICAL_SURFACE ( 'NONE', #132, 1.700000000000001954 ) ;
#306 = CIRCLE ( 'NONE', #2814, 1.700000000000000178 ) ;
#307 = CARTESIAN_POINT ( 'NONE',  ( -11.92264973081037738, -8.799999999999998934, 3.900000000000000355 ) ) ;
#308 = EDGE_CURVE ( 'NONE', #1270, #1266, #2452, .T. ) ;
#309 = DIRECTION ( 'NONE',  ( -1.836970198721029688E-16, 1.000000000000000000, 0.000000000000000000 ) ) ;
#310 = VERTEX_POINT ( 'NONE', #2902 ) ;
#311 = CARTESIAN_POINT ( 'NONE',  ( -10.23866082823991874, -8.799999999999998934, 8.649524351622742913 ) ) ;
#312 = AXIS2_PLACEMENT_3D ( 'NONE', #1045, #376, #798 ) ;
#313 = EDGE_CURVE ( 'NONE', #610, #254, #197, .T. ) ;
#314 = DIRECTION ( 'NONE',  ( -1.892425610156517122E-16, 1.000000000000000000, -0.000000000000000000 ) ) ;
#315 = EDGE_LOOP ( 'NONE', ( #2096, #371, #2405, #2498 ) ) ;
#316 = LINE ( 'NONE', #370, #2510 ) ;
#317 = LINE ( 'NONE', #2083, #1024 ) ;
#318 = CYLINDRICAL_SURFACE ( 'NONE', #2164, 1.100000000000000311 ) ;
#319 = CARTESIAN_POINT ( 'NONE',  ( 16.51914704352700269, -14.79999999999999361, -10.00000000000000178 ) ) ;
#320 = ORIENTED_EDGE ( 'NONE', *, *, #980, .T. ) ;
#321 = ORIENTED_EDGE ( 'NONE', *, *, #186, .F. ) ;
#322 = CARTESIAN_POINT ( 'NONE',  ( -20.74042647823658214, -8.800000000000000711, -20.74042647823644003 ) ) ;
#323 = ORIENTED_EDGE ( 'NONE', *, *, #2329, .T. ) ;
#324 = LINE ( 'NONE', #1883, #2279 ) ;
#325 = ADVANCED_FACE ( 'NONE', ( #895 ), #1769, .T. ) ;
#326 = DIRECTION ( 'NONE',  ( -1.836970198721029688E-16, 1.000000000000000000, 0.000000000000000000 ) ) ;
#327 = VERTEX_POINT ( 'NONE', #666 ) ;
#328 = DIRECTION ( 'NONE',  ( 0.000000000000000000, 0.000000000000000000, 1.000000000000000000 ) ) ;
#329 = EDGE_CURVE ( 'NONE', #513, #694, #185, .T. ) ;
#330 = CARTESIAN_POINT ( 'NONE',  ( 10.33289778252569846, -8.799999999999995381, 7.610813215765723783 ) ) ;
#331 = CARTESIAN_POINT ( 'NONE',  ( -22.48085295647300086, -8.800000000000000711, -12.00000000000000000 ) ) ;
#332 = CARTESIAN_POINT ( 'NONE',  ( -13.07456703712662005, 0.1999999999999999001, -3.900000000000000355 ) ) ;
#333 = LINE ( 'NONE', #322, #21 ) ;
#334 = ORIENTED_EDGE ( 'NONE', *, *, #1984, .T. ) ;
#335 = ORIENTED_EDGE ( 'NONE', *, *, #1347, .F. ) ;
#336 = CARTESIAN_POINT ( 'NONE',  ( 18.43551085499100139, -8.799999999999993605, 2.000000000000000000 ) ) ;
#337 = EDGE_CURVE ( 'NONE', #2868, #146, #2222, .T. ) ;
#338 = EDGE_LOOP ( 'NONE', ( #2322, #2175, #2647, #2542 ) ) ;
#339 = CARTESIAN_POINT ( 'NONE',  ( 2.577350269189627063, -8.799999999999997158, -1.350000000000000089 ) ) ;
#340 = VECTOR ( 'NONE', #1836, 1000.000000000000000 ) ;
#341 = CIRCLE ( 'NONE', #1491, 3.249999999999999556 ) ;
#342 = AXIS2_PLACEMENT_3D ( 'NONE', #2461, #234, #2897 ) ;
#343 = DIRECTION ( 'NONE',  ( 0.000000000000000000, 0.000000000000000000, 1.000000000000000000 ) ) ;
#344 = ADVANCED_FACE ( 'NONE', ( #1982, #2440, #878, #412, #2886, #2238, #212, #1121, #2000, #641 ), #216, .F. ) ;
#345 = AXIS2_PLACEMENT_3D ( 'NONE', #497, #2321, #1647 ) ;
#346 = DIRECTION ( 'NONE',  ( 0.000000000000000000, 0.000000000000000000, 1.000000000000000000 ) ) ;
#347 = DIRECTION ( 'NONE',  ( -1.836970198721029688E-16, 1.000000000000000000, 0.000000000000000000 ) ) ;
#348 = CARTESIAN_POINT ( 'NONE',  ( -2.633100484259957685, -8.799999999999997158, -11.31315318030784844 ) ) ;
#349 = ORIENTED_EDGE ( 'NONE', *, *, #2836, .T. ) ;
#350 = ORIENTED_EDGE ( 'NONE', *, *, #2577, .F. ) ;
#351 = AXIS2_PLACEMENT_3D ( 'NONE', #1046, #1033, #810 ) ;
#352 = FACE_OUTER_BOUND ( 'NONE', #2192, .T. ) ;
#353 = ORIENTED_EDGE ( 'NONE', *, *, #2152, .F. ) ;
#354 = LINE ( 'NONE', #1039, #1057 ) ;
#355 = ORIENTED_EDGE ( 'NONE', *, *, #595, .F. ) ;
#356 = AXIS2_PLACEMENT_3D ( 'NONE', #477, #706, #2046 ) ;
#357 = VECTOR ( 'NONE', #2878, 1000.000000000000000 ) ;
#358 = ADVANCED_FACE ( 'NONE', ( #2684, #1606 ), #1831, .F. ) ;
#359 = CARTESIAN_POINT ( 'NONE',  ( 18.43551085499100139, -8.799999999999993605, -2.000000000000000000 ) ) ;
#360 = DIRECTION ( 'NONE',  ( -1.836970198721029688E-16, 1.000000000000000000, 0.000000000000000000 ) ) ;
#361 = VERTEX_POINT ( 'NONE', #2057 ) ;
#362 = EDGE_CURVE ( 'NONE', #590, #1843, #1471, .T. ) ;
#363 = CARTESIAN_POINT ( 'NONE',  ( 28.51914704352699914, -8.799999999999991829, 14.99999999999999289 ) ) ;
#364 = CIRCLE ( 'NONE', #1325, 3.249999999999999556 ) ;
#365 = CYLINDRICAL_SURFACE ( 'NONE', #351, 0.9000000000000002442 ) ;
#366 = ORIENTED_EDGE ( 'NONE', *, *, #2021, .T. ) ;
#367 = EDGE_LOOP ( 'NONE', ( #1679, #2221 ) ) ;
#368 = CARTESIAN_POINT ( 'NONE',  ( -14.49721676793700098, 0.1999999999999996503, 2.000000000000000000 ) ) ;
#369 = ORIENTED_EDGE ( 'NONE', *, *, #1363, .T. ) ;
#370 = CARTESIAN_POINT ( 'NONE',  ( 27.51914704352699559, -14.79999999999999183, -15.50000000000000711 ) ) ;
#371 = ORIENTED_EDGE ( 'NONE', *, *, #2026, .F. ) ;
#372 = ORIENTED_EDGE ( 'NONE', *, *, #939, .T. ) ;
#373 = DIRECTION ( 'NONE',  ( -1.892425610156516875E-16, 1.000000000000000000, 0.000000000000000000 ) ) ;
#374 = ADVANCED_FACE ( 'NONE', ( #940 ), #1393, .F. ) ;
#375 = FACE_OUTER_BOUND ( 'NONE', #605, .T. ) ;
#376 = DIRECTION ( 'NONE',  ( -1.892425610156516875E-16, 1.000000000000000000, 0.000000000000000000 ) ) ;
#377 = CARTESIAN_POINT ( 'NONE',  ( -10.82264973081037951, 0.2000000000000003442, -5.000000000000000000 ) ) ;
#378 = CC_DESIGN_PERSON_AND_ORGANIZATION_ASSIGNMENT ( #700, #2028, ( #2002 ) ) ;
#379 = EDGE_LOOP ( 'NONE', ( #421, #1327, #1031, #2725 ) ) ;
#380 = EDGE_LOOP ( 'NONE', ( #2037, #653, #1507, #843 ) ) ;
#381 = DIRECTION ( 'NONE',  ( -0.000000000000000000, -0.000000000000000000, -1.000000000000000000 ) ) ;
#382 = EDGE_LOOP ( 'NONE', ( #1951, #2189, #1827, #543 ) ) ;
#383 = CARTESIAN_POINT ( 'NONE',  ( -22.48085295647299731, -14.80000000000000071, 12.00000000000000000 ) ) ;
#384 = ORIENTED_EDGE ( 'NONE', *, *, #1998, .F. ) ;
#385 = DIRECTION ( 'NONE',  ( -1.000000000000000000, -1.807003620809171181E-16, 0.000000000000000000 ) ) ;
#386 = CARTESIAN_POINT ( 'NONE',  ( -10.82264973081037951, 0.2000000000000003442, 6.535889741755010363 ) ) ;
#387 = VECTOR ( 'NONE', #1661, 1000.000000000000000 ) ;
#388 = CARTESIAN_POINT ( 'NONE',  ( -16.58085295647299873, -14.80000000000000071, 10.00000000000000178 ) ) ;
#389 = VECTOR ( 'NONE', #2338, 1000.000000000000000 ) ;
#390 = CARTESIAN_POINT ( 'NONE',  ( 10.98578643762690277, -8.799999999999995381, -6.535889741755010363 ) ) ;
#391 = VERTEX_POINT ( 'NONE', #2668 ) ;
#392 = ADVANCED_FACE ( 'NONE', ( #2241 ), #471, .T. ) ;
#393 = ORIENTED_EDGE ( 'NONE', *, *, #609, .F. ) ;
#394 = CARTESIAN_POINT ( 'NONE',  ( -12.38085295647299766, -14.80100000000001792, -10.00000000000000000 ) ) ;
#395 = ORIENTED_EDGE ( 'NONE', *, *, #893, .T. ) ;
#396 = DIRECTION ( 'NONE',  ( -1.836970198721029441E-16, 1.000000000000000000, 0.000000000000000000 ) ) ;
#397 = EDGE_LOOP ( 'NONE', ( #1461, #2377, #1579, #299 ) ) ;
#398 = EDGE_CURVE ( 'NONE', #1286, #1497, #38, .T. ) ;
#399 = AXIS2_PLACEMENT_3D ( 'NONE', #1804, #189, #2471 ) ;
#400 = AXIS2_PLACEMENT_3D ( 'NONE', #2230, #2475, #2006 ) ;
#401 = DIRECTION ( 'NONE',  ( 1.836970198721029688E-16, -1.000000000000000000, 0.000000000000000000 ) ) ;
#402 = FACE_BOUND ( 'NONE', #1047, .T. ) ;
#403 = DIRECTION ( 'NONE',  ( 0.000000000000000000, 0.000000000000000000, -1.000000000000000000 ) ) ;
#404 = DIRECTION ( 'NONE',  ( 0.7071067811865500152, 1.338146981832767456E-16, 0.7071067811865451302 ) ) ;
#405 = ORIENTED_EDGE ( 'NONE', *, *, #745, .F. ) ;
#406 = LINE ( 'NONE', #207, #2513 ) ;
#407 = ORIENTED_EDGE ( 'NONE', *, *, #1164, .F. ) ;
#408 = EDGE_CURVE ( 'NONE', #2289, #2044, #2582, .T. ) ;
#409 = CARTESIAN_POINT ( 'NONE',  ( -2.633100484259955465, -8.799999999999997158, 11.31315318030783956 ) ) ;
#410 = AXIS2_PLACEMENT_3D ( 'NONE', #172, #622, #401 ) ;
#411 = EDGE_CURVE ( 'NONE', #2156, #2672, #881, .T. ) ;
#412 = FACE_BOUND ( 'NONE', #2142, .T. ) ;
#413 = DIRECTION ( 'NONE',  ( -1.892425610156516875E-16, 1.000000000000000000, -0.000000000000000000 ) ) ;
#414 = CYLINDRICAL_SURFACE ( 'NONE', #750, 1.700000000000001954 ) ;
#415 = DIRECTION ( 'NONE',  ( 0.000000000000000000, 0.000000000000000000, 1.000000000000000000 ) ) ;
#416 = DIRECTION ( 'NONE',  ( -1.836970198721029688E-16, 1.000000000000000000, 0.000000000000000000 ) ) ;
#417 = ORIENTED_EDGE ( 'NONE', *, *, #522, .T. ) ;
#418 = DIRECTION ( 'NONE',  ( 0.000000000000000000, 0.000000000000000000, 1.000000000000000000 ) ) ;
#419 = CARTESIAN_POINT ( 'NONE',  ( -14.49721676793699920, -8.799999999999998934, 3.899999999999998135 ) ) ;
#420 = LINE ( 'NONE', #1316, #205 ) ;
#421 = ORIENTED_EDGE ( 'NONE', *, *, #2209, .T. ) ;
#422 = DIRECTION ( 'NONE',  ( -1.000000000000000000, 0.000000000000000000, 0.000000000000000000 ) ) ;
#423 = EDGE_CURVE ( 'NONE', #2003, #2017, #364, .T. ) ;
#424 = EDGE_LOOP ( 'NONE', ( #1161, #334 ) ) ;
#425 = DIRECTION ( 'NONE',  ( -0.000000000000000000, 1.000000000000000000, -0.000000000000000000 ) ) ;
#426 = EDGE_CURVE ( 'NONE', #1193, #2017, #1109, .T. ) ;
#427 = VECTOR ( 'NONE', #123, 1000.000000000000114 ) ;
#428 = LINE ( 'NONE', #2711, #1744 ) ;
#429 = EDGE_CURVE ( 'NONE', #2593, #1205, #923, .T. ) ;
#430 = CARTESIAN_POINT ( 'NONE',  ( 28.51914704352699914, -14.29999999999999893, -15.00000000000000000 ) ) ;
#431 = ORIENTED_EDGE ( 'NONE', *, *, #2056, .T. ) ;
#432 = VECTOR ( 'NONE', #2738, 1000.000000000000000 ) ;
#433 = DIRECTION ( 'NONE',  ( 0.000000000000000000, 0.000000000000000000, 1.000000000000000000 ) ) ;
#434 = EDGE_LOOP ( 'NONE', ( #2824, #2841, #2392, #2109 ) ) ;
#435 = DIRECTION ( 'NONE',  ( 0.000000000000000000, 0.000000000000000000, 1.000000000000000000 ) ) ;
#436 = AXIS2_PLACEMENT_3D ( 'NONE', #1097, #1134, #224 ) ;
#437 = DIRECTION ( 'NONE',  ( 1.000000000000000000, 1.836970198721029441E-16, -0.000000000000000000 ) ) ;
#438 = CARTESIAN_POINT ( 'NONE',  ( -26.48085295647299731, -14.80000000000000249, -16.00000000000000000 ) ) ;
#439 = ORIENTED_EDGE ( 'NONE', *, *, #2678, .F. ) ;
#440 = CARTESIAN_POINT ( 'NONE',  ( 16.51914704352699914, -10.79999999999999361, -10.00000000000000178 ) ) ;
#441 = VECTOR ( 'NONE', #1674, 1000.000000000000000 ) ;
#442 = AXIS2_PLACEMENT_3D ( 'NONE', #2446, #1356, #2032 ) ;
#443 = ADVANCED_FACE ( 'NONE', ( #1555 ), #414, .F. ) ;
#444 = FACE_OUTER_BOUND ( 'NONE', #2634, .T. ) ;
#445 = CC_DESIGN_APPROVAL ( #1406, ( #685 ) ) ;
#446 = APPROVAL_DATE_TIME ( #671, #1406 ) ;
#447 = DIRECTION ( 'NONE',  ( -1.000000000000000000, 0.000000000000000000, 0.000000000000000000 ) ) ;
#448 = ORIENTED_EDGE ( 'NONE', *, *, #398, .F. ) ;
#449 = DIRECTION ( 'NONE',  ( -1.836970198721029688E-16, 1.000000000000000000, 0.000000000000000000 ) ) ;
#450 = EDGE_CURVE ( 'NONE', #2019, #190, #2393, .T. ) ;
#451 = LINE ( 'NONE', #419, #2427 ) ;
#452 = DIRECTION ( 'NONE',  ( -0.000000000000000000, 1.000000000000000000, -0.000000000000000000 ) ) ;
#453 = ORIENTED_EDGE ( 'NONE', *, *, #2084, .T. ) ;
#454 = CARTESIAN_POINT ( 'NONE',  ( 2.577350269189624843, 0.2000000000000027867, 1.350000000000000089 ) ) ;
#455 = CARTESIAN_POINT ( 'NONE',  ( 23.25268407132661252, -24.60015277084917784, -5.699847229150815764 ) ) ;
#456 =( NAMED_UNIT ( * ) SI_UNIT ( $, .STERADIAN. ) SOLID_ANGLE_UNIT ( ) );
#457 = EDGE_CURVE ( 'NONE', #2923, #2372, #2224, .T. ) ;
#458 = CARTESIAN_POINT ( 'NONE',  ( 14.41914704352700127, -14.79999999999999361, 10.00000000000000178 ) ) ;
#459 = CARTESIAN_POINT ( 'NONE',  ( -10.82264973081037773, -8.799999999999998934, 7.806828091810600334 ) ) ;
#460 = FACE_OUTER_BOUND ( 'NONE', #28, .T. ) ;
#461 = DIRECTION ( 'NONE',  ( -0.000000000000000000, 1.000000000000000000, -0.000000000000000000 ) ) ;
#462 = CC_DESIGN_DATE_AND_TIME_ASSIGNMENT ( #2761, #1440, ( #2862 ) ) ;
#463 = PERSON ( 'UNSPECIFIED', 'UNSPECIFIED', 'UNSPECIFIED', ('UNSPECIFIED'), ('UNSPECIFIED'), ('UNSPECIFIED') ) ;
#464 = CARTESIAN_POINT ( 'NONE',  ( -14.49721676793700098, 0.1999999999999996503, -2.000000000000000000 ) ) ;
#465 = ORIENTED_EDGE ( 'NONE', *, *, #429, .F. ) ;
#466 = FACE_OUTER_BOUND ( 'NONE', #1289, .T. ) ;
#467 = ORIENTED_EDGE ( 'NONE', *, *, #1381, .T. ) ;
#468 = CARTESIAN_POINT ( 'NONE',  ( -26.48085295647299731, -14.80000000000000249, 16.00000000000000000 ) ) ;
#469 = EDGE_LOOP ( 'NONE', ( #2680, #2516, #2746, #114 ) ) ;
#470 = DIRECTION ( 'NONE',  ( 0.000000000000000000, 0.000000000000000000, 1.000000000000000000 ) ) ;
#471 = PLANE ( 'NONE',  #1274 ) ;
#472 = DIRECTION ( 'NONE',  ( -1.000000000000000000, 0.000000000000000000, -0.000000000000000000 ) ) ;
#473 = ORIENTED_EDGE ( 'NONE', *, *, #667, .T. ) ;
#474 = CARTESIAN_POINT ( 'NONE',  ( -10.82264973081037773, -8.799999999999998934, -7.806828091810600334 ) ) ;
#475 = CIRCLE ( 'NONE', #2132, 3.249999999999999556 ) ;
#476 = ORIENTED_EDGE ( 'NONE', *, *, #2635, .T. ) ;
#477 = CARTESIAN_POINT ( 'NONE',  ( -11.92264973081035961, -8.799999999999998934, 5.000000000000000000 ) ) ;
#478 = VECTOR ( 'NONE', #693, 1000.000000000000000 ) ;
#479 = DIRECTION ( 'NONE',  ( -1.000000000000000000, -1.724867092590574833E-16, 0.000000000000000000 ) ) ;
#480 = VERTEX_POINT ( 'NONE', #2 ) ;
#481 = DIRECTION ( 'NONE',  ( -1.892425610156517122E-16, 1.000000000000000000, -0.000000000000000000 ) ) ;
#482 = VECTOR ( 'NONE', #2611, 1000.000000000000000 ) ;
#483 = EDGE_CURVE ( 'NONE', #2601, #1467, #428, .T. ) ;
#484 = CIRCLE ( 'NONE', #1255, 0.9000000000000036859 ) ;
#485 = CARTESIAN_POINT ( 'NONE',  ( -4.922649730810380042, 0.2000000000000014266, -1.350000000000000089 ) ) ;
#486 = ORIENTED_EDGE ( 'NONE', *, *, #184, .F. ) ;
#487 = DIRECTION ( 'NONE',  ( 1.000000000000000000, 1.882430564313189099E-16, 0.000000000000000000 ) ) ;
#488 = ADVANCED_FACE ( 'NONE', ( #444 ), #684, .F. ) ;
#489 = FACE_OUTER_BOUND ( 'NONE', #1933, .T. ) ;
#490 = VECTOR ( 'NONE', #59, 1000.000000000000114 ) ;
#491 = LINE ( 'NONE', #1427, #217 ) ;
#492 = EDGE_LOOP ( 'NONE', ( #1885, #2920 ) ) ;
#493 = CARTESIAN_POINT ( 'NONE',  ( 2.577350269189628396, -14.80000000000000782, -1.350000000000000089 ) ) ;
#494 = CIRCLE ( 'NONE', #2051, 2.100000000000000977 ) ;
#495 = DIRECTION ( 'NONE',  ( -0.000000000000000000, 1.000000000000000000, -0.000000000000000000 ) ) ;
#496 = AXIS2_PLACEMENT_3D ( 'NONE', #1352, #1986, #2891 ) ;
#497 = CARTESIAN_POINT ( 'NONE',  ( 16.51914704352699914, -10.79999999999999361, 10.00000000000000178 ) ) ;
#498 = ORIENTED_EDGE ( 'NONE', *, *, #2432, .T. ) ;
#499 = CARTESIAN_POINT ( 'NONE',  ( 10.33289778252569668, -8.799999999999995381, -7.610813215765722006 ) ) ;
#500 = ORIENTED_EDGE ( 'NONE', *, *, #2329, .F. ) ;
#501 = DIRECTION ( 'NONE',  ( 0.000000000000000000, -0.000000000000000000, 1.000000000000000000 ) ) ;
#502 = EDGE_CURVE ( 'NONE', #2325, #210, #1626, .T. ) ;
#503 = EDGE_LOOP ( 'NONE', ( #2472, #138, #192, #2415 ) ) ;
#504 = VECTOR ( 'NONE', #1800, 1000.000000000000000 ) ;
#505 = ADVANCED_FACE ( 'NONE', ( #2561 ), #305, .F. ) ;
#506 = CARTESIAN_POINT ( 'NONE',  ( 16.53551085499100282, -8.799999999999993605, -2.000000000000000000 ) ) ;
#507 = DIRECTION ( 'NONE',  ( 0.000000000000000000, 0.000000000000000000, -1.000000000000000000 ) ) ;
#508 = ORIENTED_EDGE ( 'NONE', *, *, #15, .F. ) ;
#509 = DIRECTION ( 'NONE',  ( -0.000000000000000000, 1.000000000000000000, -0.000000000000000000 ) ) ;
#510 = CARTESIAN_POINT ( 'NONE',  ( 12.08578643762690064, -8.799999999999995381, -3.900000000000000355 ) ) ;
#511 = ORIENTED_EDGE ( 'NONE', *, *, #1278, .F. ) ;
#512 = DIRECTION ( 'NONE',  ( -1.836970198721029688E-16, 1.000000000000000000, 0.000000000000000000 ) ) ;
#513 = VERTEX_POINT ( 'NONE', #56 ) ;
#514 = FACE_OUTER_BOUND ( 'NONE', #1988, .T. ) ;
#515 = CARTESIAN_POINT ( 'NONE',  ( -12.38085295647299411, -14.80100000000001792, 10.00000000000000178 ) ) ;
#516 = ORIENTED_EDGE ( 'NONE', *, *, #2039, .T. ) ;
#517 = EDGE_CURVE ( 'NONE', #76, #34, #2517, .T. ) ;
#518 = ADVANCED_FACE ( 'NONE', ( #2535 ), #318, .F. ) ;
#519 = CYLINDRICAL_SURFACE ( 'NONE', #2872, 2.100000000000000977 ) ;
#520 = CARTESIAN_POINT ( 'NONE',  ( 24.51914704352699914, -8.799999999999991829, 10.29999999999999893 ) ) ;
#521 = DIRECTION ( 'NONE',  ( -1.000000000000000000, 0.000000000000000000, 0.000000000000000000 ) ) ;
#522 = EDGE_CURVE ( 'NONE', #1299, #1260, #1217, .T. ) ;
#523 = CARTESIAN_POINT ( 'NONE',  ( 10.08578643762690241, -8.799999999999995381, -6.745402340387840034 ) ) ;
#524 = DIRECTION ( 'NONE',  ( -1.000000000000000000, -1.854556347672576164E-16, 0.000000000000000000 ) ) ;
#525 = EDGE_LOOP ( 'NONE', ( #55, #2811, #1006, #1055 ) ) ;
#526 = CARTESIAN_POINT ( 'NONE',  ( -26.48085295647299731, -8.800000000000002487, -14.99999999999999289 ) ) ;
#527 = VECTOR ( 'NONE', #2887, 1000.000000000000000 ) ;
#528 = DIRECTION ( 'NONE',  ( -0.000000000000000000, 1.000000000000000000, -0.000000000000000000 ) ) ;
#529 = ORIENTED_EDGE ( 'NONE', *, *, #1616, .T. ) ;
#530 = VECTOR ( 'NONE', #1810, 1000.000000000000000 ) ;
#531 = DIRECTION ( 'NONE',  ( -1.892425610156516875E-16, 1.000000000000000000, 0.000000000000000000 ) ) ;
#532 = AXIS2_PLACEMENT_3D ( 'NONE', #336, #561, #2353 ) ;
#533 = CARTESIAN_POINT ( 'NONE',  ( -11.92264973081037915, 0.2000000000000001221, -3.899999999999999911 ) ) ;
#534 = EDGE_CURVE ( 'NONE', #391, #146, #2681, .T. ) ;
#535 = CARTESIAN_POINT ( 'NONE',  ( -14.48085295647299553, -10.80000000000000071, 10.00000000000000178 ) ) ;
#536 = CIRCLE ( 'NONE', #170, 0.9000000000000032419 ) ;
#537 = DIRECTION ( 'NONE',  ( -1.836970198721029688E-16, 1.000000000000000000, 0.000000000000000000 ) ) ;
#538 = DIRECTION ( 'NONE',  ( -1.836970198721029688E-16, 1.000000000000000000, 0.000000000000000000 ) ) ;
#539 = ADVANCED_FACE ( 'NONE', ( #96 ), #1457, .F. ) ;
#540 = ORIENTED_EDGE ( 'NONE', *, *, #164, .F. ) ;
#541 = VECTOR ( 'NONE', #69, 1000.000000000000000 ) ;
#542 = DIRECTION ( 'NONE',  ( 0.000000000000000000, 0.000000000000000000, 1.000000000000000000 ) ) ;
#543 = ORIENTED_EDGE ( 'NONE', *, *, #629, .T. ) ;
#544 = CIRCLE ( 'NONE', #2299, 2.100000000000002753 ) ;
#545 = ORIENTED_EDGE ( 'NONE', *, *, #2432, .F. ) ;
#546 = DIRECTION ( 'NONE',  ( -1.000000000000000000, 0.000000000000000000, 0.000000000000000000 ) ) ;
#547 = VERTEX_POINT ( 'NONE', #784 ) ;
#548 = DIRECTION ( 'NONE',  ( -1.000000000000000000, 0.000000000000000000, 0.000000000000000000 ) ) ;
#549 = AXIS2_PLACEMENT_3D ( 'NONE', #23, #2731, #703 ) ;
#550 = FACE_OUTER_BOUND ( 'NONE', #2645, .T. ) ;
#551 = CIRCLE ( 'NONE', #1929, 3.000000000000000888 ) ;
#552 = DIRECTION ( 'NONE',  ( -1.000000000000000000, 0.000000000000000000, 0.000000000000000000 ) ) ;
#553 = EDGE_CURVE ( 'NONE', #919, #76, #84, .T. ) ;
#554 = CARTESIAN_POINT ( 'NONE',  ( 10.33289778252569491, 0.2000000000000042022, -7.610813215765722006 ) ) ;
#555 = ORIENTED_EDGE ( 'NONE', *, *, #1334, .T. ) ;
#556 = DIRECTION ( 'NONE',  ( -1.000000000000000000, 0.000000000000000000, 0.000000000000000000 ) ) ;
#557 = VERTEX_POINT ( 'NONE', #957 ) ;
#558 = DIRECTION ( 'NONE',  ( -1.836970198721029688E-16, 1.000000000000000000, 0.000000000000000000 ) ) ;
#559 = ADVANCED_FACE ( 'NONE', ( #278 ), #2548, .F. ) ;
#560 = EDGE_LOOP ( 'NONE', ( #235, #1961, #776, #1942 ) ) ;
#561 = DIRECTION ( 'NONE',  ( 1.000000000000000000, 1.836970198721029688E-16, 0.000000000000000000 ) ) ;
#562 = ORIENTED_EDGE ( 'NONE', *, *, #308, .F. ) ;
#563 = CYLINDRICAL_SURFACE ( 'NONE', #2416, 3.249999999999999556 ) ;
#564 = EDGE_CURVE ( 'NONE', #1041, #1123, #1429, .T. ) ;
#565 = CARTESIAN_POINT ( 'NONE',  ( 16.51914704352699914, -10.79999999999999361, 10.00000000000000178 ) ) ;
#566 = DIRECTION ( 'NONE',  ( -1.836970198721029688E-16, 1.000000000000000000, 0.000000000000000000 ) ) ;
#567 = EDGE_LOOP ( 'NONE', ( #101, #1317 ) ) ;
#568 = DIRECTION ( 'NONE',  ( -1.892425610156516875E-16, 1.000000000000000000, -0.000000000000000000 ) ) ;
#569 = CARTESIAN_POINT ( 'NONE',  ( -11.48085295647299908, -10.80000000000000071, -10.00000000000000000 ) ) ;
#570 = VERTEX_POINT ( 'NONE', #2318 ) ;
#571 = DIRECTION ( 'NONE',  ( 0.000000000000000000, 0.000000000000000000, 1.000000000000000000 ) ) ;
#572 = ORIENTED_EDGE ( 'NONE', *, *, #483, .F. ) ;
#573 = ADVANCED_FACE ( 'NONE', ( #1012 ), #754, .F. ) ;
#574 = DIRECTION ( 'NONE',  ( -1.892425610156516875E-16, 1.000000000000000000, 0.000000000000000000 ) ) ;
#575 = EDGE_LOOP ( 'NONE', ( #2748, #353, #2360, #11, #1611 ) ) ;
#576 = AXIS2_PLACEMENT_3D ( 'NONE', #1806, #449, #929 ) ;
#577 = ORIENTED_EDGE ( 'NONE', *, *, #1093, .T. ) ;
#578 = VECTOR ( 'NONE', #2770, 1000.000000000000000 ) ;
#579 = EDGE_CURVE ( 'NONE', #1364, #159, #152, .T. ) ;
#580 = CIRCLE ( 'NONE', #1058, 3.249999999999999556 ) ;
#581 = CYLINDRICAL_SURFACE ( 'NONE', #937, 1.700000000000001954 ) ;
#582 = CARTESIAN_POINT ( 'NONE',  ( 1.665334536937734416E-15, -8.799999999999997158, 0.000000000000000000 ) ) ;
#583 = CARTESIAN_POINT ( 'NONE',  ( 14.41914704352700127, -14.80100000000001081, -10.00000000000000178 ) ) ;
#584 = CARTESIAN_POINT ( 'NONE',  ( 24.51914704352699914, -12.19999999999999218, 15.25000000000000000 ) ) ;
#585 = ORIENTED_EDGE ( 'NONE', *, *, #2600, .F. ) ;
#586 = AXIS2_PLACEMENT_3D ( 'NONE', #2124, #1936, #2822 ) ;
#587 = ORIENTED_EDGE ( 'NONE', *, *, #2789, .T. ) ;
#588 = AXIS2_PLACEMENT_3D ( 'NONE', #1414, #770, #2331 ) ;
#589 = CARTESIAN_POINT ( 'NONE',  ( -10.82264973081037951, 0.2000000000000003442, -6.535889741755010363 ) ) ;
#590 = VERTEX_POINT ( 'NONE', #768 ) ;
#591 = DIRECTION ( 'NONE',  ( -0.7071067811865463515, -1.338146981832760800E-16, 0.7071067811865487940 ) ) ;
#592 = ORIENTED_EDGE ( 'NONE', *, *, #1888, .T. ) ;
#593 = ORIENTED_EDGE ( 'NONE', *, *, #287, .T. ) ;
#594 = CIRCLE ( 'NONE', #1458, 3.000000000000000888 ) ;
#595 = EDGE_CURVE ( 'NONE', #1358, #1967, #1645, .T. ) ;
#596 = PLANE ( 'NONE',  #1183 ) ;
#597 = DIRECTION ( 'NONE',  ( 0.5000000000000007772, 0.7071067811865487940, 0.4999999999999975575 ) ) ;
#598 = FACE_OUTER_BOUND ( 'NONE', #2390, .T. ) ;
#599 = PLANE ( 'NONE',  #1261 ) ;
#600 = ORIENTED_EDGE ( 'NONE', *, *, #2436, .T. ) ;
#601 = EDGE_LOOP ( 'NONE', ( #2766, #1494, #844, #692 ) ) ;
#602 = LINE ( 'NONE', #2404, #1253 ) ;
#603 = ORIENTED_EDGE ( 'NONE', *, *, #2451, .T. ) ;
#604 = DIRECTION ( 'NONE',  ( -0.7071067811865451302, -1.338146981832757842E-16, 0.7071067811865500152 ) ) ;
#605 = EDGE_LOOP ( 'NONE', ( #643, #208, #1465, #323, #1715, #149, #2373, #2774 ) ) ;
#606 = EDGE_CURVE ( 'NONE', #2864, #620, #1639, .T. ) ;
#607 = DIRECTION ( 'NONE',  ( -0.000000000000000000, 1.000000000000000000, -0.000000000000000000 ) ) ;
#608 = DIRECTION ( 'NONE',  ( 0.6785983445458486640, 0.6785983445458486640, -0.2810846377148122910 ) ) ;
#609 = EDGE_CURVE ( 'NONE', #2659, #729, #1090, .T. ) ;
#610 = VERTEX_POINT ( 'NONE', #1473 ) ;
#611 = DIRECTION ( 'NONE',  ( 0.000000000000000000, 0.000000000000000000, -1.000000000000000000 ) ) ;
#612 = DIRECTION ( 'NONE',  ( -0.2810846377148258357, 0.6785983445458457775, 0.6785983445458461105 ) ) ;
#613 = ORIENTED_EDGE ( 'NONE', *, *, #2128, .F. ) ;
#614 = ADVANCED_FACE ( 'NONE', ( #110 ), #2820, .F. ) ;
#615 = ORIENTED_EDGE ( 'NONE', *, *, #2486, .T. ) ;
#616 = LINE ( 'NONE', #394, #2660 ) ;
#617 = EDGE_LOOP ( 'NONE', ( #2509, #1894, #896, #467 ) ) ;
#618 = CARTESIAN_POINT ( 'NONE',  ( 24.51914704352699914, -14.79999999999999183, 13.70000000000000107 ) ) ;
#619 = ORIENTED_EDGE ( 'NONE', *, *, #1347, .T. ) ;
#620 = VERTEX_POINT ( 'NONE', #1958 ) ;
#621 = VECTOR ( 'NONE', #435, 1000.000000000000000 ) ;
#622 = DIRECTION ( 'NONE',  ( -1.000000000000000000, -1.836970198721029688E-16, 0.000000000000000000 ) ) ;
#623 = VECTOR ( 'NONE', #481, 1000.000000000000000 ) ;
#624 = CARTESIAN_POINT ( 'NONE',  ( 24.51914704352699914, -12.19999999999999218, 10.29999999999999716 ) ) ;
#625 = AXIS2_PLACEMENT_3D ( 'NONE', #1841, #2479, #2310 ) ;
#626 = VERTEX_POINT ( 'NONE', #1746 ) ;
#627 = LINE ( 'NONE', #127, #639 ) ;
#628 = VECTOR ( 'NONE', #2585, 1000.000000000000000 ) ;
#629 = EDGE_CURVE ( 'NONE', #2882, #2786, #2382, .T. ) ;
#630 = DIRECTION ( 'NONE',  ( -0.000000000000000000, 1.000000000000000000, -0.000000000000000000 ) ) ;
#631 = EDGE_LOOP ( 'NONE', ( #2237, #57 ) ) ;
#632 = EDGE_CURVE ( 'NONE', #1658, #2923, #808, .T. ) ;
#633 = DIRECTION ( 'NONE',  ( 0.000000000000000000, 0.000000000000000000, 1.000000000000000000 ) ) ;
#634 = ORIENTED_EDGE ( 'NONE', *, *, #939, .F. ) ;
#635 = PLANE ( 'NONE',  #2276 ) ;
#636 = CIRCLE ( 'NONE', #2765, 1.700000000000000178 ) ;
#637 = AXIS2_PLACEMENT_3D ( 'NONE', #1595, #2515, #2086 ) ;
#638 = CARTESIAN_POINT ( 'NONE',  ( -11.92264973081037738, -8.799999999999998934, -3.899999999999999911 ) ) ;
#639 = VECTOR ( 'NONE', #2411, 1000.000000000000000 ) ;
#640 = FACE_OUTER_BOUND ( 'NONE', #1222, .T. ) ;
#641 = FACE_OUTER_BOUND ( 'NONE', #2129, .T. ) ;
#642 = CARTESIAN_POINT ( 'NONE',  ( 10.08578643762690241, -8.799999999999995381, 6.745402340387840034 ) ) ;
#643 = ORIENTED_EDGE ( 'NONE', *, *, #803, .T. ) ;
#644 = AXIS2_PLACEMENT_3D ( 'NONE', #506, #1243, #2343 ) ;
#645 = EDGE_CURVE ( 'NONE', #1270, #163, #2410, .T. ) ;
#646 = VECTOR ( 'NONE', #2602, 1000.000000000000000 ) ;
#647 = CARTESIAN_POINT ( 'NONE',  ( 28.51914704352699914, -14.79999999999999183, -16.00000000000000000 ) ) ;
#648 = CYLINDRICAL_SURFACE ( 'NONE', #1398, 2.100000000000002753 ) ;
#649 = EDGE_LOOP ( 'NONE', ( #2580, #1544, #2613, #2894 ) ) ;
#650 = CARTESIAN_POINT ( 'NONE',  ( 16.51914704352700269, -14.79999999999999361, -10.00000000000000178 ) ) ;
#651 = AXIS2_PLACEMENT_3D ( 'NONE', #2255, #1124, #2697 ) ;
#652 = EDGE_CURVE ( 'NONE', #2044, #737, #1091, .T. ) ;
#653 = ORIENTED_EDGE ( 'NONE', *, *, #2771, .F. ) ;
#654 = EDGE_CURVE ( 'NONE', #2430, #1212, #2150, .T. ) ;
#655 = DIRECTION ( 'NONE',  ( -1.836970198721029688E-16, 1.000000000000000000, 0.000000000000000000 ) ) ;
#656 = CARTESIAN_POINT ( 'NONE',  ( 12.94972441736410040, 0.2000000000000047018, 3.900000000000000355 ) ) ;
#657 = CALENDAR_DATE ( 2025, 5, 12 ) ;
#658 = CARTESIAN_POINT ( 'NONE',  ( -14.48085295647299553, -10.80000000000000071, 10.00000000000000178 ) ) ;
#659 = ORIENTED_EDGE ( 'NONE', *, *, #1381, .F. ) ;
#660 = DIRECTION ( 'NONE',  ( 1.000000000000000000, 1.836970198721029688E-16, 0.000000000000000000 ) ) ;
#661 = DIRECTION ( 'NONE',  ( -1.000000000000000000, -1.724867092590574833E-16, 0.000000000000000000 ) ) ;
#662 = FACE_OUTER_BOUND ( 'NONE', #2831, .T. ) ;
#663 = EDGE_LOOP ( 'NONE', ( #511, #1548 ) ) ;
#664 = CARTESIAN_POINT ( 'NONE',  ( 16.51914704352700269, -14.79999999999999361, 10.00000000000000178 ) ) ;
#665 = EDGE_CURVE ( 'NONE', #2726, #1174, #851, .T. ) ;
#666 = CARTESIAN_POINT ( 'NONE',  ( -10.23866082823992052, 0.2000000000000004552, 8.649524351622742913 ) ) ;
#667 = EDGE_CURVE ( 'NONE', #1422, #1077, #2397, .T. ) ;
#668 = VECTOR ( 'NONE', #566, 1000.000000000000000 ) ;
#669 = ORIENTED_EDGE ( 'NONE', *, *, #2708, .T. ) ;
#670 = DIRECTION ( 'NONE',  ( -1.000000000000000000, 0.000000000000000000, 0.000000000000000000 ) ) ;
#671 = DATE_AND_TIME ( #1125, #1737 ) ;
#672 = VECTOR ( 'NONE', #994, 1000.000000000000000 ) ;
#673 = DIRECTION ( 'NONE',  ( -1.000000000000000000, 0.000000000000000000, 0.000000000000000000 ) ) ;
#674 = EDGE_LOOP ( 'NONE', ( #1071, #2884 ) ) ;
#675 = DIRECTION ( 'NONE',  ( -1.000000000000000000, 0.000000000000000000, 0.000000000000000000 ) ) ;
#676 = CIRCLE ( 'NONE', #1210, 1.899999999999997247 ) ;
#677 = CARTESIAN_POINT ( 'NONE',  ( -14.48085295647299908, -14.80100000000001792, -10.00000000000000000 ) ) ;
#678 = DIRECTION ( 'NONE',  ( -1.836970198721029441E-16, 1.000000000000000000, 0.000000000000000000 ) ) ;
#679 = ORIENTED_EDGE ( 'NONE', *, *, #164, .T. ) ;
#680 = CARTESIAN_POINT ( 'NONE',  ( -16.39721676793699956, 0.1999999999999993172, 2.000000000000000000 ) ) ;
#681 = VECTOR ( 'NONE', #612, 1000.000000000000000 ) ;
#682 = ADVANCED_FACE ( 'NONE', ( #2590, #1029, #2167, #1259, #2425, #402, #2213, #1714, #141, #375 ), #1277, .T. ) ;
#683 = AXIS2_PLACEMENT_3D ( 'NONE', #1793, #2459, #223 ) ;
#684 = CYLINDRICAL_SURFACE ( 'NONE', #1788, 3.000000000000000888 ) ;
#685 = PRODUCT_DEFINITION_FORMATION_WITH_SPECIFIED_SOURCE ( 'ANY', '', #2309, .NOT_KNOWN. ) ;
#686 = PERSON_AND_ORGANIZATION_ROLE ( 'design_supplier' ) ;
#687 = FACE_OUTER_BOUND ( 'NONE', #2437, .T. ) ;
#688 = EDGE_LOOP ( 'NONE', ( #572, #720, #1823, #1940 ) ) ;
#689 = LINE ( 'NONE', #1131, #340 ) ;
#690 = DIRECTION ( 'NONE',  ( -1.892425610156516875E-16, 1.000000000000000000, 0.000000000000000000 ) ) ;
#691 = FACE_BOUND ( 'NONE', #705, .T. ) ;
#692 = ORIENTED_EDGE ( 'NONE', *, *, #579, .T. ) ;
#693 = DIRECTION ( 'NONE',  ( 1.000000000000000000, 1.892425610156516875E-16, 0.000000000000000000 ) ) ;
#694 = VERTEX_POINT ( 'NONE', #1291 ) ;
#695 = VERTEX_POINT ( 'NONE', #624 ) ;
#696 = AXIS2_PLACEMENT_3D ( 'NONE', #1425, #288, #752 ) ;
#697 = CARTESIAN_POINT ( 'NONE',  ( -9.922649730810377378, -8.799999999999998934, 7.806828091810600334 ) ) ;
#698 = APPLICATION_CONTEXT ( 'configuration controlled 3d designs of mechanical parts and assemblies' ) ;
#699 = DIRECTION ( 'NONE',  ( -0.000000000000000000, 1.000000000000000000, -0.000000000000000000 ) ) ;
#700 = PERSON_AND_ORGANIZATION ( #463, #173 ) ;
#701 = CARTESIAN_POINT ( 'NONE',  ( 16.51914704352699914, -10.79999999999999361, -10.00000000000000178 ) ) ;
#702 = EDGE_CURVE ( 'NONE', #1653, #1520, #1043, .T. ) ;
#703 = DIRECTION ( 'NONE',  ( -1.000000000000000000, 0.000000000000000000, 0.000000000000000000 ) ) ;
#704 = CARTESIAN_POINT ( 'NONE',  ( -22.48085295647299731, -8.800000000000000711, 13.70000000000000284 ) ) ;
#705 = EDGE_LOOP ( 'NONE', ( #2520, #1296 ) ) ;
#706 = DIRECTION ( 'NONE',  ( -1.836970198721029688E-16, 1.000000000000000000, 0.000000000000000000 ) ) ;
#707 = DIRECTION ( 'NONE',  ( -1.836970198721029688E-16, 1.000000000000000000, 0.000000000000000000 ) ) ;
#708 = ADVANCED_FACE ( 'NONE', ( #1527 ), #1486, .F. ) ;
#709 = ORIENTED_EDGE ( 'NONE', *, *, #954, .F. ) ;
#710 = DIRECTION ( 'NONE',  ( -1.000000000000000000, -1.836970198721029688E-16, 0.000000000000000000 ) ) ;
#711 = CYLINDRICAL_SURFACE ( 'NONE', #2607, 2.100000000000002753 ) ;
#712 = ORIENTED_EDGE ( 'NONE', *, *, #517, .F. ) ;
#713 = CARTESIAN_POINT ( 'NONE',  ( 24.51914704352699914, -8.799999999999991829, -12.00000000000000000 ) ) ;
#714 = DIRECTION ( 'NONE',  ( -1.000000000000000000, 0.000000000000000000, 0.000000000000000000 ) ) ;
#715 = CARTESIAN_POINT ( 'NONE',  ( 16.51914704352700269, -10.79999999999999361, -10.00000000000000178 ) ) ;
#716 = VERTEX_POINT ( 'NONE', #1321 ) ;
#717 = LINE ( 'NONE', #474, #1302 ) ;
#718 = CIRCLE ( 'NONE', #2703, 3.249999999999999556 ) ;
#719 = EDGE_CURVE ( 'NONE', #2501, #103, #2081, .T. ) ;
#720 = ORIENTED_EDGE ( 'NONE', *, *, #2398, .F. ) ;
#721 = CYLINDRICAL_SURFACE ( 'NONE', #828, 3.000000000000000888 ) ;
#722 = AXIS2_PLACEMENT_3D ( 'NONE', #2801, #780, #1241 ) ;
#723 = DIRECTION ( 'NONE',  ( 0.000000000000000000, 0.000000000000000000, 1.000000000000000000 ) ) ;
#724 = VERTEX_POINT ( 'NONE', #2830 ) ;
#725 = LINE ( 'NONE', #2095, #578 ) ;
#726 = CIRCLE ( 'NONE', #2656, 0.8999999999999998002 ) ;
#727 = ORIENTED_EDGE ( 'NONE', *, *, #2073, .T. ) ;
#728 = ADVANCED_FACE ( 'NONE', ( #1516 ), #2845, .F. ) ;
#729 = VERTEX_POINT ( 'NONE', #174 ) ;
#730 = LINE ( 'NONE', #1634, #14 ) ;
#731 = VERTEX_POINT ( 'NONE', #1060 ) ;
#732 = UNCERTAINTY_MEASURE_WITH_UNIT (LENGTH_MEASURE( 1.000000000000000082E-05 ), #1817, 'distance_accuracy_value', 'NONE');
#733 = CARTESIAN_POINT ( 'NONE',  ( -4.922649730810380042, 0.2000000000000014266, 0.000000000000000000 ) ) ;
#734 = VECTOR ( 'NONE', #2782, 1000.000000000000000 ) ;
#735 = AXIS2_PLACEMENT_3D ( 'NONE', #2386, #1703, #1280 ) ;
#736 = CARTESIAN_POINT ( 'NONE',  ( -4.922649730810377378, -14.80000000000000959, 0.000000000000000000 ) ) ;
#737 = VERTEX_POINT ( 'NONE', #2863 ) ;
#738 = DIRECTION ( 'NONE',  ( 0.000000000000000000, 0.000000000000000000, 1.000000000000000000 ) ) ;
#739 = AXIS2_PLACEMENT_3D ( 'NONE', #292, #2549, #2306 ) ;
#740 = ORIENTED_EDGE ( 'NONE', *, *, #2635, .F. ) ;
#741 = LINE ( 'NONE', #1646, #2775 ) ;
#742 = VECTOR ( 'NONE', #958, 1000.000000000000114 ) ;
#743 = DIRECTION ( 'NONE',  ( -1.000000000000000000, 0.000000000000000000, 0.000000000000000000 ) ) ;
#744 = ORIENTED_EDGE ( 'NONE', *, *, #1670, .T. ) ;
#745 = EDGE_CURVE ( 'NONE', #1463, #361, #1971, .T. ) ;
#746 = CARTESIAN_POINT ( 'NONE',  ( -14.48085295647299553, -10.80000000000000071, 10.00000000000000178 ) ) ;
#747 = CARTESIAN_POINT ( 'NONE',  ( -12.38085295647299766, -10.80000000000000071, -10.00000000000000000 ) ) ;
#748 = ORIENTED_EDGE ( 'NONE', *, *, #1168, .F. ) ;
#749 = CC_DESIGN_PERSON_AND_ORGANIZATION_ASSIGNMENT ( #2042, #20, ( #2862 ) ) ;
#750 = AXIS2_PLACEMENT_3D ( 'NONE', #2729, #699, #1337 ) ;
#751 = EDGE_CURVE ( 'NONE', #2354, #2289, #2280, .T. ) ;
#752 = DIRECTION ( 'NONE',  ( 1.836970198721029688E-16, -1.000000000000000000, 0.000000000000000000 ) ) ;
#753 = CARTESIAN_POINT ( 'NONE',  ( 16.53551085499100282, 0.2000000000000053402, 2.000000000000000000 ) ) ;
#754 = CYLINDRICAL_SURFACE ( 'NONE', #1389, 3.249999999999999556 ) ;
#755 = LINE ( 'NONE', #554, #2476 ) ;
#756 = ORIENTED_EDGE ( 'NONE', *, *, #1712, .T. ) ;
#757 = ORIENTED_EDGE ( 'NONE', *, *, #2438, .T. ) ;
#758 = DIRECTION ( 'NONE',  ( -1.000000000000000000, -1.854556347672574438E-16, 0.000000000000000000 ) ) ;
#759 = ORIENTED_EDGE ( 'NONE', *, *, #782, .F. ) ;
#760 = DIRECTION ( 'NONE',  ( 1.836970198721029441E-16, -1.000000000000000000, 0.000000000000000000 ) ) ;
#761 = ORIENTED_EDGE ( 'NONE', *, *, #1799, .F. ) ;
#762 = LINE ( 'NONE', #1436, #161 ) ;
#763 = ORIENTED_EDGE ( 'NONE', *, *, #2692, .F. ) ;
#764 = EDGE_CURVE ( 'NONE', #2060, #2009, #2441, .T. ) ;
#765 = CYLINDRICAL_SURFACE ( 'NONE', #272, 1.350000000000000533 ) ;
#766 = EDGE_CURVE ( 'NONE', #1675, #876, #1246, .T. ) ;
#767 = APPROVAL_DATE_TIME ( #2779, #2618 ) ;
#768 = CARTESIAN_POINT ( 'NONE',  ( -22.48085295647299731, -14.80000000000000071, 13.70000000000000107 ) ) ;
#769 = AXIS2_PLACEMENT_3D ( 'NONE', #1878, #1891, #1863 ) ;
#770 = DIRECTION ( 'NONE',  ( 0.000000000000000000, -1.000000000000000000, 0.000000000000000000 ) ) ;
#771 = CARTESIAN_POINT ( 'NONE',  ( 16.53551085499100282, 0.2000000000000053402, 2.000000000000000000 ) ) ;
#772 = ORIENTED_EDGE ( 'NONE', *, *, #1864, .F. ) ;
#773 = VECTOR ( 'NONE', #2793, 1000.000000000000000 ) ;
#774 = CYLINDRICAL_SURFACE ( 'NONE', #1537, 3.000000000000000888 ) ;
#775 = CIRCLE ( 'NONE', #2413, 2.100000000000000977 ) ;
#776 = ORIENTED_EDGE ( 'NONE', *, *, #1772, .T. ) ;
#777 = PLANE ( 'NONE',  #1815 ) ;
#778 = EDGE_LOOP ( 'NONE', ( #453, #1083, #1848, #825, #2827, #2796, #2873, #1437, #1401, #1690, #476, #2839, #2837, #2909, #26, #1428, #744, #2751, #1431, #2426, #1908, #669, #2551, #619, #982, #1972, #2157, #942 ) ) ;
#779 = AXIS2_PLACEMENT_3D ( 'NONE', #2598, #531, #548 ) ;
#780 = DIRECTION ( 'NONE',  ( -1.892425610156516875E-16, 1.000000000000000000, 0.000000000000000000 ) ) ;
#781 = AXIS2_PLACEMENT_3D ( 'NONE', #64, #2117, #1227 ) ;
#782 = EDGE_CURVE ( 'NONE', #210, #1212, #1999, .T. ) ;
#783 = DIRECTION ( 'NONE',  ( 0.000000000000000000, 0.000000000000000000, 1.000000000000000000 ) ) ;
#784 = CARTESIAN_POINT ( 'NONE',  ( -22.48085295647299731, -12.20000000000000107, 15.25000000000000000 ) ) ;
#785 = ADVANCED_FACE ( 'NONE', ( #640 ), #1390, .F. ) ;
#786 = AXIS2_PLACEMENT_3D ( 'NONE', #1987, #2893, #1338 ) ;
#787 = DIRECTION ( 'NONE',  ( 0.7071067811865463515, 1.338146981832760553E-16, -0.7071067811865487940 ) ) ;
#788 = DIRECTION ( 'NONE',  ( 0.7071067811865463515, 1.338146981832760553E-16, -0.7071067811865487940 ) ) ;
#789 = ORIENTED_EDGE ( 'NONE', *, *, #1056, .F. ) ;
#790 = CIRCLE ( 'NONE', #1019, 1.100000000000000311 ) ;
#791 = DIRECTION ( 'NONE',  ( -1.836970198721029688E-16, 1.000000000000000000, 0.000000000000000000 ) ) ;
#792 = VERTEX_POINT ( 'NONE', #2495 ) ;
#793 = DIRECTION ( 'NONE',  ( -1.836970198721029441E-16, 1.000000000000000000, 0.000000000000000000 ) ) ;
#794 = ORIENTED_EDGE ( 'NONE', *, *, #2771, .T. ) ;
#795 = FACE_OUTER_BOUND ( 'NONE', #1323, .T. ) ;
#796 = DIRECTION ( 'NONE',  ( 0.000000000000000000, 0.000000000000000000, 1.000000000000000000 ) ) ;
#797 = CARTESIAN_POINT ( 'NONE',  ( -25.48085295647299020, -14.30000000000000959, 16.00000000000000000 ) ) ;
#798 = DIRECTION ( 'NONE',  ( -1.000000000000000000, 0.000000000000000000, 0.000000000000000000 ) ) ;
#799 = EDGE_CURVE ( 'NONE', #210, #2308, #1391, .T. ) ;
#800 = DIRECTION ( 'NONE',  ( -0.7071067811865451302, -1.338146981832758088E-16, 0.7071067811865500152 ) ) ;
#801 = VERTEX_POINT ( 'NONE', #1106 ) ;
#802 = EDGE_LOOP ( 'NONE', ( #1311, #2716 ) ) ;
#803 = EDGE_CURVE ( 'NONE', #1284, #2800, #2683, .T. ) ;
#804 = CARTESIAN_POINT ( 'NONE',  ( 14.41914704352700127, -14.79999999999999361, -10.00000000000000178 ) ) ;
#805 = ORIENTED_EDGE ( 'NONE', *, *, #2239, .T. ) ;
#806 = LINE ( 'NONE', #2855, #2369 ) ;
#807 = DIRECTION ( 'NONE',  ( -1.000000000000000000, 0.000000000000000000, 0.000000000000000000 ) ) ;
#808 = LINE ( 'NONE', #2876, #2753 ) ;
#809 = CARTESIAN_POINT ( 'NONE',  ( -25.98085295647300441, -14.80000000000000249, -14.99999999999999289 ) ) ;
#810 = DIRECTION ( 'NONE',  ( -1.000000000000000000, 0.000000000000000000, 0.000000000000000000 ) ) ;
#811 = ORIENTED_EDGE ( 'NONE', *, *, #1888, .F. ) ;
#812 = ADVANCED_FACE ( 'NONE', ( #880 ), #938, .T. ) ;
#813 = ORIENTED_EDGE ( 'NONE', *, *, #1607, .T. ) ;
#814 = LINE ( 'NONE', #1050, #1394 ) ;
#815 = VERTEX_POINT ( 'NONE', #2741 ) ;
#816 = LINE ( 'NONE', #1271, #1906 ) ;
#817 = AXIS2_PLACEMENT_3D ( 'NONE', #582, #187, #2196 ) ;
#818 = ORIENTED_EDGE ( 'NONE', *, *, #803, .F. ) ;
#819 = VECTOR ( 'NONE', #760, 1000.000000000000000 ) ;
#820 = VECTOR ( 'NONE', #1842, 1000.000000000000000 ) ;
#821 = FACE_OUTER_BOUND ( 'NONE', #2067, .T. ) ;
#822 = DIRECTION ( 'NONE',  ( 0.000000000000000000, 0.000000000000000000, 1.000000000000000000 ) ) ;
#823 = CARTESIAN_POINT ( 'NONE',  ( -9.922649730810377378, -8.799999999999998934, -7.806828091810600334 ) ) ;
#824 = CARTESIAN_POINT ( 'NONE',  ( 10.98578643762690099, 0.2000000000000043132, -6.745402340387840034 ) ) ;
#825 = ORIENTED_EDGE ( 'NONE', *, *, #92, .T. ) ;
#826 = CIRCLE ( 'NONE', #258, 1.899999999999999023 ) ;
#827 = ORIENTED_EDGE ( 'NONE', *, *, #2528, .F. ) ;
#828 = AXIS2_PLACEMENT_3D ( 'NONE', #2562, #97, #1444 ) ;
#829 = DIRECTION ( 'NONE',  ( -0.7071067811865487940, -1.298934084353242024E-16, -0.7071067811865462405 ) ) ;
#830 = ADVANCED_FACE ( 'NONE', ( #1619 ), #2458, .F. ) ;
#831 = EDGE_LOOP ( 'NONE', ( #956, #2885, #1405, #2723 ) ) ;
#832 = FACE_OUTER_BOUND ( 'NONE', #492, .T. ) ;
#833 = EDGE_LOOP ( 'NONE', ( #2078, #1534, #2609, #2867 ) ) ;
#834 = VECTOR ( 'NONE', #974, 1000.000000000000000 ) ;
#835 = ADVANCED_FACE ( 'NONE', ( #43 ), #2924, .T. ) ;
#836 = CARTESIAN_POINT ( 'NONE',  ( 24.51914704352699914, -12.19999999999999218, 12.00000000000000000 ) ) ;
#837 = EDGE_CURVE ( 'NONE', #792, #87, #1849, .T. ) ;
#838 = CARTESIAN_POINT ( 'NONE',  ( -26.12729956587972424, -14.80000000000000249, 14.64644660940672694 ) ) ;
#839 = VERTEX_POINT ( 'NONE', #221 ) ;
#840 = DIRECTION ( 'NONE',  ( -1.000000000000000000, 0.000000000000000000, 0.000000000000000000 ) ) ;
#841 = VECTOR ( 'NONE', #425, 1000.000000000000000 ) ;
#842 = CARTESIAN_POINT ( 'NONE',  ( 16.53551085499100282, -8.799999999999993605, -2.000000000000000000 ) ) ;
#843 = ORIENTED_EDGE ( 'NONE', *, *, #1207, .T. ) ;
#844 = ORIENTED_EDGE ( 'NONE', *, *, #1402, .T. ) ;
#845 = CARTESIAN_POINT ( 'NONE',  ( -4.922649730810380042, 0.2000000000000014266, 0.000000000000000000 ) ) ;
#846 = EDGE_LOOP ( 'NONE', ( #405, #1035, #1234, #2628 ) ) ;
#847 = CARTESIAN_POINT ( 'NONE',  ( -26.48085295647299731, -14.80000000000000249, 15.00000000000000000 ) ) ;
#848 = ORIENTED_EDGE ( 'NONE', *, *, #362, .F. ) ;
#849 = EDGE_CURVE ( 'NONE', #1422, #1174, #689, .T. ) ;
#850 = CARTESIAN_POINT ( 'NONE',  ( 13.51914704352699914, -10.79999999999999361, 10.00000000000000178 ) ) ;
#851 = LINE ( 'NONE', #838, #2506 ) ;
#852 = ADVANCED_FACE ( 'NONE', ( #1820 ), #1610, .T. ) ;
#853 = CARTESIAN_POINT ( 'NONE',  ( -2.880211829158753289, -8.799999999999997158, 10.44774230492995848 ) ) ;
#854 = LINE ( 'NONE', #1759, #1315 ) ;
#855 = ORIENTED_EDGE ( 'NONE', *, *, #2220, .F. ) ;
#856 = DIRECTION ( 'NONE',  ( 0.9363291775690447682, 0.000000000000000000, 0.3511234415883912607 ) ) ;
#857 = EDGE_LOOP ( 'NONE', ( #2666, #2332 ) ) ;
#858 = DIRECTION ( 'NONE',  ( -1.892425610156516875E-16, 1.000000000000000000, 0.000000000000000000 ) ) ;
#859 = MANIFOLD_SOLID_BREP ( 'Cut-Extrude3', #2110 ) ;
#860 = CIRCLE ( 'NONE', #2235, 1.100000000000000311 ) ;
#861 = LINE ( 'NONE', #2919, #504 ) ;
#862 = CIRCLE ( 'NONE', #1813, 3.249999999999999556 ) ;
#863 = EDGE_CURVE ( 'NONE', #1614, #1871, #2732, .T. ) ;
#864 = CARTESIAN_POINT ( 'NONE',  ( -13.07456703712662005, 0.1999999999999999001, 3.900000000000000355 ) ) ;
#865 = AXIS2_PLACEMENT_3D ( 'NONE', #438, #1533, #1328 ) ;
#866 = ORIENTED_EDGE ( 'NONE', *, *, #1902, .F. ) ;
#867 = AXIS2_PLACEMENT_3D ( 'NONE', #2334, #948, #1851 ) ;
#868 = CYLINDRICAL_SURFACE ( 'NONE', #399, 2.100000000000000977 ) ;
#869 = EDGE_LOOP ( 'NONE', ( #1937, #2853 ) ) ;
#870 = DIRECTION ( 'NONE',  ( 1.836970198721029688E-16, -1.000000000000000000, -0.000000000000000000 ) ) ;
#871 = PLANE ( 'NONE',  #1495 ) ;
#872 = ADVANCED_FACE ( 'NONE', ( #2688 ), #901, .T. ) ;
#873 = ORIENTED_EDGE ( 'NONE', *, *, #2451, .F. ) ;
#874 = DIRECTION ( 'NONE',  ( 1.836970198721029688E-16, -1.000000000000000000, -0.000000000000000000 ) ) ;
#875 = CIRCLE ( 'NONE', #1775, 1.700000000000000178 ) ;
#876 = VERTEX_POINT ( 'NONE', #231 ) ;
#877 = AXIS2_PLACEMENT_3D ( 'NONE', #4, #2715, #955 ) ;
#878 = FACE_BOUND ( 'NONE', #1433, .T. ) ;
#879 = CIRCLE ( 'NONE', #496, 1.899999999999999023 ) ;
#880 = FACE_OUTER_BOUND ( 'NONE', #2336, .T. ) ;
#881 = LINE ( 'NONE', #656, #2254 ) ;
#882 = PERSON_AND_ORGANIZATION ( #463, #173 ) ;
#883 = CYLINDRICAL_SURFACE ( 'NONE', #1826, 3.000000000000000888 ) ;
#884 = ORIENTED_EDGE ( 'NONE', *, *, #1924, .T. ) ;
#885 = DIRECTION ( 'NONE',  ( -1.000000000000000000, 0.000000000000000000, 0.000000000000000000 ) ) ;
#886 = EDGE_CURVE ( 'NONE', #1299, #557, #943, .T. ) ;
#887 = AXIS2_PLACEMENT_3D ( 'NONE', #2663, #1997, #1348 ) ;
#888 = DIRECTION ( 'NONE',  ( -1.000000000000000000, 0.000000000000000000, 0.000000000000000000 ) ) ;
#889 = PLANE ( 'NONE',  #2759 ) ;
#890 = ORIENTED_EDGE ( 'NONE', *, *, #147, .F. ) ;
#891 = DIRECTION ( 'NONE',  ( 0.4999999999999961697, 0.7071067811865505703, -0.4999999999999997224 ) ) ;
#892 = VECTOR ( 'NONE', #2344, 1000.000000000000000 ) ;
#893 = EDGE_CURVE ( 'NONE', #590, #2298, #2246, .T. ) ;
#894 = ORIENTED_EDGE ( 'NONE', *, *, #2733, .F. ) ;
#895 = FACE_OUTER_BOUND ( 'NONE', #151, .T. ) ;
#896 = ORIENTED_EDGE ( 'NONE', *, *, #1438, .T. ) ;
#897 = DIRECTION ( 'NONE',  ( 1.000000000000000000, 1.814166333681105989E-16, 0.000000000000000000 ) ) ;
#898 = PERSON_AND_ORGANIZATION ( #463, #173 ) ;
#899 = PLANE ( 'NONE',  #2049 ) ;
#900 = VERTEX_POINT ( 'NONE', #2020 ) ;
#901 = CYLINDRICAL_SURFACE ( 'NONE', #1989, 0.9000000000000032419 ) ;
#902 = CARTESIAN_POINT ( 'NONE',  ( 28.51914704352699914, -14.29999999999999893, 14.99999999999999289 ) ) ;
#903 = DIRECTION ( 'NONE',  ( -0.7071067811865463515, -1.338146981832760553E-16, 0.7071067811865487940 ) ) ;
#904 = EDGE_LOOP ( 'NONE', ( #613, #508, #61, #280 ) ) ;
#905 = ADVANCED_FACE ( 'NONE', ( #460 ), #2473, .T. ) ;
#906 = DIRECTION ( 'NONE',  ( -1.000000000000000000, 0.000000000000000000, 0.000000000000000000 ) ) ;
#907 = AXIS2_PLACEMENT_3D ( 'NONE', #1232, #2107, #2122 ) ;
#908 = AXIS2_PLACEMENT_3D ( 'NONE', #1166, #1553, #1335 ) ;
#909 = CARTESIAN_POINT ( 'NONE',  ( -22.48085295647299731, -8.800000000000000711, 8.750000000000000000 ) ) ;
#910 = CALENDAR_DATE ( 2025, 5, 12 ) ;
#911 = VECTOR ( 'NONE', #2323, 1000.000000000000000 ) ;
#912 = CARTESIAN_POINT ( 'NONE',  ( 14.41914704352700127, -10.79999999999999361, 10.00000000000000178 ) ) ;
#913 = ORIENTED_EDGE ( 'NONE', *, *, #1847, .F. ) ;
#914 = CARTESIAN_POINT ( 'NONE',  ( -14.48085295647299553, -14.80000000000000071, 10.00000000000000178 ) ) ;
#915 = CARTESIAN_POINT ( 'NONE',  ( 16.51914704352699914, -8.799999999999993605, -10.00000000000000178 ) ) ;
#916 = FACE_OUTER_BOUND ( 'NONE', #1742, .T. ) ;
#917 = ORIENTED_EDGE ( 'NONE', *, *, #2754, .T. ) ;
#918 = CYLINDRICAL_SURFACE ( 'NONE', #1720, 3.000000000000000888 ) ;
#919 = VERTEX_POINT ( 'NONE', #2259 ) ;
#920 = CIRCLE ( 'NONE', #786, 0.8999999999999998002 ) ;
#921 = EDGE_CURVE ( 'NONE', #154, #1469, #717, .T. ) ;
#922 = VECTOR ( 'NONE', #1441, 1000.000000000000000 ) ;
#923 = LINE ( 'NONE', #455, #1230 ) ;
#924 = CIRCLE ( 'NONE', #1508, 1.350000000000000089 ) ;
#925 = EDGE_CURVE ( 'NONE', #1193, #547, #718, .T. ) ;
#926 = COORDINATED_UNIVERSAL_TIME_OFFSET ( 0, 0, .AHEAD. ) ;
#927 = DIRECTION ( 'NONE',  ( -1.892425610156516875E-16, 1.000000000000000000, 0.000000000000000000 ) ) ;
#928 = ORIENTED_EDGE ( 'NONE', *, *, #1168, .T. ) ;
#929 = DIRECTION ( 'NONE',  ( -1.000000000000000000, 0.000000000000000000, 0.000000000000000000 ) ) ;
#930 = FACE_OUTER_BOUND ( 'NONE', #2240, .T. ) ;
#931 = VERTEX_POINT ( 'NONE', #2061 ) ;
#932 = CARTESIAN_POINT ( 'NONE',  ( 10.33289778252569491, 0.2000000000000042022, -7.610813215765721118 ) ) ;
#933 = VERTEX_POINT ( 'NONE', #2445 ) ;
#934 = FACE_OUTER_BOUND ( 'NONE', #2890, .T. ) ;
#935 = CARTESIAN_POINT ( 'NONE',  ( 12.08578643762690064, 0.2000000000000045353, -3.900000000000000355 ) ) ;
#936 = ORIENTED_EDGE ( 'NONE', *, *, #1184, .T. ) ;
#937 = AXIS2_PLACEMENT_3D ( 'NONE', #2861, #1745, #1320 ) ;
#938 = CYLINDRICAL_SURFACE ( 'NONE', #2182, 0.8999999999999998002 ) ;
#939 = EDGE_CURVE ( 'NONE', #2868, #2595, #1102, .T. ) ;
#940 = FACE_OUTER_BOUND ( 'NONE', #2494, .T. ) ;
#941 = CARTESIAN_POINT ( 'NONE',  ( -22.48085295647299731, -12.20000000000000107, 10.29999999999999716 ) ) ;
#942 = ORIENTED_EDGE ( 'NONE', *, *, #411, .T. ) ;
#943 = LINE ( 'NONE', #24, #621 ) ;
#944 = ADVANCED_FACE ( 'NONE', ( #1597 ), #1380, .F. ) ;
#945 = VERTEX_POINT ( 'NONE', #261 ) ;
#946 = CARTESIAN_POINT ( 'NONE',  ( -6.272649730810377022, -14.80000000000000959, 0.000000000000000000 ) ) ;
#947 = EDGE_LOOP ( 'NONE', ( #448, #2197 ) ) ;
#948 = DIRECTION ( 'NONE',  ( 1.338146981832763265E-16, -0.7071067811865477948, 0.7071067811865473507 ) ) ;
#949 = ORIENTED_EDGE ( 'NONE', *, *, #553, .F. ) ;
#950 = DIRECTION ( 'NONE',  ( -1.836970198721029688E-16, 1.000000000000000000, 0.000000000000000000 ) ) ;
#951 = PLANE ( 'NONE',  #2421 ) ;
#952 = EDGE_LOOP ( 'NONE', ( #1080, #1588, #2917, #1596, #1881 ) ) ;
#953 = DIRECTION ( 'NONE',  ( -1.892425610156517122E-16, 1.000000000000000000, -0.000000000000000000 ) ) ;
#954 = EDGE_CURVE ( 'NONE', #1653, #2737, #1340, .T. ) ;
#955 = DIRECTION ( 'NONE',  ( -0.9363291775690447682, 0.000000000000000000, 0.3511234415883912607 ) ) ;
#956 = ORIENTED_EDGE ( 'NONE', *, *, #1984, .F. ) ;
#957 = CARTESIAN_POINT ( 'NONE',  ( -26.48085295647299731, -8.800000000000002487, 15.00000000000000000 ) ) ;
#958 = DIRECTION ( 'NONE',  ( 0.9363291775690446572, 1.693767013105668475E-16, 0.3511234415883912607 ) ) ;
#959 = AXIS2_PLACEMENT_3D ( 'NONE', #440, #858, #906 ) ;
#960 = EDGE_CURVE ( 'NONE', #1266, #1948, #2910, .T. ) ;
#961 = ORIENTED_EDGE ( 'NONE', *, *, #2507, .F. ) ;
#962 = CARTESIAN_POINT ( 'NONE',  ( 12.08578643762690064, 0.2000000000000045353, 5.000000000000000000 ) ) ;
#963 = ORIENTED_EDGE ( 'NONE', *, *, #2297, .F. ) ;
#964 = DIRECTION ( 'NONE',  ( -1.892425610156516875E-16, 1.000000000000000000, 0.000000000000000000 ) ) ;
#965 = ORIENTED_EDGE ( 'NONE', *, *, #2481, .F. ) ;
#966 = EDGE_CURVE ( 'NONE', #361, #724, #775, .T. ) ;
#967 = DIRECTION ( 'NONE',  ( 0.7071067811865451302, 1.338146981832758088E-16, -0.7071067811865500152 ) ) ;
#968 = EDGE_LOOP ( 'NONE', ( #2388, #2080 ) ) ;
#969 = CIRCLE ( 'NONE', #2146, 3.000000000000000888 ) ;
#970 = CARTESIAN_POINT ( 'NONE',  ( -11.48085295647299731, -8.800000000000000711, -10.00000000000000000 ) ) ;
#971 = DIRECTION ( 'NONE',  ( -1.892425610156516875E-16, 1.000000000000000000, 0.000000000000000000 ) ) ;
#972 = CARTESIAN_POINT ( 'NONE',  ( -4.922649730810380042, 0.2000000000000022593, -1.350000000000000311 ) ) ;
#973 = DIRECTION ( 'NONE',  ( 0.000000000000000000, 0.000000000000000000, 1.000000000000000000 ) ) ;
#974 = DIRECTION ( 'NONE',  ( 0.000000000000000000, 0.000000000000000000, -1.000000000000000000 ) ) ;
#975 = ORIENTED_EDGE ( 'NONE', *, *, #426, .T. ) ;
#976 = ORIENTED_EDGE ( 'NONE', *, *, #94, .F. ) ;
#977 = FACE_OUTER_BOUND ( 'NONE', #79, .T. ) ;
#978 = ORIENTED_EDGE ( 'NONE', *, *, #1847, .T. ) ;
#979 = CARTESIAN_POINT ( 'NONE',  ( -10.23866082823991874, 0.2000000000000004552, -8.649524351622744689 ) ) ;
#980 = EDGE_CURVE ( 'NONE', #1343, #1991, #1150, .T. ) ;
#981 = DIRECTION ( 'NONE',  ( 0.000000000000000000, -1.000000000000000000, 0.000000000000000000 ) ) ;
#982 = ORIENTED_EDGE ( 'NONE', *, *, #1811, .T. ) ;
#983 = ADVANCED_FACE ( 'NONE', ( #1535 ), #1796, .F. ) ;
#984 = AXIS2_PLACEMENT_3D ( 'NONE', #1306, #2165, #2194 ) ;
#985 = DIRECTION ( 'NONE',  ( -1.000000000000000000, 0.000000000000000000, 0.000000000000000000 ) ) ;
#986 = DIRECTION ( 'NONE',  ( -1.000000000000000000, 0.000000000000000000, 0.000000000000000000 ) ) ;
#987 = FACE_OUTER_BOUND ( 'NONE', #631, .T. ) ;
#988 = DIRECTION ( 'NONE',  ( 1.836970198721029688E-16, -1.000000000000000000, -0.000000000000000000 ) ) ;
#989 = ORIENTED_EDGE ( 'NONE', *, *, #1242, .F. ) ;
#990 = CARTESIAN_POINT ( 'NONE',  ( -3.196222926588305313, 0.2000000000000017042, -11.29043856474209662 ) ) ;
#991 = DIRECTION ( 'NONE',  ( 0.000000000000000000, 0.000000000000000000, 1.000000000000000000 ) ) ;
#992 = EDGE_CURVE ( 'NONE', #1843, #590, #1532, .T. ) ;
#993 = VERTEX_POINT ( 'NONE', #209 ) ;
#994 = DIRECTION ( 'NONE',  ( -0.000000000000000000, 1.000000000000000000, -0.000000000000000000 ) ) ;
#995 = CC_DESIGN_PERSON_AND_ORGANIZATION_ASSIGNMENT ( #1582, #2469, ( #685 ) ) ;
#996 = CYLINDRICAL_SURFACE ( 'NONE', #2351, 2.100000000000000977 ) ;
#997 = CARTESIAN_POINT ( 'NONE',  ( 18.43551085499100139, 0.2000000000000057010, 2.000000000000000000 ) ) ;
#998 = DIRECTION ( 'NONE',  ( -1.000000000000000000, -1.714726285227498548E-16, 0.000000000000000000 ) ) ;
#999 = VECTOR ( 'NONE', #1099, 1000.000000000000000 ) ;
#1000 = DIRECTION ( 'NONE',  ( -1.000000000000000000, -1.807003620809173892E-16, 0.000000000000000000 ) ) ;
#1001 = ORIENTED_EDGE ( 'NONE', *, *, #1108, .T. ) ;
#1002 = DIRECTION ( 'NONE',  ( -0.000000000000000000, 1.000000000000000000, -0.000000000000000000 ) ) ;
#1003 = VECTOR ( 'NONE', #2572, 1000.000000000000000 ) ;
#1004 = ORIENTED_EDGE ( 'NONE', *, *, #2220, .T. ) ;
#1005 = PLANE ( 'NONE',  #301 ) ;
#1006 = ORIENTED_EDGE ( 'NONE', *, *, #2727, .T. ) ;
#1007 = AXIS2_PLACEMENT_3D ( 'NONE', #285, #1870, #1651 ) ;
#1008 = CARTESIAN_POINT ( 'NONE',  ( 24.51914704352699914, -8.799999999999991829, 8.750000000000000000 ) ) ;
#1009 = VECTOR ( 'NONE', #2374, 1000.000000000000000 ) ;
#1010 = EDGE_CURVE ( 'NONE', #2407, #2030, #244, .T. ) ;
#1011 = DIRECTION ( 'NONE',  ( -0.9615676393087543294, -1.768914467343416749E-16, -0.2745681609986659888 ) ) ;
#1012 = FACE_OUTER_BOUND ( 'NONE', #2287, .T. ) ;
#1013 = ADVANCED_FACE ( 'NONE', ( #1765 ), #635, .F. ) ;
#1014 = ORIENTED_EDGE ( 'NONE', *, *, #2895, .T. ) ;
#1015 = VECTOR ( 'NONE', #1749, 1000.000000000000000 ) ;
#1016 = DIRECTION ( 'NONE',  ( -1.000000000000000000, 0.000000000000000000, 0.000000000000000000 ) ) ;
#1017 = DIRECTION ( 'NONE',  ( -1.000000000000000000, 0.000000000000000000, 0.000000000000000000 ) ) ;
#1018 = ORIENTED_EDGE ( 'NONE', *, *, #313, .F. ) ;
#1019 = AXIS2_PLACEMENT_3D ( 'NONE', #1177, #870, #661 ) ;
#1020 = VERTEX_POINT ( 'NONE', #2010 ) ;
#1021 = DIRECTION ( 'NONE',  ( 0.000000000000000000, 0.000000000000000000, 1.000000000000000000 ) ) ;
#1022 = EDGE_LOOP ( 'NONE', ( #384, #748 ) ) ;
#1023 = CARTESIAN_POINT ( 'NONE',  ( -17.48085295647299731, -10.80000000000000071, 10.00000000000000178 ) ) ;
#1024 = VECTOR ( 'NONE', #107, 1000.000000000000000 ) ;
#1025 = AXIS2_PLACEMENT_3D ( 'NONE', #1515, #1498, #796 ) ;
#1026 = DIRECTION ( 'NONE',  ( 1.836970198721029688E-16, -1.000000000000000000, -0.000000000000000000 ) ) ;
#1027 = EDGE_CURVE ( 'NONE', #2308, #2354, #227, .T. ) ;
#1028 = VECTOR ( 'NONE', #1413, 1000.000000000000000 ) ;
#1029 = FACE_BOUND ( 'NONE', #1165, .T. ) ;
#1030 = ORIENTED_EDGE ( 'NONE', *, *, #2678, .T. ) ;
#1031 = ORIENTED_EDGE ( 'NONE', *, *, #849, .T. ) ;
#1032 = CARTESIAN_POINT ( 'NONE',  ( -14.48085295647299553, -14.80000000000000071, 10.00000000000000178 ) ) ;
#1033 = DIRECTION ( 'NONE',  ( -1.836970198721029688E-16, 1.000000000000000000, 0.000000000000000000 ) ) ;
#1034 = EDGE_CURVE ( 'NONE', #1966, #480, #475, .T. ) ;
#1035 = ORIENTED_EDGE ( 'NONE', *, *, #1087, .T. ) ;
#1036 = ORIENTED_EDGE ( 'NONE', *, *, #1207, .F. ) ;
#1037 = DIRECTION ( 'NONE',  ( -1.892425610156516875E-16, 1.000000000000000000, -0.000000000000000000 ) ) ;
#1038 = ORIENTED_EDGE ( 'NONE', *, *, #429, .T. ) ;
#1039 = CARTESIAN_POINT ( 'NONE',  ( 27.16559365293371897, -14.79999999999999183, 15.64644660940673049 ) ) ;
#1040 = EDGE_LOOP ( 'NONE', ( #1512, #759, #2245, #1477 ) ) ;
#1041 = VERTEX_POINT ( 'NONE', #2929 ) ;
#1042 = DIRECTION ( 'NONE',  ( 0.000000000000000000, -1.000000000000000000, 0.000000000000000000 ) ) ;
#1043 = LINE ( 'NONE', #1540, #1536 ) ;
#1044 = EDGE_CURVE ( 'NONE', #163, #945, #860, .T. ) ;
#1045 = CARTESIAN_POINT ( 'NONE',  ( -14.48085295647299553, -8.800000000000000711, 10.00000000000000178 ) ) ;
#1046 = CARTESIAN_POINT ( 'NONE',  ( -2.880211829158748404, -8.799999999999997158, -10.44774230492995848 ) ) ;
#1047 = EDGE_LOOP ( 'NONE', ( #1736, #2567 ) ) ;
#1048 = EDGE_CURVE ( 'NONE', #1644, #310, #2677, .T. ) ;
#1049 = ORIENTED_EDGE ( 'NONE', *, *, #652, .F. ) ;
#1050 = CARTESIAN_POINT ( 'NONE',  ( -2.633100484259955465, -8.799999999999997158, 11.31315318030783956 ) ) ;
#1051 = VERTEX_POINT ( 'NONE', #2025 ) ;
#1052 = FACE_BOUND ( 'NONE', #1412, .T. ) ;
#1053 = EDGE_LOOP ( 'NONE', ( #1953, #2524, #17, #2813 ) ) ;
#1054 = VECTOR ( 'NONE', #1113, 1000.000000000000000 ) ;
#1055 = ORIENTED_EDGE ( 'NONE', *, *, #1402, .F. ) ;
#1056 = EDGE_CURVE ( 'NONE', #2060, #731, #1105, .T. ) ;
#1057 = VECTOR ( 'NONE', #591, 1000.000000000000000 ) ;
#1058 = AXIS2_PLACEMENT_3D ( 'NONE', #1421, #528, #991 ) ;
#1059 = LINE ( 'NONE', #1754, #183 ) ;
#1060 = CARTESIAN_POINT ( 'NONE',  ( 19.51914704352700269, -10.79999999999999361, -10.00000000000000178 ) ) ;
#1061 = LINE ( 'NONE', #1078, #357 ) ;
#1062 = LINE ( 'NONE', #2866, #1015 ) ;
#1063 = VERTEX_POINT ( 'NONE', #1781 ) ;
#1064 = AXIS2_PLACEMENT_3D ( 'NONE', #1505, #538, #1000 ) ;
#1065 = EDGE_LOOP ( 'NONE', ( #350, #1308, #884, #936 ) ) ;
#1066 = DIRECTION ( 'NONE',  ( -0.000000000000000000, 1.000000000000000000, -0.000000000000000000 ) ) ;
#1067 = ORIENTED_EDGE ( 'NONE', *, *, #1313, .F. ) ;
#1068 = EDGE_CURVE ( 'NONE', #792, #1260, #1344, .T. ) ;
#1069 = DIRECTION ( 'NONE',  ( -1.892425610156516875E-16, 1.000000000000000000, 0.000000000000000000 ) ) ;
#1070 = VERTEX_POINT ( 'NONE', #618 ) ;
#1071 = ORIENTED_EDGE ( 'NONE', *, *, #719, .F. ) ;
#1072 = CC_DESIGN_APPROVAL ( #2618, ( #2862 ) ) ;
#1073 = EDGE_CURVE ( 'NONE', #1422, #557, #2871, .T. ) ;
#1074 = FACE_BOUND ( 'NONE', #367, .T. ) ;
#1075 = CARTESIAN_POINT ( 'NONE',  ( -14.48085295647299908, -8.800000000000000711, -10.00000000000000000 ) ) ;
#1076 = CIRCLE ( 'NONE', #2578, 1.350000000000000533 ) ;
#1077 = VERTEX_POINT ( 'NONE', #1524 ) ;
#1078 = CARTESIAN_POINT ( 'NONE',  ( -16.58085295647299873, -14.80100000000001792, -10.00000000000000000 ) ) ;
#1079 = DIRECTION ( 'NONE',  ( 0.6785983445458458885, 0.6785983445458458885, 0.2810846377148257802 ) ) ;
#1080 = ORIENTED_EDGE ( 'NONE', *, *, #553, .T. ) ;
#1081 = ORIENTED_EDGE ( 'NONE', *, *, #1258, .T. ) ;
#1082 = DIRECTION ( 'NONE',  ( -0.3511234415883912607, -6.450032982702390811E-17, 0.9363291775690447682 ) ) ;
#1083 = ORIENTED_EDGE ( 'NONE', *, *, #564, .T. ) ;
#1084 = DIRECTION ( 'NONE',  ( -1.000000000000000000, 0.000000000000000000, 0.000000000000000000 ) ) ;
#1085 = EDGE_LOOP ( 'NONE', ( #133, #1264, #1103, #2554 ) ) ;
#1086 = ORIENTED_EDGE ( 'NONE', *, *, #2438, .F. ) ;
#1087 = EDGE_CURVE ( 'NONE', #1463, #1764, #2707, .T. ) ;
#1088 = CARTESIAN_POINT ( 'NONE',  ( -16.58085295647299873, -14.80100000000001792, 10.00000000000000178 ) ) ;
#1089 = ADVANCED_FACE ( 'NONE', ( #2449 ), #1549, .T. ) ;
#1090 = CIRCLE ( 'NONE', #2367, 1.099999999999994982 ) ;
#1091 = LINE ( 'NONE', #386, #1345 ) ;
#1092 = ORIENTED_EDGE ( 'NONE', *, *, #408, .F. ) ;
#1093 = EDGE_CURVE ( 'NONE', #1991, #1343, #1904, .T. ) ;
#1094 = APPROVAL_ROLE ( '' ) ;
#1095 = DIRECTION ( 'NONE',  ( -1.836970198721029688E-16, 1.000000000000000000, 0.000000000000000000 ) ) ;
#1096 = ORIENTED_EDGE ( 'NONE', *, *, #1981, .T. ) ;
#1097 = CARTESIAN_POINT ( 'NONE',  ( -22.48085295647299731, -8.800000000000000711, 12.00000000000000000 ) ) ;
#1098 = ORIENTED_EDGE ( 'NONE', *, *, #2026, .T. ) ;
#1099 = DIRECTION ( 'NONE',  ( -1.836970198721029688E-16, 1.000000000000000000, 0.000000000000000000 ) ) ;
#1100 = ORIENTED_EDGE ( 'NONE', *, *, #502, .T. ) ;
#1101 = APPLICATION_CONTEXT ( 'configuration controlled 3d designs of mechanical parts and assemblies' ) ;
#1102 = CIRCLE ( 'NONE', #2603, 2.100000000000002753 ) ;
#1103 = ORIENTED_EDGE ( 'NONE', *, *, #966, .T. ) ;
#1104 = CARTESIAN_POINT ( 'NONE',  ( 16.51914704352700269, -10.79999999999999361, 10.00000000000000178 ) ) ;
#1105 = CIRCLE ( 'NONE', #959, 3.000000000000000888 ) ;
#1106 = CARTESIAN_POINT ( 'NONE',  ( -11.48085295647299553, -8.800000000000000711, 10.00000000000000178 ) ) ;
#1107 = AXIS2_PLACEMENT_3D ( 'NONE', #1560, #452, #2881 ) ;
#1108 = EDGE_CURVE ( 'NONE', #2030, #2203, #2422, .T. ) ;
#1109 = LINE ( 'NONE', #909, #2013 ) ;
#1110 = APPLICATION_PROTOCOL_DEFINITION ( 'international standard', 'config_control_design', 1994, #1101 ) ;
#1111 = FACE_OUTER_BOUND ( 'NONE', #617, .T. ) ;
#1112 = ORIENTED_EDGE ( 'NONE', *, *, #2186, .F. ) ;
#1113 = DIRECTION ( 'NONE',  ( -1.000000000000000000, -1.814166333681105989E-16, -3.628332667362211979E-16 ) ) ;
#1114 = EDGE_CURVE ( 'NONE', #1490, #1041, #1403, .T. ) ;
#1115 = DIRECTION ( 'NONE',  ( 0.000000000000000000, 0.000000000000000000, 1.000000000000000000 ) ) ;
#1116 = CARTESIAN_POINT ( 'NONE',  ( 24.51914704352699914, -12.19999999999999218, 8.750000000000000000 ) ) ;
#1117 = EDGE_LOOP ( 'NONE', ( #145, #270 ) ) ;
#1118 = DIRECTION ( 'NONE',  ( -0.7071067811865463515, -1.298934084353237587E-16, 0.7071067811865487940 ) ) ;
#1119 = AXIS2_PLACEMENT_3D ( 'NONE', #1735, #2579, #556 ) ;
#1120 = ORIENTED_EDGE ( 'NONE', *, *, #1332, .F. ) ;
#1121 = FACE_BOUND ( 'NONE', #424, .T. ) ;
#1122 = AXIS2_PLACEMENT_3D ( 'NONE', #823, #1959, #840 ) ;
#1123 = VERTEX_POINT ( 'NONE', #1434 ) ;
#1124 = DIRECTION ( 'NONE',  ( 0.000000000000000000, -1.000000000000000000, 0.000000000000000000 ) ) ;
#1125 = CALENDAR_DATE ( 2025, 5, 12 ) ;
#1126 = ORIENTED_EDGE ( 'NONE', *, *, #308, .T. ) ;
#1127 = ADVANCED_FACE ( 'NONE', ( #466 ), #1649, .T. ) ;
#1128 = FACE_OUTER_BOUND ( 'NONE', #1085, .T. ) ;
#1129 = EDGE_LOOP ( 'NONE', ( #2101, #65, #2720, #2667 ) ) ;
#1130 = VECTOR ( 'NONE', #1379, 1000.000000000000000 ) ;
#1131 = CARTESIAN_POINT ( 'NONE',  ( -20.56780229172590069, -20.21305066474710799, 12.55073421966243075 ) ) ;
#1132 = AXIS2_PLACEMENT_3D ( 'NONE', #155, #373, #807 ) ;
#1133 = FACE_OUTER_BOUND ( 'NONE', #1281, .T. ) ;
#1134 = DIRECTION ( 'NONE',  ( -0.000000000000000000, 1.000000000000000000, -0.000000000000000000 ) ) ;
#1135 = VERTEX_POINT ( 'NONE', #454 ) ;
#1136 = DIRECTION ( 'NONE',  ( -1.000000000000000000, 0.000000000000000000, 0.000000000000000000 ) ) ;
#1137 = DIRECTION ( 'NONE',  ( -0.000000000000000000, 1.000000000000000000, -0.000000000000000000 ) ) ;
#1138 = MECHANICAL_CONTEXT ( 'NONE', #1101, 'mechanical' ) ;
#1139 = CARTESIAN_POINT ( 'NONE',  ( -26.48085295647299731, -14.80000000000000249, -16.00000000000000000 ) ) ;
#1140 = EDGE_LOOP ( 'NONE', ( #1801, #1602, #928, #2563 ) ) ;
#1141 = CARTESIAN_POINT ( 'NONE',  ( -22.48085295647299731, -12.20000000000000107, 12.00000000000000000 ) ) ;
#1142 = EDGE_CURVE ( 'NONE', #1077, #1358, #1194, .T. ) ;
#1143 = FACE_OUTER_BOUND ( 'NONE', #130, .T. ) ;
#1144 = LINE ( 'NONE', #2657, #2848 ) ;
#1145 = ORIENTED_EDGE ( 'NONE', *, *, #2256, .F. ) ;
#1146 = FACE_BOUND ( 'NONE', #968, .T. ) ;
#1147 = EDGE_CURVE ( 'NONE', #2407, #2333, #725, .T. ) ;
#1148 = ORIENTED_EDGE ( 'NONE', *, *, #645, .T. ) ;
#1149 = ADVANCED_FACE ( 'NONE', ( #295 ), #918, .F. ) ;
#1150 = CIRCLE ( 'NONE', #2802, 3.249999999999999556 ) ;
#1151 = DIRECTION ( 'NONE',  ( -1.000000000000000000, -1.892425610156516875E-16, 0.000000000000000000 ) ) ;
#1152 = DIRECTION ( 'NONE',  ( -1.000000000000000000, 0.000000000000000000, 0.000000000000000000 ) ) ;
#1153 = CIRCLE ( 'NONE', #1249, 1.700000000000003508 ) ;
#1154 = DIRECTION ( 'NONE',  ( 0.000000000000000000, -0.000000000000000000, 1.000000000000000000 ) ) ;
#1155 = ORIENTED_EDGE ( 'NONE', *, *, #2819, .F. ) ;
#1156 = DIRECTION ( 'NONE',  ( -1.000000000000000000, 0.000000000000000000, 0.000000000000000000 ) ) ;
#1157 = AXIS2_PLACEMENT_3D ( 'NONE', #1739, #1037, #2852 ) ;
#1158 = ORIENTED_EDGE ( 'NONE', *, *, #1814, .F. ) ;
#1159 = CARTESIAN_POINT ( 'NONE',  ( 10.98578643762690099, 0.2000000000000043410, -5.000000000000000000 ) ) ;
#1160 = CARTESIAN_POINT ( 'NONE',  ( 24.51914704352699914, -14.79999999999999183, -12.00000000000000000 ) ) ;
#1161 = ORIENTED_EDGE ( 'NONE', *, *, #2481, .T. ) ;
#1162 = CARTESIAN_POINT ( 'NONE',  ( -3.196222926588303981, -8.799999999999997158, -11.29043856474209839 ) ) ;
#1163 = CARTESIAN_POINT ( 'NONE',  ( 2.577350269189626619, -8.799999999999997158, 1.350000000000000089 ) ) ;
#1164 = EDGE_CURVE ( 'NONE', #2161, #1967, #62, .T. ) ;
#1165 = EDGE_LOOP ( 'NONE', ( #42, #540 ) ) ;
#1166 = CARTESIAN_POINT ( 'NONE',  ( -14.49721676793699920, -8.799999999999998934, 2.000000000000000000 ) ) ;
#1167 = CIRCLE ( 'NONE', #1064, 1.350000000000000089 ) ;
#1168 = EDGE_CURVE ( 'NONE', #1871, #2539, #2892, .T. ) ;
#1169 = VECTOR ( 'NONE', #1570, 1000.000000000000000 ) ;
#1170 = DIRECTION ( 'NONE',  ( -1.892425610156516875E-16, 1.000000000000000000, 0.000000000000000000 ) ) ;
#1171 = CIRCLE ( 'NONE', #1122, 0.8999999999999998002 ) ;
#1172 = APPROVAL_STATUS ( 'not_yet_approved' ) ;
#1173 = DIRECTION ( 'NONE',  ( -1.000000000000000000, -1.892425610156516875E-16, -0.000000000000000000 ) ) ;
#1174 = VERTEX_POINT ( 'NONE', #1418 ) ;
#1175 = CARTESIAN_POINT ( 'NONE',  ( 10.98578643762690277, -8.799999999999995381, 6.535889741755010363 ) ) ;
#1176 = ORIENTED_EDGE ( 'NONE', *, *, #2744, .F. ) ;
#1177 = CARTESIAN_POINT ( 'NONE',  ( 12.08578643762690064, 0.2000000000000045353, -5.000000000000000000 ) ) ;
#1178 = DIRECTION ( 'NONE',  ( -1.000000000000000000, 0.000000000000000000, 0.000000000000000000 ) ) ;
#1179 = ORIENTED_EDGE ( 'NONE', *, *, #2776, .T. ) ;
#1180 = CARTESIAN_POINT ( 'NONE',  ( 18.43551085499100139, -8.799999999999993605, 2.000000000000000000 ) ) ;
#1181 = CARTESIAN_POINT ( 'NONE',  ( -14.48085295647299553, -14.80100000000001792, 10.00000000000000178 ) ) ;
#1182 = EDGE_LOOP ( 'NONE', ( #137, #2125, #2784, #1980 ) ) ;
#1183 = AXIS2_PLACEMENT_3D ( 'NONE', #2380, #1042, #1943 ) ;
#1184 = EDGE_CURVE ( 'NONE', #570, #1250, #250, .T. ) ;
#1185 = ADVANCED_FACE ( 'NONE', ( #1146, #934 ), #2065, .T. ) ;
#1186 = CARTESIAN_POINT ( 'NONE',  ( -25.27374617528645118, -14.80000000000000249, -15.50000000000000711 ) ) ;
#1187 = LINE ( 'NONE', #1655, #541 ) ;
#1188 = ORIENTED_EDGE ( 'NONE', *, *, #921, .T. ) ;
#1189 = DIRECTION ( 'NONE',  ( -1.000000000000000000, 0.000000000000000000, 0.000000000000000000 ) ) ;
#1190 = EDGE_CURVE ( 'NONE', #876, #1675, #341, .T. ) ;
#1191 = LINE ( 'NONE', #279, #834 ) ;
#1192 = LINE ( 'NONE', #1416, #2858 ) ;
#1193 = VERTEX_POINT ( 'NONE', #2036 ) ;
#1194 = LINE ( 'NONE', #283, #478 ) ;
#1195 = ORIENTED_EDGE ( 'NONE', *, *, #2133, .F. ) ;
#1196 = LINE ( 'NONE', #33, #2236 ) ;
#1197 = ORIENTED_EDGE ( 'NONE', *, *, #184, .T. ) ;
#1198 = DIRECTION ( 'NONE',  ( -1.836970198721029688E-16, 1.000000000000000000, 0.000000000000000000 ) ) ;
#1199 = DIRECTION ( 'NONE',  ( -1.000000000000000000, 0.000000000000000000, 0.000000000000000000 ) ) ;
#1200 = EDGE_CURVE ( 'NONE', #1469, #2097, #2274, .T. ) ;
#1201 = DIRECTION ( 'NONE',  ( -0.000000000000000000, 1.000000000000000000, -0.000000000000000000 ) ) ;
#1202 = DIRECTION ( 'NONE',  ( -1.836970198721029688E-16, 1.000000000000000000, 0.000000000000000000 ) ) ;
#1203 = AXIS2_PLACEMENT_3D ( 'NONE', #1075, #2368, #157 ) ;
#1204 = CARTESIAN_POINT ( 'NONE',  ( -17.48085295647300086, -10.80000000000000071, -10.00000000000000000 ) ) ;
#1205 = VERTEX_POINT ( 'NONE', #12 ) ;
#1206 = DIRECTION ( 'NONE',  ( 1.000000000000000000, 0.000000000000000000, -0.000000000000000000 ) ) ;
#1207 = EDGE_CURVE ( 'NONE', #945, #2156, #2706, .T. ) ;
#1208 = EDGE_LOOP ( 'NONE', ( #763, #1176, #917, #1346 ) ) ;
#1209 = CARTESIAN_POINT ( 'NONE',  ( 16.51914704352699914, -10.79999999999999361, 10.00000000000000178 ) ) ;
#1210 = AXIS2_PLACEMENT_3D ( 'NONE', #368, #326, #1707 ) ;
#1211 = LINE ( 'NONE', #1678, #2282 ) ;
#1212 = VERTEX_POINT ( 'NONE', #680 ) ;
#1213 = AXIS2_PLACEMENT_3D ( 'NONE', #2001, #2215, #1583 ) ;
#1214 = DIRECTION ( 'NONE',  ( -1.836970198721029441E-16, 1.000000000000000000, 0.000000000000000000 ) ) ;
#1215 = CIRCLE ( 'NONE', #1778, 1.700000000000000178 ) ;
#1216 = LINE ( 'NONE', #520, #922 ) ;
#1217 = LINE ( 'NONE', #2134, #892 ) ;
#1218 = AXIS2_PLACEMENT_3D ( 'NONE', #1279, #1292, #2652 ) ;
#1219 = EDGE_CURVE ( 'NONE', #146, #391, #251, .T. ) ;
#1220 = DIRECTION ( 'NONE',  ( -0.9615676393087543294, -1.768914467343416749E-16, -0.2745681609986659888 ) ) ;
#1221 = ORIENTED_EDGE ( 'NONE', *, *, #2098, .F. ) ;
#1222 = EDGE_LOOP ( 'NONE', ( #1396, #975, #978, #1932 ) ) ;
#1223 = DIRECTION ( 'NONE',  ( -0.000000000000000000, 1.000000000000000000, -0.000000000000000000 ) ) ;
#1224 = ORIENTED_EDGE ( 'NONE', *, *, #2836, .F. ) ;
#1225 = LINE ( 'NONE', #990, #1576 ) ;
#1226 = EDGE_LOOP ( 'NONE', ( #1506, #1435 ) ) ;
#1227 = DIRECTION ( 'NONE',  ( -1.000000000000000000, 0.000000000000000000, 0.000000000000000000 ) ) ;
#1228 = ORIENTED_EDGE ( 'NONE', *, *, #1761, .F. ) ;
#1229 = FACE_OUTER_BOUND ( 'NONE', #434, .T. ) ;
#1230 = VECTOR ( 'NONE', #257, 1000.000000000000114 ) ;
#1231 = FACE_OUTER_BOUND ( 'NONE', #846, .T. ) ;
#1232 = CARTESIAN_POINT ( 'NONE',  ( -22.48085295647300086, -8.800000000000000711, -12.00000000000000000 ) ) ;
#1233 = CARTESIAN_POINT ( 'NONE',  ( -25.98085295647300441, -14.80000000000000249, -14.79289321881345032 ) ) ;
#1234 = ORIENTED_EDGE ( 'NONE', *, *, #2842, .T. ) ;
#1235 = CARTESIAN_POINT ( 'NONE',  ( -11.92264973081037738, -8.799999999999998934, -5.000000000000000000 ) ) ;
#1236 = EDGE_LOOP ( 'NONE', ( #465, #1288, #1480, #811 ) ) ;
#1237 = CARTESIAN_POINT ( 'NONE',  ( -16.58085295647299873, -10.80000000000000071, -10.00000000000000000 ) ) ;
#1238 = CARTESIAN_POINT ( 'NONE',  ( -2.633100484259956353, -8.799999999999997158, 11.31315318030783779 ) ) ;
#1239 = ORIENTED_EDGE ( 'NONE', *, *, #2859, .F. ) ;
#1240 = ADVANCED_FACE ( 'NONE', ( #514 ), #1376, .T. ) ;
#1241 = DIRECTION ( 'NONE',  ( -1.000000000000000000, 0.000000000000000000, 0.000000000000000000 ) ) ;
#1242 = EDGE_CURVE ( 'NONE', #815, #1135, #2505, .T. ) ;
#1243 = DIRECTION ( 'NONE',  ( -1.836970198721029688E-16, 1.000000000000000000, 0.000000000000000000 ) ) ;
#1244 = DIRECTION ( 'NONE',  ( -1.892425610156516875E-16, 1.000000000000000000, 0.000000000000000000 ) ) ;
#1245 = CARTESIAN_POINT ( 'NONE',  ( 24.51914704352699914, -8.799999999999991829, -15.25000000000000000 ) ) ;
#1246 = CIRCLE ( 'NONE', #2889, 3.249999999999999556 ) ;
#1247 = DIRECTION ( 'NONE',  ( -0.000000000000000000, 1.000000000000000000, -0.000000000000000000 ) ) ;
#1248 = EDGE_LOOP ( 'NONE', ( #194, #1711, #2687, #294 ) ) ;
#1249 = AXIS2_PLACEMENT_3D ( 'NONE', #2797, #1691, #1254 ) ;
#1250 = VERTEX_POINT ( 'NONE', #1632 ) ;
#1251 = DIRECTION ( 'NONE',  ( 0.9615676393087544405, 1.768914467343416502E-16, -0.2745681609986653782 ) ) ;
#1252 = ORIENTED_EDGE ( 'NONE', *, *, #751, .F. ) ;
#1253 = VECTOR ( 'NONE', #381, 1000.000000000000000 ) ;
#1254 = DIRECTION ( 'NONE',  ( 0.000000000000000000, 0.000000000000000000, 1.000000000000000000 ) ) ;
#1255 = AXIS2_PLACEMENT_3D ( 'NONE', #2785, #512, #1630 ) ;
#1256 = EDGE_CURVE ( 'NONE', #2091, #327, #2523, .T. ) ;
#1257 = FACE_OUTER_BOUND ( 'NONE', #2588, .T. ) ;
#1258 = EDGE_CURVE ( 'NONE', #729, #2044, #324, .T. ) ;
#1259 = FACE_BOUND ( 'NONE', #2870, .T. ) ;
#1260 = VERTEX_POINT ( 'NONE', #2787 ) ;
#1261 = AXIS2_PLACEMENT_3D ( 'NONE', #2371, #98, #2138 ) ;
#1262 = CARTESIAN_POINT ( 'NONE',  ( -3.196222926588307089, 0.2000000000000017042, 11.29043856474209484 ) ) ;
#1263 = CARTESIAN_POINT ( 'NONE',  ( -25.48085295647299020, -8.800000000000002487, 16.00000000000000000 ) ) ;
#1264 = ORIENTED_EDGE ( 'NONE', *, *, #745, .T. ) ;
#1265 = AXIS2_PLACEMENT_3D ( 'NONE', #1807, #1776, #888 ) ;
#1266 = VERTEX_POINT ( 'NONE', #2114 ) ;
#1267 = LOCAL_TIME ( 12, 1, 36.00000000000000000, #926 ) ;
#1268 = EDGE_LOOP ( 'NONE', ( #2173, #2655, #866, #827 ) ) ;
#1269 = DIRECTION ( 'NONE',  ( -1.836970198721029688E-16, 1.000000000000000000, 0.000000000000000000 ) ) ;
#1270 = VERTEX_POINT ( 'NONE', #89 ) ;
#1271 = CARTESIAN_POINT ( 'NONE',  ( -2.633100484259957241, 0.2000000000000018152, 11.31315318030783956 ) ) ;
#1272 = ORIENTED_EDGE ( 'NONE', *, *, #1108, .F. ) ;
#1273 = EDGE_CURVE ( 'NONE', #2161, #1077, #1464, .T. ) ;
#1274 = AXIS2_PLACEMENT_3D ( 'NONE', #1377, #2442, #2921 ) ;
#1275 = CARTESIAN_POINT ( 'NONE',  ( 10.33289778252569668, -8.799999999999995381, -7.610813215765722006 ) ) ;
#1276 = VECTOR ( 'NONE', #2807, 1000.000000000000000 ) ;
#1277 = PLANE ( 'NONE',  #817 ) ;
#1278 = EDGE_CURVE ( 'NONE', #2298, #2434, #13, .T. ) ;
#1279 = CARTESIAN_POINT ( 'NONE',  ( -14.48085295647299908, -14.80000000000000071, -10.00000000000000000 ) ) ;
#1280 = DIRECTION ( 'NONE',  ( 0.000000000000000000, 0.000000000000000000, 1.000000000000000000 ) ) ;
#1281 = EDGE_LOOP ( 'NONE', ( #1096, #2094, #2643, #248 ) ) ;
#1282 = ADVANCED_FACE ( 'NONE', ( #2126 ), #774, .F. ) ;
#1283 = ORIENTED_EDGE ( 'NONE', *, *, #2486, .F. ) ;
#1284 = VERTEX_POINT ( 'NONE', #2552 ) ;
#1285 = CYLINDRICAL_SURFACE ( 'NONE', #1157, 3.000000000000000888 ) ;
#1286 = VERTEX_POINT ( 'NONE', #1237 ) ;
#1287 = LINE ( 'NONE', #1023, #1392 ) ;
#1288 = ORIENTED_EDGE ( 'NONE', *, *, #18, .F. ) ;
#1289 = EDGE_LOOP ( 'NONE', ( #894, #1339, #1197, #2303 ) ) ;
#1290 = LINE ( 'NONE', #2843, #646 ) ;
#1291 = CARTESIAN_POINT ( 'NONE',  ( -14.49721676793700098, -8.799999999999998934, -3.900000000000000355 ) ) ;
#1292 = DIRECTION ( 'NONE',  ( 1.892425610156516875E-16, -1.000000000000000000, -0.000000000000000000 ) ) ;
#1293 = EDGE_CURVE ( 'NONE', #48, #1063, #1304, .T. ) ;
#1294 = DIRECTION ( 'NONE',  ( -1.000000000000000000, -1.854556347672574438E-16, 0.000000000000000000 ) ) ;
#1295 = EDGE_LOOP ( 'NONE', ( #2850, #2384 ) ) ;
#1296 = ORIENTED_EDGE ( 'NONE', *, *, #287, .F. ) ;
#1297 = EDGE_CURVE ( 'NONE', #2786, #310, #1620, .T. ) ;
#1298 = PLANE ( 'NONE',  #532 ) ;
#1299 = VERTEX_POINT ( 'NONE', #526 ) ;
#1300 = CARTESIAN_POINT ( 'NONE',  ( 28.51914704352699914, -14.79999999999999183, -15.00000000000000000 ) ) ;
#1301 = ORIENTED_EDGE ( 'NONE', *, *, #1073, .F. ) ;
#1302 = VECTOR ( 'NONE', #1397, 1000.000000000000000 ) ;
#1303 = EDGE_LOOP ( 'NONE', ( #2533, #1572, #1100, #31 ) ) ;
#1304 = CIRCLE ( 'NONE', #2557, 1.700000000000003508 ) ;
#1305 = AXIS2_PLACEMENT_3D ( 'NONE', #298, #981, #50 ) ;
#1306 = CARTESIAN_POINT ( 'NONE',  ( 16.51914704352699914, -8.799999999999993605, -10.00000000000000178 ) ) ;
#1307 = CARTESIAN_POINT ( 'NONE',  ( 21.40602013117018743, -14.79999999999999361, -21.40602013117025493 ) ) ;
#1308 = ORIENTED_EDGE ( 'NONE', *, *, #2008, .F. ) ;
#1309 = CARTESIAN_POINT ( 'NONE',  ( -25.48085295647299731, -8.800000000000002487, -16.00000000000000000 ) ) ;
#1310 = DIRECTION ( 'NONE',  ( -1.836970198721029688E-16, 1.000000000000000000, 0.000000000000000000 ) ) ;
#1311 = ORIENTED_EDGE ( 'NONE', *, *, #1056, .T. ) ;
#1312 = CIRCLE ( 'NONE', #1637, 3.000000000000000888 ) ;
#1313 = EDGE_CURVE ( 'NONE', #1250, #1331, #1225, .T. ) ;
#1314 = EDGE_LOOP ( 'NONE', ( #2144, #1036, #2113, #1692 ) ) ;
#1315 = VECTOR ( 'NONE', #404, 1000.000000000000114 ) ;
#1316 = CARTESIAN_POINT ( 'NONE',  ( -10.23866082823991697, -8.799999999999998934, -8.649524351622744689 ) ) ;
#1317 = ORIENTED_EDGE ( 'NONE', *, *, #992, .T. ) ;
#1318 = CARTESIAN_POINT ( 'NONE',  ( 24.51914704352699914, -8.799999999999991829, 12.00000000000000000 ) ) ;
#1319 = ORIENTED_EDGE ( 'NONE', *, *, #1712, .F. ) ;
#1320 = DIRECTION ( 'NONE',  ( 0.000000000000000000, 0.000000000000000000, 1.000000000000000000 ) ) ;
#1321 = CARTESIAN_POINT ( 'NONE',  ( -22.48085295647300086, -14.80000000000000071, -10.30000000000000071 ) ) ;
#1322 = VECTOR ( 'NONE', #2131, 1000.000000000000114 ) ;
#1323 = EDGE_LOOP ( 'NONE', ( #2914, #2216, #1694, #2877 ) ) ;
#1324 = DATE_TIME_ROLE ( 'creation_date' ) ;
#1325 = AXIS2_PLACEMENT_3D ( 'NONE', #19, #1365, #1786 ) ;
#1326 = DIRECTION ( 'NONE',  ( -1.836970198721029688E-16, 1.000000000000000000, 0.000000000000000000 ) ) ;
#1327 = ORIENTED_EDGE ( 'NONE', *, *, #667, .F. ) ;
#1328 = DIRECTION ( 'NONE',  ( 1.836970198721029441E-16, -1.000000000000000000, 0.000000000000000000 ) ) ;
#1329 = ORIENTED_EDGE ( 'NONE', *, *, #1363, .F. ) ;
#1330 = DIRECTION ( 'NONE',  ( 0.9615676393087545515, 0.000000000000000000, -0.2745681609986654337 ) ) ;
#1331 = VERTEX_POINT ( 'NONE', #979 ) ;
#1332 = EDGE_CURVE ( 'NONE', #254, #2898, #1153, .T. ) ;
#1333 = DIRECTION ( 'NONE',  ( -1.000000000000000000, -1.882430564313189099E-16, -3.764861128626378198E-16 ) ) ;
#1334 = EDGE_CURVE ( 'NONE', #2333, #2203, #1445, .T. ) ;
#1335 = DIRECTION ( 'NONE',  ( -1.000000000000000000, 0.000000000000000000, 0.000000000000000000 ) ) ;
#1336 = ORIENTED_EDGE ( 'NONE', *, *, #94, .T. ) ;
#1337 = DIRECTION ( 'NONE',  ( 0.000000000000000000, 0.000000000000000000, 1.000000000000000000 ) ) ;
#1338 = DIRECTION ( 'NONE',  ( -1.000000000000000000, -1.807003620809174385E-16, 0.000000000000000000 ) ) ;
#1339 = ORIENTED_EDGE ( 'NONE', *, *, #2436, .F. ) ;
#1340 = LINE ( 'NONE', #2229, #1054 ) ;
#1341 = DIRECTION ( 'NONE',  ( -1.000000000000000000, -1.807003620809173646E-16, 0.000000000000000000 ) ) ;
#1342 = CARTESIAN_POINT ( 'NONE',  ( 28.01914704352700625, -14.79999999999999183, 14.79289321881344144 ) ) ;
#1343 = VERTEX_POINT ( 'NONE', #1008 ) ;
#1344 = LINE ( 'NONE', #2631, #2605 ) ;
#1345 = VECTOR ( 'NONE', #822, 1000.000000000000000 ) ;
#1346 = ORIENTED_EDGE ( 'NONE', *, *, #2819, .T. ) ;
#1347 = EDGE_CURVE ( 'NONE', #310, #2662, #816, .T. ) ;
#1348 = DIRECTION ( 'NONE',  ( -1.000000000000000000, 0.000000000000000000, 0.000000000000000000 ) ) ;
#1349 = VECTOR ( 'NONE', #396, 1000.000000000000000 ) ;
#1350 = CIRCLE ( 'NONE', #1007, 2.099999999999999645 ) ;
#1351 = CARTESIAN_POINT ( 'NONE',  ( -22.48085295647299731, -14.80000000000000071, 12.00000000000000000 ) ) ;
#1352 = CARTESIAN_POINT ( 'NONE',  ( -14.49721676793699920, -8.799999999999998934, -2.000000000000000000 ) ) ;
#1353 = CARTESIAN_POINT ( 'NONE',  ( -22.48085295647300086, -14.80000000000000071, -12.00000000000000000 ) ) ;
#1354 = ORIENTED_EDGE ( 'NONE', *, *, #88, .F. ) ;
#1355 = DIRECTION ( 'NONE',  ( -1.836970198721029688E-16, 1.000000000000000000, 0.000000000000000000 ) ) ;
#1356 = DIRECTION ( 'NONE',  ( -1.836970198721029688E-16, 1.000000000000000000, 0.000000000000000000 ) ) ;
#1357 = FACE_OUTER_BOUND ( 'NONE', #382, .T. ) ;
#1358 = VERTEX_POINT ( 'NONE', #2119 ) ;
#1359 = VECTOR ( 'NONE', #707, 1000.000000000000000 ) ;
#1360 = CARTESIAN_POINT ( 'NONE',  ( -20.38687308764313499, -14.80000000000000071, 20.38687308764327710 ) ) ;
#1361 = CIRCLE ( 'NONE', #739, 0.8999999999999998002 ) ;
#1362 = AXIS2_PLACEMENT_3D ( 'NONE', #1832, #415, #2226 ) ;
#1363 = EDGE_CURVE ( 'NONE', #87, #1205, #316, .T. ) ;
#1364 = VERTEX_POINT ( 'NONE', #2160 ) ;
#1365 = DIRECTION ( 'NONE',  ( -0.000000000000000000, 1.000000000000000000, -0.000000000000000000 ) ) ;
#1366 = DIRECTION ( 'NONE',  ( -1.892425610156516875E-16, 1.000000000000000000, 0.000000000000000000 ) ) ;
#1367 = LINE ( 'NONE', #41, #1872 ) ;
#1368 = ADVANCED_FACE ( 'NONE', ( #1229 ), #150, .F. ) ;
#1369 = ORIENTED_EDGE ( 'NONE', *, *, #1424, .T. ) ;
#1370 = DIRECTION ( 'NONE',  ( 1.000000000000000000, 1.892425610156516875E-16, 0.000000000000000000 ) ) ;
#1371 = AXIS2_PLACEMENT_3D ( 'NONE', #836, #607, #1525 ) ;
#1372 = CARTESIAN_POINT ( 'NONE',  ( -2.880211829158750181, 0.2000000000000017597, -10.44774230492995848 ) ) ;
#1373 = DIRECTION ( 'NONE',  ( -1.836970198721029688E-16, 1.000000000000000000, 0.000000000000000000 ) ) ;
#1374 = ADVANCED_FACE ( 'NONE', ( #1898, #2587 ), #1453, .T. ) ;
#1375 = ORIENTED_EDGE ( 'NONE', *, *, #1633, .F. ) ;
#1376 = PLANE ( 'NONE',  #2846 ) ;
#1377 = CARTESIAN_POINT ( 'NONE',  ( 28.51914704352699914, -14.29999999999999893, -16.00000000000000000 ) ) ;
#1378 = FACE_OUTER_BOUND ( 'NONE', #1925, .T. ) ;
#1379 = DIRECTION ( 'NONE',  ( -1.836970198721029688E-16, 1.000000000000000000, 0.000000000000000000 ) ) ;
#1380 = CYLINDRICAL_SURFACE ( 'NONE', #1443, 1.700000000000001954 ) ;
#1381 = EDGE_CURVE ( 'NONE', #1419, #801, #1950, .T. ) ;
#1382 = CYLINDRICAL_SURFACE ( 'NONE', #442, 1.350000000000000533 ) ;
#1383 = DIRECTION ( 'NONE',  ( -1.836970198721029688E-16, 1.000000000000000000, 0.000000000000000000 ) ) ;
#1384 = ORIENTED_EDGE ( 'NONE', *, *, #1, .T. ) ;
#1385 = DIRECTION ( 'NONE',  ( -0.9615676393087543294, 0.000000000000000000, -0.2745681609986660443 ) ) ;
#1386 = EDGE_CURVE ( 'NONE', #480, #1966, #862, .T. ) ;
#1387 = DIRECTION ( 'NONE',  ( -1.836970198721029441E-16, 1.000000000000000000, 0.000000000000000000 ) ) ;
#1388 = EDGE_LOOP ( 'NONE', ( #1301, #473, #2691, #500 ) ) ;
#1389 = AXIS2_PLACEMENT_3D ( 'NONE', #1442, #291, #973 ) ;
#1390 = CYLINDRICAL_SURFACE ( 'NONE', #1575, 3.249999999999999556 ) ;
#1391 = CIRCLE ( 'NONE', #908, 1.899999999999999023 ) ;
#1392 = VECTOR ( 'NONE', #1928, 1000.000000000000000 ) ;
#1393 = CYLINDRICAL_SURFACE ( 'NONE', #1837, 3.249999999999999556 ) ;
#1394 = VECTOR ( 'NONE', #1251, 1000.000000000000114 ) ;
#1395 = CARTESIAN_POINT ( 'NONE',  ( -16.39721676793699956, 0.1999999999999993172, -2.000000000000000000 ) ) ;
#1396 = ORIENTED_EDGE ( 'NONE', *, *, #925, .F. ) ;
#1397 = DIRECTION ( 'NONE',  ( 0.000000000000000000, 0.000000000000000000, 1.000000000000000000 ) ) ;
#1398 = AXIS2_PLACEMENT_3D ( 'NONE', #2644, #2447, #2217 ) ;
#1399 = CYLINDRICAL_SURFACE ( 'NONE', #400, 3.249999999999999556 ) ;
#1400 = FACE_OUTER_BOUND ( 'NONE', #1295, .T. ) ;
#1401 = ORIENTED_EDGE ( 'NONE', *, *, #2577, .T. ) ;
#1402 = EDGE_CURVE ( 'NONE', #480, #1364, #2340, .T. ) ;
#1403 = LINE ( 'NONE', #1180, #432 ) ;
#1404 = CARTESIAN_POINT ( 'NONE',  ( 16.53551085499100282, -8.799999999999993605, 2.000000000000000000 ) ) ;
#1405 = ORIENTED_EDGE ( 'NONE', *, *, #1293, .T. ) ;
#1406 = APPROVAL ( #2455, 'UNSPECIFIED' ) ;
#1407 = CIRCLE ( 'NONE', #2474, 1.700000000000000178 ) ;
#1408 = ADVANCED_FACE ( 'NONE', ( #795 ), #563, .F. ) ;
#1409 = CARTESIAN_POINT ( 'NONE',  ( -12.38085295647299766, -14.80000000000000071, -10.00000000000000000 ) ) ;
#1410 = AXIS2_PLACEMENT_3D ( 'NONE', #2385, #1504, #403 ) ;
#1411 = FACE_BOUND ( 'NONE', #575, .T. ) ;
#1412 = EDGE_LOOP ( 'NONE', ( #1158, #1120 ) ) ;
#1413 = DIRECTION ( 'NONE',  ( 0.000000000000000000, 0.000000000000000000, 1.000000000000000000 ) ) ;
#1414 = CARTESIAN_POINT ( 'NONE',  ( -20.78085295647299446, -12.20000000000000107, 12.00000000000000000 ) ) ;
#1415 = ORIENTED_EDGE ( 'NONE', *, *, #1689, .F. ) ;
#1416 = CARTESIAN_POINT ( 'NONE',  ( -2.633100484259955465, -8.799999999999997158, -11.31315318030784667 ) ) ;
#1417 = ORIENTED_EDGE ( 'NONE', *, *, #2365, .T. ) ;
#1418 = CARTESIAN_POINT ( 'NONE',  ( -25.98085295647300441, -14.80000000000000249, 14.79289321881344677 ) ) ;
#1419 = VERTEX_POINT ( 'NONE', #1483 ) ;
#1420 = VECTOR ( 'NONE', #1011, 1000.000000000000114 ) ;
#1421 = CARTESIAN_POINT ( 'NONE',  ( -22.48085295647299731, -12.20000000000000107, 12.00000000000000000 ) ) ;
#1422 = VERTEX_POINT ( 'NONE', #1496 ) ;
#1423 = AXIS2_PLACEMENT_3D ( 'NONE', #535, #1918, #1656 ) ;
#1424 = EDGE_CURVE ( 'NONE', #919, #900, #1695, .T. ) ;
#1425 = CARTESIAN_POINT ( 'NONE',  ( -10.82264973081037773, -8.799999999999998934, -6.535889741755010363 ) ) ;
#1426 = EDGE_CURVE ( 'NONE', #178, #2539, #104, .T. ) ;
#1427 = CARTESIAN_POINT ( 'NONE',  ( -25.48085295647299731, -14.30000000000000959, -16.00000000000000000 ) ) ;
#1428 = ORIENTED_EDGE ( 'NONE', *, *, #654, .T. ) ;
#1429 = LINE ( 'NONE', #997, #7 ) ;
#1430 = PLANE ( 'NONE',  #588 ) ;
#1431 = ORIENTED_EDGE ( 'NONE', *, *, #408, .T. ) ;
#1432 = DIRECTION ( 'NONE',  ( 0.000000000000000000, 0.000000000000000000, -1.000000000000000000 ) ) ;
#1433 = EDGE_LOOP ( 'NONE', ( #2408, #2734 ) ) ;
#1434 = CARTESIAN_POINT ( 'NONE',  ( 18.43551085499100139, 0.2000000000000057010, -2.000000000000000000 ) ) ;
#1435 = ORIENTED_EDGE ( 'NONE', *, *, #980, .F. ) ;
#1436 = CARTESIAN_POINT ( 'NONE',  ( -25.48085295647299731, -14.80000000000000249, -16.00000000000000000 ) ) ;
#1437 = ORIENTED_EDGE ( 'NONE', *, *, #2733, .T. ) ;
#1438 = EDGE_CURVE ( 'NONE', #2864, #1419, #1287, .T. ) ;
#1439 = CARTESIAN_POINT ( 'NONE',  ( -14.49721676793699920, -8.799999999999998934, -2.000000000000000000 ) ) ;
#1440 = DATE_TIME_ROLE ( 'classification_date' ) ;
#1441 = DIRECTION ( 'NONE',  ( -0.000000000000000000, 1.000000000000000000, -0.000000000000000000 ) ) ;
#1442 = CARTESIAN_POINT ( 'NONE',  ( 24.51914704352699914, -8.799999999999991829, 12.00000000000000000 ) ) ;
#1443 = AXIS2_PLACEMENT_3D ( 'NONE', #2270, #243, #418 ) ;
#1444 = DIRECTION ( 'NONE',  ( -1.000000000000000000, 0.000000000000000000, 0.000000000000000000 ) ) ;
#1445 = CIRCLE ( 'NONE', #779, 2.100000000000000977 ) ;
#1446 = ORIENTED_EDGE ( 'NONE', *, *, #1273, .T. ) ;
#1447 = DIRECTION ( 'NONE',  ( -1.000000000000000000, 0.000000000000000000, 0.000000000000000000 ) ) ;
#1448 = ORIENTED_EDGE ( 'NONE', *, *, #766, .T. ) ;
#1449 = CARTESIAN_POINT ( 'NONE',  ( -14.48085295647299908, -10.80000000000000071, -10.00000000000000000 ) ) ;
#1450 = CIRCLE ( 'NONE', #342, 0.9000000000000032419 ) ;
#1451 = FACE_OUTER_BOUND ( 'NONE', #1558, .T. ) ;
#1452 = ORIENTED_EDGE ( 'NONE', *, *, #1460, .T. ) ;
#1453 = PLANE ( 'NONE',  #300 ) ;
#1454 = VECTOR ( 'NONE', #2908, 1000.000000000000000 ) ;
#1455 = LINE ( 'NONE', #2829, #1514 ) ;
#1456 = VECTOR ( 'NONE', #1079, 1000.000000000000000 ) ;
#1457 = CYLINDRICAL_SURFACE ( 'NONE', #907, 1.700000000000001954 ) ;
#1458 = AXIS2_PLACEMENT_3D ( 'NONE', #2640, #1366, #2685 ) ;
#1459 = FACE_OUTER_BOUND ( 'NONE', #1140, .T. ) ;
#1460 = EDGE_CURVE ( 'NONE', #716, #2898, #806, .T. ) ;
#1461 = ORIENTED_EDGE ( 'NONE', *, *, #2152, .T. ) ;
#1462 = DIRECTION ( 'NONE',  ( 0.000000000000000000, 0.000000000000000000, 1.000000000000000000 ) ) ;
#1463 = VERTEX_POINT ( 'NONE', #2376 ) ;
#1464 = LINE ( 'NONE', #1676, #819 ) ;
#1465 = ORIENTED_EDGE ( 'NONE', *, *, #886, .T. ) ;
#1466 = EDGE_CURVE ( 'NONE', #1840, #2278, #354, .T. ) ;
#1467 = VERTEX_POINT ( 'NONE', #1726 ) ;
#1468 = CARTESIAN_POINT ( 'NONE',  ( 27.51914704352699559, -14.79999999999999183, 16.00000000000000000 ) ) ;
#1469 = VERTEX_POINT ( 'NONE', #2174 ) ;
#1470 = DIRECTION ( 'NONE',  ( 1.000000000000000000, 1.892425610156516875E-16, 0.000000000000000000 ) ) ;
#1471 = CIRCLE ( 'NONE', #2534, 1.700000000000000178 ) ;
#1472 = CARTESIAN_POINT ( 'NONE',  ( 16.51914704352700269, -14.80100000000001081, 10.00000000000000178 ) ) ;
#1473 = CARTESIAN_POINT ( 'NONE',  ( -22.48085295647300086, -14.80000000000000071, -13.70000000000000107 ) ) ;
#1474 = LINE ( 'NONE', #2783, #742 ) ;
#1475 = ORIENTED_EDGE ( 'NONE', *, *, #1087, .F. ) ;
#1476 = CARTESIAN_POINT ( 'NONE',  ( -14.48085295647299908, -10.80000000000000071, -10.00000000000000000 ) ) ;
#1477 = ORIENTED_EDGE ( 'NONE', *, *, #1027, .T. ) ;
#1478 = CARTESIAN_POINT ( 'NONE',  ( -22.48085295647299731, -12.20000000000000107, 12.00000000000000000 ) ) ;
#1479 = EDGE_CURVE ( 'NONE', #2030, #2407, #1767, .T. ) ;
#1480 = ORIENTED_EDGE ( 'NONE', *, *, #632, .F. ) ;
#1481 = DIRECTION ( 'NONE',  ( -1.000000000000000000, -1.807003620809173399E-16, 0.000000000000000000 ) ) ;
#1482 = EDGE_LOOP ( 'NONE', ( #2265, #1853 ) ) ;
#1483 = CARTESIAN_POINT ( 'NONE',  ( -17.48085295647299731, -8.800000000000000711, 10.00000000000000178 ) ) ;
#1484 = ADVANCED_FACE ( 'NONE', ( #1052, #832 ), #1741, .F. ) ;
#1485 = DIRECTION ( 'NONE',  ( -1.892425610156516875E-16, 1.000000000000000000, 0.000000000000000000 ) ) ;
#1486 = PLANE ( 'NONE',  #2460 ) ;
#1487 = DIRECTION ( 'NONE',  ( -1.000000000000000000, 0.000000000000000000, 0.000000000000000000 ) ) ;
#1488 = AXIS2_PLACEMENT_3D ( 'NONE', #1175, #660, #1791 ) ;
#1489 = LINE ( 'NONE', #1960, #1454 ) ;
#1490 = VERTEX_POINT ( 'NONE', #269 ) ;
#1491 = AXIS2_PLACEMENT_3D ( 'NONE', #2050, #2264, #49 ) ;
#1492 = CARTESIAN_POINT ( 'NONE',  ( 24.51914704352699914, -8.799999999999991829, 13.70000000000000284 ) ) ;
#1493 = ADVANCED_FACE ( 'NONE', ( #2079 ), #777, .T. ) ;
#1494 = ORIENTED_EDGE ( 'NONE', *, *, #1386, .F. ) ;
#1495 = AXIS2_PLACEMENT_3D ( 'NONE', #2419, #2023, #903 ) ;
#1496 = CARTESIAN_POINT ( 'NONE',  ( -26.48085295647299731, -14.30000000000000959, 15.00000000000000000 ) ) ;
#1497 = VERTEX_POINT ( 'NONE', #747 ) ;
#1498 = DIRECTION ( 'NONE',  ( -0.000000000000000000, 1.000000000000000000, -0.000000000000000000 ) ) ;
#1499 = ADVANCED_FACE ( 'NONE', ( #1451 ), #711, .F. ) ;
#1500 = AXIS2_PLACEMENT_3D ( 'NONE', #842, #1310, #2686 ) ;
#1501 = DIRECTION ( 'NONE',  ( 0.000000000000000000, 0.000000000000000000, -1.000000000000000000 ) ) ;
#1502 = ORIENTED_EDGE ( 'NONE', *, *, #2823, .F. ) ;
#1503 = VECTOR ( 'NONE', #1586, 1000.000000000000000 ) ;
#1504 = DIRECTION ( 'NONE',  ( -0.7071067811865475727, -0.7071067811865475727, -0.000000000000000000 ) ) ;
#1505 = CARTESIAN_POINT ( 'NONE',  ( 2.577350269189625287, 0.2000000000000027867, 0.000000000000000000 ) ) ;
#1506 = ORIENTED_EDGE ( 'NONE', *, *, #1093, .F. ) ;
#1507 = ORIENTED_EDGE ( 'NONE', *, *, #1044, .T. ) ;
#1508 = AXIS2_PLACEMENT_3D ( 'NONE', #2670, #2016, #1152 ) ;
#1509 = LINE ( 'NONE', #1492, #1009 ) ;
#1510 = EDGE_LOOP ( 'NONE', ( #2205, #1790 ) ) ;
#1511 = DIRECTION ( 'NONE',  ( -1.000000000000000000, 0.000000000000000000, 0.000000000000000000 ) ) ;
#1512 = ORIENTED_EDGE ( 'NONE', *, *, #1670, .F. ) ;
#1513 = EDGE_CURVE ( 'NONE', #178, #1614, #1677, .T. ) ;
#1514 = VECTOR ( 'NONE', #2875, 1000.000000000000000 ) ;
#1515 = CARTESIAN_POINT ( 'NONE',  ( -22.48085295647300086, -8.800000000000000711, -12.00000000000000000 ) ) ;
#1516 = FACE_OUTER_BOUND ( 'NONE', #126, .T. ) ;
#1517 = EDGE_CURVE ( 'NONE', #547, #2003, #1196, .T. ) ;
#1518 = LINE ( 'NONE', #1702, #1641 ) ;
#1519 = DIRECTION ( 'NONE',  ( 1.836970198721029688E-16, -1.000000000000000000, -0.000000000000000000 ) ) ;
#1520 = VERTEX_POINT ( 'NONE', #1886 ) ;
#1521 = VERTEX_POINT ( 'NONE', #935 ) ;
#1522 = LINE ( 'NONE', #2158, #2190 ) ;
#1523 = ORIENTED_EDGE ( 'NONE', *, *, #303, .T. ) ;
#1524 = CARTESIAN_POINT ( 'NONE',  ( -25.48085295647299020, -14.30000000000000959, 16.00000000000000000 ) ) ;
#1525 = DIRECTION ( 'NONE',  ( 0.000000000000000000, 0.000000000000000000, 1.000000000000000000 ) ) ;
#1526 = EDGE_CURVE ( 'NONE', #900, #34, #2788, .T. ) ;
#1527 = FACE_OUTER_BOUND ( 'NONE', #1236, .T. ) ;
#1528 = DIRECTION ( 'NONE',  ( 0.000000000000000000, 0.000000000000000000, -1.000000000000000000 ) ) ;
#1529 = DIRECTION ( 'NONE',  ( 1.000000000000000000, 1.836970198721029688E-16, 0.000000000000000000 ) ) ;
#1530 = PRODUCT_RELATED_PRODUCT_CATEGORY ( 'detail', '', ( #2309 ) ) ;
#1531 = EDGE_LOOP ( 'NONE', ( #417, #756, #1723, #1710 ) ) ;
#1532 = CIRCLE ( 'NONE', #1762, 1.700000000000000178 ) ;
#1533 = DIRECTION ( 'NONE',  ( -1.000000000000000000, -1.836970198721029441E-16, 0.000000000000000000 ) ) ;
#1534 = ORIENTED_EDGE ( 'NONE', *, *, #2491, .F. ) ;
#1535 = FACE_OUTER_BOUND ( 'NONE', #379, .T. ) ;
#1536 = VECTOR ( 'NONE', #360, 1000.000000000000000 ) ;
#1537 = AXIS2_PLACEMENT_3D ( 'NONE', #1449, #2337, #2350 ) ;
#1538 = CIRCLE ( 'NONE', #252, 1.350000000000000533 ) ;
#1539 = FACE_OUTER_BOUND ( 'NONE', #1182, .T. ) ;
#1540 = CARTESIAN_POINT ( 'NONE',  ( 16.53551085499100282, -8.799999999999993605, -3.899999999999999023 ) ) ;
#1541 = ORIENTED_EDGE ( 'NONE', *, *, #702, .F. ) ;
#1542 = CARTESIAN_POINT ( 'NONE',  ( -17.48085295647300086, -10.80000000000000071, -10.00000000000000000 ) ) ;
#1543 = CARTESIAN_POINT ( 'NONE',  ( 18.61914704352700412, -10.79999999999999361, 10.00000000000000178 ) ) ;
#1544 = ORIENTED_EDGE ( 'NONE', *, *, #2808, .T. ) ;
#1545 = EDGE_CURVE ( 'NONE', #792, #2800, #762, .T. ) ;
#1546 = AXIS2_PLACEMENT_3D ( 'NONE', #1861, #2730, #1643 ) ;
#1547 = CARTESIAN_POINT ( 'NONE',  ( 28.16559365293373318, -14.79999999999999183, -14.64644660940673226 ) ) ;
#1548 = ORIENTED_EDGE ( 'NONE', *, *, #2225, .F. ) ;
#1549 = PLANE ( 'NONE',  #201 ) ;
#1550 = VERTEX_POINT ( 'NONE', #2553 ) ;
#1551 = EDGE_CURVE ( 'NONE', #547, #1193, #580, .T. ) ;
#1552 = DIRECTION ( 'NONE',  ( -1.892425610156517122E-16, 1.000000000000000000, -0.000000000000000000 ) ) ;
#1553 = DIRECTION ( 'NONE',  ( -1.836970198721029688E-16, 1.000000000000000000, 0.000000000000000000 ) ) ;
#1554 = CIRCLE ( 'NONE', #549, 3.000000000000000888 ) ;
#1555 = FACE_OUTER_BOUND ( 'NONE', #2283, .T. ) ;
#1556 = AXIS2_PLACEMENT_3D ( 'NONE', #122, #1026, #1713 ) ;
#1557 = DIRECTION ( 'NONE',  ( -0.000000000000000000, 1.000000000000000000, -0.000000000000000000 ) ) ;
#1558 = EDGE_LOOP ( 'NONE', ( #372, #2462, #2218, #2201 ) ) ;
#1559 = CARTESIAN_POINT ( 'NONE',  ( -17.48085295647300086, -8.800000000000000711, -10.00000000000000000 ) ) ;
#1560 = CARTESIAN_POINT ( 'NONE',  ( -22.48085295647300086, -12.20000000000000107, -12.00000000000000000 ) ) ;
#1561 = ORIENTED_EDGE ( 'NONE', *, *, #645, .F. ) ;
#1562 = EDGE_CURVE ( 'NONE', #945, #1020, #1896, .T. ) ;
#1563 = DIRECTION ( 'NONE',  ( -0.000000000000000000, 1.000000000000000000, -0.000000000000000000 ) ) ;
#1564 = EDGE_CURVE ( 'NONE', #2632, #87, #1211, .T. ) ;
#1565 = CARTESIAN_POINT ( 'NONE',  ( -22.48085295647300086, -8.800000000000000711, -13.70000000000000284 ) ) ;
#1566 = DIRECTION ( 'NONE',  ( -0.000000000000000000, 1.000000000000000000, -0.000000000000000000 ) ) ;
#1567 = DIRECTION ( 'NONE',  ( -1.892425610156516875E-16, 1.000000000000000000, -0.000000000000000000 ) ) ;
#1568 = ORIENTED_EDGE ( 'NONE', *, *, #1981, .F. ) ;
#1569 = CARTESIAN_POINT ( 'NONE',  ( 10.08578643762690241, -8.799999999999995381, 6.745402340387840034 ) ) ;
#1570 = DIRECTION ( 'NONE',  ( -0.7071067811865487940, -1.338146981832765237E-16, -0.7071067811865463515 ) ) ;
#1571 = PLANE ( 'NONE',  #109 ) ;
#1572 = ORIENTED_EDGE ( 'NONE', *, *, #1830, .F. ) ;
#1573 = DIRECTION ( 'NONE',  ( -1.000000000000000000, 0.000000000000000000, 0.000000000000000000 ) ) ;
#1574 = EDGE_CURVE ( 'NONE', #513, #135, #2773, .T. ) ;
#1575 = AXIS2_PLACEMENT_3D ( 'NONE', #2223, #1784, #2511 ) ;
#1576 = VECTOR ( 'NONE', #1895, 1000.000000000000114 ) ;
#1577 = ADVANCED_FACE ( 'NONE', ( #2739 ), #951, .F. ) ;
#1578 = AXIS2_PLACEMENT_3D ( 'NONE', #1779, #180, #2007 ) ;
#1579 = ORIENTED_EDGE ( 'NONE', *, *, #2930, .F. ) ;
#1580 = CARTESIAN_POINT ( 'NONE',  ( 28.51914704352699914, -14.79999999999999183, -15.00000000000000000 ) ) ;
#1581 = EDGE_CURVE ( 'NONE', #2595, #391, #2508, .T. ) ;
#1582 = PERSON_AND_ORGANIZATION ( #463, #173 ) ;
#1583 = DIRECTION ( 'NONE',  ( 0.000000000000000000, 0.000000000000000000, 1.000000000000000000 ) ) ;
#1584 = ORIENTED_EDGE ( 'NONE', *, *, #2166, .F. ) ;
#1585 = DIRECTION ( 'NONE',  ( -0.000000000000000000, 1.000000000000000000, -0.000000000000000000 ) ) ;
#1586 = DIRECTION ( 'NONE',  ( -1.836970198721029688E-16, 1.000000000000000000, 0.000000000000000000 ) ) ;
#1587 = PLANE ( 'NONE',  #865 ) ;
#1588 = ORIENTED_EDGE ( 'NONE', *, *, #2398, .T. ) ;
#1589 = AXIS2_PLACEMENT_3D ( 'NONE', #219, #2699, #433 ) ;
#1590 = DIRECTION ( 'NONE',  ( 0.2745681609986660443, 5.043735292721872455E-17, -0.9615676393087543294 ) ) ;
#1591 = VECTOR ( 'NONE', #1528, 1000.000000000000000 ) ;
#1592 = ADVANCED_FACE ( 'NONE', ( #1855 ), #2052, .T. ) ;
#1593 = CARTESIAN_POINT ( 'NONE',  ( 16.51914704352699914, -10.79999999999999361, -10.00000000000000178 ) ) ;
#1594 = APPROVAL_DATE_TIME ( #1787, #2352 ) ;
#1595 = CARTESIAN_POINT ( 'NONE',  ( -14.48085295647299908, -10.80000000000000071, -10.00000000000000000 ) ) ;
#1596 = ORIENTED_EDGE ( 'NONE', *, *, #143, .T. ) ;
#1597 = FACE_OUTER_BOUND ( 'NONE', #831, .T. ) ;
#1598 = EDGE_CURVE ( 'NONE', #260, #1123, #730, .T. ) ;
#1599 = AXIS2_PLACEMENT_3D ( 'NONE', #2454, #1170, #1151 ) ;
#1600 = CARTESIAN_POINT ( 'NONE',  ( 24.51914704352699914, -14.79999999999999183, -12.00000000000000000 ) ) ;
#1601 = LINE ( 'NONE', #2112, #1768 ) ;
#1602 = ORIENTED_EDGE ( 'NONE', *, *, #863, .T. ) ;
#1603 = CARTESIAN_POINT ( 'NONE',  ( 16.51914704352699914, -8.799999999999993605, 10.00000000000000178 ) ) ;
#1604 = ORIENTED_EDGE ( 'NONE', *, *, #2530, .T. ) ;
#1605 = DIRECTION ( 'NONE',  ( -1.836970198721029688E-16, 1.000000000000000000, 0.000000000000000000 ) ) ;
#1606 = FACE_OUTER_BOUND ( 'NONE', #869, .T. ) ;
#1607 = EDGE_CURVE ( 'NONE', #113, #99, #1350, .T. ) ;
#1608 = CYLINDRICAL_SURFACE ( 'NONE', #262, 0.9000000000000014655 ) ;
#1609 = LINE ( 'NONE', #2087, #2777 ) ;
#1610 = CYLINDRICAL_SURFACE ( 'NONE', #576, 1.899999999999999023 ) ;
#1611 = ORIENTED_EDGE ( 'NONE', *, *, #1725, .F. ) ;
#1612 = CYLINDRICAL_SURFACE ( 'NONE', #1265, 2.100000000000000977 ) ;
#1613 = CARTESIAN_POINT ( 'NONE',  ( 18.61914704352700412, -14.79999999999999361, 10.00000000000000178 ) ) ;
#1614 = VERTEX_POINT ( 'NONE', #2541 ) ;
#1615 = DIRECTION ( 'NONE',  ( 1.836970198721029688E-16, -1.000000000000000000, 0.000000000000000000 ) ) ;
#1616 = EDGE_CURVE ( 'NONE', #1260, #2632, #2324, .T. ) ;
#1617 = DIRECTION ( 'NONE',  ( 0.000000000000000000, 0.000000000000000000, 1.000000000000000000 ) ) ;
#1618 = ORIENTED_EDGE ( 'NONE', *, *, #1258, .F. ) ;
#1619 = FACE_OUTER_BOUND ( 'NONE', #397, .T. ) ;
#1620 = CIRCLE ( 'NONE', #2185, 0.8999999999999984679 ) ;
#1621 = DESIGN_CONTEXT ( 'detailed design', #698, 'design' ) ;
#1622 = CARTESIAN_POINT ( 'NONE',  ( 12.94972441736410040, 0.2000000000000047018, -3.900000000000000355 ) ) ;
#1623 = VECTOR ( 'NONE', #2477, 1000.000000000000000 ) ;
#1624 = DIRECTION ( 'NONE',  ( -1.000000000000000000, 0.000000000000000000, 0.000000000000000000 ) ) ;
#1625 = ORIENTED_EDGE ( 'NONE', *, *, #1, .F. ) ;
#1626 = LINE ( 'NONE', #2072, #1028 ) ;
#1627 = AXIS2_PLACEMENT_3D ( 'NONE', #1659, #2307, #1206 ) ;
#1628 = ORIENTED_EDGE ( 'NONE', *, *, #1919, .T. ) ;
#1629 = DIRECTION ( 'NONE',  ( -1.000000000000000000, 0.000000000000000000, 0.000000000000000000 ) ) ;
#1630 = DIRECTION ( 'NONE',  ( -1.000000000000000000, 0.000000000000000000, 0.000000000000000000 ) ) ;
#1631 = EDGE_LOOP ( 'NONE', ( #5, #2118, #2880, #1979 ) ) ;
#1632 = CARTESIAN_POINT ( 'NONE',  ( -3.196222926588305313, 0.2000000000000017042, -11.29043856474209839 ) ) ;
#1633 = EDGE_CURVE ( 'NONE', #1843, #2434, #1522, .T. ) ;
#1634 = CARTESIAN_POINT ( 'NONE',  ( 18.43551085499100139, -8.799999999999993605, -2.000000000000000000 ) ) ;
#1635 = EDGE_LOOP ( 'NONE', ( #587, #2208, #2630, #2312 ) ) ;
#1636 = ADVANCED_FACE ( 'NONE', ( #2596 ), #1298, .T. ) ;
#1637 = AXIS2_PLACEMENT_3D ( 'NONE', #1476, #112, #1017 ) ;
#1638 = AXIS2_PLACEMENT_3D ( 'NONE', #1372, #2689, #1341 ) ;
#1639 = CIRCLE ( 'NONE', #1423, 3.000000000000000888 ) ;
#1640 = CARTESIAN_POINT ( 'NONE',  ( -10.23866082823991874, -8.799999999999998934, 8.649524351622742913 ) ) ;
#1641 = VECTOR ( 'NONE', #1758, 1000.000000000000000 ) ;
#1642 = CALENDAR_DATE ( 2025, 5, 12 ) ;
#1643 = DIRECTION ( 'NONE',  ( 0.000000000000000000, 0.000000000000000000, 1.000000000000000000 ) ) ;
#1644 = VERTEX_POINT ( 'NONE', #1238 ) ;
#1645 = LINE ( 'NONE', #1669, #734 ) ;
#1646 = CARTESIAN_POINT ( 'NONE',  ( 28.51914704352699914, -14.29999999999999893, 14.99999999999999289 ) ) ;
#1647 = DIRECTION ( 'NONE',  ( -1.000000000000000000, -1.892425610156516875E-16, 0.000000000000000000 ) ) ;
#1648 = ORIENTED_EDGE ( 'NONE', *, *, #1924, .F. ) ;
#1649 = PLANE ( 'NONE',  #2803 ) ;
#1650 = AXIS2_PLACEMENT_3D ( 'NONE', #2266, #1816, #2285 ) ;
#1651 = DIRECTION ( 'NONE',  ( -1.000000000000000000, 0.000000000000000000, 0.000000000000000000 ) ) ;
#1652 = ADVANCED_FACE ( 'NONE', ( #2826 ), #1285, .F. ) ;
#1653 = VERTEX_POINT ( 'NONE', #1722 ) ;
#1654 = FACE_OUTER_BOUND ( 'NONE', #315, .T. ) ;
#1655 = CARTESIAN_POINT ( 'NONE',  ( 10.33289778252569668, -8.799999999999995381, -7.610813215765721118 ) ) ;
#1656 = DIRECTION ( 'NONE',  ( -1.000000000000000000, 0.000000000000000000, 0.000000000000000000 ) ) ;
#1657 = CARTESIAN_POINT ( 'NONE',  ( 16.53551085499100282, 0.2000000000000053402, 3.900000000000000355 ) ) ;
#1658 = VERTEX_POINT ( 'NONE', #2815 ) ;
#1659 = CARTESIAN_POINT ( 'NONE',  ( -13.07456703712661827, -8.799999999999998934, 3.900000000000000355 ) ) ;
#1660 = ORIENTED_EDGE ( 'NONE', *, *, #143, .F. ) ;
#1661 = DIRECTION ( 'NONE',  ( -1.836970198721029688E-16, 1.000000000000000000, 0.000000000000000000 ) ) ;
#1662 = EDGE_LOOP ( 'NONE', ( #335, #2210, #2159, #1336 ) ) ;
#1663 = DIRECTION ( 'NONE',  ( 1.000000000000000000, 0.000000000000000000, -0.000000000000000000 ) ) ;
#1664 = ORIENTED_EDGE ( 'NONE', *, *, #313, .T. ) ;
#1665 = ADVANCED_FACE ( 'NONE', ( #2143 ), #1005, .F. ) ;
#1666 = EDGE_CURVE ( 'NONE', #1966, #159, #102, .T. ) ;
#1667 = FACE_OUTER_BOUND ( 'NONE', #1388, .T. ) ;
#1668 = AXIS2_PLACEMENT_3D ( 'NONE', #331, #509, #71 ) ;
#1669 = CARTESIAN_POINT ( 'NONE',  ( 27.51914704352699559, -14.79999999999999183, 16.00000000000000000 ) ) ;
#1670 = EDGE_CURVE ( 'NONE', #1212, #2354, #676, .T. ) ;
#1671 = DIRECTION ( 'NONE',  ( -1.000000000000000000, 0.000000000000000000, 0.000000000000000000 ) ) ;
#1672 = VECTOR ( 'NONE', #1825, 1000.000000000000000 ) ;
#1673 = ORIENTED_EDGE ( 'NONE', *, *, #606, .T. ) ;
#1674 = DIRECTION ( 'NONE',  ( -1.892425610156516875E-16, 1.000000000000000000, -0.000000000000000000 ) ) ;
#1675 = VERTEX_POINT ( 'NONE', #2172 ) ;
#1676 = CARTESIAN_POINT ( 'NONE',  ( -25.48085295647299020, -14.80000000000000249, 16.00000000000000000 ) ) ;
#1677 = CIRCLE ( 'NONE', #781, 3.000000000000000888 ) ;
#1678 = CARTESIAN_POINT ( 'NONE',  ( -25.12729956587972424, -14.80000000000000249, -15.64644660940673404 ) ) ;
#1679 = ORIENTED_EDGE ( 'NONE', *, *, #256, .F. ) ;
#1680 = DIRECTION ( 'NONE',  ( 0.000000000000000000, 0.000000000000000000, 1.000000000000000000 ) ) ;
#1681 = CIRCLE ( 'NONE', #115, 1.100000000000000311 ) ;
#1682 = CARTESIAN_POINT ( 'NONE',  ( -26.48085295647299731, -14.80000000000000249, 15.00000000000000000 ) ) ;
#1683 = AXIS2_PLACEMENT_3D ( 'NONE', #736, #927, #259 ) ;
#1684 = EDGE_CURVE ( 'NONE', #2851, #2372, #602, .T. ) ;
#1685 = CARTESIAN_POINT ( 'NONE',  ( -11.92264973081035961, -8.799999999999998934, 5.000000000000000000 ) ) ;
#1686 = CC_DESIGN_APPROVAL ( #2352, ( #2002 ) ) ;
#1687 = DIRECTION ( 'NONE',  ( -0.000000000000000000, 1.000000000000000000, -0.000000000000000000 ) ) ;
#1688 = FACE_OUTER_BOUND ( 'NONE', #2756, .T. ) ;
#1689 = EDGE_CURVE ( 'NONE', #2737, #1521, #1693, .T. ) ;
#1690 = ORIENTED_EDGE ( 'NONE', *, *, #1313, .T. ) ;
#1691 = DIRECTION ( 'NONE',  ( -0.000000000000000000, 1.000000000000000000, -0.000000000000000000 ) ) ;
#1692 = ORIENTED_EDGE ( 'NONE', *, *, #2491, .T. ) ;
#1693 = LINE ( 'NONE', #2188, #2806 ) ;
#1694 = ORIENTED_EDGE ( 'NONE', *, *, #1517, .T. ) ;
#1695 = LINE ( 'NONE', #339, #1003 ) ;
#1696 = ORIENTED_EDGE ( 'NONE', *, *, #2804, .F. ) ;
#1697 = VECTOR ( 'NONE', #95, 1000.000000000000000 ) ;
#1698 = VECTOR ( 'NONE', #2904, 1000.000000000000000 ) ;
#1699 = CYLINDRICAL_SURFACE ( 'NONE', #128, 1.100000000000000311 ) ;
#1700 = CARTESIAN_POINT ( 'NONE',  ( 10.98578643762690454, -8.799999999999995381, 6.745402340387840034 ) ) ;
#1701 = EDGE_CURVE ( 'NONE', #2705, #1063, #1963, .T. ) ;
#1702 = CARTESIAN_POINT ( 'NONE',  ( 10.98578643762690277, -8.799999999999995381, -6.745402340387840034 ) ) ;
#1703 = DIRECTION ( 'NONE',  ( -0.000000000000000000, 1.000000000000000000, -0.000000000000000000 ) ) ;
#1704 = ORIENTED_EDGE ( 'NONE', *, *, #849, .F. ) ;
#1705 = CC_DESIGN_DATE_AND_TIME_ASSIGNMENT ( #2214, #1324, ( #2002 ) ) ;
#1706 = ORIENTED_EDGE ( 'NONE', *, *, #2744, .T. ) ;
#1707 = DIRECTION ( 'NONE',  ( -1.000000000000000000, -1.854556347672576164E-16, 0.000000000000000000 ) ) ;
#1708 = ORIENTED_EDGE ( 'NONE', *, *, #1756, .F. ) ;
#1709 = DIRECTION ( 'NONE',  ( -0.000000000000000000, 1.000000000000000000, -0.000000000000000000 ) ) ;
#1710 = ORIENTED_EDGE ( 'NONE', *, *, #886, .F. ) ;
#1711 = ORIENTED_EDGE ( 'NONE', *, *, #629, .F. ) ;
#1712 = EDGE_CURVE ( 'NONE', #1260, #1422, #2869, .T. ) ;
#1713 = DIRECTION ( 'NONE',  ( -1.000000000000000000, -1.724867092590574833E-16, 0.000000000000000000 ) ) ;
#1714 = FACE_BOUND ( 'NONE', #1226, .T. ) ;
#1715 = ORIENTED_EDGE ( 'NONE', *, *, #1164, .T. ) ;
#1716 = LINE ( 'NONE', #2606, #120 ) ;
#1717 = VECTOR ( 'NONE', #413, 1000.000000000000000 ) ;
#1718 = CARTESIAN_POINT ( 'NONE',  ( -10.82264973081036530, 0.2000000000000003164, 5.000000000000000000 ) ) ;
#1719 = ORIENTED_EDGE ( 'NONE', *, *, #2638, .F. ) ;
#1720 = AXIS2_PLACEMENT_3D ( 'NONE', #1209, #1854, #2752 ) ;
#1721 = ORIENTED_EDGE ( 'NONE', *, *, #1729, .F. ) ;
#1722 = CARTESIAN_POINT ( 'NONE',  ( 16.53551085499100282, -8.799999999999993605, -3.899999999999999023 ) ) ;
#1723 = ORIENTED_EDGE ( 'NONE', *, *, #1073, .T. ) ;
#1724 = AXIS2_PLACEMENT_3D ( 'NONE', #1926, #2838, #571 ) ;
#1725 = EDGE_CURVE ( 'NONE', #34, #1467, #1538, .T. ) ;
#1726 = CARTESIAN_POINT ( 'NONE',  ( -6.272649730810380575, 0.2000000000000011768, 0.000000000000000000 ) ) ;
#1727 = ORIENTED_EDGE ( 'NONE', *, *, #1562, .F. ) ;
#1728 = ORIENTED_EDGE ( 'NONE', *, *, #665, .T. ) ;
#1729 = EDGE_CURVE ( 'NONE', #931, #2091, #726, .T. ) ;
#1730 = FACE_OUTER_BOUND ( 'NONE', #1303, .T. ) ;
#1731 = AXIS2_PLACEMENT_3D ( 'NONE', #129, #1247, #1462 ) ;
#1732 = DIRECTION ( 'NONE',  ( 0.7071067811865487940, 1.338146981832765237E-16, 0.7071067811865463515 ) ) ;
#1733 = AXIS2_PLACEMENT_3D ( 'NONE', #647, #437, #233 ) ;
#1734 = DIRECTION ( 'NONE',  ( 1.892425610156516875E-16, -1.000000000000000000, -0.000000000000000000 ) ) ;
#1735 = CARTESIAN_POINT ( 'NONE',  ( -14.48085295647299908, -14.80100000000001792, -10.00000000000000000 ) ) ;
#1736 = ORIENTED_EDGE ( 'NONE', *, *, #579, .F. ) ;
#1737 = LOCAL_TIME ( 12, 1, 36.00000000000000000, #2242 ) ;
#1738 = EDGE_LOOP ( 'NONE', ( #2450, #181, #516, #1502 ) ) ;
#1739 = CARTESIAN_POINT ( 'NONE',  ( -14.48085295647299908, -10.80000000000000071, -10.00000000000000000 ) ) ;
#1740 = ORIENTED_EDGE ( 'NONE', *, *, #2776, .F. ) ;
#1741 = PLANE ( 'NONE',  #1305 ) ;
#1742 = EDGE_LOOP ( 'NONE', ( #1252, #2642, #2568, #727 ) ) ;
#1743 = EDGE_CURVE ( 'NONE', #2627, #1070, #2284, .T. ) ;
#1744 = VECTOR ( 'NONE', #2468, 1000.000000000000000 ) ;
#1745 = DIRECTION ( 'NONE',  ( -0.000000000000000000, 1.000000000000000000, -0.000000000000000000 ) ) ;
#1746 = CARTESIAN_POINT ( 'NONE',  ( 10.33289778252569668, -8.799999999999995381, -7.610813215765721118 ) ) ;
#1747 = ORIENTED_EDGE ( 'NONE', *, *, #2612, .F. ) ;
#1748 = DIRECTION ( 'NONE',  ( -1.836970198721029688E-16, 1.000000000000000000, 0.000000000000000000 ) ) ;
#1749 = DIRECTION ( 'NONE',  ( -0.000000000000000000, 1.000000000000000000, -0.000000000000000000 ) ) ;
#1750 = ORIENTED_EDGE ( 'NONE', *, *, #2073, .F. ) ;
#1751 = FACE_OUTER_BOUND ( 'NONE', #649, .T. ) ;
#1752 = ORIENTED_EDGE ( 'NONE', *, *, #1574, .F. ) ;
#1753 = CARTESIAN_POINT ( 'NONE',  ( 24.51914704352699914, -8.799999999999991829, 12.00000000000000000 ) ) ;
#1754 = CARTESIAN_POINT ( 'NONE',  ( 28.01914704352700625, -14.79999999999999183, 14.99999999999999289 ) ) ;
#1755 = DIRECTION ( 'NONE',  ( -1.000000000000000000, 0.000000000000000000, -0.000000000000000000 ) ) ;
#1756 = EDGE_CURVE ( 'NONE', #284, #2097, #148, .T. ) ;
#1757 = EDGE_LOOP ( 'NONE', ( #2258, #562, #1148, #794 ) ) ;
#1758 = DIRECTION ( 'NONE',  ( -1.836970198721029688E-16, 1.000000000000000000, 0.000000000000000000 ) ) ;
#1759 = CARTESIAN_POINT ( 'NONE',  ( -20.74042647823640451, -8.800000000000000711, 20.74042647823655017 ) ) ;
#1760 = ORIENTED_EDGE ( 'NONE', *, *, #1068, .F. ) ;
#1761 = EDGE_CURVE ( 'NONE', #1644, #125, #814, .T. ) ;
#1762 = AXIS2_PLACEMENT_3D ( 'NONE', #383, #2207, #1992 ) ;
#1763 = CARTESIAN_POINT ( 'NONE',  ( -10.82264973081036707, -8.799999999999998934, 5.000000000000000000 ) ) ;
#1764 = VERTEX_POINT ( 'NONE', #804 ) ;
#1765 = FACE_OUTER_BOUND ( 'NONE', #1268, .T. ) ;
#1766 = AXIS2_PLACEMENT_3D ( 'NONE', #1753, #2646, #2234 ) ;
#1767 = CIRCLE ( 'NONE', #2327, 2.100000000000000977 ) ;
#1768 = VECTOR ( 'NONE', #75, 1000.000000000000000 ) ;
#1769 = PLANE ( 'NONE',  #887 ) ;
#1770 = CARTESIAN_POINT ( 'NONE',  ( 13.51914704352699914, -10.79999999999999361, -10.00000000000000178 ) ) ;
#1771 = ORIENTED_EDGE ( 'NONE', *, *, #2638, .T. ) ;
#1772 = EDGE_CURVE ( 'NONE', #1070, #839, #1509, .T. ) ;
#1773 = FACE_OUTER_BOUND ( 'NONE', #51, .T. ) ;
#1774 = ORIENTED_EDGE ( 'NONE', *, *, #1332, .T. ) ;
#1775 = AXIS2_PLACEMENT_3D ( 'NONE', #1160, #1223, #723 ) ;
#1776 = DIRECTION ( 'NONE',  ( -1.892425610156517122E-16, 1.000000000000000000, -0.000000000000000000 ) ) ;
#1777 = ADVANCED_FACE ( 'NONE', ( #352 ), #2389, .F. ) ;
#1778 = AXIS2_PLACEMENT_3D ( 'NONE', #1821, #461, #2290 ) ;
#1779 = CARTESIAN_POINT ( 'NONE',  ( -4.922649730810377378, -14.80000000000000959, 0.000000000000000000 ) ) ;
#1780 = ORIENTED_EDGE ( 'NONE', *, *, #1864, .T. ) ;
#1781 = CARTESIAN_POINT ( 'NONE',  ( 24.51914704352699914, -12.19999999999999218, -10.29999999999999716 ) ) ;
#1782 = CIRCLE ( 'NONE', #312, 3.000000000000000888 ) ;
#1783 = DIRECTION ( 'NONE',  ( -1.892425610156516875E-16, 1.000000000000000000, 0.000000000000000000 ) ) ;
#1784 = DIRECTION ( 'NONE',  ( -0.000000000000000000, 1.000000000000000000, -0.000000000000000000 ) ) ;
#1785 = VECTOR ( 'NONE', #655, 1000.000000000000000 ) ;
#1786 = DIRECTION ( 'NONE',  ( 0.000000000000000000, 0.000000000000000000, 1.000000000000000000 ) ) ;
#1787 = DATE_AND_TIME ( #657, #80 ) ;
#1788 = AXIS2_PLACEMENT_3D ( 'NONE', #1593, #2483, #521 ) ;
#1789 = CARTESIAN_POINT ( 'NONE',  ( -25.55986153003226491, -14.10925643016945763, 16.19074356983055196 ) ) ;
#1790 = ORIENTED_EDGE ( 'NONE', *, *, #2058, .T. ) ;
#1791 = DIRECTION ( 'NONE',  ( -1.836970198721029688E-16, 1.000000000000000000, 0.000000000000000000 ) ) ;
#1792 = ADVANCED_FACE ( 'NONE', ( #1808 ), #2204, .F. ) ;
#1793 = CARTESIAN_POINT ( 'NONE',  ( -9.922649730810377378, -8.799999999999998934, -7.806828091810600334 ) ) ;
#1794 = FACE_OUTER_BOUND ( 'NONE', #469, .T. ) ;
#1795 = ORIENTED_EDGE ( 'NONE', *, *, #799, .F. ) ;
#1796 = PLANE ( 'NONE',  #246 ) ;
#1797 = ADVANCED_FACE ( 'NONE', ( #1990 ), #1587, .T. ) ;
#1798 = ORIENTED_EDGE ( 'NONE', *, *, #1574, .T. ) ;
#1799 = EDGE_CURVE ( 'NONE', #729, #931, #2251, .T. ) ;
#1800 = DIRECTION ( 'NONE',  ( -1.836970198721029688E-16, 1.000000000000000000, 0.000000000000000000 ) ) ;
#1801 = ORIENTED_EDGE ( 'NONE', *, *, #275, .F. ) ;
#1802 = DIRECTION ( 'NONE',  ( 0.000000000000000000, 0.000000000000000000, 1.000000000000000000 ) ) ;
#1803 = PERSON_AND_ORGANIZATION_ROLE ( 'design_owner' ) ;
#1804 = CARTESIAN_POINT ( 'NONE',  ( 16.51914704352700269, -14.80100000000001081, -10.00000000000000178 ) ) ;
#1805 = ORIENTED_EDGE ( 'NONE', *, *, #329, .F. ) ;
#1806 = CARTESIAN_POINT ( 'NONE',  ( -14.49721676793699920, -8.799999999999998934, 2.000000000000000000 ) ) ;
#1807 = CARTESIAN_POINT ( 'NONE',  ( 16.51914704352700269, -14.80100000000001081, 10.00000000000000178 ) ) ;
#1808 = FACE_OUTER_BOUND ( 'NONE', #1631, .T. ) ;
#1809 = EDGE_LOOP ( 'NONE', ( #2292, #2014, #2362, #2420 ) ) ;
#1810 = DIRECTION ( 'NONE',  ( -1.836970198721029688E-16, 1.000000000000000000, 0.000000000000000000 ) ) ;
#1811 = EDGE_CURVE ( 'NONE', #2662, #1266, #1450, .T. ) ;
#1812 = VECTOR ( 'NONE', #35, 1000.000000000000000 ) ;
#1813 = AXIS2_PLACEMENT_3D ( 'NONE', #1955, #2817, #1680 ) ;
#1814 = EDGE_CURVE ( 'NONE', #2898, #254, #1995, .T. ) ;
#1815 = AXIS2_PLACEMENT_3D ( 'NONE', #468, #501, #1663 ) ;
#1816 = DIRECTION ( 'NONE',  ( 1.836970198721029688E-16, -1.000000000000000000, -0.000000000000000000 ) ) ;
#1817 =( LENGTH_UNIT ( ) NAMED_UNIT ( * ) SI_UNIT ( .MILLI., .METRE. ) );
#1818 = DIRECTION ( 'NONE',  ( -1.892425610156516875E-16, 1.000000000000000000, -0.000000000000000000 ) ) ;
#1819 = EDGE_LOOP ( 'NONE', ( #297, #1664, #1774, #226 ) ) ;
#1820 = FACE_OUTER_BOUND ( 'NONE', #1040, .T. ) ;
#1821 = CARTESIAN_POINT ( 'NONE',  ( -22.48085295647300086, -14.80000000000000071, -12.00000000000000000 ) ) ;
#1822 = CARTESIAN_POINT ( 'NONE',  ( 16.51914704352699914, -8.799999999999993605, 10.00000000000000178 ) ) ;
#1823 = ORIENTED_EDGE ( 'NONE', *, *, #517, .T. ) ;
#1824 = CIRCLE ( 'NONE', #1869, 1.100000000000000311 ) ;
#1825 = DIRECTION ( 'NONE',  ( -1.836970198721029688E-16, 1.000000000000000000, 0.000000000000000000 ) ) ;
#1826 = AXIS2_PLACEMENT_3D ( 'NONE', #658, #1567, #162 ) ;
#1827 = ORIENTED_EDGE ( 'NONE', *, *, #88, .T. ) ;
#1828 = VECTOR ( 'NONE', #2320, 1000.000000000000000 ) ;
#1829 = ADVANCED_FACE ( 'NONE', ( #1357 ), #889, .T. ) ;
#1830 = EDGE_CURVE ( 'NONE', #2325, #2430, #1144, .T. ) ;
#1831 = PLANE ( 'NONE',  #651 ) ;
#1832 = CARTESIAN_POINT ( 'NONE',  ( 0.000000000000000000, 0.000000000000000000, 0.000000000000000000 ) ) ;
#1833 = CARTESIAN_POINT ( 'NONE',  ( -14.49721676793700098, 0.1999999999999996503, 3.899999999999997691 ) ) ;
#1834 = EDGE_LOOP ( 'NONE', ( #1092, #1750, #1996, #1081 ) ) ;
#1835 = AXIS2_PLACEMENT_3D ( 'NONE', #2326, #2104, #783 ) ;
#1836 = DIRECTION ( 'NONE',  ( 0.6785983445458453334, -0.6785983445458453334, -0.2810846377148288333 ) ) ;
#1837 = AXIS2_PLACEMENT_3D ( 'NONE', #2496, #200, #2015 ) ;
#1838 = CARTESIAN_POINT ( 'NONE',  ( 13.51914704352699914, -8.799999999999993605, 10.00000000000000178 ) ) ;
#1839 = CARTESIAN_POINT ( 'NONE',  ( 27.97194939967481986, -13.20683841071345199, 17.09316158928654517 ) ) ;
#1840 = VERTEX_POINT ( 'NONE', #1342 ) ;
#1841 = CARTESIAN_POINT ( 'NONE',  ( -14.48085295647299553, -10.80000000000000071, 10.00000000000000178 ) ) ;
#1842 = DIRECTION ( 'NONE',  ( 1.000000000000000000, 1.882430564313146451E-16, 5.019814838168390536E-16 ) ) ;
#1843 = VERTEX_POINT ( 'NONE', #2232 ) ;
#1844 = DIRECTION ( 'NONE',  ( -1.000000000000000000, 0.000000000000000000, 0.000000000000000000 ) ) ;
#1845 = CYLINDRICAL_SURFACE ( 'NONE', #1835, 1.700000000000001954 ) ;
#1846 = LINE ( 'NONE', #2070, #2198 ) ;
#1847 = EDGE_CURVE ( 'NONE', #2017, #2003, #2560, .T. ) ;
#1848 = ORIENTED_EDGE ( 'NONE', *, *, #1935, .T. ) ;
#1849 = LINE ( 'NONE', #2031, #2555 ) ;
#1850 = DIRECTION ( 'NONE',  ( -1.000000000000000000, 0.000000000000000000, 0.000000000000000000 ) ) ;
#1851 = DIRECTION ( 'NONE',  ( -1.000000000000000000, -1.892425610156516875E-16, 0.000000000000000000 ) ) ;
#1852 = ADVANCED_FACE ( 'NONE', ( #1794 ), #871, .F. ) ;
#1853 = ORIENTED_EDGE ( 'NONE', *, *, #1743, .T. ) ;
#1854 = DIRECTION ( 'NONE',  ( -1.892425610156516875E-16, 1.000000000000000000, -0.000000000000000000 ) ) ;
#1855 = FACE_OUTER_BOUND ( 'NONE', #833, .T. ) ;
#1856 = ORIENTED_EDGE ( 'NONE', *, *, #2098, .T. ) ;
#1857 = AXIS2_PLACEMENT_3D ( 'NONE', #2604, #597, #2178 ) ;
#1858 = VECTOR ( 'NONE', #2661, 1000.000000000000000 ) ;
#1859 = FACE_OUTER_BOUND ( 'NONE', #688, .T. ) ;
#1860 = VECTOR ( 'NONE', #2755, 1000.000000000000000 ) ;
#1861 = CARTESIAN_POINT ( 'NONE',  ( 24.51914704352699914, -12.19999999999999218, 12.00000000000000000 ) ) ;
#1862 = VERTEX_POINT ( 'NONE', #2690 ) ;
#1863 = DIRECTION ( 'NONE',  ( 0.000000000000000000, 0.000000000000000000, 1.000000000000000000 ) ) ;
#1864 = EDGE_CURVE ( 'NONE', #2403, #1331, #420, .T. ) ;
#1865 = CARTESIAN_POINT ( 'NONE',  ( 24.51914704352699914, -14.79999999999999183, 10.30000000000000071 ) ) ;
#1866 = CARTESIAN_POINT ( 'NONE',  ( 27.51914704352699559, -8.799999999999991829, 16.00000000000000000 ) ) ;
#1867 = VERTEX_POINT ( 'NONE', #1116 ) ;
#1868 = DIRECTION ( 'NONE',  ( -1.836970198721029688E-16, 1.000000000000000000, 0.000000000000000000 ) ) ;
#1869 = AXIS2_PLACEMENT_3D ( 'NONE', #962, #2291, #479 ) ;
#1870 = DIRECTION ( 'NONE',  ( 1.892425610156516875E-16, -1.000000000000000000, -0.000000000000000000 ) ) ;
#1871 = VERTEX_POINT ( 'NONE', #10 ) ;
#1872 = VECTOR ( 'NONE', #1173, 1000.000000000000000 ) ;
#1873 = VECTOR ( 'NONE', #1921, 1000.000000000000000 ) ;
#1874 = CARTESIAN_POINT ( 'NONE',  ( 16.51914704352700269, -14.80100000000001081, -10.00000000000000178 ) ) ;
#1875 = VECTOR ( 'NONE', #1748, 1000.000000000000000 ) ;
#1876 = CALENDAR_DATE ( 2025, 5, 12 ) ;
#1877 = DIRECTION ( 'NONE',  ( -1.000000000000000000, -1.892425610156516875E-16, 0.000000000000000000 ) ) ;
#1878 = CARTESIAN_POINT ( 'NONE',  ( -22.48085295647300086, -8.800000000000000711, -12.00000000000000000 ) ) ;
#1879 = CYLINDRICAL_SURFACE ( 'NONE', #213, 0.8999999999999984679 ) ;
#1880 = CARTESIAN_POINT ( 'NONE',  ( 10.98578643762690099, 0.2000000000000043132, 5.000000000000000000 ) ) ;
#1881 = ORIENTED_EDGE ( 'NONE', *, *, #2930, .T. ) ;
#1882 = EDGE_CURVE ( 'NONE', #2601, #1550, #2085, .T. ) ;
#1883 = CARTESIAN_POINT ( 'NONE',  ( -10.82264973081036352, -8.799999999999998934, 5.000000000000000000 ) ) ;
#1884 = AXIS2_PLACEMENT_3D ( 'NONE', #2027, #1566, #1802 ) ;
#1885 = ORIENTED_EDGE ( 'NONE', *, *, #1386, .T. ) ;
#1886 = CARTESIAN_POINT ( 'NONE',  ( 16.53551085499100282, 0.2000000000000053402, -3.899999999999999023 ) ) ;
#1887 = EDGE_LOOP ( 'NONE', ( #165, #712, #949, #1369 ) ) ;
#1888 = EDGE_CURVE ( 'NONE', #1205, #1658, #2704, .T. ) ;
#1889 = ADVANCED_FACE ( 'NONE', ( #1751 ), #648, .F. ) ;
#1890 = CYLINDRICAL_SURFACE ( 'NONE', #644, 1.899999999999999023 ) ;
#1891 = DIRECTION ( 'NONE',  ( -0.000000000000000000, 1.000000000000000000, -0.000000000000000000 ) ) ;
#1892 = LINE ( 'NONE', #332, #2669 ) ;
#1893 = FACE_OUTER_BOUND ( 'NONE', #1065, .T. ) ;
#1894 = ORIENTED_EDGE ( 'NONE', *, *, #606, .F. ) ;
#1895 = DIRECTION ( 'NONE',  ( -0.9363291775690446572, -1.693767013105668475E-16, 0.3511234415883912607 ) ) ;
#1896 = LINE ( 'NONE', #2799, #820 ) ;
#1897 = ORIENTED_EDGE ( 'NONE', *, *, #1147, .F. ) ;
#1898 = FACE_BOUND ( 'NONE', #2092, .T. ) ;
#1899 = EDGE_CURVE ( 'NONE', #113, #1497, #616, .T. ) ;
#1900 = DIRECTION ( 'NONE',  ( -1.000000000000000000, 0.000000000000000000, 0.000000000000000000 ) ) ;
#1901 = AXIS2_PLACEMENT_3D ( 'NONE', #664, #193, #1084 ) ;
#1902 = EDGE_CURVE ( 'NONE', #1284, #2593, #406, .T. ) ;
#1903 = DIRECTION ( 'NONE',  ( 0.000000000000000000, 0.000000000000000000, -1.000000000000000000 ) ) ;
#1904 = CIRCLE ( 'NONE', #1766, 3.249999999999999556 ) ;
#1905 = LINE ( 'NONE', #2809, #2573 ) ;
#1906 = VECTOR ( 'NONE', #2840, 1000.000000000000114 ) ;
#1907 = LINE ( 'NONE', #2810, #2379 ) ;
#1908 = ORIENTED_EDGE ( 'NONE', *, *, #2281, .T. ) ;
#1909 = DIRECTION ( 'NONE',  ( 0.000000000000000000, 0.000000000000000000, 1.000000000000000000 ) ) ;
#1910 = AXIS2_PLACEMENT_3D ( 'NONE', #1404, #2296, #2066 ) ;
#1911 = DIRECTION ( 'NONE',  ( 0.6785983445458467767, -0.6785983445458467767, 0.2810846377148219499 ) ) ;
#1912 = ORIENTED_EDGE ( 'NONE', *, *, #1564, .F. ) ;
#1913 = DIRECTION ( 'NONE',  ( -1.000000000000000000, -1.892425610156516875E-16, 0.000000000000000000 ) ) ;
#1914 = VECTOR ( 'NONE', #2626, 1000.000000000000000 ) ;
#1915 = ADVANCED_FACE ( 'NONE', ( #662 ), #1571, .T. ) ;
#1916 = CARTESIAN_POINT ( 'NONE',  ( -11.92264973081037738, -8.799999999999998934, -5.000000000000000000 ) ) ;
#1917 = AXIS2_PLACEMENT_3D ( 'NONE', #753, #2328, #304 ) ;
#1918 = DIRECTION ( 'NONE',  ( -1.892425610156516875E-16, 1.000000000000000000, 0.000000000000000000 ) ) ;
#1919 = EDGE_CURVE ( 'NONE', #993, #1135, #1601, .T. ) ;
#1920 = EDGE_LOOP ( 'NONE', ( #2076, #2816 ) ) ;
#1921 = DIRECTION ( 'NONE',  ( -1.892425610156517122E-16, 1.000000000000000000, -0.000000000000000000 ) ) ;
#1922 = DIRECTION ( 'NONE',  ( -1.000000000000000000, 0.000000000000000000, 0.000000000000000000 ) ) ;
#1923 = ORIENTED_EDGE ( 'NONE', *, *, #502, .F. ) ;
#1924 = EDGE_CURVE ( 'NONE', #2153, #570, #484, .T. ) ;
#1925 = EDGE_LOOP ( 'NONE', ( #2053, #603, #2179, #818 ) ) ;
#1926 = CARTESIAN_POINT ( 'NONE',  ( 24.51914704352699914, -14.79999999999999183, 12.00000000000000000 ) ) ;
#1927 = ORIENTED_EDGE ( 'NONE', *, *, #54, .F. ) ;
#1928 = DIRECTION ( 'NONE',  ( -1.892425610156516875E-16, 1.000000000000000000, -0.000000000000000000 ) ) ;
#1929 = AXIS2_PLACEMENT_3D ( 'NONE', #565, #1485, #2366 ) ;
#1930 = CARTESIAN_POINT ( 'NONE',  ( -16.39721676793699956, -8.800000000000000711, 2.000000000000000444 ) ) ;
#1931 = DIRECTION ( 'NONE',  ( -8.279805068032728454E-15, 0.000000000000000000, -1.000000000000000000 ) ) ;
#1932 = ORIENTED_EDGE ( 'NONE', *, *, #1517, .F. ) ;
#1933 = EDGE_LOOP ( 'NONE', ( #1708, #2339, #1188, #1985 ) ) ;
#1934 = LINE ( 'NONE', #809, #2151 ) ;
#1935 = EDGE_CURVE ( 'NONE', #1123, #1520, #2899, .T. ) ;
#1936 = DIRECTION ( 'NONE',  ( -1.836970198721029688E-16, 1.000000000000000000, 0.000000000000000000 ) ) ;
#1937 = ORIENTED_EDGE ( 'NONE', *, *, #450, .T. ) ;
#1938 = ADVANCED_FACE ( 'NONE', ( #691, #1400 ), #2047, .T. ) ;
#1939 = DIRECTION ( 'NONE',  ( -1.836970198721029688E-16, 1.000000000000000000, 0.000000000000000000 ) ) ;
#1940 = ORIENTED_EDGE ( 'NONE', *, *, #1725, .T. ) ;
#1941 = CARTESIAN_POINT ( 'NONE',  ( 16.51914704352700269, -14.79999999999999361, 10.00000000000000178 ) ) ;
#1942 = ORIENTED_EDGE ( 'NONE', *, *, #256, .T. ) ;
#1943 = DIRECTION ( 'NONE',  ( 0.000000000000000000, -0.000000000000000000, -1.000000000000000000 ) ) ;
#1944 = DIRECTION ( 'NONE',  ( -0.5000000000000016653, 0.7071067811865441310, 0.5000000000000032196 ) ) ;
#1945 = DIRECTION ( 'NONE',  ( 0.000000000000000000, 0.000000000000000000, -1.000000000000000000 ) ) ;
#1946 = AXIS2_PLACEMENT_3D ( 'NONE', #2747, #2499, #1370 ) ;
#1947 = LINE ( 'NONE', #569, #441 ) ;
#1948 = VERTEX_POINT ( 'NONE', #1880 ) ;
#1949 = ADVANCED_FACE ( 'NONE', ( #977 ), #2538, .T. ) ;
#1950 = CIRCLE ( 'NONE', #722, 3.000000000000000888 ) ;
#1951 = ORIENTED_EDGE ( 'NONE', *, *, #2708, .F. ) ;
#1952 = CARTESIAN_POINT ( 'NONE',  ( 24.51914704352699914, -8.799999999999991829, -10.29999999999999893 ) ) ;
#1953 = ORIENTED_EDGE ( 'NONE', *, *, #632, .T. ) ;
#1954 = VECTOR ( 'NONE', #2675, 1000.000000000000000 ) ;
#1955 = CARTESIAN_POINT ( 'NONE',  ( -22.48085295647300086, -12.20000000000000107, -12.00000000000000000 ) ) ;
#1956 = CARTESIAN_POINT ( 'NONE',  ( 10.98578643762690277, -8.799999999999995381, 5.000000000000000000 ) ) ;
#1957 = AXIS2_PLACEMENT_3D ( 'NONE', #1235, #988, #1922 ) ;
#1958 = CARTESIAN_POINT ( 'NONE',  ( -11.48085295647299553, -10.80000000000000071, 10.00000000000000178 ) ) ;
#1959 = DIRECTION ( 'NONE',  ( -1.836970198721029688E-16, 1.000000000000000000, 0.000000000000000000 ) ) ;
#1960 = CARTESIAN_POINT ( 'NONE',  ( 24.51914704352699914, -8.799999999999991829, 15.25000000000000000 ) ) ;
#1961 = ORIENTED_EDGE ( 'NONE', *, *, #2300, .F. ) ;
#1962 = APPROVAL_PERSON_ORGANIZATION ( #2792, #2618, #2105 ) ;
#1963 = LINE ( 'NONE', #1952, #628 ) ;
#1964 = ORIENTED_EDGE ( 'NONE', *, *, #1142, .T. ) ;
#1965 = DIRECTION ( 'NONE',  ( -0.000000000000000000, 1.000000000000000000, -0.000000000000000000 ) ) ;
#1966 = VERTEX_POINT ( 'NONE', #2490 ) ;
#1967 = VERTEX_POINT ( 'NONE', #1866 ) ;
#1968 = ADVANCED_FACE ( 'NONE', ( #916 ), #293, .T. ) ;
#1969 = DIRECTION ( 'NONE',  ( -1.000000000000000000, 0.000000000000000000, 0.000000000000000000 ) ) ;
#1970 = EDGE_CURVE ( 'NONE', #1051, #2430, #2470, .T. ) ;
#1971 = LINE ( 'NONE', #198, #527 ) ;
#1972 = ORIENTED_EDGE ( 'NONE', *, *, #960, .T. ) ;
#1973 = DIRECTION ( 'NONE',  ( -0.000000000000000000, 1.000000000000000000, -0.000000000000000000 ) ) ;
#1974 = DIRECTION ( 'NONE',  ( -0.000000000000000000, 1.000000000000000000, -0.000000000000000000 ) ) ;
#1975 = EDGE_LOOP ( 'NONE', ( #890, #215, #679, #220 ) ) ;
#1976 = DIRECTION ( 'NONE',  ( -0.000000000000000000, 1.000000000000000000, -0.000000000000000000 ) ) ;
#1977 = VERTEX_POINT ( 'NONE', #932 ) ;
#1978 = DIRECTION ( 'NONE',  ( 0.000000000000000000, 0.000000000000000000, 1.000000000000000000 ) ) ;
#1979 = ORIENTED_EDGE ( 'NONE', *, *, #1772, .F. ) ;
#1980 = ORIENTED_EDGE ( 'NONE', *, *, #893, .F. ) ;
#1981 = EDGE_CURVE ( 'NONE', #2851, #2586, #2550, .T. ) ;
#1982 = FACE_BOUND ( 'NONE', #1920, .T. ) ;
#1983 = CARTESIAN_POINT ( 'NONE',  ( -16.39721676793699956, 0.1999999999999993172, -2.000000000000000444 ) ) ;
#1984 = EDGE_CURVE ( 'NONE', #933, #2705, #875, .T. ) ;
#1985 = ORIENTED_EDGE ( 'NONE', *, *, #1200, .T. ) ;
#1986 = DIRECTION ( 'NONE',  ( -1.836970198721029688E-16, 1.000000000000000000, 0.000000000000000000 ) ) ;
#1987 = CARTESIAN_POINT ( 'NONE',  ( -9.922649730810379154, 0.2000000000000005107, 7.806828091810600334 ) ) ;
#1988 = EDGE_LOOP ( 'NONE', ( #1049, #1618, #2742, #1384 ) ) ;
#1989 = AXIS2_PLACEMENT_3D ( 'NONE', #1569, #1355, #675 ) ;
#1990 = FACE_OUTER_BOUND ( 'NONE', #1531, .T. ) ;
#1991 = VERTEX_POINT ( 'NONE', #281 ) ;
#1992 = DIRECTION ( 'NONE',  ( 0.000000000000000000, 0.000000000000000000, 1.000000000000000000 ) ) ;
#1993 = AXIS2_PLACEMENT_3D ( 'NONE', #2391, #136, #2145 ) ;
#1994 = EDGE_LOOP ( 'NONE', ( #529, #1224, #1704, #1319 ) ) ;
#1995 = CIRCLE ( 'NONE', #1107, 1.700000000000003508 ) ;
#1996 = ORIENTED_EDGE ( 'NONE', *, *, #609, .T. ) ;
#1997 = DIRECTION ( 'NONE',  ( 0.000000000000000000, 0.000000000000000000, -1.000000000000000000 ) ) ;
#1998 = EDGE_CURVE ( 'NONE', #2539, #1871, #2617, .T. ) ;
#1999 = LINE ( 'NONE', #2665, #1812 ) ;
#2000 = FACE_BOUND ( 'NONE', #1482, .T. ) ;
#2001 = CARTESIAN_POINT ( 'NONE',  ( -22.48085295647299731, -12.20000000000000107, 12.00000000000000000 ) ) ;
#2002 = PRODUCT_DEFINITION ( 'UNKNOWN', '', #685, #1621 ) ;
#2003 = VERTEX_POINT ( 'NONE', #2722 ) ;
#2004 = DIRECTION ( 'NONE',  ( -1.892425610156516875E-16, 1.000000000000000000, -0.000000000000000000 ) ) ;
#2005 = CIRCLE ( 'NONE', #586, 1.899999999999999023 ) ;
#2006 = DIRECTION ( 'NONE',  ( 0.000000000000000000, 0.000000000000000000, 1.000000000000000000 ) ) ;
#2007 = DIRECTION ( 'NONE',  ( -1.000000000000000000, 0.000000000000000000, 0.000000000000000000 ) ) ;
#2008 = EDGE_CURVE ( 'NONE', #2153, #2457, #1192, .T. ) ;
#2009 = VERTEX_POINT ( 'NONE', #2503 ) ;
#2010 = CARTESIAN_POINT ( 'NONE',  ( 16.53551085499100282, -8.799999999999995381, 3.900000000000000355 ) ) ;
#2011 = AXIS2_PLACEMENT_3D ( 'NONE', #2399, #1973, #2821 ) ;
#2012 = CARTESIAN_POINT ( 'NONE',  ( -10.82264973081037951, 0.2000000000000003442, -7.806828091810600334 ) ) ;
#2013 = VECTOR ( 'NONE', #1137, 1000.000000000000000 ) ;
#2014 = ORIENTED_EDGE ( 'NONE', *, *, #1598, .F. ) ;
#2015 = DIRECTION ( 'NONE',  ( 0.000000000000000000, 0.000000000000000000, 1.000000000000000000 ) ) ;
#2016 = DIRECTION ( 'NONE',  ( -1.892425610156516875E-16, 1.000000000000000000, 0.000000000000000000 ) ) ;
#2017 = VERTEX_POINT ( 'NONE', #30 ) ;
#2018 = CARTESIAN_POINT ( 'NONE',  ( 27.31204026234044235, -14.79999999999999183, 15.50000000000000711 ) ) ;
#2019 = VERTEX_POINT ( 'NONE', #2093 ) ;
#2020 = CARTESIAN_POINT ( 'NONE',  ( 2.577350269189625287, 0.2000000000000027867, -1.350000000000000089 ) ) ;
#2021 = EDGE_CURVE ( 'NONE', #2278, #1358, #2075, .T. ) ;
#2022 = LINE ( 'NONE', #2719, #1503 ) ;
#2023 = DIRECTION ( 'NONE',  ( -0.4999999999999991673, 0.7071067811865501263, -0.4999999999999973355 ) ) ;
#2024 = ORIENTED_EDGE ( 'NONE', *, *, #2888, .F. ) ;
#2025 = CARTESIAN_POINT ( 'NONE',  ( -14.49721676793700098, 0.1999999999999996503, -3.900000000000000355 ) ) ;
#2026 = EDGE_CURVE ( 'NONE', #694, #1051, #247, .T. ) ;
#2027 = CARTESIAN_POINT ( 'NONE',  ( 24.51914704352699914, -12.19999999999999218, -12.00000000000000000 ) ) ;
#2028 = PERSON_AND_ORGANIZATION_ROLE ( 'creator' ) ;
#2029 = PLANE ( 'NONE',  #877 ) ;
#2030 = VERTEX_POINT ( 'NONE', #1613 ) ;
#2031 = CARTESIAN_POINT ( 'NONE',  ( -25.81978092151245363, -13.48175551013424744, -16.81824448986576215 ) ) ;
#2032 = DIRECTION ( 'NONE',  ( -1.000000000000000000, 0.000000000000000000, 0.000000000000000000 ) ) ;
#2033 = DIRECTION ( 'NONE',  ( -1.836970198721029688E-16, 1.000000000000000000, 0.000000000000000000 ) ) ;
#2034 = EDGE_LOOP ( 'NONE', ( #740, #772, #1179, #2387 ) ) ;
#2035 = EDGE_CURVE ( 'NONE', #1948, #2156, #1824, .T. ) ;
#2036 = CARTESIAN_POINT ( 'NONE',  ( -22.48085295647299731, -12.20000000000000107, 8.750000000000000000 ) ) ;
#2037 = ORIENTED_EDGE ( 'NONE', *, *, #2035, .F. ) ;
#2038 = VECTOR ( 'NONE', #2406, 1000.000000000000000 ) ;
#2039 = EDGE_CURVE ( 'NONE', #103, #2501, #969, .T. ) ;
#2040 = VECTOR ( 'NONE', #253, 1000.000000000000000 ) ;
#2041 = DIRECTION ( 'NONE',  ( -1.892425610156516875E-16, 1.000000000000000000, 0.000000000000000000 ) ) ;
#2042 = PERSON_AND_ORGANIZATION ( #463, #173 ) ;
#2043 = CYLINDRICAL_SURFACE ( 'NONE', #2718, 3.000000000000000888 ) ;
#2044 = VERTEX_POINT ( 'NONE', #1718 ) ;
#2045 = CARTESIAN_POINT ( 'NONE',  ( 19.51914704352700269, -10.79999999999999361, 10.00000000000000178 ) ) ;
#2046 = DIRECTION ( 'NONE',  ( -1.000000000000000000, 0.000000000000000000, 0.000000000000000000 ) ) ;
#2047 = PLANE ( 'NONE',  #345 ) ;
#2048 = EDGE_LOOP ( 'NONE', ( #1446, #1964, #2071, #407 ) ) ;
#2049 = AXIS2_PLACEMENT_3D ( 'NONE', #390, #1529, #1326 ) ;
#2050 = CARTESIAN_POINT ( 'NONE',  ( 24.51914704352699914, -8.799999999999991829, -12.00000000000000000 ) ) ;
#2051 = AXIS2_PLACEMENT_3D ( 'NONE', #715, #971, #1199 ) ;
#2052 = CYLINDRICAL_SURFACE ( 'NONE', #1910, 1.899999999999999023 ) ;
#2053 = ORIENTED_EDGE ( 'NONE', *, *, #1902, .T. ) ;
#2054 = DIRECTION ( 'NONE',  ( -0.000000000000000000, 1.000000000000000000, -0.000000000000000000 ) ) ;
#2055 = CC_DESIGN_SECURITY_CLASSIFICATION ( #2862, ( #685 ) ) ;
#2056 = EDGE_CURVE ( 'NONE', #1063, #48, #72, .T. ) ;
#2057 = CARTESIAN_POINT ( 'NONE',  ( 18.61914704352700412, -10.79999999999999361, -10.00000000000000178 ) ) ;
#2058 = EDGE_CURVE ( 'NONE', #2478, #2700, #1312, .T. ) ;
#2059 = DIRECTION ( 'NONE',  ( -1.836970198721029688E-16, 1.000000000000000000, 0.000000000000000000 ) ) ;
#2060 = VERTEX_POINT ( 'NONE', #2834 ) ;
#2061 = CARTESIAN_POINT ( 'NONE',  ( -10.82264973081037773, -8.799999999999998934, 7.806828091810600334 ) ) ;
#2062 = CYLINDRICAL_SURFACE ( 'NONE', #119, 2.099999999999999645 ) ;
#2063 = CARTESIAN_POINT ( 'NONE',  ( 16.53551085499100282, 0.2000000000000053402, -2.000000000000000000 ) ) ;
#2064 = ORIENTED_EDGE ( 'NONE', *, *, #1190, .T. ) ;
#2065 = PLANE ( 'NONE',  #2757 ) ;
#2066 = DIRECTION ( 'NONE',  ( -1.000000000000000000, 0.000000000000000000, 0.000000000000000000 ) ) ;
#2067 = EDGE_LOOP ( 'NONE', ( #321, #2233, #2492, #1798 ) ) ;
#2068 = ADVANCED_FACE ( 'NONE', ( #2400, #2155 ), #599, .T. ) ;
#2069 = CARTESIAN_POINT ( 'NONE',  ( -4.922649730810377378, -14.80000000000000959, -1.350000000000000311 ) ) ;
#2070 = CARTESIAN_POINT ( 'NONE',  ( -3.196222926588303981, -8.799999999999997158, -11.29043856474209662 ) ) ;
#2071 = ORIENTED_EDGE ( 'NONE', *, *, #595, .T. ) ;
#2072 = CARTESIAN_POINT ( 'NONE',  ( -16.39721676793699956, -8.800000000000000711, -2.000000000000000444 ) ) ;
#2073 = EDGE_CURVE ( 'NONE', #2659, #2289, #2795, .T. ) ;
#2074 = CARTESIAN_POINT ( 'NONE',  ( 24.51914704352699914, -14.79999999999999183, -10.30000000000000071 ) ) ;
#2075 = LINE ( 'NONE', #1839, #490 ) ;
#2076 = ORIENTED_EDGE ( 'NONE', *, *, #2789, .F. ) ;
#2077 = CARTESIAN_POINT ( 'NONE',  ( 18.61914704352700412, -14.80100000000001081, 10.00000000000000178 ) ) ;
#2078 = ORIENTED_EDGE ( 'NONE', *, *, #2084, .F. ) ;
#2079 = FACE_OUTER_BOUND ( 'NONE', #2048, .T. ) ;
#2080 = ORIENTED_EDGE ( 'NONE', *, *, #534, .F. ) ;
#2081 = CIRCLE ( 'NONE', #1203, 3.000000000000000888 ) ;
#2082 = VECTOR ( 'NONE', #950, 1000.000000000000000 ) ;
#2083 = CARTESIAN_POINT ( 'NONE',  ( 19.51914704352700269, -10.79999999999999361, -10.00000000000000178 ) ) ;
#2084 = EDGE_CURVE ( 'NONE', #2672, #1041, #826, .T. ) ;
#2085 = CIRCLE ( 'NONE', #1578, 1.349999999999999645 ) ;
#2086 = DIRECTION ( 'NONE',  ( -1.000000000000000000, 0.000000000000000000, 0.000000000000000000 ) ) ;
#2087 = CARTESIAN_POINT ( 'NONE',  ( 27.51914704352699914, -14.29999999999999893, -15.99999999999999645 ) ) ;
#2088 = CARTESIAN_POINT ( 'NONE',  ( -14.48085295647299553, -10.80000000000000071, 10.00000000000000178 ) ) ;
#2089 = DIRECTION ( 'NONE',  ( -1.836970198721029688E-16, 1.000000000000000000, 0.000000000000000000 ) ) ;
#2090 = ADVANCED_FACE ( 'NONE', ( #1893 ), #365, .T. ) ;
#2091 = VERTEX_POINT ( 'NONE', #2608 ) ;
#2092 = EDGE_LOOP ( 'NONE', ( #2769, #2448 ) ) ;
#2093 = CARTESIAN_POINT ( 'NONE',  ( 24.51914704352699914, -12.19999999999999218, -8.750000000000000000 ) ) ;
#2094 = ORIENTED_EDGE ( 'NONE', *, *, #2710, .T. ) ;
#2095 = CARTESIAN_POINT ( 'NONE',  ( 14.41914704352700127, -14.80100000000001081, 10.00000000000000178 ) ) ;
#2096 = ORIENTED_EDGE ( 'NONE', *, *, #1970, .F. ) ;
#2097 = VERTEX_POINT ( 'NONE', #377 ) ;
#2098 = EDGE_CURVE ( 'NONE', #2737, #2401, #1681, .T. ) ;
#2099 = AXIS2_PLACEMENT_3D ( 'NONE', #2414, #1095, #447 ) ;
#2100 = DIRECTION ( 'NONE',  ( -1.000000000000000000, 0.000000000000000000, 0.000000000000000000 ) ) ;
#2101 = ORIENTED_EDGE ( 'NONE', *, *, #1545, .F. ) ;
#2102 = CIRCLE ( 'NONE', #2381, 0.9000000000000014655 ) ;
#2103 = CIRCLE ( 'NONE', #1218, 2.099999999999999645 ) ;
#2104 = DIRECTION ( 'NONE',  ( -0.000000000000000000, 1.000000000000000000, -0.000000000000000000 ) ) ;
#2105 = APPROVAL_ROLE ( '' ) ;
#2106 = CARTESIAN_POINT ( 'NONE',  ( -2.633100484259957241, 0.2000000000000018152, -11.31315318030784667 ) ) ;
#2107 = DIRECTION ( 'NONE',  ( -0.000000000000000000, 1.000000000000000000, -0.000000000000000000 ) ) ;
#2108 = CARTESIAN_POINT ( 'NONE',  ( -25.27374617528643697, -14.80000000000000249, 15.50000000000000711 ) ) ;
#2109 = ORIENTED_EDGE ( 'NONE', *, *, #1438, .F. ) ;
#2110 = CLOSED_SHELL ( 'NONE', ( #2594, #2193, #2545, #1499, #2658, #2345, #1282, #1368, #785, #232, #559, #60, #2874, #944, #573, #1792, #2522, #1592, #2335, #518, #835, #872, #1089, #2649, #1829, #812, #1240, #2543, #1968, #852, #196, #131, #325, #237, #124, #2584, #2363, #2090, #1127, #2378, #2206, #2247, #1915, #44, #1636, #2453, #614, #830, #1577, #39, #1797, #2418, #2466, #1493, #344, #682, #1665, #1013, #1777, #108, #708, #392, #905, #1852, #728, #1949, #2832, #983, #2147, #214, #2500, #505, #358, #374, #539, #1484, #249, #443, #2623, #1408, #2313, #1185, #1652, #2068, #488, #1374, #1149, #1938, #1889, #121, #106, #2180 ) ) ;
#2111 = ORIENTED_EDGE ( 'NONE', *, *, #1814, .T. ) ;
#2112 = CARTESIAN_POINT ( 'NONE',  ( 2.577350269189624843, 0.2000000000000027867, 1.350000000000000089 ) ) ;
#2113 = ORIENTED_EDGE ( 'NONE', *, *, #1562, .T. ) ;
#2114 = CARTESIAN_POINT ( 'NONE',  ( 10.98578643762690454, 0.2000000000000043132, 6.745402340387840034 ) ) ;
#2115 = EDGE_CURVE ( 'NONE', #2800, #1299, #333, .T. ) ;
#2116 = CIRCLE ( 'NONE', #1371, 1.700000000000003508 ) ;
#2117 = DIRECTION ( 'NONE',  ( -1.892425610156516875E-16, 1.000000000000000000, 0.000000000000000000 ) ) ;
#2118 = ORIENTED_EDGE ( 'NONE', *, *, #2465, .T. ) ;
#2119 = CARTESIAN_POINT ( 'NONE',  ( 27.51914704352699559, -14.29999999999999893, 16.00000000000000000 ) ) ;
#2120 = EDGE_CURVE ( 'NONE', #1469, #513, #2714, .T. ) ;
#2121 = FACE_OUTER_BOUND ( 'NONE', #1819, .T. ) ;
#2122 = DIRECTION ( 'NONE',  ( 0.000000000000000000, 0.000000000000000000, 1.000000000000000000 ) ) ;
#2123 = FACE_BOUND ( 'NONE', #663, .T. ) ;
#2124 = CARTESIAN_POINT ( 'NONE',  ( 16.53551085499100282, -8.799999999999993605, 2.000000000000000000 ) ) ;
#2125 = ORIENTED_EDGE ( 'NONE', *, *, #1633, .T. ) ;
#2126 = FACE_OUTER_BOUND ( 'NONE', #1738, .T. ) ;
#2127 = CARTESIAN_POINT ( 'NONE',  ( -9.922649730810377378, -8.799999999999998934, 7.806828091810600334 ) ) ;
#2128 = EDGE_CURVE ( 'NONE', #2478, #103, #1947, .T. ) ;
#2129 = EDGE_LOOP ( 'NONE', ( #498, #1728, #349, #242, #369, #592, #2139, #2798 ) ) ;
#2130 = DIRECTION ( 'NONE',  ( -0.000000000000000000, 1.000000000000000000, -0.000000000000000000 ) ) ;
#2131 = DIRECTION ( 'NONE',  ( 0.9363291775690446572, 1.693767013105668475E-16, 0.3511234415883912607 ) ) ;
#2132 = AXIS2_PLACEMENT_3D ( 'NONE', #2435, #1965, #182 ) ;
#2133 = EDGE_CURVE ( 'NONE', #1020, #1490, #2005, .T. ) ;
#2134 = CARTESIAN_POINT ( 'NONE',  ( -26.48085295647299731, -14.80000000000000249, -14.99999999999999289 ) ) ;
#2135 = VECTOR ( 'NONE', #1868, 1000.000000000000000 ) ;
#2136 = LINE ( 'NONE', #2847, #2250 ) ;
#2137 = AXIS2_PLACEMENT_3D ( 'NONE', #191, #1976, #633 ) ;
#2138 = DIRECTION ( 'NONE',  ( -1.000000000000000000, -1.892425610156516875E-16, 0.000000000000000000 ) ) ;
#2139 = ORIENTED_EDGE ( 'NONE', *, *, #199, .T. ) ;
#2140 = AXIS2_PLACEMENT_3D ( 'NONE', #2063, #47, #758 ) ;
#2141 = VERTEX_POINT ( 'NONE', #584 ) ;
#2142 = EDGE_LOOP ( 'NONE', ( #634, #82 ) ) ;
#2143 = FACE_OUTER_BOUND ( 'NONE', #1129, .T. ) ;
#2144 = ORIENTED_EDGE ( 'NONE', *, *, #411, .F. ) ;
#2145 = DIRECTION ( 'NONE',  ( -1.000000000000000000, 0.000000000000000000, 0.000000000000000000 ) ) ;
#2146 = AXIS2_PLACEMENT_3D ( 'NONE', #2768, #266, #743 ) ;
#2147 = ADVANCED_FACE ( 'NONE', ( #2849 ), #2564, .F. ) ;
#2148 = DIRECTION ( 'NONE',  ( -1.836970198721029688E-16, 1.000000000000000000, 0.000000000000000000 ) ) ;
#2149 = VECTOR ( 'NONE', #45, 1000.000000000000000 ) ;
#2150 = LINE ( 'NONE', #1983, #63 ) ;
#2151 = VECTOR ( 'NONE', #611, 1000.000000000000000 ) ;
#2152 = EDGE_CURVE ( 'NONE', #1135, #900, #1167, .T. ) ;
#2153 = VERTEX_POINT ( 'NONE', #348 ) ;
#2154 = PLANE ( 'NONE',  #1410 ) ;
#2155 = FACE_OUTER_BOUND ( 'NONE', #1510, .T. ) ;
#2156 = VERTEX_POINT ( 'NONE', #2169 ) ;
#2157 = ORIENTED_EDGE ( 'NONE', *, *, #2035, .T. ) ;
#2158 = CARTESIAN_POINT ( 'NONE',  ( -22.48085295647299731, -8.800000000000000711, 10.29999999999999893 ) ) ;
#2159 = ORIENTED_EDGE ( 'NONE', *, *, #1761, .T. ) ;
#2160 = CARTESIAN_POINT ( 'NONE',  ( -22.48085295647300086, -8.800000000000000711, -8.750000000000000000 ) ) ;
#2161 = VERTEX_POINT ( 'NONE', #1263 ) ;
#2162 = VECTOR ( 'NONE', #1552, 1000.000000000000000 ) ;
#2163 = ORIENTED_EDGE ( 'NONE', *, *, #36, .F. ) ;
#2164 = AXIS2_PLACEMENT_3D ( 'NONE', #2304, #1202, #986 ) ;
#2165 = DIRECTION ( 'NONE',  ( -1.892425610156516875E-16, 1.000000000000000000, 0.000000000000000000 ) ) ;
#2166 = EDGE_CURVE ( 'NONE', #1967, #2851, #1907, .T. ) ;
#2167 = FACE_BOUND ( 'NONE', #674, .T. ) ;
#2168 = CYLINDRICAL_SURFACE ( 'NONE', #2011, 3.249999999999999556 ) ;
#2169 = CARTESIAN_POINT ( 'NONE',  ( 12.08578643762690064, 0.2000000000000045353, 3.899999999999999911 ) ) ;
#2170 = ORIENTED_EDGE ( 'NONE', *, *, #1729, .T. ) ;
#2171 = VERTEX_POINT ( 'NONE', #824 ) ;
#2172 = CARTESIAN_POINT ( 'NONE',  ( 24.51914704352699914, -8.799999999999991829, -15.25000000000000000 ) ) ;
#2173 = ORIENTED_EDGE ( 'NONE', *, *, #457, .F. ) ;
#2174 = CARTESIAN_POINT ( 'NONE',  ( -10.82264973081037773, -8.799999999999998934, -5.000000000000000000 ) ) ;
#2175 = ORIENTED_EDGE ( 'NONE', *, *, #483, .T. ) ;
#2176 = ORIENTED_EDGE ( 'NONE', *, *, #1256, .T. ) ;
#2177 = CARTESIAN_POINT ( 'NONE',  ( -22.48085295647300086, -12.20000000000000107, -13.70000000000000462 ) ) ;
#2178 = DIRECTION ( 'NONE',  ( 0.7071067811865451302, 1.338146981832758088E-16, -0.7071067811865500152 ) ) ;
#2179 = ORIENTED_EDGE ( 'NONE', *, *, #1545, .T. ) ;
#2180 = ADVANCED_FACE ( 'NONE', ( #1688 ), #2592, .F. ) ;
#2181 = LINE ( 'NONE', #2833, #1591 ) ;
#2182 = AXIS2_PLACEMENT_3D ( 'NONE', #697, #1605, #1844 ) ;
#2183 = DIRECTION ( 'NONE',  ( 0.000000000000000000, 0.000000000000000000, 1.000000000000000000 ) ) ;
#2184 = ORIENTED_EDGE ( 'NONE', *, *, #1998, .T. ) ;
#2185 = AXIS2_PLACEMENT_3D ( 'NONE', #2812, #791, #2581 ) ;
#2186 = EDGE_CURVE ( 'NONE', #2141, #1991, #1489, .T. ) ;
#2187 = ORIENTED_EDGE ( 'NONE', *, *, #2120, .F. ) ;
#2188 = CARTESIAN_POINT ( 'NONE',  ( 12.08578643762690241, -8.799999999999995381, -3.900000000000000355 ) ) ;
#2189 = ORIENTED_EDGE ( 'NONE', *, *, #1256, .F. ) ;
#2190 = VECTOR ( 'NONE', #1066, 1000.000000000000000 ) ;
#2191 = DIRECTION ( 'NONE',  ( 1.892425610156516875E-16, -1.000000000000000000, -0.000000000000000000 ) ) ;
#2192 = EDGE_LOOP ( 'NONE', ( #355, #2375, #1568, #1584 ) ) ;
#2193 = ADVANCED_FACE ( 'NONE', ( #1128 ), #868, .F. ) ;
#2194 = DIRECTION ( 'NONE',  ( -1.000000000000000000, 0.000000000000000000, 0.000000000000000000 ) ) ;
#2195 = CIRCLE ( 'NONE', #1213, 1.700000000000003508 ) ;
#2196 = DIRECTION ( 'NONE',  ( -1.000000000000000000, -1.892425610156516875E-16, 0.000000000000000000 ) ) ;
#2197 = ORIENTED_EDGE ( 'NONE', *, *, #2402, .F. ) ;
#2198 = VECTOR ( 'NONE', #2745, 1000.000000000000114 ) ;
#2199 = CARTESIAN_POINT ( 'NONE',  ( -3.196222926588305313, -8.799999999999997158, 11.29043856474209484 ) ) ;
#2200 = DIRECTION ( 'NONE',  ( 0.000000000000000000, 0.000000000000000000, 1.000000000000000000 ) ) ;
#2201 = ORIENTED_EDGE ( 'NONE', *, *, #337, .F. ) ;
#2202 = AXIS2_PLACEMENT_3D ( 'NONE', #853, #347, #1487 ) ;
#2203 = VERTEX_POINT ( 'NONE', #1543 ) ;
#2204 = CYLINDRICAL_SURFACE ( 'NONE', #2137, 1.700000000000001954 ) ;
#2205 = ORIENTED_EDGE ( 'NONE', *, *, #15, .T. ) ;
#2206 = ADVANCED_FACE ( 'NONE', ( #2443 ), #899, .T. ) ;
#2207 = DIRECTION ( 'NONE',  ( -0.000000000000000000, 1.000000000000000000, -0.000000000000000000 ) ) ;
#2208 = ORIENTED_EDGE ( 'NONE', *, *, #1899, .T. ) ;
#2209 = EDGE_CURVE ( 'NONE', #2726, #1077, #2227, .T. ) ;
#2210 = ORIENTED_EDGE ( 'NONE', *, *, #1048, .F. ) ;
#2211 = VECTOR ( 'NONE', #1333, 1000.000000000000000 ) ;
#2212 = CARTESIAN_POINT ( 'NONE',  ( -10.82264973081037773, -8.799999999999998934, -7.806828091810600334 ) ) ;
#2213 = FACE_BOUND ( 'NONE', #857, .T. ) ;
#2214 = DATE_AND_TIME ( #910, #2529 ) ;
#2215 = DIRECTION ( 'NONE',  ( -0.000000000000000000, 1.000000000000000000, -0.000000000000000000 ) ) ;
#2216 = ORIENTED_EDGE ( 'NONE', *, *, #1551, .F. ) ;
#2217 = DIRECTION ( 'NONE',  ( -1.000000000000000000, 0.000000000000000000, 0.000000000000000000 ) ) ;
#2218 = ORIENTED_EDGE ( 'NONE', *, *, #534, .T. ) ;
#2219 = CARTESIAN_POINT ( 'NONE',  ( 10.98578643762690099, 0.2000000000000043132, 6.535889741755010363 ) ) ;
#2220 = EDGE_CURVE ( 'NONE', #125, #1270, #536, .T. ) ;
#2221 = ORIENTED_EDGE ( 'NONE', *, *, #2412, .F. ) ;
#2222 = LINE ( 'NONE', #1088, #2162 ) ;
#2223 = CARTESIAN_POINT ( 'NONE',  ( -22.48085295647299731, -8.800000000000000711, 12.00000000000000000 ) ) ;
#2224 = LINE ( 'NONE', #1580, #1698 ) ;
#2225 = EDGE_CURVE ( 'NONE', #2434, #2298, #2195, .T. ) ;
#2226 = DIRECTION ( 'NONE',  ( 1.000000000000000000, 0.000000000000000000, 0.000000000000000000 ) ) ;
#2227 = LINE ( 'NONE', #1789, #681 ) ;
#2228 = ORIENTED_EDGE ( 'NONE', *, *, #1426, .T. ) ;
#2229 = CARTESIAN_POINT ( 'NONE',  ( 16.53551085499100282, -8.799999999999993605, -3.899999999999999023 ) ) ;
#2230 = CARTESIAN_POINT ( 'NONE',  ( 24.51914704352699914, -8.799999999999991829, 12.00000000000000000 ) ) ;
#2231 = VECTOR ( 'NONE', #1585, 1000.000000000000000 ) ;
#2232 = CARTESIAN_POINT ( 'NONE',  ( -22.48085295647299731, -14.80000000000000071, 10.30000000000000071 ) ) ;
#2233 = ORIENTED_EDGE ( 'NONE', *, *, #1200, .F. ) ;
#2234 = DIRECTION ( 'NONE',  ( 0.000000000000000000, 0.000000000000000000, 1.000000000000000000 ) ) ;
#2235 = AXIS2_PLACEMENT_3D ( 'NONE', #2900, #874, #1136 ) ;
#2236 = VECTOR ( 'NONE', #90, 1000.000000000000000 ) ;
#2237 = ORIENTED_EDGE ( 'NONE', *, *, #1551, .T. ) ;
#2238 = FACE_BOUND ( 'NONE', #567, .T. ) ;
#2239 = EDGE_CURVE ( 'NONE', #610, #716, #636, .T. ) ;
#2240 = EDGE_LOOP ( 'NONE', ( #2616, #1001, #593, #1897 ) ) ;
#2241 = FACE_OUTER_BOUND ( 'NONE', #1053, .T. ) ;
#2242 = COORDINATED_UNIVERSAL_TIME_OFFSET ( 0, 0, .AHEAD. ) ;
#2243 = CIRCLE ( 'NONE', #1500, 1.899999999999999023 ) ;
#2244 = CYLINDRICAL_SURFACE ( 'NONE', #2099, 1.100000000000000311 ) ;
#2245 = ORIENTED_EDGE ( 'NONE', *, *, #799, .T. ) ;
#2246 = LINE ( 'NONE', #704, #2231 ) ;
#2247 = ADVANCED_FACE ( 'NONE', ( #1773 ), #2244, .F. ) ;
#2248 = CIRCLE ( 'NONE', #2431, 2.100000000000000977 ) ;
#2249 = CYLINDRICAL_SURFACE ( 'NONE', #683, 0.8999999999999998002 ) ;
#2250 = VECTOR ( 'NONE', #1945, 1000.000000000000000 ) ;
#2251 = LINE ( 'NONE', #1763, #1623 ) ;
#2252 = ORIENTED_EDGE ( 'NONE', *, *, #1811, .F. ) ;
#2253 = DIRECTION ( 'NONE',  ( -0.7071067811865500152, -1.338146981832767456E-16, -0.7071067811865451302 ) ) ;
#2254 = VECTOR ( 'NONE', #897, 1000.000000000000000 ) ;
#2255 = CARTESIAN_POINT ( 'NONE',  ( 26.21914704352700198, -12.19999999999999218, -12.00000000000000000 ) ) ;
#2256 = EDGE_CURVE ( 'NONE', #190, #2019, #2293, .T. ) ;
#2257 = CARTESIAN_POINT ( 'NONE',  ( 28.51914704352699914, -8.799999999999991829, -15.00000000000000000 ) ) ;
#2258 = ORIENTED_EDGE ( 'NONE', *, *, #960, .F. ) ;
#2259 = CARTESIAN_POINT ( 'NONE',  ( 2.577350269189628840, -14.80000000000000782, -1.350000000000000089 ) ) ;
#2260 = CARTESIAN_POINT ( 'NONE',  ( 21.75957352176345339, -8.799999999999993605, -21.75957352176352799 ) ) ;
#2261 = EDGE_LOOP ( 'NONE', ( #2615, #167, #2228, #2184 ) ) ;
#2262 = CARTESIAN_POINT ( 'NONE',  ( -10.23866082823991874, -8.799999999999998934, 8.649524351622742913 ) ) ;
#2263 = EDGE_LOOP ( 'NONE', ( #139, #913 ) ) ;
#2264 = DIRECTION ( 'NONE',  ( -0.000000000000000000, 1.000000000000000000, -0.000000000000000000 ) ) ;
#2265 = ORIENTED_EDGE ( 'NONE', *, *, #2300, .T. ) ;
#2266 = CARTESIAN_POINT ( 'NONE',  ( -11.92264973081036139, 0.2000000000000001221, 5.000000000000000000 ) ) ;
#2267 = APPROVAL_STATUS ( 'not_yet_approved' ) ;
#2268 = CARTESIAN_POINT ( 'NONE',  ( 10.08578643762690241, -8.799999999999995381, -6.745402340387840034 ) ) ;
#2269 = ORIENTED_EDGE ( 'NONE', *, *, #1479, .T. ) ;
#2270 = CARTESIAN_POINT ( 'NONE',  ( 24.51914704352699914, -8.799999999999991829, -12.00000000000000000 ) ) ;
#2271 = DIRECTION ( 'NONE',  ( -1.000000000000000000, 0.000000000000000000, 0.000000000000000000 ) ) ;
#2272 = CARTESIAN_POINT ( 'NONE',  ( 28.51914704352699914, -14.79999999999999183, 14.99999999999999289 ) ) ;
#2273 = ORIENTED_EDGE ( 'NONE', *, *, #329, .T. ) ;
#2274 = LINE ( 'NONE', #78, #530 ) ;
#2275 = EDGE_CURVE ( 'NONE', #260, #1653, #2243, .T. ) ;
#2276 = AXIS2_PLACEMENT_3D ( 'NONE', #1300, #1118, #2883 ) ;
#2277 = CARTESIAN_POINT ( 'NONE',  ( -11.92264973081037738, -8.799999999999998934, -3.899999999999999911 ) ) ;
#2278 = VERTEX_POINT ( 'NONE', #2018 ) ;
#2279 = VECTOR ( 'NONE', #558, 1000.000000000000000 ) ;
#2280 = LINE ( 'NONE', #864, #2844 ) ;
#2281 = EDGE_CURVE ( 'NONE', #737, #327, #920, .T. ) ;
#2282 = VECTOR ( 'NONE', #967, 1000.000000000000114 ) ;
#2283 = EDGE_LOOP ( 'NONE', ( #1375, #848, #395, #2639 ) ) ;
#2284 = CIRCLE ( 'NONE', #1724, 1.700000000000000178 ) ;
#2285 = DIRECTION ( 'NONE',  ( -1.000000000000000000, -1.724867092590583214E-16, 0.000000000000000000 ) ) ;
#2286 = DIRECTION ( 'NONE',  ( 1.000000000000000000, 0.000000000000000000, -0.000000000000000000 ) ) ;
#2287 = EDGE_LOOP ( 'NONE', ( #963, #1030, #320, #1112 ) ) ;
#2288 = DIRECTION ( 'NONE',  ( -0.000000000000000000, 1.000000000000000000, -0.000000000000000000 ) ) ;
#2289 = VERTEX_POINT ( 'NONE', #202 ) ;
#2290 = DIRECTION ( 'NONE',  ( 0.000000000000000000, 0.000000000000000000, 1.000000000000000000 ) ) ;
#2291 = DIRECTION ( 'NONE',  ( 1.836970198721029688E-16, -1.000000000000000000, -0.000000000000000000 ) ) ;
#2292 = ORIENTED_EDGE ( 'NONE', *, *, #1935, .F. ) ;
#2293 = CIRCLE ( 'NONE', #1589, 3.249999999999999556 ) ;
#2294 = CARTESIAN_POINT ( 'NONE',  ( 2.577350269189626619, -8.799999999999997158, 1.350000000000000089 ) ) ;
#2295 = AXIS2_PLACEMENT_3D ( 'NONE', #1139, #507, #472 ) ;
#2296 = DIRECTION ( 'NONE',  ( -1.836970198721029688E-16, 1.000000000000000000, 0.000000000000000000 ) ) ;
#2297 = EDGE_CURVE ( 'NONE', #1867, #2141, #211, .T. ) ;
#2298 = VERTEX_POINT ( 'NONE', #2429 ) ;
#2299 = AXIS2_PLACEMENT_3D ( 'NONE', #1032, #1734, #1016 ) ;
#2300 = EDGE_CURVE ( 'NONE', #1070, #2627, #306, .T. ) ;
#2301 = DIRECTION ( 'NONE',  ( -1.000000000000000000, -1.807003620809173399E-16, 0.000000000000000000 ) ) ;
#2302 = FACE_OUTER_BOUND ( 'NONE', #778, .T. ) ;
#2303 = ORIENTED_EDGE ( 'NONE', *, *, #2008, .T. ) ;
#2304 = CARTESIAN_POINT ( 'NONE',  ( 12.08578643762690241, -8.799999999999995381, 5.000000000000000000 ) ) ;
#2305 = CIRCLE ( 'NONE', #1132, 3.000000000000000888 ) ;
#2306 = DIRECTION ( 'NONE',  ( -1.000000000000000000, -1.807003620809174385E-16, 0.000000000000000000 ) ) ;
#2307 = DIRECTION ( 'NONE',  ( 0.000000000000000000, -0.000000000000000000, 1.000000000000000000 ) ) ;
#2308 = VERTEX_POINT ( 'NONE', #2671 ) ;
#2309 = PRODUCT ( 'cut_punch', 'cut_punch', '', ( #1138 ) ) ;
#2310 = DIRECTION ( 'NONE',  ( -1.000000000000000000, 0.000000000000000000, 0.000000000000000000 ) ) ;
#2311 = DIRECTION ( 'NONE',  ( -1.836970198721029688E-16, 1.000000000000000000, 0.000000000000000000 ) ) ;
#2312 = ORIENTED_EDGE ( 'NONE', *, *, #2895, .F. ) ;
#2313 = ADVANCED_FACE ( 'NONE', ( #1111 ), #883, .F. ) ;
#2314 = EDGE_CURVE ( 'NONE', #933, #48, #1062, .T. ) ;
#2315 = DIRECTION ( 'NONE',  ( -1.000000000000000000, -1.882430564313146451E-16, 0.000000000000000000 ) ) ;
#2316 = FACE_OUTER_BOUND ( 'NONE', #1314, .T. ) ;
#2317 = CARTESIAN_POINT ( 'NONE',  ( 24.51914704352699914, -8.799999999999991829, -8.750000000000000000 ) ) ;
#2318 = CARTESIAN_POINT ( 'NONE',  ( -3.196222926588303981, -8.799999999999997158, -11.29043856474209839 ) ) ;
#2319 = EDGE_CURVE ( 'NONE', #1840, #2586, #2922, .T. ) ;
#2320 = DIRECTION ( 'NONE',  ( 0.000000000000000000, -0.000000000000000000, -1.000000000000000000 ) ) ;
#2321 = DIRECTION ( 'NONE',  ( -1.892425610156516875E-16, 1.000000000000000000, 0.000000000000000000 ) ) ;
#2322 = ORIENTED_EDGE ( 'NONE', *, *, #1882, .F. ) ;
#2323 = DIRECTION ( 'NONE',  ( 1.000000000000000000, 1.892425610156516875E-16, 0.000000000000000000 ) ) ;
#2324 = LINE ( 'NONE', #81, #2512 ) ;
#2325 = VERTEX_POINT ( 'NONE', #2879 ) ;
#2326 = CARTESIAN_POINT ( 'NONE',  ( -22.48085295647300086, -8.800000000000000711, -12.00000000000000000 ) ) ;
#2327 = AXIS2_PLACEMENT_3D ( 'NONE', #1941, #2614, #1511 ) ;
#2328 = DIRECTION ( 'NONE',  ( -1.836970198721029688E-16, 1.000000000000000000, 0.000000000000000000 ) ) ;
#2329 = EDGE_CURVE ( 'NONE', #557, #2161, #854, .T. ) ;
#2330 = CARTESIAN_POINT ( 'NONE',  ( -4.922649730810378266, -8.799999999999997158, -1.350000000000000089 ) ) ;
#2331 = DIRECTION ( 'NONE',  ( 0.000000000000000000, -0.000000000000000000, -1.000000000000000000 ) ) ;
#2332 = ORIENTED_EDGE ( 'NONE', *, *, #766, .F. ) ;
#2333 = VERTEX_POINT ( 'NONE', #912 ) ;
#2334 = CARTESIAN_POINT ( 'NONE',  ( -26.48085295647299731, -14.30000000000000959, 16.00000000000000000 ) ) ;
#2335 = ADVANCED_FACE ( 'NONE', ( #2316 ), #241, .T. ) ;
#2336 = EDGE_LOOP ( 'NONE', ( #91, #1625, #2170, #2176 ) ) ;
#2337 = DIRECTION ( 'NONE',  ( -1.892425610156516875E-16, 1.000000000000000000, -0.000000000000000000 ) ) ;
#2338 = DIRECTION ( 'NONE',  ( -1.000000000000000000, -1.807003620809172660E-16, -0.000000000000000000 ) ) ;
#2339 = ORIENTED_EDGE ( 'NONE', *, *, #2854, .F. ) ;
#2340 = LINE ( 'NONE', #93, #672 ) ;
#2341 = CIRCLE ( 'NONE', #2905, 3.249999999999999556 ) ;
#2342 = LOCAL_TIME ( 12, 1, 36.00000000000000000, #2559 ) ;
#2343 = DIRECTION ( 'NONE',  ( -1.000000000000000000, 0.000000000000000000, 0.000000000000000000 ) ) ;
#2344 = DIRECTION ( 'NONE',  ( 1.836970198721029441E-16, -1.000000000000000000, 0.000000000000000000 ) ) ;
#2345 = ADVANCED_FACE ( 'NONE', ( #2547 ), #2043, .F. ) ;
#2346 = DIRECTION ( 'NONE',  ( 0.000000000000000000, 0.000000000000000000, 1.000000000000000000 ) ) ;
#2347 = ORIENTED_EDGE ( 'NONE', *, *, #954, .T. ) ;
#2348 = CARTESIAN_POINT ( 'NONE',  ( -11.92264973081037738, -8.799999999999998934, 3.900000000000000355 ) ) ;
#2349 = ORIENTED_EDGE ( 'NONE', *, *, #2209, .F. ) ;
#2350 = DIRECTION ( 'NONE',  ( -1.000000000000000000, 0.000000000000000000, 0.000000000000000000 ) ) ;
#2351 = AXIS2_PLACEMENT_3D ( 'NONE', #1874, #953, #2743 ) ;
#2352 = APPROVAL ( #2267, 'UNSPECIFIED' ) ;
#2353 = DIRECTION ( 'NONE',  ( -1.836970198721029688E-16, 1.000000000000000000, 0.000000000000000000 ) ) ;
#2354 = VERTEX_POINT ( 'NONE', #1833 ) ;
#2355 = CARTESIAN_POINT ( 'NONE',  ( 16.51914704352699914, -10.79999999999999361, -10.00000000000000178 ) ) ;
#2356 = PLANE ( 'NONE',  #696 ) ;
#2357 = DIRECTION ( 'NONE',  ( -0.000000000000000000, 1.000000000000000000, -0.000000000000000000 ) ) ;
#2358 = LINE ( 'NONE', #1245, #2149 ) ;
#2359 = CARTESIAN_POINT ( 'NONE',  ( 12.08578643762690241, -8.799999999999995381, -5.000000000000000000 ) ) ;
#2360 = ORIENTED_EDGE ( 'NONE', *, *, #1919, .F. ) ;
#2361 = DIRECTION ( 'NONE',  ( 0.000000000000000000, 0.000000000000000000, 1.000000000000000000 ) ) ;
#2362 = ORIENTED_EDGE ( 'NONE', *, *, #2275, .T. ) ;
#2363 = ADVANCED_FACE ( 'NONE', ( #687 ), #2029, .T. ) ;
#2364 = CARTESIAN_POINT ( 'NONE',  ( -22.48085295647299731, -8.800000000000000711, 12.00000000000000000 ) ) ;
#2365 = EDGE_CURVE ( 'NONE', #2141, #1867, #2341, .T. ) ;
#2366 = DIRECTION ( 'NONE',  ( -1.000000000000000000, 0.000000000000000000, 0.000000000000000000 ) ) ;
#2367 = AXIS2_PLACEMENT_3D ( 'NONE', #1685, #2575, #552 ) ;
#2368 = DIRECTION ( 'NONE',  ( -1.892425610156516875E-16, 1.000000000000000000, 0.000000000000000000 ) ) ;
#2369 = VECTOR ( 'NONE', #1709, 1000.000000000000000 ) ;
#2370 = CARTESIAN_POINT ( 'NONE',  ( -17.48085295647299731, -10.80000000000000071, 10.00000000000000178 ) ) ;
#2371 = CARTESIAN_POINT ( 'NONE',  ( -14.48085295647299908, -10.80000000000000071, -10.00000000000000000 ) ) ;
#2372 = VERTEX_POINT ( 'NONE', #2257 ) ;
#2373 = ORIENTED_EDGE ( 'NONE', *, *, #1684, .T. ) ;
#2374 = DIRECTION ( 'NONE',  ( -0.000000000000000000, 1.000000000000000000, -0.000000000000000000 ) ) ;
#2375 = ORIENTED_EDGE ( 'NONE', *, *, #2712, .T. ) ;
#2376 = CARTESIAN_POINT ( 'NONE',  ( 18.61914704352700412, -14.79999999999999361, -10.00000000000000178 ) ) ;
#2377 = ORIENTED_EDGE ( 'NONE', *, *, #1424, .F. ) ;
#2378 = ADVANCED_FACE ( 'NONE', ( #53 ), #1608, .T. ) ;
#2379 = VECTOR ( 'NONE', #788, 1000.000000000000000 ) ;
#2380 = CARTESIAN_POINT ( 'NONE',  ( 26.21914704352700198, -12.19999999999999218, 12.00000000000000000 ) ) ;
#2381 = AXIS2_PLACEMENT_3D ( 'NONE', #523, #537, #1671 ) ;
#2382 = LINE ( 'NONE', #2624, #668 ) ;
#2383 = AXIS2_PLACEMENT_3D ( 'NONE', #2576, #1687, #2346 ) ;
#2384 = ORIENTED_EDGE ( 'NONE', *, *, #275, .T. ) ;
#2385 = CARTESIAN_POINT ( 'NONE',  ( -26.48085295647299731, -14.30000000000000959, -16.00000000000000000 ) ) ;
#2386 = CARTESIAN_POINT ( 'NONE',  ( 24.51914704352699914, -8.799999999999991829, 12.00000000000000000 ) ) ;
#2387 = ORIENTED_EDGE ( 'NONE', *, *, #2854, .T. ) ;
#2388 = ORIENTED_EDGE ( 'NONE', *, *, #1219, .F. ) ;
#2389 = PLANE ( 'NONE',  #2896 ) ;
#2390 = EDGE_LOOP ( 'NONE', ( #1145, #2597, #1448, #2163 ) ) ;
#2391 = CARTESIAN_POINT ( 'NONE',  ( -14.48085295647299553, -10.80000000000000071, 10.00000000000000178 ) ) ;
#2392 = ORIENTED_EDGE ( 'NONE', *, *, #2888, .T. ) ;
#2393 = CIRCLE ( 'NONE', #1884, 3.249999999999999556 ) ;
#2394 = ORIENTED_EDGE ( 'NONE', *, *, #837, .T. ) ;
#2395 = EDGE_CURVE ( 'NONE', #724, #361, #494, .T. ) ;
#2396 = CARTESIAN_POINT ( 'NONE',  ( -22.48085295647300086, -8.800000000000000711, -15.25000000000000000 ) ) ;
#2397 = LINE ( 'NONE', #797, #427 ) ;
#2398 = EDGE_CURVE ( 'NONE', #76, #2601, #2860, .T. ) ;
#2399 = CARTESIAN_POINT ( 'NONE',  ( 24.51914704352699914, -8.799999999999991829, -12.00000000000000000 ) ) ;
#2400 = FACE_BOUND ( 'NONE', #947, .T. ) ;
#2401 = VERTEX_POINT ( 'NONE', #2497 ) ;
#2402 = EDGE_CURVE ( 'NONE', #1497, #1286, #171, .T. ) ;
#2403 = VERTEX_POINT ( 'NONE', #2485 ) ;
#2404 = CARTESIAN_POINT ( 'NONE',  ( 28.51914704352699914, -8.799999999999991829, -16.00000000000000000 ) ) ;
#2405 = ORIENTED_EDGE ( 'NONE', *, *, #2925, .T. ) ;
#2406 = DIRECTION ( 'NONE',  ( 0.000000000000000000, 0.000000000000000000, -1.000000000000000000 ) ) ;
#2407 = VERTEX_POINT ( 'NONE', #458 ) ;
#2408 = ORIENTED_EDGE ( 'NONE', *, *, #1010, .F. ) ;
#2409 = LINE ( 'NONE', #1275, #1420 ) ;
#2410 = LINE ( 'NONE', #1700, #2651 ) ;
#2411 = DIRECTION ( 'NONE',  ( -1.836970198721029688E-16, 1.000000000000000000, 0.000000000000000000 ) ) ;
#2412 = EDGE_CURVE ( 'NONE', #695, #839, #77, .T. ) ;
#2413 = AXIS2_PLACEMENT_3D ( 'NONE', #2693, #1069, #1573 ) ;
#2414 = CARTESIAN_POINT ( 'NONE',  ( 12.08578643762690241, -8.799999999999995381, -5.000000000000000000 ) ) ;
#2415 = ORIENTED_EDGE ( 'NONE', *, *, #1598, .T. ) ;
#2416 = AXIS2_PLACEMENT_3D ( 'NONE', #2364, #2130, #328 ) ;
#2417 = EDGE_LOOP ( 'NONE', ( #1696, #1195, #1727, #2610, #1561, #855, #1228, #1239, #1354, #1721, #761, #393, #2444, #1795, #1923, #2835, #1805, #2187, #238, #1740, #1086, #1648, #486, #1719, #2901, #1221, #709, #2599 ) ) ;
#2418 = ADVANCED_FACE ( 'NONE', ( #1378 ), #2532, .T. ) ;
#2419 = CARTESIAN_POINT ( 'NONE',  ( 21.40602013117027269, -14.79999999999999361, 21.40602013117019808 ) ) ;
#2420 = ORIENTED_EDGE ( 'NONE', *, *, #702, .T. ) ;
#2421 = AXIS2_PLACEMENT_3D ( 'NONE', #1163, #1617, #2526 ) ;
#2422 = LINE ( 'NONE', #2077, #623 ) ;
#2423 = CARTESIAN_POINT ( 'NONE',  ( -16.58085295647299873, -10.80000000000000071, 10.00000000000000178 ) ) ;
#2424 = AXIS2_PLACEMENT_3D ( 'NONE', #2641, #630, #2200 ) ;
#2425 = FACE_BOUND ( 'NONE', #2263, .T. ) ;
#2426 = ORIENTED_EDGE ( 'NONE', *, *, #652, .T. ) ;
#2427 = VECTOR ( 'NONE', #2502, 1000.000000000000000 ) ;
#2428 = LINE ( 'NONE', #583, #1873 ) ;
#2429 = CARTESIAN_POINT ( 'NONE',  ( -22.48085295647299731, -12.20000000000000107, 13.70000000000000462 ) ) ;
#2430 = VERTEX_POINT ( 'NONE', #1395 ) ;
#2431 = AXIS2_PLACEMENT_3D ( 'NONE', #319, #85, #2749 ) ;
#2432 = EDGE_CURVE ( 'NONE', #2278, #2726, #1367, .T. ) ;
#2433 = DIRECTION ( 'NONE',  ( -1.892425610156517122E-16, 1.000000000000000000, -0.000000000000000000 ) ) ;
#2434 = VERTEX_POINT ( 'NONE', #941 ) ;
#2435 = CARTESIAN_POINT ( 'NONE',  ( -22.48085295647300086, -12.20000000000000107, -12.00000000000000000 ) ) ;
#2436 = EDGE_CURVE ( 'NONE', #626, #1977, #1187, .T. ) ;
#2437 = EDGE_LOOP ( 'NONE', ( #1067, #153, #757, #1780 ) ) ;
#2438 = EDGE_CURVE ( 'NONE', #570, #2403, #1846, .T. ) ;
#2439 = CIRCLE ( 'NONE', #1556, 1.100000000000000311 ) ;
#2440 = FACE_BOUND ( 'NONE', #179, .T. ) ;
#2441 = LINE ( 'NONE', #1770, #1717 ) ;
#2442 = DIRECTION ( 'NONE',  ( 0.7071067811865475727, -0.7071067811865475727, 0.000000000000000000 ) ) ;
#2443 = FACE_OUTER_BOUND ( 'NONE', #1208, .T. ) ;
#2444 = ORIENTED_EDGE ( 'NONE', *, *, #2556, .F. ) ;
#2445 = CARTESIAN_POINT ( 'NONE',  ( 24.51914704352699914, -14.79999999999999183, -13.70000000000000107 ) ) ;
#2446 = CARTESIAN_POINT ( 'NONE',  ( -4.922649730810378266, -8.799999999999997158, 0.000000000000000000 ) ) ;
#2447 = DIRECTION ( 'NONE',  ( -1.892425610156517122E-16, 1.000000000000000000, -0.000000000000000000 ) ) ;
#2448 = ORIENTED_EDGE ( 'NONE', *, *, #966, .F. ) ;
#2449 = FACE_OUTER_BOUND ( 'NONE', #1662, .T. ) ;
#2450 = ORIENTED_EDGE ( 'NONE', *, *, #2058, .F. ) ;
#2451 = EDGE_CURVE ( 'NONE', #2593, #792, #491, .T. ) ;
#2452 = LINE ( 'NONE', #2695, #1785 ) ;
#2453 = ADVANCED_FACE ( 'NONE', ( #1411, #2302 ), #2780, .T. ) ;
#2454 = CARTESIAN_POINT ( 'NONE',  ( 2.767516656170351933E-15, -14.79999999999999716, 0.000000000000000000 ) ) ;
#2455 = APPROVAL_STATUS ( 'not_yet_approved' ) ;
#2456 = DIRECTION ( 'NONE',  ( 0.000000000000000000, 0.000000000000000000, 1.000000000000000000 ) ) ;
#2457 = VERTEX_POINT ( 'NONE', #2106 ) ;
#2458 = CYLINDRICAL_SURFACE ( 'NONE', #156, 1.350000000000000089 ) ;
#2459 = DIRECTION ( 'NONE',  ( -1.836970198721029688E-16, 1.000000000000000000, 0.000000000000000000 ) ) ;
#2460 = AXIS2_PLACEMENT_3D ( 'NONE', #1307, #1944, #1732 ) ;
#2461 = CARTESIAN_POINT ( 'NONE',  ( 10.08578643762690064, 0.2000000000000041467, 6.745402340387840034 ) ) ;
#2462 = ORIENTED_EDGE ( 'NONE', *, *, #1581, .T. ) ;
#2463 = CARTESIAN_POINT ( 'NONE',  ( -14.49721676793699920, -8.799999999999998934, 3.899999999999997691 ) ) ;
#2464 = AXIS2_PLACEMENT_3D ( 'NONE', #1478, #2566, #542 ) ;
#2465 = EDGE_CURVE ( 'NONE', #2627, #695, #1216, .T. ) ;
#2466 = ADVANCED_FACE ( 'NONE', ( #1133 ), #2489, .T. ) ;
#2467 = ORIENTED_EDGE ( 'NONE', *, *, #1689, .T. ) ;
#2468 = DIRECTION ( 'NONE',  ( -1.836970198721029688E-16, 1.000000000000000000, 0.000000000000000000 ) ) ;
#2469 = PERSON_AND_ORGANIZATION_ROLE ( 'creator' ) ;
#2470 = CIRCLE ( 'NONE', #2569, 1.899999999999997247 ) ;
#2471 = DIRECTION ( 'NONE',  ( -1.000000000000000000, 0.000000000000000000, 0.000000000000000000 ) ) ;
#2472 = ORIENTED_EDGE ( 'NONE', *, *, #564, .F. ) ;
#2473 = PLANE ( 'NONE',  #1946 ) ;
#2474 = AXIS2_PLACEMENT_3D ( 'NONE', #1600, #2735, #1115 ) ;
#2475 = DIRECTION ( 'NONE',  ( -0.000000000000000000, 1.000000000000000000, -0.000000000000000000 ) ) ;
#2476 = VECTOR ( 'NONE', #1220, 1000.000000000000114 ) ;
#2477 = DIRECTION ( 'NONE',  ( -6.776750031527378598E-15, 0.000000000000000000, 1.000000000000000000 ) ) ;
#2478 = VERTEX_POINT ( 'NONE', #27 ) ;
#2479 = DIRECTION ( 'NONE',  ( -1.892425610156516875E-16, 1.000000000000000000, 0.000000000000000000 ) ) ;
#2480 = VECTOR ( 'NONE', #1201, 1000.000000000000000 ) ;
#2481 = EDGE_CURVE ( 'NONE', #2705, #933, #1407, .T. ) ;
#2482 = AXIS2_PLACEMENT_3D ( 'NONE', #1104, #1783, #2682 ) ;
#2483 = DIRECTION ( 'NONE',  ( -1.892425610156516875E-16, 1.000000000000000000, -0.000000000000000000 ) ) ;
#2484 = SECURITY_CLASSIFICATION_LEVEL ( 'unclassified' ) ;
#2485 = CARTESIAN_POINT ( 'NONE',  ( -10.23866082823991697, -8.799999999999998934, -8.649524351622744689 ) ) ;
#2486 = EDGE_CURVE ( 'NONE', #716, #610, #1215, .T. ) ;
#2487 = LINE ( 'NONE', #459, #1130 ) ;
#2488 = DIRECTION ( 'NONE',  ( 0.2810846377148238373, -0.6785983445458462215, 0.6785983445458464436 ) ) ;
#2489 = PLANE ( 'NONE',  #1733 ) ;
#2490 = CARTESIAN_POINT ( 'NONE',  ( -22.48085295647300086, -12.20000000000000107, -15.25000000000000000 ) ) ;
#2491 = EDGE_CURVE ( 'NONE', #1020, #2672, #2022, .T. ) ;
#2492 = ORIENTED_EDGE ( 'NONE', *, *, #2120, .T. ) ;
#2493 = DIRECTION ( 'NONE',  ( -1.000000000000000000, 0.000000000000000000, 0.000000000000000000 ) ) ;
#2494 = EDGE_LOOP ( 'NONE', ( #1747, #230, #2696, #2064 ) ) ;
#2495 = CARTESIAN_POINT ( 'NONE',  ( -25.48085295647299731, -14.30000000000000959, -16.00000000000000000 ) ) ;
#2496 = CARTESIAN_POINT ( 'NONE',  ( 24.51914704352699914, -8.799999999999991829, -12.00000000000000000 ) ) ;
#2497 = CARTESIAN_POINT ( 'NONE',  ( 10.98578643762690277, -8.799999999999995381, -5.000000000000000000 ) ) ;
#2498 = ORIENTED_EDGE ( 'NONE', *, *, #1830, .T. ) ;
#2499 = DIRECTION ( 'NONE',  ( 1.338146981832763265E-16, -0.7071067811865477948, -0.7071067811865473507 ) ) ;
#2500 = ADVANCED_FACE ( 'NONE', ( #1143 ), #1399, .F. ) ;
#2501 = VERTEX_POINT ( 'NONE', #1559 ) ;
#2502 = DIRECTION ( 'NONE',  ( 1.000000000000000000, 1.714726285227498548E-16, 1.524201142424443285E-15 ) ) ;
#2503 = CARTESIAN_POINT ( 'NONE',  ( 13.51914704352699914, -8.799999999999993605, -10.00000000000000178 ) ) ;
#2504 = ORIENTED_EDGE ( 'NONE', *, *, #2907, .T. ) ;
#2505 = LINE ( 'NONE', #2294, #2082 ) ;
#2506 = VECTOR ( 'NONE', #2650, 1000.000000000000114 ) ;
#2507 = EDGE_CURVE ( 'NONE', #1521, #2537, #790, .T. ) ;
#2508 = LINE ( 'NONE', #515, #1860 ) ;
#2509 = ORIENTED_EDGE ( 'NONE', *, *, #225, .F. ) ;
#2510 = VECTOR ( 'NONE', #1470, 1000.000000000000000 ) ;
#2511 = DIRECTION ( 'NONE',  ( 0.000000000000000000, 0.000000000000000000, 1.000000000000000000 ) ) ;
#2512 = VECTOR ( 'NONE', #1911, 999.9999999999998863 ) ;
#2513 = VECTOR ( 'NONE', #2913, 1000.000000000000000 ) ;
#2514 = CARTESIAN_POINT ( 'NONE',  ( 24.51914704352699914, -12.19999999999999218, -13.70000000000000462 ) ) ;
#2515 = DIRECTION ( 'NONE',  ( -1.892425610156516875E-16, 1.000000000000000000, 0.000000000000000000 ) ) ;
#2516 = ORIENTED_EDGE ( 'NONE', *, *, #2712, .F. ) ;
#2517 = LINE ( 'NONE', #2330, #1276 ) ;
#2518 = LINE ( 'NONE', #2767, #1828 ) ;
#2519 = DIRECTION ( 'NONE',  ( -1.892425610156516875E-16, 1.000000000000000000, 0.000000000000000000 ) ) ;
#2520 = ORIENTED_EDGE ( 'NONE', *, *, #1334, .F. ) ;
#2521 = VECTOR ( 'NONE', #2750, 1000.000000000000000 ) ;
#2522 = ADVANCED_FACE ( 'NONE', ( #2912 ), #1382, .F. ) ;
#2523 = LINE ( 'NONE', #311, #387 ) ;
#2524 = ORIENTED_EDGE ( 'NONE', *, *, #2710, .F. ) ;
#2525 = CIRCLE ( 'NONE', #1638, 0.9000000000000002442 ) ;
#2526 = DIRECTION ( 'NONE',  ( 1.000000000000000000, 0.000000000000000000, -0.000000000000000000 ) ) ;
#2527 = ORIENTED_EDGE ( 'NONE', *, *, #837, .F. ) ;
#2528 = EDGE_CURVE ( 'NONE', #2372, #1284, #2926, .T. ) ;
#2529 = LOCAL_TIME ( 12, 1, 36.00000000000000000, #3 ) ;
#2530 = EDGE_CURVE ( 'NONE', #2009, #1862, #2772, .T. ) ;
#2531 = CARTESIAN_POINT ( 'NONE',  ( -4.922649730810378266, -8.799999999999997158, 0.000000000000000000 ) ) ;
#2532 = PLANE ( 'NONE',  #2295 ) ;
#2533 = ORIENTED_EDGE ( 'NONE', *, *, #654, .F. ) ;
#2534 = AXIS2_PLACEMENT_3D ( 'NONE', #1351, #40, #239 ) ;
#2535 = FACE_OUTER_BOUND ( 'NONE', #380, .T. ) ;
#2536 = CARTESIAN_POINT ( 'NONE',  ( 10.33289778252569668, 0.2000000000000042022, 7.610813215765723783 ) ) ;
#2537 = VERTEX_POINT ( 'NONE', #1159 ) ;
#2538 = PLANE ( 'NONE',  #867 ) ;
#2539 = VERTEX_POINT ( 'NONE', #1838 ) ;
#2540 = DIRECTION ( 'NONE',  ( -1.000000000000000000, -1.892425610156516875E-16, 0.000000000000000000 ) ) ;
#2541 = CARTESIAN_POINT ( 'NONE',  ( 19.51914704352700269, -10.79999999999999361, 10.00000000000000178 ) ) ;
#2542 = ORIENTED_EDGE ( 'NONE', *, *, #303, .F. ) ;
#2543 = ADVANCED_FACE ( 'NONE', ( #245 ), #264, .F. ) ;
#2544 = CYLINDRICAL_SURFACE ( 'NONE', #2679, 1.899999999999999023 ) ;
#2545 = ADVANCED_FACE ( 'NONE', ( #930 ), #1612, .F. ) ;
#2546 = SHAPE_DEFINITION_REPRESENTATION ( #2758, #2621 ) ;
#2547 = FACE_OUTER_BOUND ( 'NONE', #1975, .T. ) ;
#2548 = CYLINDRICAL_SURFACE ( 'NONE', #1668, 3.249999999999999556 ) ;
#2549 = DIRECTION ( 'NONE',  ( -1.836970198721029688E-16, 1.000000000000000000, 0.000000000000000000 ) ) ;
#2550 = LINE ( 'NONE', #2272, #2521 ) ;
#2551 = ORIENTED_EDGE ( 'NONE', *, *, #1297, .T. ) ;
#2552 = CARTESIAN_POINT ( 'NONE',  ( 27.51914704352699559, -8.799999999999991829, -16.00000000000000000 ) ) ;
#2553 = CARTESIAN_POINT ( 'NONE',  ( -4.922649730810377378, -14.80000000000000959, 1.350000000000000089 ) ) ;
#2554 = ORIENTED_EDGE ( 'NONE', *, *, #2842, .F. ) ;
#2555 = VECTOR ( 'NONE', #2488, 1000.000000000000000 ) ;
#2556 = EDGE_CURVE ( 'NONE', #2308, #2659, #451, .T. ) ;
#2557 = AXIS2_PLACEMENT_3D ( 'NONE', #100, #1002, #1909 ) ;
#2558 = DIRECTION ( 'NONE',  ( 0.7071067811865451302, 1.298934084353235368E-16, -0.7071067811865500152 ) ) ;
#2559 = COORDINATED_UNIVERSAL_TIME_OFFSET ( 0, 0, .AHEAD. ) ;
#2560 = CIRCLE ( 'NONE', #436, 3.249999999999999556 ) ;
#2561 = FACE_OUTER_BOUND ( 'NONE', #195, .T. ) ;
#2562 = CARTESIAN_POINT ( 'NONE',  ( 16.51914704352699914, -10.79999999999999361, 10.00000000000000178 ) ) ;
#2563 = ORIENTED_EDGE ( 'NONE', *, *, #1426, .F. ) ;
#2564 = CYLINDRICAL_SURFACE ( 'NONE', #735, 1.700000000000001954 ) ;
#2565 = ORIENTED_EDGE ( 'NONE', *, *, #2673, .F. ) ;
#2566 = DIRECTION ( 'NONE',  ( -0.000000000000000000, 1.000000000000000000, -0.000000000000000000 ) ) ;
#2567 = ORIENTED_EDGE ( 'NONE', *, *, #2727, .F. ) ;
#2568 = ORIENTED_EDGE ( 'NONE', *, *, #2556, .T. ) ;
#2569 = AXIS2_PLACEMENT_3D ( 'NONE', #464, #309, #524 ) ;
#2570 = CARTESIAN_POINT ( 'NONE',  ( -22.48085295647300086, -8.800000000000000711, -15.25000000000000000 ) ) ;
#2571 = ORIENTED_EDGE ( 'NONE', *, *, #398, .T. ) ;
#2572 = DIRECTION ( 'NONE',  ( -1.836970198721029688E-16, 1.000000000000000000, 0.000000000000000000 ) ) ;
#2573 = VECTOR ( 'NONE', #495, 1000.000000000000000 ) ;
#2574 = CARTESIAN_POINT ( 'NONE',  ( 10.33289778252569846, -8.799999999999995381, 7.610813215765723783 ) ) ;
#2575 = DIRECTION ( 'NONE',  ( 1.836970198721029688E-16, -1.000000000000000000, -0.000000000000000000 ) ) ;
#2576 = CARTESIAN_POINT ( 'NONE',  ( -22.48085295647300086, -8.800000000000000711, -12.00000000000000000 ) ) ;
#2577 = EDGE_CURVE ( 'NONE', #2457, #1250, #2525, .T. ) ;
#2578 = AXIS2_PLACEMENT_3D ( 'NONE', #733, #1198, #2301 ) ;
#2579 = DIRECTION ( 'NONE',  ( -1.892425610156517122E-16, 1.000000000000000000, -0.000000000000000000 ) ) ;
#2580 = ORIENTED_EDGE ( 'NONE', *, *, #1581, .F. ) ;
#2581 = DIRECTION ( 'NONE',  ( -1.000000000000000000, -1.807003620809177097E-16, 0.000000000000000000 ) ) ;
#2582 = CIRCLE ( 'NONE', #1650, 1.099999999999994982 ) ;
#2583 = ORIENTED_EDGE ( 'NONE', *, *, #2314, .F. ) ;
#2584 = ADVANCED_FACE ( 'NONE', ( #206 ), #2249, .T. ) ;
#2585 = DIRECTION ( 'NONE',  ( -0.000000000000000000, 1.000000000000000000, -0.000000000000000000 ) ) ;
#2586 = VERTEX_POINT ( 'NONE', #902 ) ;
#2587 = FACE_OUTER_BOUND ( 'NONE', #802, .T. ) ;
#2588 = EDGE_LOOP ( 'NONE', ( #1417, #46 ) ) ;
#2589 = CARTESIAN_POINT ( 'NONE',  ( 10.08578643762690064, 0.2000000000000041467, -6.745402340387840034 ) ) ;
#2590 = FACE_BOUND ( 'NONE', #1022, .T. ) ;
#2591 = FACE_OUTER_BOUND ( 'NONE', #1994, .T. ) ;
#2592 = CYLINDRICAL_SURFACE ( 'NONE', #1119, 2.099999999999999645 ) ;
#2593 = VERTEX_POINT ( 'NONE', #8 ) ;
#2594 = ADVANCED_FACE ( 'NONE', ( #2702 ), #2062, .F. ) ;
#2595 = VERTEX_POINT ( 'NONE', #58 ) ;
#2596 = FACE_OUTER_BOUND ( 'NONE', #503, .T. ) ;
#2597 = ORIENTED_EDGE ( 'NONE', *, *, #2612, .T. ) ;
#2598 = CARTESIAN_POINT ( 'NONE',  ( 16.51914704352700269, -10.79999999999999361, 10.00000000000000178 ) ) ;
#2599 = ORIENTED_EDGE ( 'NONE', *, *, #2275, .F. ) ;
#2600 = EDGE_CURVE ( 'NONE', #135, #1051, #1892, .T. ) ;
#2601 = VERTEX_POINT ( 'NONE', #946 ) ;
#2602 = DIRECTION ( 'NONE',  ( -1.892425610156516875E-16, 1.000000000000000000, -0.000000000000000000 ) ) ;
#2603 = AXIS2_PLACEMENT_3D ( 'NONE', #914, #2717, #885 ) ;
#2604 = CARTESIAN_POINT ( 'NONE',  ( -20.38687308764331263, -14.80000000000000071, -20.38687308764317763 ) ) ;
#2605 = VECTOR ( 'NONE', #604, 1000.000000000000114 ) ;
#2606 = CARTESIAN_POINT ( 'NONE',  ( 10.98578643762690277, -8.799999999999995381, 5.000000000000000000 ) ) ;
#2607 = AXIS2_PLACEMENT_3D ( 'NONE', #1181, #314, #2100 ) ;
#2608 = CARTESIAN_POINT ( 'NONE',  ( -10.23866082823991874, -8.799999999999998934, 8.649524351622742913 ) ) ;
#2609 = ORIENTED_EDGE ( 'NONE', *, *, #2133, .T. ) ;
#2610 = ORIENTED_EDGE ( 'NONE', *, *, #1044, .F. ) ;
#2611 = DIRECTION ( 'NONE',  ( -0.000000000000000000, 1.000000000000000000, -0.000000000000000000 ) ) ;
#2612 = EDGE_CURVE ( 'NONE', #190, #1675, #2358, .T. ) ;
#2613 = ORIENTED_EDGE ( 'NONE', *, *, #337, .T. ) ;
#2614 = DIRECTION ( 'NONE',  ( 1.892425610156516875E-16, -1.000000000000000000, -0.000000000000000000 ) ) ;
#2615 = ORIENTED_EDGE ( 'NONE', *, *, #863, .F. ) ;
#2616 = ORIENTED_EDGE ( 'NONE', *, *, #1010, .T. ) ;
#2617 = CIRCLE ( 'NONE', #2664, 3.000000000000000888 ) ;
#2618 = APPROVAL ( #1172, 'UNSPECIFIED' ) ;
#2619 = AXIS2_PLACEMENT_3D ( 'NONE', #915, #690, #2271 ) ;
#2620 = CARTESIAN_POINT ( 'NONE',  ( 24.51914704352699914, -12.19999999999999218, -15.25000000000000000 ) ) ;
#2621 = ADVANCED_BREP_SHAPE_REPRESENTATION ( 'cut_punch', ( #859, #1362 ), #265 ) ;
#2622 = APPROVAL_PERSON_ORGANIZATION ( #882, #2352, #240 ) ;
#2623 = ADVANCED_FACE ( 'NONE', ( #2123, #987 ), #1430, .F. ) ;
#2624 = CARTESIAN_POINT ( 'NONE',  ( -3.196222926588305313, -8.799999999999997158, 11.29043856474209484 ) ) ;
#2625 = LINE ( 'NONE', #142, #1875 ) ;
#2626 = DIRECTION ( 'NONE',  ( -1.836970198721029688E-16, 1.000000000000000000, 0.000000000000000000 ) ) ;
#2627 = VERTEX_POINT ( 'NONE', #1865 ) ;
#2628 = ORIENTED_EDGE ( 'NONE', *, *, #2395, .T. ) ;
#2629 = DIRECTION ( 'NONE',  ( 0.7071067811865500152, 1.298934084353244243E-16, 0.7071067811865451302 ) ) ;
#2630 = ORIENTED_EDGE ( 'NONE', *, *, #2402, .T. ) ;
#2631 = CARTESIAN_POINT ( 'NONE',  ( -26.48085295647299731, -14.30000000000000959, -14.99999999999999289 ) ) ;
#2632 = VERTEX_POINT ( 'NONE', #1233 ) ;
#2633 = CIRCLE ( 'NONE', #2482, 2.100000000000000977 ) ;
#2634 = EDGE_LOOP ( 'NONE', ( #1927, #789, #2857, #1604 ) ) ;
#2635 = EDGE_CURVE ( 'NONE', #1331, #284, #1361, .T. ) ;
#2636 = CYLINDRICAL_SURFACE ( 'NONE', #1025, 3.249999999999999556 ) ;
#2637 = CARTESIAN_POINT ( 'NONE',  ( -4.922649730810378266, -8.799999999999997158, -1.350000000000000089 ) ) ;
#2638 = EDGE_CURVE ( 'NONE', #2856, #626, #2102, .T. ) ;
#2639 = ORIENTED_EDGE ( 'NONE', *, *, #1278, .T. ) ;
#2640 = CARTESIAN_POINT ( 'NONE',  ( -14.48085295647299553, -10.80000000000000071, 10.00000000000000178 ) ) ;
#2641 = CARTESIAN_POINT ( 'NONE',  ( 24.51914704352699914, -12.19999999999999218, 12.00000000000000000 ) ) ;
#2642 = ORIENTED_EDGE ( 'NONE', *, *, #1027, .F. ) ;
#2643 = ORIENTED_EDGE ( 'NONE', *, *, #457, .T. ) ;
#2644 = CARTESIAN_POINT ( 'NONE',  ( -14.48085295647299553, -14.80100000000001792, 10.00000000000000178 ) ) ;
#2645 = EDGE_LOOP ( 'NONE', ( #1272, #2269, #2740, #555 ) ) ;
#2646 = DIRECTION ( 'NONE',  ( -0.000000000000000000, 1.000000000000000000, -0.000000000000000000 ) ) ;
#2647 = ORIENTED_EDGE ( 'NONE', *, *, #73, .T. ) ;
#2648 = PLANE ( 'NONE',  #410 ) ;
#2649 = ADVANCED_FACE ( 'NONE', ( #74 ), #1879, .T. ) ;
#2650 = DIRECTION ( 'NONE',  ( -0.7071067811865500152, -1.338146981832767456E-16, -0.7071067811865451302 ) ) ;
#2651 = VECTOR ( 'NONE', #1931, 1000.000000000000000 ) ;
#2652 = DIRECTION ( 'NONE',  ( -1.000000000000000000, 0.000000000000000000, 0.000000000000000000 ) ) ;
#2653 = VECTOR ( 'NONE', #2828, 1000.000000000000000 ) ;
#2654 = CARTESIAN_POINT ( 'NONE',  ( 24.51914704352699914, -14.79999999999999183, 12.00000000000000000 ) ) ;
#2655 = ORIENTED_EDGE ( 'NONE', *, *, #18, .T. ) ;
#2656 = AXIS2_PLACEMENT_3D ( 'NONE', #2127, #1939, #546 ) ;
#2657 = CARTESIAN_POINT ( 'NONE',  ( -16.39721676793699956, -8.800000000000000711, -2.000000000000000000 ) ) ;
#2658 = ADVANCED_FACE ( 'NONE', ( #1459 ), #721, .F. ) ;
#2659 = VERTEX_POINT ( 'NONE', #307 ) ;
#2660 = VECTOR ( 'NONE', #2433, 1000.000000000000000 ) ;
#2661 = DIRECTION ( 'NONE',  ( -1.836970198721029688E-16, 1.000000000000000000, 0.000000000000000000 ) ) ;
#2662 = VERTEX_POINT ( 'NONE', #2536 ) ;
#2663 = CARTESIAN_POINT ( 'NONE',  ( -13.07456703712661827, -8.799999999999998934, -3.900000000000000355 ) ) ;
#2664 = AXIS2_PLACEMENT_3D ( 'NONE', #1822, #2519, #1447 ) ;
#2665 = CARTESIAN_POINT ( 'NONE',  ( -16.39721676793699956, -8.800000000000000711, 2.000000000000000000 ) ) ;
#2666 = ORIENTED_EDGE ( 'NONE', *, *, #1190, .F. ) ;
#2667 = ORIENTED_EDGE ( 'NONE', *, *, #2115, .F. ) ;
#2668 = CARTESIAN_POINT ( 'NONE',  ( -12.38085295647299411, -10.80000000000000071, 10.00000000000000178 ) ) ;
#2669 = VECTOR ( 'NONE', #998, 1000.000000000000000 ) ;
#2670 = CARTESIAN_POINT ( 'NONE',  ( 2.577350269189628396, -14.80000000000000782, 0.000000000000000000 ) ) ;
#2671 = CARTESIAN_POINT ( 'NONE',  ( -14.49721676793699920, -8.800000000000000711, 3.899999999999997691 ) ) ;
#2672 = VERTEX_POINT ( 'NONE', #1657 ) ;
#2673 = EDGE_CURVE ( 'NONE', #1764, #1463, #2248, .T. ) ;
#2674 = DIRECTION ( 'NONE',  ( -1.892425610156517122E-16, 1.000000000000000000, -0.000000000000000000 ) ) ;
#2675 = DIRECTION ( 'NONE',  ( 0.7071067811865487940, 1.338146981832765237E-16, 0.7071067811865463515 ) ) ;
#2676 = EDGE_LOOP ( 'NONE', ( #2252, #976, #1004, #1126 ) ) ;
#2677 = LINE ( 'NONE', #2915, #1858 ) ;
#2678 = EDGE_CURVE ( 'NONE', #1867, #1343, #1905, .T. ) ;
#2679 = AXIS2_PLACEMENT_3D ( 'NONE', #1439, #302, #985 ) ;
#2680 = ORIENTED_EDGE ( 'NONE', *, *, #2319, .T. ) ;
#2681 = CIRCLE ( 'NONE', #2918, 2.100000000000002753 ) ;
#2682 = DIRECTION ( 'NONE',  ( -1.000000000000000000, 0.000000000000000000, 0.000000000000000000 ) ) ;
#2683 = LINE ( 'NONE', #255, #105 ) ;
#2684 = FACE_BOUND ( 'NONE', #1117, .T. ) ;
#2685 = DIRECTION ( 'NONE',  ( -1.000000000000000000, 0.000000000000000000, 0.000000000000000000 ) ) ;
#2686 = DIRECTION ( 'NONE',  ( -1.000000000000000000, 0.000000000000000000, 0.000000000000000000 ) ) ;
#2687 = ORIENTED_EDGE ( 'NONE', *, *, #2859, .T. ) ;
#2688 = FACE_OUTER_BOUND ( 'NONE', #2676, .T. ) ;
#2689 = DIRECTION ( 'NONE',  ( -1.836970198721029688E-16, 1.000000000000000000, 0.000000000000000000 ) ) ;
#2690 = CARTESIAN_POINT ( 'NONE',  ( 19.51914704352700269, -8.799999999999993605, -10.00000000000000178 ) ) ;
#2691 = ORIENTED_EDGE ( 'NONE', *, *, #1273, .F. ) ;
#2692 = EDGE_CURVE ( 'NONE', #2537, #2171, #1191, .T. ) ;
#2693 = CARTESIAN_POINT ( 'NONE',  ( 16.51914704352700269, -10.79999999999999361, -10.00000000000000178 ) ) ;
#2694 = CC_DESIGN_PERSON_AND_ORGANIZATION_ASSIGNMENT ( #898, #1803, ( #2309 ) ) ;
#2695 = CARTESIAN_POINT ( 'NONE',  ( 10.98578643762690632, -8.799999999999995381, 6.745402340387840034 ) ) ;
#2696 = ORIENTED_EDGE ( 'NONE', *, *, #36, .T. ) ;
#2697 = DIRECTION ( 'NONE',  ( 0.000000000000000000, -0.000000000000000000, -1.000000000000000000 ) ) ;
#2698 = COORDINATED_UNIVERSAL_TIME_OFFSET ( 0, 0, .AHEAD. ) ;
#2699 = DIRECTION ( 'NONE',  ( -0.000000000000000000, 1.000000000000000000, -0.000000000000000000 ) ) ;
#2700 = VERTEX_POINT ( 'NONE', #1204 ) ;
#2701 = CARTESIAN_POINT ( 'NONE',  ( 2.577350269189627063, -8.799999999999997158, 0.000000000000000000 ) ) ;
#2702 = FACE_OUTER_BOUND ( 'NONE', #1635, .T. ) ;
#2703 = AXIS2_PLACEMENT_3D ( 'NONE', #1141, #2288, #6 ) ;
#2704 = LINE ( 'NONE', #1547, #1954 ) ;
#2705 = VERTEX_POINT ( 'NONE', #2074 ) ;
#2706 = LINE ( 'NONE', #32, #1672 ) ;
#2707 = CIRCLE ( 'NONE', #66, 2.100000000000000977 ) ;
#2708 = EDGE_CURVE ( 'NONE', #327, #2786, #1474, .T. ) ;
#2709 = VECTOR ( 'NONE', #2361, 1000.000000000000000 ) ;
#2710 = EDGE_CURVE ( 'NONE', #2586, #2923, #2518, .T. ) ;
#2711 = CARTESIAN_POINT ( 'NONE',  ( -6.272649730810378799, -8.799999999999997158, 0.000000000000000000 ) ) ;
#2712 = EDGE_CURVE ( 'NONE', #1358, #2586, #741, .T. ) ;
#2713 = PERSON_AND_ORGANIZATION ( #463, #173 ) ;
#2714 = CIRCLE ( 'NONE', #1957, 1.100000000000000311 ) ;
#2715 = DIRECTION ( 'NONE',  ( -0.3511234415883912607, -6.450032982702390811E-17, -0.9363291775690447682 ) ) ;
#2716 = ORIENTED_EDGE ( 'NONE', *, *, #147, .T. ) ;
#2717 = DIRECTION ( 'NONE',  ( 1.892425610156516875E-16, -1.000000000000000000, -0.000000000000000000 ) ) ;
#2718 = AXIS2_PLACEMENT_3D ( 'NONE', #701, #1818, #1624 ) ;
#2719 = CARTESIAN_POINT ( 'NONE',  ( 16.53551085499100282, -8.799999999999993605, 3.900000000000000355 ) ) ;
#2720 = ORIENTED_EDGE ( 'NONE', *, *, #522, .F. ) ;
#2721 = CIRCLE ( 'NONE', #2202, 0.8999999999999984679 ) ;
#2722 = CARTESIAN_POINT ( 'NONE',  ( -22.48085295647299731, -8.800000000000000711, 15.25000000000000000 ) ) ;
#2723 = ORIENTED_EDGE ( 'NONE', *, *, #1701, .F. ) ;
#2724 = CARTESIAN_POINT ( 'NONE',  ( -10.82264973081037773, -8.799999999999998934, 6.535889741755010363 ) ) ;
#2725 = ORIENTED_EDGE ( 'NONE', *, *, #665, .F. ) ;
#2726 = VERTEX_POINT ( 'NONE', #2108 ) ;
#2727 = EDGE_CURVE ( 'NONE', #159, #1364, #222, .T. ) ;
#2728 = CIRCLE ( 'NONE', #273, 0.9000000000000014655 ) ;
#2729 = CARTESIAN_POINT ( 'NONE',  ( -22.48085295647299731, -8.800000000000000711, 12.00000000000000000 ) ) ;
#2730 = DIRECTION ( 'NONE',  ( -0.000000000000000000, 1.000000000000000000, -0.000000000000000000 ) ) ;
#2731 = DIRECTION ( 'NONE',  ( -1.892425610156516875E-16, 1.000000000000000000, 0.000000000000000000 ) ) ;
#2732 = LINE ( 'NONE', #2045, #296 ) ;
#2733 = EDGE_CURVE ( 'NONE', #1977, #2457, #755, .T. ) ;
#2734 = ORIENTED_EDGE ( 'NONE', *, *, #1479, .F. ) ;
#2735 = DIRECTION ( 'NONE',  ( -0.000000000000000000, 1.000000000000000000, -0.000000000000000000 ) ) ;
#2736 = CARTESIAN_POINT ( 'NONE',  ( -14.49721676793699920, -8.799999999999998934, -3.900000000000000355 ) ) ;
#2737 = VERTEX_POINT ( 'NONE', #510 ) ;
#2738 = DIRECTION ( 'NONE',  ( -1.836970198721029688E-16, 1.000000000000000000, 0.000000000000000000 ) ) ;
#2739 = FACE_OUTER_BOUND ( 'NONE', #2928, .T. ) ;
#2740 = ORIENTED_EDGE ( 'NONE', *, *, #1147, .T. ) ;
#2741 = CARTESIAN_POINT ( 'NONE',  ( 2.577350269189627952, -14.79999999999999716, 1.350000000000000089 ) ) ;
#2742 = ORIENTED_EDGE ( 'NONE', *, *, #1799, .T. ) ;
#2743 = DIRECTION ( 'NONE',  ( -1.000000000000000000, 0.000000000000000000, 0.000000000000000000 ) ) ;
#2744 = EDGE_CURVE ( 'NONE', #2401, #2537, #627, .T. ) ;
#2745 = DIRECTION ( 'NONE',  ( -0.9363291775690446572, -1.693767013105668475E-16, 0.3511234415883912607 ) ) ;
#2746 = ORIENTED_EDGE ( 'NONE', *, *, #2021, .F. ) ;
#2747 = CARTESIAN_POINT ( 'NONE',  ( -26.48085295647299731, -14.30000000000000959, -16.00000000000000000 ) ) ;
#2748 = ORIENTED_EDGE ( 'NONE', *, *, #1526, .F. ) ;
#2749 = DIRECTION ( 'NONE',  ( -1.000000000000000000, 0.000000000000000000, 0.000000000000000000 ) ) ;
#2750 = DIRECTION ( 'NONE',  ( 1.836970198721029441E-16, -1.000000000000000000, 0.000000000000000000 ) ) ;
#2751 = ORIENTED_EDGE ( 'NONE', *, *, #751, .T. ) ;
#2752 = DIRECTION ( 'NONE',  ( -1.000000000000000000, 0.000000000000000000, 0.000000000000000000 ) ) ;
#2753 = VECTOR ( 'NONE', #608, 1000.000000000000227 ) ;
#2754 = EDGE_CURVE ( 'NONE', #2401, #2856, #2136, .T. ) ;
#2755 = DIRECTION ( 'NONE',  ( -1.892425610156517122E-16, 1.000000000000000000, -0.000000000000000000 ) ) ;
#2756 = EDGE_LOOP ( 'NONE', ( #263, #813, #1014, #2571 ) ) ;
#2757 = AXIS2_PLACEMENT_3D ( 'NONE', #746, #236, #2540 ) ;
#2758 = PRODUCT_DEFINITION_SHAPE ( 'NONE', 'NONE',  #2002 ) ;
#2759 = AXIS2_PLACEMENT_3D ( 'NONE', #2262, #1082, #856 ) ;
#2760 = PLANE ( 'NONE',  #2825 ) ;
#2761 = DATE_AND_TIME ( #1642, #1267 ) ;
#2762 = CARTESIAN_POINT ( 'NONE',  ( 12.94972441736410218, -8.799999999999995381, 3.900000000000000355 ) ) ;
#2763 = ORIENTED_EDGE ( 'NONE', *, *, #1616, .F. ) ;
#2764 = CARTESIAN_POINT ( 'NONE',  ( 24.51914704352699914, -8.799999999999991829, -12.00000000000000000 ) ) ;
#2765 = AXIS2_PLACEMENT_3D ( 'NONE', #1353, #1557, #2456 ) ;
#2766 = ORIENTED_EDGE ( 'NONE', *, *, #1666, .F. ) ;
#2767 = CARTESIAN_POINT ( 'NONE',  ( 28.51914704352699914, -14.29999999999999893, -15.00000000000000000 ) ) ;
#2768 = CARTESIAN_POINT ( 'NONE',  ( -14.48085295647299908, -8.800000000000000711, -10.00000000000000000 ) ) ;
#2769 = ORIENTED_EDGE ( 'NONE', *, *, #2395, .F. ) ;
#2770 = DIRECTION ( 'NONE',  ( -1.892425610156517122E-16, 1.000000000000000000, -0.000000000000000000 ) ) ;
#2771 = EDGE_CURVE ( 'NONE', #163, #1948, #1716, .T. ) ;
#2772 = CIRCLE ( 'NONE', #2619, 3.000000000000000888 ) ;
#2773 = LINE ( 'NONE', #2277, #2040 ) ;
#2774 = ORIENTED_EDGE ( 'NONE', *, *, #2528, .T. ) ;
#2775 = VECTOR ( 'NONE', #787, 1000.000000000000000 ) ;
#2776 = EDGE_CURVE ( 'NONE', #2403, #154, #1171, .T. ) ;
#2777 = VECTOR ( 'NONE', #290, 1000.000000000000000 ) ;
#2778 = DIRECTION ( 'NONE',  ( -1.892425610156517122E-16, 1.000000000000000000, -0.000000000000000000 ) ) ;
#2779 = DATE_AND_TIME ( #1876, #2342 ) ;
#2780 = PLANE ( 'NONE',  #1917 ) ;
#2781 = CIRCLE ( 'NONE', #984, 3.000000000000000888 ) ;
#2782 = DIRECTION ( 'NONE',  ( -1.836970198721029441E-16, 1.000000000000000000, 0.000000000000000000 ) ) ;
#2783 = CARTESIAN_POINT ( 'NONE',  ( -10.23866082823992052, 0.2000000000000004552, 8.649524351622742913 ) ) ;
#2784 = ORIENTED_EDGE ( 'NONE', *, *, #2225, .T. ) ;
#2785 = CARTESIAN_POINT ( 'NONE',  ( -2.880211829158748404, -8.799999999999997158, -10.44774230492995848 ) ) ;
#2786 = VERTEX_POINT ( 'NONE', #1262 ) ;
#2787 = CARTESIAN_POINT ( 'NONE',  ( -26.48085295647299731, -14.30000000000000959, -14.99999999999999289 ) ) ;
#2788 = LINE ( 'NONE', #485, #389 ) ;
#2789 = EDGE_CURVE ( 'NONE', #99, #113, #2103, .T. ) ;
#2790 = ORIENTED_EDGE ( 'NONE', *, *, #92, .F. ) ;
#2791 = CARTESIAN_POINT ( 'NONE',  ( -16.58085295647299873, -14.80000000000000071, -10.00000000000000000 ) ) ;
#2792 = PERSON_AND_ORGANIZATION ( #463, #173 ) ;
#2793 = DIRECTION ( 'NONE',  ( -1.000000000000000000, -2.312964634635740985E-16, -2.891205793294676231E-17 ) ) ;
#2794 = CARTESIAN_POINT ( 'NONE',  ( -2.880211829158753289, -8.799999999999997158, 10.44774230492995848 ) ) ;
#2795 = LINE ( 'NONE', #2348, #1914 ) ;
#2796 = ORIENTED_EDGE ( 'NONE', *, *, #2692, .T. ) ;
#2797 = CARTESIAN_POINT ( 'NONE',  ( -22.48085295647300086, -12.20000000000000107, -12.00000000000000000 ) ) ;
#2798 = ORIENTED_EDGE ( 'NONE', *, *, #1466, .T. ) ;
#2799 = CARTESIAN_POINT ( 'NONE',  ( 12.08578643762690241, -8.799999999999995381, 3.899999999999999911 ) ) ;
#2800 = VERTEX_POINT ( 'NONE', #1309 ) ;
#2801 = CARTESIAN_POINT ( 'NONE',  ( -14.48085295647299553, -8.800000000000000711, 10.00000000000000178 ) ) ;
#2802 = AXIS2_PLACEMENT_3D ( 'NONE', #1318, #1563, #1978 ) ;
#2803 = AXIS2_PLACEMENT_3D ( 'NONE', #499, #1590, #1385 ) ;
#2804 = EDGE_CURVE ( 'NONE', #1490, #260, #2181, .T. ) ;
#2805 = DIRECTION ( 'NONE',  ( -1.836970198721029688E-16, 1.000000000000000000, 0.000000000000000000 ) ) ;
#2806 = VECTOR ( 'NONE', #166, 1000.000000000000000 ) ;
#2807 = DIRECTION ( 'NONE',  ( -1.836970198721029688E-16, 1.000000000000000000, 0.000000000000000000 ) ) ;
#2808 = EDGE_CURVE ( 'NONE', #2595, #2868, #544, .T. ) ;
#2809 = CARTESIAN_POINT ( 'NONE',  ( 24.51914704352699914, -8.799999999999991829, 8.750000000000000000 ) ) ;
#2810 = CARTESIAN_POINT ( 'NONE',  ( 21.75957352176353865, -8.799999999999993605, 21.75957352176346760 ) ) ;
#2811 = ORIENTED_EDGE ( 'NONE', *, *, #1666, .T. ) ;
#2812 = CARTESIAN_POINT ( 'NONE',  ( -2.880211829158754622, 0.2000000000000017597, 10.44774230492995848 ) ) ;
#2813 = ORIENTED_EDGE ( 'NONE', *, *, #199, .F. ) ;
#2814 = AXIS2_PLACEMENT_3D ( 'NONE', #2654, #1974, #2183 ) ;
#2815 = CARTESIAN_POINT ( 'NONE',  ( 28.01914704352700625, -14.79999999999999183, -14.79289321881345920 ) ) ;
#2816 = ORIENTED_EDGE ( 'NONE', *, *, #1607, .F. ) ;
#2817 = DIRECTION ( 'NONE',  ( -0.000000000000000000, 1.000000000000000000, -0.000000000000000000 ) ) ;
#2818 = FACE_OUTER_BOUND ( 'NONE', #601, .T. ) ;
#2819 = EDGE_CURVE ( 'NONE', #2856, #2171, #1518, .T. ) ;
#2820 = PLANE ( 'NONE',  #9 ) ;
#2821 = DIRECTION ( 'NONE',  ( 0.000000000000000000, 0.000000000000000000, 1.000000000000000000 ) ) ;
#2822 = DIRECTION ( 'NONE',  ( -1.000000000000000000, 0.000000000000000000, 0.000000000000000000 ) ) ;
#2823 = EDGE_CURVE ( 'NONE', #2700, #2501, #160, .T. ) ;
#2824 = ORIENTED_EDGE ( 'NONE', *, *, #2907, .F. ) ;
#2825 = AXIS2_PLACEMENT_3D ( 'NONE', #1682, #2558, #1214 ) ;
#2826 = FACE_OUTER_BOUND ( 'NONE', #904, .T. ) ;
#2827 = ORIENTED_EDGE ( 'NONE', *, *, #2507, .T. ) ;
#2828 = DIRECTION ( 'NONE',  ( -1.892425610156516875E-16, 1.000000000000000000, -0.000000000000000000 ) ) ;
#2829 = CARTESIAN_POINT ( 'NONE',  ( -4.922649730810377378, -14.80000000000000959, 1.350000000000000089 ) ) ;
#2830 = CARTESIAN_POINT ( 'NONE',  ( 14.41914704352700127, -10.79999999999999361, -10.00000000000000178 ) ) ;
#2831 = EDGE_LOOP ( 'NONE', ( #2790, #1541, #2347, #2467 ) ) ;
#2832 = ADVANCED_FACE ( 'NONE', ( #2591 ), #2154, .T. ) ;
#2833 = CARTESIAN_POINT ( 'NONE',  ( 18.43551085499100139, -8.799999999999993605, 2.000000000000000000 ) ) ;
#2834 = CARTESIAN_POINT ( 'NONE',  ( 13.51914704352699914, -10.79999999999999361, -10.00000000000000178 ) ) ;
#2835 = ORIENTED_EDGE ( 'NONE', *, *, #2925, .F. ) ;
#2836 = EDGE_CURVE ( 'NONE', #1174, #2632, #1934, .T. ) ;
#2837 = ORIENTED_EDGE ( 'NONE', *, *, #186, .T. ) ;
#2838 = DIRECTION ( 'NONE',  ( -0.000000000000000000, 1.000000000000000000, -0.000000000000000000 ) ) ;
#2839 = ORIENTED_EDGE ( 'NONE', *, *, #1756, .T. ) ;
#2840 = DIRECTION ( 'NONE',  ( 0.9615676393087544405, 1.768914467343416502E-16, -0.2745681609986653782 ) ) ;
#2841 = ORIENTED_EDGE ( 'NONE', *, *, #225, .T. ) ;
#2842 = EDGE_CURVE ( 'NONE', #1764, #724, #2428, .T. ) ;
#2843 = CARTESIAN_POINT ( 'NONE',  ( -11.48085295647299553, -10.80000000000000071, 10.00000000000000178 ) ) ;
#2844 = VECTOR ( 'NONE', #487, 1000.000000000000000 ) ;
#2845 = PLANE ( 'NONE',  #1857 ) ;
#2846 = AXIS2_PLACEMENT_3D ( 'NONE', #2724, #710, #1615 ) ;
#2847 = CARTESIAN_POINT ( 'NONE',  ( 10.98578643762690277, -8.799999999999995381, -5.000000000000000000 ) ) ;
#2848 = VECTOR ( 'NONE', #2033, 1000.000000000000000 ) ;
#2849 = FACE_OUTER_BOUND ( 'NONE', #560, .T. ) ;
#2850 = ORIENTED_EDGE ( 'NONE', *, *, #1513, .T. ) ;
#2851 = VERTEX_POINT ( 'NONE', #363 ) ;
#2852 = DIRECTION ( 'NONE',  ( -1.000000000000000000, 0.000000000000000000, 0.000000000000000000 ) ) ;
#2853 = ORIENTED_EDGE ( 'NONE', *, *, #2256, .T. ) ;
#2854 = EDGE_CURVE ( 'NONE', #154, #284, #2625, .T. ) ;
#2855 = CARTESIAN_POINT ( 'NONE',  ( -22.48085295647300086, -8.800000000000000711, -10.29999999999999893 ) ) ;
#2856 = VERTEX_POINT ( 'NONE', #176 ) ;
#2857 = ORIENTED_EDGE ( 'NONE', *, *, #764, .T. ) ;
#2858 = VECTOR ( 'NONE', #1383, 1000.000000000000000 ) ;
#2859 = EDGE_CURVE ( 'NONE', #2882, #1644, #2721, .T. ) ;
#2860 = CIRCLE ( 'NONE', #1683, 1.349999999999999645 ) ;
#2861 = CARTESIAN_POINT ( 'NONE',  ( -22.48085295647299731, -8.800000000000000711, 12.00000000000000000 ) ) ;
#2862 = SECURITY_CLASSIFICATION ( '', '', #2484 ) ;
#2863 = CARTESIAN_POINT ( 'NONE',  ( -10.82264973081037951, 0.2000000000000003442, 7.806828091810600334 ) ) ;
#2864 = VERTEX_POINT ( 'NONE', #2370 ) ;
#2865 = CARTESIAN_POINT ( 'NONE',  ( -22.48085295647300086, -12.20000000000000107, -10.29999999999999716 ) ) ;
#2866 = CARTESIAN_POINT ( 'NONE',  ( 24.51914704352699914, -8.799999999999991829, -13.70000000000000284 ) ) ;
#2867 = ORIENTED_EDGE ( 'NONE', *, *, #1114, .T. ) ;
#2868 = VERTEX_POINT ( 'NONE', #388 ) ;
#2869 = LINE ( 'NONE', #134, #67 ) ;
#2870 = EDGE_LOOP ( 'NONE', ( #659, #2024 ) ) ;
#2871 = LINE ( 'NONE', #847, #1349 ) ;
#2872 = AXIS2_PLACEMENT_3D ( 'NONE', #1472, #2778, #714 ) ;
#2873 = ORIENTED_EDGE ( 'NONE', *, *, #271, .T. ) ;
#2874 = ADVANCED_FACE ( 'NONE', ( #598 ), #2168, .F. ) ;
#2875 = DIRECTION ( 'NONE',  ( 1.000000000000000000, 2.312964634635741478E-16, 0.000000000000000000 ) ) ;
#2876 = CARTESIAN_POINT ( 'NONE',  ( 26.23524188440981320, -16.58390515911718310, -14.05397550791980876 ) ) ;
#2877 = ORIENTED_EDGE ( 'NONE', *, *, #423, .T. ) ;
#2878 = DIRECTION ( 'NONE',  ( -1.892425610156517122E-16, 1.000000000000000000, -0.000000000000000000 ) ) ;
#2879 = CARTESIAN_POINT ( 'NONE',  ( -16.39721676793699956, -8.800000000000000711, -2.000000000000000000 ) ) ;
#2880 = ORIENTED_EDGE ( 'NONE', *, *, #2412, .T. ) ;
#2881 = DIRECTION ( 'NONE',  ( 0.000000000000000000, 0.000000000000000000, 1.000000000000000000 ) ) ;
#2882 = VERTEX_POINT ( 'NONE', #2199 ) ;
#2883 = DIRECTION ( 'NONE',  ( -1.836970198721029441E-16, 1.000000000000000000, 0.000000000000000000 ) ) ;
#2884 = ORIENTED_EDGE ( 'NONE', *, *, #2039, .F. ) ;
#2885 = ORIENTED_EDGE ( 'NONE', *, *, #2314, .T. ) ;
#2886 = FACE_BOUND ( 'NONE', #952, .T. ) ;
#2887 = DIRECTION ( 'NONE',  ( -1.892425610156517122E-16, 1.000000000000000000, -0.000000000000000000 ) ) ;
#2888 = EDGE_CURVE ( 'NONE', #801, #1419, #1782, .T. ) ;
#2889 = AXIS2_PLACEMENT_3D ( 'NONE', #713, #2054, #470 ) ;
#2890 = EDGE_LOOP ( 'NONE', ( #1673, #2504 ) ) ;
#2891 = DIRECTION ( 'NONE',  ( -1.000000000000000000, 0.000000000000000000, 0.000000000000000000 ) ) ;
#2892 = CIRCLE ( 'NONE', #158, 3.000000000000000888 ) ;
#2893 = DIRECTION ( 'NONE',  ( -1.836970198721029688E-16, 1.000000000000000000, 0.000000000000000000 ) ) ;
#2894 = ORIENTED_EDGE ( 'NONE', *, *, #1219, .T. ) ;
#2895 = EDGE_CURVE ( 'NONE', #99, #1286, #1061, .T. ) ;
#2896 = AXIS2_PLACEMENT_3D ( 'NONE', #1468, #829, #678 ) ;
#2897 = DIRECTION ( 'NONE',  ( -1.000000000000000000, -1.807003620809167483E-16, 0.000000000000000000 ) ) ;
#2898 = VERTEX_POINT ( 'NONE', #2865 ) ;
#2899 = CIRCLE ( 'NONE', #2140, 1.899999999999999023 ) ;
#2900 = CARTESIAN_POINT ( 'NONE',  ( 12.08578643762690241, -8.799999999999995381, 5.000000000000000000 ) ) ;
#2901 = ORIENTED_EDGE ( 'NONE', *, *, #2754, .F. ) ;
#2902 = CARTESIAN_POINT ( 'NONE',  ( -2.633100484259958129, 0.2000000000000018152, 11.31315318030783779 ) ) ;
#2903 = DIRECTION ( 'NONE',  ( -1.000000000000000000, -1.892425610156516875E-16, -0.000000000000000000 ) ) ;
#2904 = DIRECTION ( 'NONE',  ( -1.836970198721029441E-16, 1.000000000000000000, 0.000000000000000000 ) ) ;
#2905 = AXIS2_PLACEMENT_3D ( 'NONE', #276, #22, #289 ) ;
#2906 = APPLICATION_PROTOCOL_DEFINITION ( 'international standard', 'config_control_design', 1994, #698 ) ;
#2907 = EDGE_CURVE ( 'NONE', #620, #2864, #594, .T. ) ;
#2908 = DIRECTION ( 'NONE',  ( -0.000000000000000000, 1.000000000000000000, -0.000000000000000000 ) ) ;
#2909 = ORIENTED_EDGE ( 'NONE', *, *, #2600, .T. ) ;
#2910 = LINE ( 'NONE', #2219, #2038 ) ;
#2911 = VECTOR ( 'NONE', #568, 1000.000000000000000 ) ;
#2912 = FACE_OUTER_BOUND ( 'NONE', #338, .T. ) ;
#2913 = DIRECTION ( 'NONE',  ( 1.836970198721029441E-16, -1.000000000000000000, 0.000000000000000000 ) ) ;
#2914 = ORIENTED_EDGE ( 'NONE', *, *, #426, .F. ) ;
#2915 = CARTESIAN_POINT ( 'NONE',  ( -2.633100484259956353, -8.799999999999997158, 11.31315318030783779 ) ) ;
#2916 = AXIS2_PLACEMENT_3D ( 'NONE', #228, #2041, #670 ) ;
#2917 = ORIENTED_EDGE ( 'NONE', *, *, #1882, .T. ) ;
#2918 = AXIS2_PLACEMENT_3D ( 'NONE', #2088, #1244, #1189 ) ;
#2919 = CARTESIAN_POINT ( 'NONE',  ( -4.922649730810378266, -8.799999999999997158, 1.350000000000000089 ) ) ;
#2920 = ORIENTED_EDGE ( 'NONE', *, *, #1034, .T. ) ;
#2921 = DIRECTION ( 'NONE',  ( 0.000000000000000000, 0.000000000000000000, 1.000000000000000000 ) ) ;
#2922 = LINE ( 'NONE', #177, #1456 ) ;
#2923 = VERTEX_POINT ( 'NONE', #430 ) ;
#2924 = PLANE ( 'NONE',  #1488 ) ;
#2925 = EDGE_CURVE ( 'NONE', #694, #2325, #879, .T. ) ;
#2926 = LINE ( 'NONE', #2260, #1169 ) ;
#2927 = CARTESIAN_POINT ( 'NONE',  ( 12.94972441736410218, -8.799999999999995381, -3.900000000000000355 ) ) ;
#2928 = EDGE_LOOP ( 'NONE', ( #1628, #989, #1660, #1523 ) ) ;
#2929 = CARTESIAN_POINT ( 'NONE',  ( 18.43551085499100139, 0.2000000000000057010, 2.000000000000000000 ) ) ;
#2930 = EDGE_CURVE ( 'NONE', #815, #919, #924, .T. ) ;
ENDSEC;
END-ISO-10303-21;
