ISO-10303-21;
HEADER;
FILE_DESCRIPTION (( 'STEP AP203' ),
    '1' );
FILE_NAME ('bottom_bolster_horiz.STEP',
    '2025-12-17T10:17:53',
    ( '' ),
    ( '' ),
    'SwSTEP 2.0',
    'SolidWorks 2025',
    '' );
FILE_SCHEMA (( 'CONFIG_CONTROL_DESIGN' ));
ENDSEC;

DATA;
#1 = CARTESIAN_POINT ( 'NONE',  ( 70.00000000000000000, 15.00000000000000000, 59.99999999999998579 ) ) ;
#2 = VECTOR ( 'NONE', #697, 1000.000000000000000 ) ;
#3 = CARTESIAN_POINT ( 'NONE',  ( -70.00000000000002842, 0.000000000000000000, 52.49999999999997158 ) ) ;
#4 = EDGE_CURVE ( 'NONE', #1079, #1405, #629, .T. ) ;
#5 = ORIENTED_EDGE ( 'NONE', *, *, #825, .T. ) ;
#6 = CALENDAR_DATE ( 2025, 17, 12 ) ;
#7 = EDGE_CURVE ( 'NONE', #1658, #2632, #2292, .T. ) ;
#8 = ORIENTED_EDGE ( 'NONE', *, *, #75, .T. ) ;
#9 = CARTESIAN_POINT ( 'NONE',  ( 84.99999999999998579, 12.00000000000000000, 39.00000000000000711 ) ) ;
#10 = LINE ( 'NONE', #938, #95 ) ;
#11 = CIRCLE ( 'NONE', #1352, 2.249999999999995115 ) ;
#12 = ORIENTED_EDGE ( 'NONE', *, *, #2404, .F. ) ;
#13 = AXIS2_PLACEMENT_3D ( 'NONE', #1784, #737, #2370 ) ;
#14 = CARTESIAN_POINT ( 'NONE',  ( -56.25000000000002132, 12.00000000000000000, -6.938893903907228378E-15 ) ) ;
#15 = DIRECTION ( 'NONE',  ( -0.000000000000000000, 1.000000000000000000, -0.000000000000000000 ) ) ;
#16 = AXIS2_PLACEMENT_3D ( 'NONE', #1844, #809, #833 ) ;
#17 = VERTEX_POINT ( 'NONE', #231 ) ;
#18 = DIRECTION ( 'NONE',  ( 1.119176436114069628E-15, -0.000000000000000000, -1.000000000000000000 ) ) ;
#19 = AXIS2_PLACEMENT_3D ( 'NONE', #164, #1832, #1847 ) ;
#20 = DIRECTION ( 'NONE',  ( -0.000000000000000000, 1.000000000000000000, -0.000000000000000000 ) ) ;
#21 = VERTEX_POINT ( 'NONE', #257 ) ;
#22 = AXIS2_PLACEMENT_3D ( 'NONE', #2247, #146, #998 ) ;
#23 = CIRCLE ( 'NONE', #1617, 2.250000000000001776 ) ;
#24 = VERTEX_POINT ( 'NONE', #655 ) ;
#25 = EDGE_CURVE ( 'NONE', #1510, #1345, #1094, .T. ) ;
#26 = AXIS2_PLACEMENT_3D ( 'NONE', #1525, #91, #927 ) ;
#27 = EDGE_CURVE ( 'NONE', #1474, #2423, #261, .T. ) ;
#28 = LINE ( 'NONE', #9, #1495 ) ;
#29 = CARTESIAN_POINT ( 'NONE',  ( 80.00000000000001421, 12.00000000000000000, -34.39999999999999858 ) ) ;
#30 = ORIENTED_EDGE ( 'NONE', *, *, #2674, .T. ) ;
#31 = DIRECTION ( 'NONE',  ( -0.000000000000000000, 1.000000000000000000, -0.000000000000000000 ) ) ;
#32 = LINE ( 'NONE', #2117, #100 ) ;
#33 = CARTESIAN_POINT ( 'NONE',  ( -56.40000000000002700, 15.00000000000000000, -29.80000000000000071 ) ) ;
#34 = CARTESIAN_POINT ( 'NONE',  ( 80.00000000000001421, 4.000000000000000000, -36.64999999999999858 ) ) ;
#35 = FACE_OUTER_BOUND ( 'NONE', #676, .T. ) ;
#36 = ORIENTED_EDGE ( 'NONE', *, *, #537, .F. ) ;
#37 = EDGE_LOOP ( 'NONE', ( #1737, #1849 ) ) ;
#38 = DIRECTION ( 'NONE',  ( -0.000000000000000000, 1.000000000000000000, -0.000000000000000000 ) ) ;
#39 = DIRECTION ( 'NONE',  ( 0.000000000000000000, 0.000000000000000000, 1.000000000000000000 ) ) ;
#40 = ADVANCED_FACE ( 'NONE', ( #45 ), #879, .F. ) ;
#41 = ORIENTED_EDGE ( 'NONE', *, *, #590, .T. ) ;
#42 = LINE ( 'NONE', #1453, #2571 ) ;
#43 = DIRECTION ( 'NONE',  ( 0.000000000000000000, 0.000000000000000000, 1.000000000000000000 ) ) ;
#44 = ADVANCED_FACE ( 'NONE', ( #2319 ), #465, .F. ) ;
#45 = FACE_OUTER_BOUND ( 'NONE', #249, .T. ) ;
#46 = CC_DESIGN_APPROVAL ( #2598, ( #383 ) ) ;
#47 = CARTESIAN_POINT ( 'NONE',  ( -56.40000000000001990, 12.00000000000000000, -39.00000000000000000 ) ) ;
#48 = DIRECTION ( 'NONE',  ( 0.000000000000000000, 1.000000000000000000, 0.000000000000000000 ) ) ;
#49 = ORIENTED_EDGE ( 'NONE', *, *, #1060, .F. ) ;
#50 = ORIENTED_EDGE ( 'NONE', *, *, #237, .F. ) ;
#51 = CARTESIAN_POINT ( 'NONE',  ( 54.89999999999999858, 12.00000000000000000, 31.30000000000000071 ) ) ;
#52 = CARTESIAN_POINT ( 'NONE',  ( -60.00000000000002842, 4.000000000000000000, -34.39999999999999858 ) ) ;
#53 = ORIENTED_EDGE ( 'NONE', *, *, #1089, .F. ) ;
#54 = DIRECTION ( 'NONE',  ( 0.000000000000000000, -0.000000000000000000, 1.000000000000000000 ) ) ;
#55 = CARTESIAN_POINT ( 'NONE',  ( 69.89999999999999147, 15.00000000000000000, 29.79999999999999716 ) ) ;
#56 = CARTESIAN_POINT ( 'NONE',  ( -60.00000000000002842, 4.000000000000000000, -32.14999999999999858 ) ) ;
#57 = AXIS2_PLACEMENT_3D ( 'NONE', #467, #1762, #728 ) ;
#58 = EDGE_CURVE ( 'NONE', #2018, #2099, #2595, .T. ) ;
#59 = CARTESIAN_POINT ( 'NONE',  ( -18.75000000000002487, 0.000000000000000000, 2.249999999999988454 ) ) ;
#60 = DIRECTION ( 'NONE',  ( 0.000000000000000000, 0.000000000000000000, -1.000000000000000000 ) ) ;
#61 = VECTOR ( 'NONE', #1211, 1000.000000000000000 ) ;
#62 = ORIENTED_EDGE ( 'NONE', *, *, #1590, .T. ) ;
#63 = AXIS2_PLACEMENT_3D ( 'NONE', #341, #94, #2002 ) ;
#64 = VECTOR ( 'NONE', #2194, 1000.000000000000000 ) ;
#65 = ORIENTED_EDGE ( 'NONE', *, *, #1896, .F. ) ;
#66 = CIRCLE ( 'NONE', #1836, 1.500000000000001332 ) ;
#67 = DIRECTION ( 'NONE',  ( 0.000000000000000000, -1.000000000000000000, 0.000000000000000000 ) ) ;
#68 = ORIENTED_EDGE ( 'NONE', *, *, #518, .T. ) ;
#69 = CIRCLE ( 'NONE', #2271, 1.500000000000001332 ) ;
#70 = CARTESIAN_POINT ( 'NONE',  ( 70.00000000000000000, 0.000000000000000000, -52.50000000000000000 ) ) ;
#71 = CARTESIAN_POINT ( 'NONE',  ( -69.90000000000001990, 15.00000000000000000, -29.79999999999999716 ) ) ;
#72 = DIRECTION ( 'NONE',  ( 1.000000000000000000, 0.000000000000000000, -0.000000000000000000 ) ) ;
#73 = DIRECTION ( 'NONE',  ( -0.000000000000000000, 1.000000000000000000, -0.000000000000000000 ) ) ;
#74 = CARTESIAN_POINT ( 'NONE',  ( 54.89999999999999858, 12.00000000000000000, -28.29999999999999716 ) ) ;
#75 = EDGE_CURVE ( 'NONE', #76, #2362, #1992, .T. ) ;
#76 = VERTEX_POINT ( 'NONE', #1304 ) ;
#77 = EDGE_CURVE ( 'NONE', #2444, #1054, #2207, .T. ) ;
#78 = ADVANCED_FACE ( 'NONE', ( #286 ), #1120, .F. ) ;
#79 = VERTEX_POINT ( 'NONE', #503 ) ;
#80 = CARTESIAN_POINT ( 'NONE',  ( 70.00000000000000000, 15.00000000000000000, 59.99999999999998579 ) ) ;
#81 = EDGE_LOOP ( 'NONE', ( #426, #700, #1672, #2622 ) ) ;
#82 = FACE_OUTER_BOUND ( 'NONE', #648, .T. ) ;
#83 = DIRECTION ( 'NONE',  ( -0.000000000000000000, 1.000000000000000000, -0.000000000000000000 ) ) ;
#84 = CARTESIAN_POINT ( 'NONE',  ( -74.90000000000001990, 12.00000000000000000, -24.80000000000000071 ) ) ;
#85 = DIRECTION ( 'NONE',  ( 0.000000000000000000, 1.000000000000000000, -0.000000000000000000 ) ) ;
#86 = DIRECTION ( 'NONE',  ( -0.000000000000000000, 0.000000000000000000, -1.000000000000000000 ) ) ;
#87 = EDGE_LOOP ( 'NONE', ( #604, #2231, #915, #413 ) ) ;
#88 = EDGE_CURVE ( 'NONE', #1311, #2444, #910, .T. ) ;
#89 = ORIENTED_EDGE ( 'NONE', *, *, #2076, .T. ) ;
#90 = EDGE_CURVE ( 'NONE', #2334, #1186, #2511, .T. ) ;
#91 = DIRECTION ( 'NONE',  ( 0.000000000000000000, 1.000000000000000000, -0.000000000000000000 ) ) ;
#92 = ORIENTED_EDGE ( 'NONE', *, *, #471, .T. ) ;
#93 = CARTESIAN_POINT ( 'NONE',  ( 70.00000000000000000, 15.00000000000000000, 67.49999999999998579 ) ) ;
#94 = DIRECTION ( 'NONE',  ( 0.7071067811865470176, 0.000000000000000000, 0.7071067811865480168 ) ) ;
#95 = VECTOR ( 'NONE', #2273, 1000.000000000000000 ) ;
#96 = CIRCLE ( 'NONE', #441, 2.249999999999995559 ) ;
#97 = DIRECTION ( 'NONE',  ( 0.000000000000000000, 0.000000000000000000, 1.000000000000000000 ) ) ;
#98 = DIRECTION ( 'NONE',  ( 0.000000000000000000, 0.000000000000000000, 1.000000000000000000 ) ) ;
#99 = ORIENTED_EDGE ( 'NONE', *, *, #1714, .F. ) ;
#100 = VECTOR ( 'NONE', #256, 1000.000000000000000 ) ;
#101 = DIRECTION ( 'NONE',  ( -0.000000000000000000, 1.000000000000000000, -0.000000000000000000 ) ) ;
#102 = ORIENTED_EDGE ( 'NONE', *, *, #1910, .T. ) ;
#103 = AXIS2_PLACEMENT_3D ( 'NONE', #1612, #602, #835 ) ;
#104 = DIRECTION ( 'NONE',  ( 0.000000000000000000, 1.000000000000000000, 0.000000000000000000 ) ) ;
#105 = AXIS2_PLACEMENT_3D ( 'NONE', #1733, #545, #957 ) ;
#106 = ORIENTED_EDGE ( 'NONE', *, *, #2574, .T. ) ;
#107 = EDGE_CURVE ( 'NONE', #1278, #1203, #920, .T. ) ;
#108 = EDGE_CURVE ( 'NONE', #952, #362, #1720, .T. ) ;
#109 = CARTESIAN_POINT ( 'NONE',  ( -60.00000000000002842, 4.000000000000000000, 34.39999999999999858 ) ) ;
#110 = DIRECTION ( 'NONE',  ( 0.000000000000000000, 0.000000000000000000, 1.000000000000000000 ) ) ;
#111 = VECTOR ( 'NONE', #1984, 1000.000000000000000 ) ;
#112 = CARTESIAN_POINT ( 'NONE',  ( 60.00000000000000000, 12.00000000000000000, -34.39999999999999858 ) ) ;
#113 = DIRECTION ( 'NONE',  ( -0.000000000000000000, 1.000000000000000000, -0.000000000000000000 ) ) ;
#114 = ORIENTED_EDGE ( 'NONE', *, *, #1742, .T. ) ;
#115 = ORIENTED_EDGE ( 'NONE', *, *, #727, .T. ) ;
#116 = CARTESIAN_POINT ( 'NONE',  ( 54.89999999999999858, 12.00000000000000000, 29.80000000000000071 ) ) ;
#117 = ORIENTED_EDGE ( 'NONE', *, *, #929, .T. ) ;
#118 = FACE_OUTER_BOUND ( 'NONE', #1756, .T. ) ;
#119 = ADVANCED_FACE ( 'NONE', ( #297 ), #2130, .F. ) ;
#120 = CARTESIAN_POINT ( 'NONE',  ( -74.90000000000001990, 12.00000000000000000, -9.100000000000006750 ) ) ;
#121 = DIRECTION ( 'NONE',  ( 0.000000000000000000, 0.000000000000000000, 1.000000000000000000 ) ) ;
#122 = ADVANCED_FACE ( 'NONE', ( #129 ), #2536, .F. ) ;
#123 = CARTESIAN_POINT ( 'NONE',  ( -60.00000000000002842, 4.000000000000000000, -34.39999999999999858 ) ) ;
#124 = ORIENTED_EDGE ( 'NONE', *, *, #2256, .F. ) ;
#125 = CARTESIAN_POINT ( 'NONE',  ( 74.89999999999999147, 15.00000000000000000, -9.100000000000006750 ) ) ;
#126 = ORIENTED_EDGE ( 'NONE', *, *, #184, .T. ) ;
#127 = SECURITY_CLASSIFICATION_LEVEL ( 'unclassified' ) ;
#128 = ORIENTED_EDGE ( 'NONE', *, *, #520, .T. ) ;
#129 = FACE_OUTER_BOUND ( 'NONE', #134, .T. ) ;
#130 = CARTESIAN_POINT ( 'NONE',  ( -54.90000000000001990, 12.00000000000000000, 40.50000000000000000 ) ) ;
#131 = DIRECTION ( 'NONE',  ( -2.569960705150826877E-16, 0.000000000000000000, 1.000000000000000000 ) ) ;
#132 = DIRECTION ( 'NONE',  ( -0.000000000000000000, 1.000000000000000000, -0.000000000000000000 ) ) ;
#133 = DIRECTION ( 'NONE',  ( 0.7071067811865480168, -0.000000000000000000, -0.7071067811865470176 ) ) ;
#134 = EDGE_LOOP ( 'NONE', ( #338, #290, #1401, #2619 ) ) ;
#135 = ADVANCED_FACE ( 'NONE', ( #980 ), #686, .F. ) ;
#136 = CARTESIAN_POINT ( 'NONE',  ( -69.90000000000001990, 12.00000000000000000, 29.79999999999999716 ) ) ;
#137 = VERTEX_POINT ( 'NONE', #1580 ) ;
#138 = COORDINATED_UNIVERSAL_TIME_OFFSET ( 0, 0, .AHEAD. ) ;
#139 = AXIS2_PLACEMENT_3D ( 'NONE', #587, #15, #1424 ) ;
#140 = ORIENTED_EDGE ( 'NONE', *, *, #470, .T. ) ;
#141 = CARTESIAN_POINT ( 'NONE',  ( 70.00000000000000000, 0.000000000000000000, -60.00000000000001421 ) ) ;
#142 = CIRCLE ( 'NONE', #404, 2.249999999999995559 ) ;
#143 = DIRECTION ( 'NONE',  ( 0.000000000000000000, 1.000000000000000000, -0.000000000000000000 ) ) ;
#144 = CARTESIAN_POINT ( 'NONE',  ( 56.39999999999999858, 15.00000000000000000, 29.80000000000000071 ) ) ;
#145 = AXIS2_PLACEMENT_3D ( 'NONE', #921, #309, #1977 ) ;
#146 = DIRECTION ( 'NONE',  ( 2.569960705150826877E-16, 0.000000000000000000, 1.000000000000000000 ) ) ;
#147 = CARTESIAN_POINT ( 'NONE',  ( 70.00000000000000000, 0.000000000000000000, -60.00000000000001421 ) ) ;
#148 = ORIENTED_EDGE ( 'NONE', *, *, #929, .F. ) ;
#149 = CIRCLE ( 'NONE', #26, 2.249999999999995115 ) ;
#150 = FACE_OUTER_BOUND ( 'NONE', #2656, .T. ) ;
#151 = CARTESIAN_POINT ( 'NONE',  ( -69.90000000000001990, 12.00000000000000000, 29.79999999999999716 ) ) ;
#152 = EDGE_CURVE ( 'NONE', #1405, #2399, #1219, .T. ) ;
#153 = EDGE_CURVE ( 'NONE', #1431, #2644, #552, .T. ) ;
#154 = EDGE_LOOP ( 'NONE', ( #1450, #1973, #2067, #867 ) ) ;
#155 =( NAMED_UNIT ( * ) SI_UNIT ( $, .STERADIAN. ) SOLID_ANGLE_UNIT ( ) );
#156 = ADVANCED_FACE ( 'NONE', ( #1180 ), #1998, .F. ) ;
#157 = ORIENTED_EDGE ( 'NONE', *, *, #1758, .F. ) ;
#158 = DIRECTION ( 'NONE',  ( -0.000000000000000000, 1.000000000000000000, -0.000000000000000000 ) ) ;
#159 = LINE ( 'NONE', #996, #2179 ) ;
#160 = EDGE_LOOP ( 'NONE', ( #511, #2122, #2442, #1396 ) ) ;
#161 = DIRECTION ( 'NONE',  ( 1.000000000000000000, 0.000000000000000000, 2.569960705150826877E-16 ) ) ;
#162 = DIRECTION ( 'NONE',  ( 0.000000000000000000, 0.000000000000000000, -1.000000000000000000 ) ) ;
#163 = ORIENTED_EDGE ( 'NONE', *, *, #1878, .T. ) ;
#164 = CARTESIAN_POINT ( 'NONE',  ( -56.25000000000002132, 12.00000000000000000, -6.938893903907228378E-15 ) ) ;
#165 = ORIENTED_EDGE ( 'NONE', *, *, #2437, .F. ) ;
#166 = ADVANCED_FACE ( 'NONE', ( #2331 ), #477, .F. ) ;
#167 = APPROVAL_DATE_TIME ( #564, #2598 ) ;
#168 = ORIENTED_EDGE ( 'NONE', *, *, #2061, .F. ) ;
#169 = EDGE_CURVE ( 'NONE', #1300, #1558, #2640, .T. ) ;
#170 = CARTESIAN_POINT ( 'NONE',  ( -70.00000000000002842, 0.000000000000000000, 59.99999999999998579 ) ) ;
#171 = PLANE ( 'NONE',  #1020 ) ;
#172 = VERTEX_POINT ( 'NONE', #845 ) ;
#173 = CARTESIAN_POINT ( 'NONE',  ( 54.89999999999999147, 15.00000000000000000, -37.50000000000000000 ) ) ;
#174 = CARTESIAN_POINT ( 'NONE',  ( 60.00000000000000000, 4.000000000000000000, -34.39999999999999858 ) ) ;
#175 = EDGE_LOOP ( 'NONE', ( #779, #2543 ) ) ;
#176 = CARTESIAN_POINT ( 'NONE',  ( -70.00000000000002842, 0.000000000000000000, -67.50000000000002842 ) ) ;
#177 = PLANE ( 'NONE',  #1270 ) ;
#178 = ORIENTED_EDGE ( 'NONE', *, *, #1314, .F. ) ;
#179 = ORIENTED_EDGE ( 'NONE', *, *, #1301, .F. ) ;
#180 = AXIS2_PLACEMENT_3D ( 'NONE', #1039, #2654, #1609 ) ;
#181 = DIRECTION ( 'NONE',  ( 0.000000000000000000, 0.000000000000000000, 1.000000000000000000 ) ) ;
#182 = CIRCLE ( 'NONE', #1698, 1.500000000000001332 ) ;
#183 = CARTESIAN_POINT ( 'NONE',  ( -85.00000000000001421, 15.00000000000000000, -75.00000000000001421 ) ) ;
#184 = EDGE_CURVE ( 'NONE', #509, #350, #885, .T. ) ;
#185 = EDGE_CURVE ( 'NONE', #1238, #1425, #242, .T. ) ;
#186 = VERTEX_POINT ( 'NONE', #1078 ) ;
#187 = VECTOR ( 'NONE', #1913, 1000.000000000000000 ) ;
#188 = MANIFOLD_SOLID_BREP ( 'Cut-Extrude5', #2253 ) ;
#189 = FACE_OUTER_BOUND ( 'NONE', #563, .T. ) ;
#190 = CARTESIAN_POINT ( 'NONE',  ( 54.89999999999999147, 12.00000000000000000, -39.00000000000000000 ) ) ;
#191 = VECTOR ( 'NONE', #2626, 1000.000000000000000 ) ;
#192 = ORIENTED_EDGE ( 'NONE', *, *, #1932, .T. ) ;
#193 = AXIS2_PLACEMENT_3D ( 'NONE', #832, #255, #1464 ) ;
#194 = DIRECTION ( 'NONE',  ( 0.000000000000000000, -0.000000000000000000, -1.000000000000000000 ) ) ;
#195 = DIRECTION ( 'NONE',  ( 0.000000000000000000, 0.000000000000000000, 1.000000000000000000 ) ) ;
#196 = CIRCLE ( 'NONE', #1155, 2.249999999999995115 ) ;
#197 = EDGE_LOOP ( 'NONE', ( #1030, #2603, #2168, #1877 ) ) ;
#198 = ORIENTED_EDGE ( 'NONE', *, *, #754, .T. ) ;
#199 = CARTESIAN_POINT ( 'NONE',  ( 74.89999999999999147, 12.00000000000000000, -9.099999999999999645 ) ) ;
#200 = CARTESIAN_POINT ( 'NONE',  ( 18.74999999999997513, 12.00000000000000000, -6.938893903907228378E-15 ) ) ;
#201 = VERTEX_POINT ( 'NONE', #2314 ) ;
#202 = EDGE_CURVE ( 'NONE', #1425, #201, #10, .T. ) ;
#203 = DIRECTION ( 'NONE',  ( 0.000000000000000000, 0.000000000000000000, 1.000000000000000000 ) ) ;
#204 = DIRECTION ( 'NONE',  ( -0.000000000000000000, 1.000000000000000000, -0.000000000000000000 ) ) ;
#205 = EDGE_LOOP ( 'NONE', ( #580, #62, #1575, #1222 ) ) ;
#206 = EDGE_CURVE ( 'NONE', #952, #186, #1487, .T. ) ;
#207 = DIRECTION ( 'NONE',  ( 1.000000000000000000, 0.000000000000000000, 1.119176436114069628E-15 ) ) ;
#208 = DIRECTION ( 'NONE',  ( -0.000000000000000000, 1.000000000000000000, -0.000000000000000000 ) ) ;
#209 = ORIENTED_EDGE ( 'NONE', *, *, #1761, .T. ) ;
#210 = ORIENTED_EDGE ( 'NONE', *, *, #2555, .T. ) ;
#211 = CARTESIAN_POINT ( 'NONE',  ( -85.00000000000001421, 12.00000000000000000, -39.00000000000000711 ) ) ;
#212 = CYLINDRICAL_SURFACE ( 'NONE', #1999, 1.500000000000001332 ) ;
#213 = DIRECTION ( 'NONE',  ( 0.000000000000000000, 0.000000000000000000, 1.000000000000000000 ) ) ;
#214 = VERTEX_POINT ( 'NONE', #2102 ) ;
#215 = DIRECTION ( 'NONE',  ( 1.119176436114069628E-15, 0.000000000000000000, 1.000000000000000000 ) ) ;
#216 = FACE_OUTER_BOUND ( 'NONE', #2365, .T. ) ;
#217 = DIRECTION ( 'NONE',  ( 0.000000000000000000, 1.000000000000000000, 0.000000000000000000 ) ) ;
#218 = CARTESIAN_POINT ( 'NONE',  ( 56.39999999999999147, 12.00000000000000000, 39.00000000000000000 ) ) ;
#219 = AXIS2_PLACEMENT_3D ( 'NONE', #1650, #822, #1912 ) ;
#220 = DIRECTION ( 'NONE',  ( 0.000000000000000000, 1.000000000000000000, 0.000000000000000000 ) ) ;
#221 = EDGE_CURVE ( 'NONE', #76, #2324, #252, .T. ) ;
#222 = ORIENTED_EDGE ( 'NONE', *, *, #403, .F. ) ;
#223 = ORIENTED_EDGE ( 'NONE', *, *, #723, .T. ) ;
#224 = AXIS2_PLACEMENT_3D ( 'NONE', #29, #862, #1473 ) ;
#225 = LINE ( 'NONE', #1433, #2229 ) ;
#226 = DIRECTION ( 'NONE',  ( -0.000000000000000000, 1.000000000000000000, -0.000000000000000000 ) ) ;
#227 = ORIENTED_EDGE ( 'NONE', *, *, #675, .F. ) ;
#228 = DIRECTION ( 'NONE',  ( 0.000000000000000000, 0.000000000000000000, 1.000000000000000000 ) ) ;
#229 = CARTESIAN_POINT ( 'NONE',  ( -18.75000000000002487, 0.000000000000000000, -6.938893903907228378E-15 ) ) ;
#230 = AXIS2_PLACEMENT_3D ( 'NONE', #945, #1146, #526 ) ;
#231 = CARTESIAN_POINT ( 'NONE',  ( -70.00000000000002842, 15.00000000000000000, -52.50000000000000000 ) ) ;
#232 = FACE_OUTER_BOUND ( 'NONE', #2277, .T. ) ;
#233 = CIRCLE ( 'NONE', #1231, 2.249999999999995115 ) ;
#234 = DIRECTION ( 'NONE',  ( 0.000000000000000000, 1.000000000000000000, 0.000000000000000000 ) ) ;
#235 = ORIENTED_EDGE ( 'NONE', *, *, #1859, .F. ) ;
#236 = CIRCLE ( 'NONE', #2484, 1.500000000000001332 ) ;
#237 = EDGE_CURVE ( 'NONE', #521, #524, #510, .T. ) ;
#238 = VECTOR ( 'NONE', #542, 1000.000000000000000 ) ;
#239 = EDGE_LOOP ( 'NONE', ( #595, #857 ) ) ;
#240 = EDGE_CURVE ( 'NONE', #1562, #651, #2159, .T. ) ;
#241 = DIRECTION ( 'NONE',  ( 0.000000000000000000, -1.000000000000000000, 0.000000000000000000 ) ) ;
#242 = LINE ( 'NONE', #1674, #1995 ) ;
#243 = VERTEX_POINT ( 'NONE', #2069 ) ;
#244 = CARTESIAN_POINT ( 'NONE',  ( -60.00000000000002842, 4.000000000000000000, -34.39999999999999858 ) ) ;
#245 = CARTESIAN_POINT ( 'NONE',  ( 56.39999999999999858, 12.00000000000000000, -29.80000000000000071 ) ) ;
#246 = DIRECTION ( 'NONE',  ( 0.000000000000000000, 0.000000000000000000, 1.000000000000000000 ) ) ;
#247 = DIRECTION ( 'NONE',  ( 1.000000000000000000, 0.000000000000000000, -2.426186679687842211E-16 ) ) ;
#248 = DIRECTION ( 'NONE',  ( 0.000000000000000000, 0.000000000000000000, 1.000000000000000000 ) ) ;
#249 = EDGE_LOOP ( 'NONE', ( #1232, #1933, #2565, #733 ) ) ;
#250 = VERTEX_POINT ( 'NONE', #2514 ) ;
#251 = DIRECTION ( 'NONE',  ( 1.000000000000000000, -0.000000000000000000, 2.426186679687842211E-16 ) ) ;
#252 = LINE ( 'NONE', #2501, #1564 ) ;
#253 = EDGE_LOOP ( 'NONE', ( #1841, #1815, #2541, #2625 ) ) ;
#254 = ADVANCED_FACE ( 'NONE', ( #1088 ), #212, .F. ) ;
#255 = DIRECTION ( 'NONE',  ( 0.000000000000000000, 1.000000000000000000, 0.000000000000000000 ) ) ;
#256 = DIRECTION ( 'NONE',  ( -0.000000000000000000, 1.000000000000000000, -0.000000000000000000 ) ) ;
#257 = CARTESIAN_POINT ( 'NONE',  ( 74.89999999999999147, 12.00000000000000000, 9.099999999999987210 ) ) ;
#258 = LINE ( 'NONE', #59, #1747 ) ;
#259 = DIRECTION ( 'NONE',  ( -0.000000000000000000, 1.000000000000000000, -0.000000000000000000 ) ) ;
#260 = ORIENTED_EDGE ( 'NONE', *, *, #1688, .T. ) ;
#261 = CIRCLE ( 'NONE', #1643, 2.249999999999995559 ) ;
#262 = ORIENTED_EDGE ( 'NONE', *, *, #1561, .T. ) ;
#263 = CARTESIAN_POINT ( 'NONE',  ( -54.90000000000001990, 15.00000000000000000, 39.00000000000000000 ) ) ;
#264 = EDGE_LOOP ( 'NONE', ( #2578, #1102, #2512, #1009 ) ) ;
#265 = DIRECTION ( 'NONE',  ( 0.000000000000000000, 1.000000000000000000, -0.000000000000000000 ) ) ;
#266 = ADVANCED_FACE ( 'NONE', ( #2287 ), #443, .F. ) ;
#267 = CIRCLE ( 'NONE', #224, 2.249999999999995115 ) ;
#268 = EDGE_CURVE ( 'NONE', #2409, #1658, #2490, .T. ) ;
#269 = DIRECTION ( 'NONE',  ( -1.000000000000000000, -0.000000000000000000, -0.000000000000000000 ) ) ;
#270 = CARTESIAN_POINT ( 'NONE',  ( 80.00000000000001421, 4.000000000000000000, 34.39999999999999858 ) ) ;
#271 = VECTOR ( 'NONE', #1097, 1000.000000000000000 ) ;
#272 = CARTESIAN_POINT ( 'NONE',  ( 18.74999999999997513, 12.00000000000000000, 2.249999999999988454 ) ) ;
#273 = ADVANCED_FACE ( 'NONE', ( #461 ), #650, .F. ) ;
#274 = CARTESIAN_POINT ( 'NONE',  ( -18.75000000000002487, 12.00000000000000000, -2.250000000000002220 ) ) ;
#275 = VECTOR ( 'NONE', #1081, 1000.000000000000000 ) ;
#276 = ORIENTED_EDGE ( 'NONE', *, *, #7, .F. ) ;
#277 = AXIS2_PLACEMENT_3D ( 'NONE', #1421, #2649, #568 ) ;
#278 = AXIS2_PLACEMENT_3D ( 'NONE', #726, #516, #1965 ) ;
#279 = ORIENTED_EDGE ( 'NONE', *, *, #506, .F. ) ;
#280 = AXIS2_PLACEMENT_3D ( 'NONE', #370, #1207, #995 ) ;
#281 = FACE_BOUND ( 'NONE', #1013, .T. ) ;
#282 = EDGE_LOOP ( 'NONE', ( #2524, #1777, #2059, #2028 ) ) ;
#283 = AXIS2_PLACEMENT_3D ( 'NONE', #1299, #67, #1338 ) ;
#284 = PLANE ( 'NONE',  #2396 ) ;
#285 = DIRECTION ( 'NONE',  ( 0.000000000000000000, -1.000000000000000000, 0.000000000000000000 ) ) ;
#286 = FACE_OUTER_BOUND ( 'NONE', #1386, .T. ) ;
#287 = ADVANCED_FACE ( 'NONE', ( #1905 ), #1290, .F. ) ;
#288 = CARTESIAN_POINT ( 'NONE',  ( -54.90000000000001990, 15.00000000000000000, -39.00000000000000000 ) ) ;
#289 = DIRECTION ( 'NONE',  ( 0.000000000000000000, 0.000000000000000000, 1.000000000000000000 ) ) ;
#290 = ORIENTED_EDGE ( 'NONE', *, *, #2223, .T. ) ;
#291 = ADVANCED_FACE ( 'NONE', ( #2327 ), #301, .F. ) ;
#292 = ORIENTED_EDGE ( 'NONE', *, *, #740, .T. ) ;
#293 = PLANE ( 'NONE',  #283 ) ;
#294 = ORIENTED_EDGE ( 'NONE', *, *, #2453, .T. ) ;
#295 = DIRECTION ( 'NONE',  ( 0.000000000000000000, 0.000000000000000000, 1.000000000000000000 ) ) ;
#296 = CARTESIAN_POINT ( 'NONE',  ( -54.90000000000001990, 15.00000000000000000, 39.00000000000000000 ) ) ;
#297 = FACE_OUTER_BOUND ( 'NONE', #450, .T. ) ;
#298 = DIRECTION ( 'NONE',  ( 0.000000000000000000, 1.000000000000000000, 0.000000000000000000 ) ) ;
#299 = DIRECTION ( 'NONE',  ( 0.000000000000000000, 0.000000000000000000, -1.000000000000000000 ) ) ;
#300 = ORIENTED_EDGE ( 'NONE', *, *, #439, .F. ) ;
#301 = PLANE ( 'NONE',  #2424 ) ;
#302 = EDGE_CURVE ( 'NONE', #1322, #250, #267, .T. ) ;
#303 = EDGE_CURVE ( 'NONE', #2570, #2149, #2170, .T. ) ;
#304 = VERTEX_POINT ( 'NONE', #950 ) ;
#305 = CARTESIAN_POINT ( 'NONE',  ( -56.25000000000002132, 12.00000000000000000, 2.249999999999988454 ) ) ;
#306 = VERTEX_POINT ( 'NONE', #125 ) ;
#307 = CARTESIAN_POINT ( 'NONE',  ( 74.89999999999999147, 12.00000000000000000, -24.80000000000000071 ) ) ;
#308 = CARTESIAN_POINT ( 'NONE',  ( -60.00000000000002842, 12.00000000000000000, 32.14999999999999858 ) ) ;
#309 = DIRECTION ( 'NONE',  ( -0.000000000000000000, 1.000000000000000000, -0.000000000000000000 ) ) ;
#310 = DIRECTION ( 'NONE',  ( -0.000000000000000000, 1.000000000000000000, -0.000000000000000000 ) ) ;
#311 = ORIENTED_EDGE ( 'NONE', *, *, #1742, .F. ) ;
#312 = DIRECTION ( 'NONE',  ( 0.7071067811865480168, 0.000000000000000000, 0.7071067811865470176 ) ) ;
#313 = ORIENTED_EDGE ( 'NONE', *, *, #727, .F. ) ;
#314 = CIRCLE ( 'NONE', #19, 2.249999999999995559 ) ;
#315 = PLANE ( 'NONE',  #1961 ) ;
#316 = LINE ( 'NONE', #681, #1666 ) ;
#317 = CIRCLE ( 'NONE', #673, 2.249999999999995115 ) ;
#318 = ORIENTED_EDGE ( 'NONE', *, *, #268, .F. ) ;
#319 = EDGE_CURVE ( 'NONE', #1431, #1209, #781, .T. ) ;
#320 = CARTESIAN_POINT ( 'NONE',  ( -60.00000000000002842, 12.00000000000000000, 34.39999999999999858 ) ) ;
#321 = DIRECTION ( 'NONE',  ( 1.000000000000000000, 0.000000000000000000, 2.569960705150826877E-16 ) ) ;
#322 = AXIS2_PLACEMENT_3D ( 'NONE', #663, #1486, #2313 ) ;
#323 = DIRECTION ( 'NONE',  ( 0.000000000000000000, 0.000000000000000000, -1.000000000000000000 ) ) ;
#324 = DIRECTION ( 'NONE',  ( 0.000000000000000000, 0.000000000000000000, 1.000000000000000000 ) ) ;
#325 = EDGE_LOOP ( 'NONE', ( #2335, #2430 ) ) ;
#326 = DIRECTION ( 'NONE',  ( -1.000000000000000000, 0.000000000000000000, 2.569960705150826877E-16 ) ) ;
#327 = ORIENTED_EDGE ( 'NONE', *, *, #567, .T. ) ;
#328 = EDGE_LOOP ( 'NONE', ( #1215, #551, #1697, #1775 ) ) ;
#329 = DIRECTION ( 'NONE',  ( 0.000000000000000000, 0.000000000000000000, 1.000000000000000000 ) ) ;
#330 = LINE ( 'NONE', #983, #2523 ) ;
#331 = EDGE_CURVE ( 'NONE', #527, #1796, #2197, .T. ) ;
#332 = CYLINDRICAL_SURFACE ( 'NONE', #105, 1.500000000000001332 ) ;
#333 = DIRECTION ( 'NONE',  ( -0.000000000000000000, 1.000000000000000000, -0.000000000000000000 ) ) ;
#334 = ORIENTED_EDGE ( 'NONE', *, *, #483, .F. ) ;
#335 = PLANE ( 'NONE',  #2385 ) ;
#336 = ORIENTED_EDGE ( 'NONE', *, *, #2552, .F. ) ;
#337 = CALENDAR_DATE ( 2025, 17, 12 ) ;
#338 = ORIENTED_EDGE ( 'NONE', *, *, #2674, .F. ) ;
#339 = DIRECTION ( 'NONE',  ( -0.000000000000000000, 1.000000000000000000, -0.000000000000000000 ) ) ;
#340 = DIRECTION ( 'NONE',  ( -0.000000000000000000, 1.000000000000000000, -0.000000000000000000 ) ) ;
#341 = CARTESIAN_POINT ( 'NONE',  ( -69.90000000000001990, 12.00000000000000000, -29.79999999999999716 ) ) ;
#342 = EDGE_CURVE ( 'NONE', #577, #137, #1605, .T. ) ;
#343 = EDGE_CURVE ( 'NONE', #1558, #1375, #1560, .T. ) ;
#344 = LINE ( 'NONE', #2261, #2394 ) ;
#345 = FACE_OUTER_BOUND ( 'NONE', #1712, .T. ) ;
#346 = ORIENTED_EDGE ( 'NONE', *, *, #1892, .T. ) ;
#347 = ADVANCED_FACE ( 'NONE', ( #548, #534, #2579, #365, #1550, #1753, #1374, #2023, #2209 ), #335, .T. ) ;
#348 = DIRECTION ( 'NONE',  ( 0.000000000000000000, -0.000000000000000000, -1.000000000000000000 ) ) ;
#349 = VECTOR ( 'NONE', #1441, 1000.000000000000000 ) ;
#350 = VERTEX_POINT ( 'NONE', #1400 ) ;
#351 = CIRCLE ( 'NONE', #533, 1.500000000000001332 ) ;
#352 = ORIENTED_EDGE ( 'NONE', *, *, #1187, .T. ) ;
#353 = AXIS2_PLACEMENT_3D ( 'NONE', #1071, #451, #423 ) ;
#354 = DIRECTION ( 'NONE',  ( 0.000000000000000000, 0.000000000000000000, 1.000000000000000000 ) ) ;
#355 = DIRECTION ( 'NONE',  ( 0.000000000000000000, 1.000000000000000000, 0.000000000000000000 ) ) ;
#356 = ORIENTED_EDGE ( 'NONE', *, *, #2323, .F. ) ;
#357 = AXIS2_PLACEMENT_3D ( 'NONE', #820, #1634, #2459 ) ;
#358 = LINE ( 'NONE', #1410, #191 ) ;
#359 = AXIS2_PLACEMENT_3D ( 'NONE', #1780, #2042, #354 ) ;
#360 = CARTESIAN_POINT ( 'NONE',  ( -56.25000000000002132, 0.000000000000000000, -6.938893903907228378E-15 ) ) ;
#361 = ADVANCED_FACE ( 'NONE', ( #1176 ), #1993, .F. ) ;
#362 = VERTEX_POINT ( 'NONE', #151 ) ;
#363 = VECTOR ( 'NONE', #550, 1000.000000000000000 ) ;
#364 = DIRECTION ( 'NONE',  ( -0.000000000000000000, 1.000000000000000000, -0.000000000000000000 ) ) ;
#365 = FACE_BOUND ( 'NONE', #1970, .T. ) ;
#366 = EDGE_CURVE ( 'NONE', #2334, #1482, #730, .T. ) ;
#367 = VERTEX_POINT ( 'NONE', #2618 ) ;
#368 = APPLICATION_PROTOCOL_DEFINITION ( 'international standard', 'config_control_design', 1994, #1907 ) ;
#369 = ORIENTED_EDGE ( 'NONE', *, *, #343, .T. ) ;
#370 = CARTESIAN_POINT ( 'NONE',  ( 54.89999999999999147, 12.00000000000000000, 39.00000000000000000 ) ) ;
#371 = CARTESIAN_POINT ( 'NONE',  ( 80.00000000000001421, 12.00000000000000000, 36.64999999999999858 ) ) ;
#372 = ORIENTED_EDGE ( 'NONE', *, *, #2338, .F. ) ;
#373 = CARTESIAN_POINT ( 'NONE',  ( -60.00000000000002842, 4.000000000000000000, 34.39999999999999858 ) ) ;
#374 = FACE_OUTER_BOUND ( 'NONE', #2252, .T. ) ;
#375 = ORIENTED_EDGE ( 'NONE', *, *, #619, .T. ) ;
#376 = DIRECTION ( 'NONE',  ( 0.000000000000000000, 0.000000000000000000, 1.000000000000000000 ) ) ;
#377 = CARTESIAN_POINT ( 'NONE',  ( -60.00000000000002842, 4.000000000000000000, -34.39999999999999858 ) ) ;
#378 = ORIENTED_EDGE ( 'NONE', *, *, #1218, .F. ) ;
#379 = ADVANCED_FACE ( 'NONE', ( #2410 ), #989, .F. ) ;
#380 = EDGE_CURVE ( 'NONE', #2099, #2018, #617, .T. ) ;
#381 = DIRECTION ( 'NONE',  ( 0.000000000000000000, -1.000000000000000000, 0.000000000000000000 ) ) ;
#382 = ORIENTED_EDGE ( 'NONE', *, *, #1874, .T. ) ;
#383 = PRODUCT_DEFINITION_FORMATION_WITH_SPECIFIED_SOURCE ( 'ANY', '', #858, .NOT_KNOWN. ) ;
#384 = CARTESIAN_POINT ( 'NONE',  ( 54.89999999999999858, 12.00000000000000000, -28.29999999999999716 ) ) ;
#385 = CARTESIAN_POINT ( 'NONE',  ( -85.00000000000001421, 0.000000000000000000, 74.99999999999998579 ) ) ;
#386 = EDGE_LOOP ( 'NONE', ( #1935, #2172, #1725, #2110 ) ) ;
#387 = UNCERTAINTY_MEASURE_WITH_UNIT (LENGTH_MEASURE( 1.000000000000000082E-05 ), #1418, 'distance_accuracy_value', 'NONE');
#388 = DIRECTION ( 'NONE',  ( 0.000000000000000000, 0.000000000000000000, -1.000000000000000000 ) ) ;
#389 = CARTESIAN_POINT ( 'NONE',  ( -80.00000000000004263, 12.00000000000000000, 32.15000000000000568 ) ) ;
#390 = CC_DESIGN_APPROVAL ( #2648, ( #436 ) ) ;
#391 = ORIENTED_EDGE ( 'NONE', *, *, #2097, .F. ) ;
#392 = CARTESIAN_POINT ( 'NONE',  ( 60.00000000000000000, 4.000000000000000000, -36.64999999999999858 ) ) ;
#393 = FACE_OUTER_BOUND ( 'NONE', #997, .T. ) ;
#394 = ORIENTED_EDGE ( 'NONE', *, *, #2467, .T. ) ;
#395 = APPROVAL_ROLE ( '' ) ;
#396 = ORIENTED_EDGE ( 'NONE', *, *, #2432, .F. ) ;
#397 = EDGE_CURVE ( 'NONE', #1082, #2082, #2226, .T. ) ;
#398 = VECTOR ( 'NONE', #259, 1000.000000000000000 ) ;
#399 = CARTESIAN_POINT ( 'NONE',  ( -60.00000000000002842, 4.000000000000000000, 34.39999999999999858 ) ) ;
#400 = CIRCLE ( 'NONE', #1610, 2.249999999999995559 ) ;
#401 = DIRECTION ( 'NONE',  ( 0.000000000000000000, 0.000000000000000000, 1.000000000000000000 ) ) ;
#402 = ORIENTED_EDGE ( 'NONE', *, *, #2540, .F. ) ;
#403 = EDGE_CURVE ( 'NONE', #2411, #943, #424, .T. ) ;
#404 = AXIS2_PLACEMENT_3D ( 'NONE', #200, #1221, #213 ) ;
#405 = DIRECTION ( 'NONE',  ( 0.000000000000000000, 1.000000000000000000, 0.000000000000000000 ) ) ;
#406 = LINE ( 'NONE', #1866, #892 ) ;
#407 = CIRCLE ( 'NONE', #1660, 2.250000000000001776 ) ;
#408 = EDGE_LOOP ( 'NONE', ( #2641, #2374 ) ) ;
#409 = CIRCLE ( 'NONE', #903, 2.250000000000001776 ) ;
#410 = DIRECTION ( 'NONE',  ( -0.000000000000000000, 1.000000000000000000, -0.000000000000000000 ) ) ;
#411 = DIRECTION ( 'NONE',  ( 0.000000000000000000, 1.000000000000000000, 0.000000000000000000 ) ) ;
#412 = APPROVAL_PERSON_ORGANIZATION ( #538, #2202, #1004 ) ;
#413 = ORIENTED_EDGE ( 'NONE', *, *, #240, .T. ) ;
#414 = ORIENTED_EDGE ( 'NONE', *, *, #860, .F. ) ;
#415 = LINE ( 'NONE', #1247, #500 ) ;
#416 = CARTESIAN_POINT ( 'NONE',  ( -56.40000000000002700, 12.00000000000000000, 29.80000000000000071 ) ) ;
#417 = DIRECTION ( 'NONE',  ( 0.000000000000000000, 1.000000000000000000, 0.000000000000000000 ) ) ;
#418 = ORIENTED_EDGE ( 'NONE', *, *, #2112, .T. ) ;
#419 = DIRECTION ( 'NONE',  ( 0.000000000000000000, 1.000000000000000000, 0.000000000000000000 ) ) ;
#420 = EDGE_CURVE ( 'NONE', #137, #577, #2473, .T. ) ;
#421 = CARTESIAN_POINT ( 'NONE',  ( -80.00000000000004263, 12.00000000000000000, 34.39999999999999858 ) ) ;
#422 = ORIENTED_EDGE ( 'NONE', *, *, #237, .T. ) ;
#423 = DIRECTION ( 'NONE',  ( -1.000000000000000000, 0.000000000000000000, -2.569960705150826877E-16 ) ) ;
#424 = LINE ( 'NONE', #2295, #2562 ) ;
#425 = ORIENTED_EDGE ( 'NONE', *, *, #433, .T. ) ;
#426 = ORIENTED_EDGE ( 'NONE', *, *, #1758, .T. ) ;
#427 = CARTESIAN_POINT ( 'NONE',  ( 60.00000000000000000, 4.000000000000000000, 34.39999999999999858 ) ) ;
#428 = CARTESIAN_POINT ( 'NONE',  ( 84.99999999999998579, 15.00000000000000000, -75.00000000000001421 ) ) ;
#429 = EDGE_LOOP ( 'NONE', ( #1065, #402, #2297, #1786 ) ) ;
#430 = FACE_OUTER_BOUND ( 'NONE', #2161, .T. ) ;
#431 = CARTESIAN_POINT ( 'NONE',  ( -74.90000000000001990, 15.00000000000000000, -24.80000000000000071 ) ) ;
#432 = EDGE_LOOP ( 'NONE', ( #1680, #462 ) ) ;
#433 = EDGE_CURVE ( 'NONE', #1646, #1311, #839, .T. ) ;
#434 = LINE ( 'NONE', #2521, #187 ) ;
#435 = VECTOR ( 'NONE', #834, 1000.000000000000000 ) ;
#436 = SECURITY_CLASSIFICATION ( '', '', #127 ) ;
#437 = LINE ( 'NONE', #2643, #1183 ) ;
#438 = ORIENTED_EDGE ( 'NONE', *, *, #1126, .T. ) ;
#439 = EDGE_CURVE ( 'NONE', #2158, #2436, #437, .T. ) ;
#440 = ORIENTED_EDGE ( 'NONE', *, *, #1368, .F. ) ;
#441 = AXIS2_PLACEMENT_3D ( 'NONE', #2266, #836, #1653 ) ;
#442 = CARTESIAN_POINT ( 'NONE',  ( -54.90000000000002700, 15.00000000000000000, 31.30000000000000071 ) ) ;
#443 = CYLINDRICAL_SURFACE ( 'NONE', #1651, 7.500000000000013323 ) ;
#444 = AXIS2_PLACEMENT_3D ( 'NONE', #1901, #48, #1694 ) ;
#445 = ORIENTED_EDGE ( 'NONE', *, *, #1006, .T. ) ;
#446 = VECTOR ( 'NONE', #696, 1000.000000000000000 ) ;
#447 = CARTESIAN_POINT ( 'NONE',  ( -70.00000000000002842, 15.00000000000000000, 52.49999999999997158 ) ) ;
#448 = LINE ( 'NONE', #2106, #2348 ) ;
#449 = CIRCLE ( 'NONE', #625, 2.249999999999995559 ) ;
#450 = EDGE_LOOP ( 'NONE', ( #455, #2665, #311, #2196 ) ) ;
#451 = DIRECTION ( 'NONE',  ( 2.569960705150826877E-16, 0.000000000000000000, -1.000000000000000000 ) ) ;
#452 = CIRCLE ( 'NONE', #1703, 2.250000000000001776 ) ;
#453 = DIRECTION ( 'NONE',  ( -1.000000000000000000, -0.000000000000000000, 2.569960705150826877E-16 ) ) ;
#454 = CC_DESIGN_PERSON_AND_ORGANIZATION_ASSIGNMENT ( #1600, #993, ( #942 ) ) ;
#455 = ORIENTED_EDGE ( 'NONE', *, *, #2355, .T. ) ;
#456 = AXIS2_PLACEMENT_3D ( 'NONE', #2516, #1854, #228 ) ;
#457 = EDGE_CURVE ( 'NONE', #1510, #784, #11, .T. ) ;
#458 = VECTOR ( 'NONE', #1310, 1000.000000000000000 ) ;
#459 = EDGE_LOOP ( 'NONE', ( #1754, #210 ) ) ;
#460 = CARTESIAN_POINT ( 'NONE',  ( 54.89999999999999858, 15.00000000000000000, -31.30000000000000071 ) ) ;
#461 = FACE_OUTER_BOUND ( 'NONE', #1553, .T. ) ;
#462 = ORIENTED_EDGE ( 'NONE', *, *, #1515, .F. ) ;
#463 = CARTESIAN_POINT ( 'NONE',  ( -74.90000000000001990, 12.00000000000000000, 9.099999999999999645 ) ) ;
#464 = DIRECTION ( 'NONE',  ( 0.000000000000000000, 0.000000000000000000, 1.000000000000000000 ) ) ;
#465 = PLANE ( 'NONE',  #2419 ) ;
#466 = CARTESIAN_POINT ( 'NONE',  ( 56.39999999999999147, 12.00000000000000000, -39.00000000000000000 ) ) ;
#467 = CARTESIAN_POINT ( 'NONE',  ( -85.00000000000001421, 15.00000000000000000, 74.99999999999998579 ) ) ;
#468 = ORIENTED_EDGE ( 'NONE', *, *, #1430, .T. ) ;
#469 = ORIENTED_EDGE ( 'NONE', *, *, #2540, .T. ) ;
#470 = EDGE_CURVE ( 'NONE', #1684, #1388, #1268, .T. ) ;
#471 = EDGE_CURVE ( 'NONE', #496, #17, #1524, .T. ) ;
#472 = FACE_BOUND ( 'NONE', #826, .T. ) ;
#473 = ORIENTED_EDGE ( 'NONE', *, *, #1269, .F. ) ;
#474 = EDGE_CURVE ( 'NONE', #2158, #172, #2440, .T. ) ;
#475 = CARTESIAN_POINT ( 'NONE',  ( 60.00000000000000000, 12.00000000000000000, 32.14999999999999858 ) ) ;
#476 = CARTESIAN_POINT ( 'NONE',  ( -84.99999999999997158, 12.00000000000000000, 9.099999999999999645 ) ) ;
#477 = CYLINDRICAL_SURFACE ( 'NONE', #1137, 2.250000000000001776 ) ;
#478 = DIRECTION ( 'NONE',  ( -0.000000000000000000, -0.000000000000000000, -1.000000000000000000 ) ) ;
#479 = CARTESIAN_POINT ( 'NONE',  ( -74.90000000000001990, 12.00000000000000000, -24.80000000000000071 ) ) ;
#480 = ORIENTED_EDGE ( 'NONE', *, *, #639, .T. ) ;
#481 = ORIENTED_EDGE ( 'NONE', *, *, #2011, .F. ) ;
#482 = FACE_BOUND ( 'NONE', #37, .T. ) ;
#483 = EDGE_CURVE ( 'NONE', #1168, #1825, #1044, .T. ) ;
#484 = ORIENTED_EDGE ( 'NONE', *, *, #1138, .T. ) ;
#485 = CARTESIAN_POINT ( 'NONE',  ( -70.00000000000002842, 0.000000000000000000, -60.00000000000001421 ) ) ;
#486 = PLANE ( 'NONE',  #846 ) ;
#487 = ADVANCED_FACE ( 'NONE', ( #1614, #2036, #2078 ), #177, .F. ) ;
#488 = CARTESIAN_POINT ( 'NONE',  ( 56.24999999999996447, 0.000000000000000000, -6.938893903907228378E-15 ) ) ;
#489 = AXIS2_PLACEMENT_3D ( 'NONE', #1682, #2509, #248 ) ;
#490 = DIRECTION ( 'NONE',  ( 0.000000000000000000, 1.000000000000000000, 0.000000000000000000 ) ) ;
#491 = DIRECTION ( 'NONE',  ( 0.000000000000000000, 0.000000000000000000, -1.000000000000000000 ) ) ;
#492 = CIRCLE ( 'NONE', #2003, 7.500000000000013323 ) ;
#493 = ORIENTED_EDGE ( 'NONE', *, *, #1237, .T. ) ;
#494 = VECTOR ( 'NONE', #2274, 1000.000000000000000 ) ;
#495 = AXIS2_PLACEMENT_3D ( 'NONE', #2369, #2395, #2359 ) ;
#496 = VERTEX_POINT ( 'NONE', #592 ) ;
#497 = AXIS2_PLACEMENT_3D ( 'NONE', #109, #734, #1554 ) ;
#498 = FACE_BOUND ( 'NONE', #1764, .T. ) ;
#499 = ORIENTED_EDGE ( 'NONE', *, *, #643, .T. ) ;
#500 = VECTOR ( 'NONE', #1077, 1000.000000000000000 ) ;
#501 = CARTESIAN_POINT ( 'NONE',  ( 69.89999999999999147, 15.00000000000000000, 29.79999999999999716 ) ) ;
#502 = DIRECTION ( 'NONE',  ( 0.000000000000000000, 0.000000000000000000, -1.000000000000000000 ) ) ;
#503 = CARTESIAN_POINT ( 'NONE',  ( 74.89999999999999147, 12.00000000000000000, 24.80000000000000071 ) ) ;
#504 = PRODUCT_DEFINITION_SHAPE ( 'NONE', 'NONE',  #942 ) ;
#505 = EDGE_CURVE ( 'NONE', #987, #2148, #824, .T. ) ;
#506 = EDGE_CURVE ( 'NONE', #1522, #2099, #813, .T. ) ;
#507 = FACE_OUTER_BOUND ( 'NONE', #2118, .T. ) ;
#508 = FACE_OUTER_BOUND ( 'NONE', #1258, .T. ) ;
#509 = VERTEX_POINT ( 'NONE', #1848 ) ;
#510 = LINE ( 'NONE', #2299, #748 ) ;
#511 = ORIENTED_EDGE ( 'NONE', *, *, #2289, .F. ) ;
#512 = FACE_BOUND ( 'NONE', #1917, .T. ) ;
#513 = ORIENTED_EDGE ( 'NONE', *, *, #2633, .T. ) ;
#514 = CARTESIAN_POINT ( 'NONE',  ( 56.39999999999999858, 12.00000000000000000, -29.80000000000000071 ) ) ;
#515 = FACE_OUTER_BOUND ( 'NONE', #1367, .T. ) ;
#516 = DIRECTION ( 'NONE',  ( 1.000000000000000000, -0.000000000000000000, 0.000000000000000000 ) ) ;
#517 = LINE ( 'NONE', #1951, #842 ) ;
#518 = EDGE_CURVE ( 'NONE', #2234, #2018, #1638, .T. ) ;
#519 = ORIENTED_EDGE ( 'NONE', *, *, #1075, .F. ) ;
#520 = EDGE_CURVE ( 'NONE', #509, #1322, #2092, .T. ) ;
#521 = VERTEX_POINT ( 'NONE', #1214 ) ;
#522 = DIRECTION ( 'NONE',  ( 0.000000000000000000, 1.000000000000000000, 0.000000000000000000 ) ) ;
#523 = LINE ( 'NONE', #1326, #2014 ) ;
#524 = VERTEX_POINT ( 'NONE', #1016 ) ;
#525 = DIRECTION ( 'NONE',  ( -0.000000000000000000, 1.000000000000000000, -0.000000000000000000 ) ) ;
#526 = DIRECTION ( 'NONE',  ( 0.000000000000000000, 0.000000000000000000, 1.000000000000000000 ) ) ;
#527 = VERTEX_POINT ( 'NONE', #2251 ) ;
#528 = VECTOR ( 'NONE', #1870, 1000.000000000000000 ) ;
#529 = LINE ( 'NONE', #2587, #2100 ) ;
#530 = DIRECTION ( 'NONE',  ( 0.000000000000000000, 1.000000000000000000, -0.000000000000000000 ) ) ;
#531 = CIRCLE ( 'NONE', #1145, 1.500000000000001332 ) ;
#532 = ORIENTED_EDGE ( 'NONE', *, *, #619, .F. ) ;
#533 = AXIS2_PLACEMENT_3D ( 'NONE', #878, #1975, #2181 ) ;
#534 = FACE_BOUND ( 'NONE', #2662, .T. ) ;
#535 = ORIENTED_EDGE ( 'NONE', *, *, #2222, .T. ) ;
#536 = CIRCLE ( 'NONE', #2220, 2.250000000000001776 ) ;
#537 = EDGE_CURVE ( 'NONE', #1262, #1618, #96, .T. ) ;
#538 = PERSON_AND_ORGANIZATION ( #555, #1577 ) ;
#539 = AXIS2_PLACEMENT_3D ( 'NONE', #373, #1607, #2407 ) ;
#540 = VERTEX_POINT ( 'NONE', #2482 ) ;
#541 = VECTOR ( 'NONE', #908, 1000.000000000000000 ) ;
#542 = DIRECTION ( 'NONE',  ( -1.000000000000000000, -0.000000000000000000, -2.426186679687842211E-16 ) ) ;
#543 = CARTESIAN_POINT ( 'NONE',  ( 54.89999999999999147, 12.00000000000000000, -37.50000000000000000 ) ) ;
#544 = AXIS2_PLACEMENT_3D ( 'NONE', #80, #693, #702 ) ;
#545 = DIRECTION ( 'NONE',  ( -0.000000000000000000, 1.000000000000000000, -0.000000000000000000 ) ) ;
#546 = CARTESIAN_POINT ( 'NONE',  ( 54.89999999999999147, 15.00000000000000000, 40.50000000000000000 ) ) ;
#547 = ORIENTED_EDGE ( 'NONE', *, *, #774, .T. ) ;
#548 = FACE_BOUND ( 'NONE', #175, .T. ) ;
#549 = ORIENTED_EDGE ( 'NONE', *, *, #2466, .F. ) ;
#550 = DIRECTION ( 'NONE',  ( -1.000000000000000000, -0.000000000000000000, -0.000000000000000000 ) ) ;
#551 = ORIENTED_EDGE ( 'NONE', *, *, #1724, .F. ) ;
#552 = LINE ( 'NONE', #1378, #1731 ) ;
#553 = ADVANCED_FACE ( 'NONE', ( #393 ), #2052, .F. ) ;
#554 = ADVANCED_FACE ( 'NONE', ( #1670 ), #2497, .F. ) ;
#555 = PERSON ( 'UNSPECIFIED', 'UNSPECIFIED', 'UNSPECIFIED', ('UNSPECIFIED'), ('UNSPECIFIED'), ('UNSPECIFIED') ) ;
#556 = FACE_OUTER_BOUND ( 'NONE', #2413, .T. ) ;
#557 = CARTESIAN_POINT ( 'NONE',  ( -74.90000000000001990, 12.00000000000000000, 24.80000000000000071 ) ) ;
#558 = EDGE_CURVE ( 'NONE', #214, #1225, #1296, .T. ) ;
#559 = DIRECTION ( 'NONE',  ( 0.000000000000000000, 1.000000000000000000, -0.000000000000000000 ) ) ;
#560 = DIRECTION ( 'NONE',  ( 1.000000000000000000, 0.000000000000000000, 0.000000000000000000 ) ) ;
#561 = ORIENTED_EDGE ( 'NONE', *, *, #107, .F. ) ;
#562 = CARTESIAN_POINT ( 'NONE',  ( -18.75000000000002487, 12.00000000000000000, -6.938893903907228378E-15 ) ) ;
#563 = EDGE_LOOP ( 'NONE', ( #2034, #294, #2458, #635 ) ) ;
#564 = DATE_AND_TIME ( #337, #738 ) ;
#565 = ORIENTED_EDGE ( 'NONE', *, *, #1914, .F. ) ;
#566 = DIRECTION ( 'NONE',  ( 0.000000000000000000, 0.000000000000000000, -1.000000000000000000 ) ) ;
#567 = EDGE_CURVE ( 'NONE', #1177, #1994, #2333, .T. ) ;
#568 = DIRECTION ( 'NONE',  ( 0.000000000000000000, 0.000000000000000000, 1.000000000000000000 ) ) ;
#569 = CARTESIAN_POINT ( 'NONE',  ( 18.74999999999997513, 12.00000000000000000, -2.250000000000002220 ) ) ;
#570 = ADVANCED_FACE ( 'NONE', ( #2306 ), #1930, .T. ) ;
#571 = DIRECTION ( 'NONE',  ( -0.000000000000000000, 1.000000000000000000, -0.000000000000000000 ) ) ;
#572 = ORIENTED_EDGE ( 'NONE', *, *, #2157, .T. ) ;
#573 = VECTOR ( 'NONE', #2659, 1000.000000000000000 ) ;
#574 = DIRECTION ( 'NONE',  ( 0.000000000000000000, 0.000000000000000000, 1.000000000000000000 ) ) ;
#575 = DIRECTION ( 'NONE',  ( 0.000000000000000000, 0.000000000000000000, 1.000000000000000000 ) ) ;
#576 = AXIS2_PLACEMENT_3D ( 'NONE', #123, #2597, #2588 ) ;
#577 = VERTEX_POINT ( 'NONE', #274 ) ;
#578 = DATE_AND_TIME ( #2443, #1928 ) ;
#579 = VECTOR ( 'NONE', #2594, 1000.000000000000000 ) ;
#580 = ORIENTED_EDGE ( 'NONE', *, *, #1511, .F. ) ;
#581 = VECTOR ( 'NONE', #1267, 1000.000000000000000 ) ;
#582 = DIRECTION ( 'NONE',  ( -0.000000000000000000, 1.000000000000000000, -0.000000000000000000 ) ) ;
#583 = CARTESIAN_POINT ( 'NONE',  ( 18.74999999999997513, 0.000000000000000000, -2.250000000000002220 ) ) ;
#584 = VERTEX_POINT ( 'NONE', #74 ) ;
#585 = DIRECTION ( 'NONE',  ( 0.000000000000000000, 0.000000000000000000, 1.000000000000000000 ) ) ;
#586 = VECTOR ( 'NONE', #582, 1000.000000000000000 ) ;
#587 = CARTESIAN_POINT ( 'NONE',  ( -70.00000000000002842, 0.000000000000000000, -60.00000000000001421 ) ) ;
#588 = ORIENTED_EDGE ( 'NONE', *, *, #397, .T. ) ;
#589 = EDGE_CURVE ( 'NONE', #1209, #1585, #1072, .T. ) ;
#590 = EDGE_CURVE ( 'NONE', #2436, #1861, #1710, .T. ) ;
#591 = CARTESIAN_POINT ( 'NONE',  ( -18.75000000000002487, 0.000000000000000000, -6.938893903907228378E-15 ) ) ;
#592 = CARTESIAN_POINT ( 'NONE',  ( -70.00000000000002842, 15.00000000000000000, -67.50000000000002842 ) ) ;
#593 = ORIENTED_EDGE ( 'NONE', *, *, #2586, .T. ) ;
#594 = PERSON_AND_ORGANIZATION_ROLE ( 'classification_officer' ) ;
#595 = ORIENTED_EDGE ( 'NONE', *, *, #1429, .F. ) ;
#596 = CARTESIAN_POINT ( 'NONE',  ( 54.89999999999999147, 15.00000000000000000, 37.50000000000000000 ) ) ;
#597 = LINE ( 'NONE', #2043, #494 ) ;
#598 = ORIENTED_EDGE ( 'NONE', *, *, #185, .F. ) ;
#599 = CYLINDRICAL_SURFACE ( 'NONE', #802, 1.500000000000001332 ) ;
#600 = CARTESIAN_POINT ( 'NONE',  ( 70.00000000000000000, 0.000000000000000000, 52.49999999999997158 ) ) ;
#601 = ORIENTED_EDGE ( 'NONE', *, *, #1824, .F. ) ;
#602 = DIRECTION ( 'NONE',  ( 0.000000000000000000, -1.000000000000000000, 0.000000000000000000 ) ) ;
#603 = DIRECTION ( 'NONE',  ( -0.000000000000000000, 1.000000000000000000, -0.000000000000000000 ) ) ;
#604 = ORIENTED_EDGE ( 'NONE', *, *, #1060, .T. ) ;
#605 = EDGE_CURVE ( 'NONE', #2650, #987, #1889, .T. ) ;
#606 = EDGE_LOOP ( 'NONE', ( #2263, #1005 ) ) ;
#607 = APPROVAL_PERSON_ORGANIZATION ( #2412, #2648, #395 ) ;
#608 = CARTESIAN_POINT ( 'NONE',  ( -85.00000000000001421, 15.00000000000000000, 74.99999999999998579 ) ) ;
#609 = CARTESIAN_POINT ( 'NONE',  ( -70.00000000000002842, 0.000000000000000000, 59.99999999999998579 ) ) ;
#610 = ORIENTED_EDGE ( 'NONE', *, *, #88, .T. ) ;
#611 = DIRECTION ( 'NONE',  ( 0.000000000000000000, 1.000000000000000000, -0.000000000000000000 ) ) ;
#612 = CARTESIAN_POINT ( 'NONE',  ( -60.00000000000002842, 4.000000000000000000, 34.39999999999999858 ) ) ;
#613 = ORIENTED_EDGE ( 'NONE', *, *, #1761, .F. ) ;
#614 = CARTESIAN_POINT ( 'NONE',  ( 80.00000000000001421, 4.000000000000000000, 34.39999999999999858 ) ) ;
#615 = DIRECTION ( 'NONE',  ( 0.000000000000000000, 0.000000000000000000, 1.000000000000000000 ) ) ;
#616 = ORIENTED_EDGE ( 'NONE', *, *, #2469, .F. ) ;
#617 = CIRCLE ( 'NONE', #1736, 7.500000000000007105 ) ;
#618 = ORIENTED_EDGE ( 'NONE', *, *, #1057, .F. ) ;
#619 = EDGE_CURVE ( 'NONE', #2013, #2646, #531, .T. ) ;
#620 = CARTESIAN_POINT ( 'NONE',  ( 18.74999999999997513, 0.000000000000000000, 2.249999999999988454 ) ) ;
#621 = CARTESIAN_POINT ( 'NONE',  ( 60.00000000000000000, 4.000000000000000000, -34.39999999999999858 ) ) ;
#622 = VECTOR ( 'NONE', #1012, 1000.000000000000000 ) ;
#623 = CARTESIAN_POINT ( 'NONE',  ( -70.00000000000002842, 0.000000000000000000, -52.50000000000000000 ) ) ;
#624 = ORIENTED_EDGE ( 'NONE', *, *, #1041, .T. ) ;
#625 = AXIS2_PLACEMENT_3D ( 'NONE', #591, #1426, #376 ) ;
#626 = CARTESIAN_POINT ( 'NONE',  ( 74.89999999999999147, 15.00000000000000000, 9.099999999999987210 ) ) ;
#627 = FACE_OUTER_BOUND ( 'NONE', #1285, .T. ) ;
#628 = AXIS2_PLACEMENT_3D ( 'NONE', #933, #1748, #2576 ) ;
#629 = LINE ( 'NONE', #33, #2038 ) ;
#630 = AXIS2_PLACEMENT_3D ( 'NONE', #170, #1581, #1181 ) ;
#631 = CARTESIAN_POINT ( 'NONE',  ( 54.89999999999999147, 12.00000000000000000, 37.50000000000000000 ) ) ;
#632 = CARTESIAN_POINT ( 'NONE',  ( 70.00000000000000000, 0.000000000000000000, 59.99999999999998579 ) ) ;
#633 = VECTOR ( 'NONE', #2101, 1000.000000000000000 ) ;
#634 = ORIENTED_EDGE ( 'NONE', *, *, #1878, .F. ) ;
#635 = ORIENTED_EDGE ( 'NONE', *, *, #470, .F. ) ;
#636 = CARTESIAN_POINT ( 'NONE',  ( 84.99999999999998579, 15.00000000000000000, -75.00000000000001421 ) ) ;
#637 = DIRECTION ( 'NONE',  ( -0.000000000000000000, 1.000000000000000000, -0.000000000000000000 ) ) ;
#638 = ADVANCED_FACE ( 'NONE', ( #508 ), #2522, .F. ) ;
#639 = EDGE_CURVE ( 'NONE', #350, #509, #2134, .T. ) ;
#640 = EDGE_LOOP ( 'NONE', ( #1489, #2518, #2111, #1033 ) ) ;
#641 = DIRECTION ( 'NONE',  ( 0.000000000000000000, -0.000000000000000000, 1.000000000000000000 ) ) ;
#642 = CARTESIAN_POINT ( 'NONE',  ( 84.99999999999998579, 0.000000000000000000, 74.99999999999998579 ) ) ;
#643 = EDGE_CURVE ( 'NONE', #2644, #1585, #1722, .T. ) ;
#644 = CARTESIAN_POINT ( 'NONE',  ( 18.74999999999997513, 0.000000000000000000, -6.938893903907228378E-15 ) ) ;
#645 = CARTESIAN_POINT ( 'NONE',  ( -60.00000000000002842, 4.000000000000000000, 36.64999999999999858 ) ) ;
#646 = DIRECTION ( 'NONE',  ( 0.000000000000000000, 0.000000000000000000, -1.000000000000000000 ) ) ;
#647 = ORIENTED_EDGE ( 'NONE', *, *, #1679, .T. ) ;
#648 = EDGE_LOOP ( 'NONE', ( #2550, #1792, #647, #2345 ) ) ;
#649 = DIRECTION ( 'NONE',  ( -0.000000000000000000, 1.000000000000000000, -0.000000000000000000 ) ) ;
#650 = CYLINDRICAL_SURFACE ( 'NONE', #2259, 2.249999999999995115 ) ;
#651 = VERTEX_POINT ( 'NONE', #2147 ) ;
#652 = ADVANCED_FACE ( 'NONE', ( #2109 ), #688, .F. ) ;
#653 = CYLINDRICAL_SURFACE ( 'NONE', #2357, 2.250000000000001776 ) ;
#654 = DIRECTION ( 'NONE',  ( 0.000000000000000000, 1.000000000000000000, 0.000000000000000000 ) ) ;
#655 = CARTESIAN_POINT ( 'NONE',  ( 54.89999999999999858, 12.00000000000000000, -31.30000000000000071 ) ) ;
#656 = EDGE_CURVE ( 'NONE', #1959, #2644, #1734, .T. ) ;
#657 = DIRECTION ( 'NONE',  ( -0.000000000000000000, 1.000000000000000000, -0.000000000000000000 ) ) ;
#658 = AXIS2_PLACEMENT_3D ( 'NONE', #1506, #761, #2403 ) ;
#659 = DIRECTION ( 'NONE',  ( 0.000000000000000000, 0.000000000000000000, 1.000000000000000000 ) ) ;
#660 = ORIENTED_EDGE ( 'NONE', *, *, #302, .F. ) ;
#661 = EDGE_LOOP ( 'NONE', ( #1115, #2208, #1373, #2031 ) ) ;
#662 = AXIS2_PLACEMENT_3D ( 'NONE', #632, #20, #855 ) ;
#663 = CARTESIAN_POINT ( 'NONE',  ( -70.00000000000002842, 15.00000000000000000, -60.00000000000001421 ) ) ;
#664 = DIRECTION ( 'NONE',  ( 0.000000000000000000, 0.000000000000000000, -1.000000000000000000 ) ) ;
#665 = VECTOR ( 'NONE', #333, 1000.000000000000000 ) ;
#666 = VERTEX_POINT ( 'NONE', #1480 ) ;
#667 = AXIS2_PLACEMENT_3D ( 'NONE', #1937, #83, #1898 ) ;
#668 = DIRECTION ( 'NONE',  ( 0.000000000000000000, 0.000000000000000000, 1.000000000000000000 ) ) ;
#669 = LINE ( 'NONE', #2535, #275 ) ;
#670 = CIRCLE ( 'NONE', #2098, 1.500000000000001332 ) ;
#671 = ORIENTED_EDGE ( 'NONE', *, *, #185, .T. ) ;
#672 = CARTESIAN_POINT ( 'NONE',  ( -60.00000000000002842, 4.000000000000000000, -36.64999999999999858 ) ) ;
#673 = AXIS2_PLACEMENT_3D ( 'NONE', #2380, #298, #1121 ) ;
#674 = CARTESIAN_POINT ( 'NONE',  ( 60.00000000000000000, 4.000000000000000000, 36.64999999999999858 ) ) ;
#675 = EDGE_CURVE ( 'NONE', #1902, #1250, #2475, .T. ) ;
#676 = EDGE_LOOP ( 'NONE', ( #2300, #694, #1572, #1059 ) ) ;
#677 = ADVANCED_FACE ( 'NONE', ( #35 ), #869, .F. ) ;
#678 = AXIS2_PLACEMENT_3D ( 'NONE', #2127, #706, #295 ) ;
#679 = VECTOR ( 'NONE', #2567, 1000.000000000000000 ) ;
#680 = EDGE_LOOP ( 'NONE', ( #53, #1715, #814, #886, #841, #905, #481, #1245, #50, #163, #1287, #720, #1157, #157, #1112, #1968, #1540, #1409, #356, #2071 ) ) ;
#681 = CARTESIAN_POINT ( 'NONE',  ( -74.90000000000001990, 15.00000000000000000, -24.80000000000000071 ) ) ;
#682 = DIRECTION ( 'NONE',  ( 0.000000000000000000, 0.000000000000000000, -1.000000000000000000 ) ) ;
#683 = EDGE_LOOP ( 'NONE', ( #810, #1025, #1359, #745 ) ) ;
#684 = CARTESIAN_POINT ( 'NONE',  ( 54.89999999999999147, 12.00000000000000000, 39.00000000000000000 ) ) ;
#685 = DIRECTION ( 'NONE',  ( 1.000000000000000000, -0.000000000000000000, 2.426186679687842211E-16 ) ) ;
#686 = CYLINDRICAL_SURFACE ( 'NONE', #1051, 2.249999999999995115 ) ;
#687 = CARTESIAN_POINT ( 'NONE',  ( -54.90000000000002700, 12.00000000000000000, -31.30000000000000071 ) ) ;
#688 = CYLINDRICAL_SURFACE ( 'NONE', #1017, 2.249999999999995115 ) ;
#689 = ORIENTED_EDGE ( 'NONE', *, *, #1842, .T. ) ;
#690 = ADVANCED_BREP_SHAPE_REPRESENTATION ( 'bottom_bolster_horiz', ( #188, #1885 ), #904 ) ;
#691 = VERTEX_POINT ( 'NONE', #1084 ) ;
#692 = EDGE_CURVE ( 'NONE', #2107, #1168, #2001, .T. ) ;
#693 = DIRECTION ( 'NONE',  ( 0.000000000000000000, 1.000000000000000000, 0.000000000000000000 ) ) ;
#694 = ORIENTED_EDGE ( 'NONE', *, *, #1545, .T. ) ;
#695 = CARTESIAN_POINT ( 'NONE',  ( -18.75000000000002487, 0.000000000000000000, -2.250000000000002220 ) ) ;
#696 = DIRECTION ( 'NONE',  ( -0.000000000000000000, 1.000000000000000000, -0.000000000000000000 ) ) ;
#697 = DIRECTION ( 'NONE',  ( -0.000000000000000000, 1.000000000000000000, -0.000000000000000000 ) ) ;
#698 = DIRECTION ( 'NONE',  ( 0.000000000000000000, 1.000000000000000000, -0.000000000000000000 ) ) ;
#699 = CARTESIAN_POINT ( 'NONE',  ( 69.89999999999999147, 15.00000000000000000, -29.79999999999999716 ) ) ;
#700 = ORIENTED_EDGE ( 'NONE', *, *, #864, .F. ) ;
#701 = ORIENTED_EDGE ( 'NONE', *, *, #1046, .T. ) ;
#702 = DIRECTION ( 'NONE',  ( 0.000000000000000000, 0.000000000000000000, 1.000000000000000000 ) ) ;
#703 = VERTEX_POINT ( 'NONE', #674 ) ;
#704 = ADVANCED_FACE ( 'NONE', ( #1497 ), #2321, .F. ) ;
#705 = VECTOR ( 'NONE', #101, 1000.000000000000000 ) ;
#706 = DIRECTION ( 'NONE',  ( -0.000000000000000000, 1.000000000000000000, -0.000000000000000000 ) ) ;
#707 = VECTOR ( 'NONE', #2373, 1000.000000000000000 ) ;
#708 = CARTESIAN_POINT ( 'NONE',  ( -56.25000000000002132, 0.000000000000000000, -2.250000000000002220 ) ) ;
#709 = DIRECTION ( 'NONE',  ( 0.000000000000000000, 1.000000000000000000, 0.000000000000000000 ) ) ;
#710 = AXIS2_PLACEMENT_3D ( 'NONE', #2206, #113, #324 ) ;
#711 = CYLINDRICAL_SURFACE ( 'NONE', #495, 2.249999999999995559 ) ;
#712 = DIRECTION ( 'NONE',  ( 0.7071067811865480168, 0.000000000000000000, 0.7071067811865470176 ) ) ;
#713 = VECTOR ( 'NONE', #2367, 1000.000000000000000 ) ;
#714 = ORIENTED_EDGE ( 'NONE', *, *, #1659, .T. ) ;
#715 = VECTOR ( 'NONE', #1305, 1000.000000000000000 ) ;
#716 = AXIS2_PLACEMENT_3D ( 'NONE', #1888, #898, #2537 ) ;
#717 = ORIENTED_EDGE ( 'NONE', *, *, #319, .T. ) ;
#718 = AXIS2_PLACEMENT_3D ( 'NONE', #1491, #31, #1292 ) ;
#719 = CARTESIAN_POINT ( 'NONE',  ( 70.00000000000000000, 0.000000000000000000, 67.49999999999998579 ) ) ;
#720 = ORIENTED_EDGE ( 'NONE', *, *, #107, .T. ) ;
#721 = VECTOR ( 'NONE', #2068, 1000.000000000000000 ) ;
#722 = DIRECTION ( 'NONE',  ( -0.000000000000000000, 1.000000000000000000, -0.000000000000000000 ) ) ;
#723 = EDGE_CURVE ( 'NONE', #1339, #1291, #2173, .T. ) ;
#724 = DIRECTION ( 'NONE',  ( 0.000000000000000000, 1.000000000000000000, -0.000000000000000000 ) ) ;
#725 = VERTEX_POINT ( 'NONE', #546 ) ;
#726 = CARTESIAN_POINT ( 'NONE',  ( -85.00000000000001421, 15.00000000000000000, 74.99999999999998579 ) ) ;
#727 = EDGE_CURVE ( 'NONE', #2296, #1040, #517, .T. ) ;
#728 = DIRECTION ( 'NONE',  ( -1.000000000000000000, 0.000000000000000000, -0.000000000000000000 ) ) ;
#729 = ORIENTED_EDGE ( 'NONE', *, *, #75, .F. ) ;
#730 = LINE ( 'NONE', #2186, #1014 ) ;
#731 = ORIENTED_EDGE ( 'NONE', *, *, #1288, .T. ) ;
#732 = DIRECTION ( 'NONE',  ( 0.000000000000000000, 1.000000000000000000, 0.000000000000000000 ) ) ;
#733 = ORIENTED_EDGE ( 'NONE', *, *, #1158, .T. ) ;
#734 = DIRECTION ( 'NONE',  ( -0.000000000000000000, 1.000000000000000000, -0.000000000000000000 ) ) ;
#735 = DIRECTION ( 'NONE',  ( -1.119176436114069628E-15, 0.000000000000000000, -1.000000000000000000 ) ) ;
#736 = CARTESIAN_POINT ( 'NONE',  ( 60.00000000000000000, 4.000000000000000000, -34.39999999999999858 ) ) ;
#737 = DIRECTION ( 'NONE',  ( 0.000000000000000000, 1.000000000000000000, 0.000000000000000000 ) ) ;
#738 = LOCAL_TIME ( 10, 17, 53.00000000000000000, #1167 ) ;
#739 = EDGE_LOOP ( 'NONE', ( #1837, #1230, #2187, #714 ) ) ;
#740 = EDGE_CURVE ( 'NONE', #1040, #1079, #2577, .T. ) ;
#741 = DIRECTION ( 'NONE',  ( 0.000000000000000000, 0.000000000000000000, 1.000000000000000000 ) ) ;
#742 = EDGE_LOOP ( 'NONE', ( #928, #1271, #313, #731 ) ) ;
#743 = PERSON_AND_ORGANIZATION_ROLE ( 'design_owner' ) ;
#744 = AXIS2_PLACEMENT_3D ( 'NONE', #141, #896, #1707 ) ;
#745 = ORIENTED_EDGE ( 'NONE', *, *, #2416, .F. ) ;
#746 = DIRECTION ( 'NONE',  ( 0.000000000000000000, 0.000000000000000000, 1.000000000000000000 ) ) ;
#747 = CARTESIAN_POINT ( 'NONE',  ( 84.99999999999998579, 15.00000000000000000, 74.99999999999998579 ) ) ;
#748 = VECTOR ( 'NONE', #1336, 1000.000000000000000 ) ;
#749 = FACE_OUTER_BOUND ( 'NONE', #197, .T. ) ;
#750 = CARTESIAN_POINT ( 'NONE',  ( -85.00000000000001421, 15.00000000000000000, -75.00000000000001421 ) ) ;
#751 = EDGE_LOOP ( 'NONE', ( #1542, #1129, #1770, #1003 ) ) ;
#752 = VECTOR ( 'NONE', #1985, 1000.000000000000000 ) ;
#753 = EDGE_CURVE ( 'NONE', #1153, #1388, #890, .T. ) ;
#754 = EDGE_CURVE ( 'NONE', #1311, #1646, #2427, .T. ) ;
#755 = ORIENTED_EDGE ( 'NONE', *, *, #153, .T. ) ;
#756 = CIRCLE ( 'NONE', #1613, 1.500000000000001332 ) ;
#757 = COORDINATED_UNIVERSAL_TIME_OFFSET ( 0, 0, .AHEAD. ) ;
#758 = ADVANCED_FACE ( 'NONE', ( #2615 ), #1383, .F. ) ;
#759 = CIRCLE ( 'NONE', #1360, 1.500000000000001332 ) ;
#760 = ORIENTED_EDGE ( 'NONE', *, *, #1331, .T. ) ;
#761 = DIRECTION ( 'NONE',  ( 0.000000000000000000, 1.000000000000000000, -0.000000000000000000 ) ) ;
#762 = CIRCLE ( 'NONE', #981, 2.249999999999995559 ) ;
#763 = CYLINDRICAL_SURFACE ( 'NONE', #2657, 2.249999999999995115 ) ;
#764 = DIRECTION ( 'NONE',  ( -0.000000000000000000, 1.000000000000000000, -0.000000000000000000 ) ) ;
#765 = CC_DESIGN_APPROVAL ( #2202, ( #942 ) ) ;
#766 = CARTESIAN_POINT ( 'NONE',  ( 54.89999999999999858, 15.00000000000000000, 29.80000000000000071 ) ) ;
#767 = CYLINDRICAL_SURFACE ( 'NONE', #1918, 2.249999999999995559 ) ;
#768 = ORIENTED_EDGE ( 'NONE', *, *, #1478, .T. ) ;
#769 = CARTESIAN_POINT ( 'NONE',  ( -85.00000000000001421, 12.00000000000000000, -39.00000000000000711 ) ) ;
#770 = EDGE_LOOP ( 'NONE', ( #2502, #2216, #438, #2210 ) ) ;
#771 = EDGE_CURVE ( 'NONE', #1262, #1297, #2183, .T. ) ;
#772 = APPROVAL_STATUS ( 'not_yet_approved' ) ;
#773 = ORIENTED_EDGE ( 'NONE', *, *, #474, .T. ) ;
#774 = EDGE_CURVE ( 'NONE', #1981, #1259, #1548, .T. ) ;
#775 = CARTESIAN_POINT ( 'NONE',  ( -74.90000000000001990, 12.00000000000000000, -24.80000000000000071 ) ) ;
#776 = CARTESIAN_POINT ( 'NONE',  ( -54.90000000000001990, 15.00000000000000000, 40.50000000000000000 ) ) ;
#777 = FACE_OUTER_BOUND ( 'NONE', #661, .T. ) ;
#778 = DIRECTION ( 'NONE',  ( 0.000000000000000000, 0.000000000000000000, 1.000000000000000000 ) ) ;
#779 = ORIENTED_EDGE ( 'NONE', *, *, #1313, .T. ) ;
#780 = CARTESIAN_POINT ( 'NONE',  ( 18.74999999999997513, 0.000000000000000000, -2.250000000000002220 ) ) ;
#781 = LINE ( 'NONE', #960, #2302 ) ;
#782 = ORIENTED_EDGE ( 'NONE', *, *, #675, .T. ) ;
#783 = CARTESIAN_POINT ( 'NONE',  ( 0.000000000000000000, 0.000000000000000000, 0.000000000000000000 ) ) ;
#784 = VERTEX_POINT ( 'NONE', #1557 ) ;
#785 = AXIS2_PLACEMENT_3D ( 'NONE', #2546, #1948, #1518 ) ;
#786 = FACE_OUTER_BOUND ( 'NONE', #2454, .T. ) ;
#787 = DIRECTION ( 'NONE',  ( 0.000000000000000000, 0.000000000000000000, -1.000000000000000000 ) ) ;
#788 = ADVANCED_FACE ( 'NONE', ( #970 ), #767, .F. ) ;
#789 = EDGE_CURVE ( 'NONE', #1952, #725, #2604, .T. ) ;
#790 = ORIENTED_EDGE ( 'NONE', *, *, #1771, .F. ) ;
#791 = DIRECTION ( 'NONE',  ( 0.000000000000000000, 1.000000000000000000, 0.000000000000000000 ) ) ;
#792 = DIRECTION ( 'NONE',  ( 0.000000000000000000, 0.000000000000000000, 1.000000000000000000 ) ) ;
#793 = ORIENTED_EDGE ( 'NONE', *, *, #457, .T. ) ;
#794 = AXIS2_PLACEMENT_3D ( 'NONE', #562, #1165, #741 ) ;
#795 = DIRECTION ( 'NONE',  ( 0.000000000000000000, 1.000000000000000000, 0.000000000000000000 ) ) ;
#796 = DIRECTION ( 'NONE',  ( 0.000000000000000000, 0.000000000000000000, 1.000000000000000000 ) ) ;
#797 = AXIS2_PLACEMENT_3D ( 'NONE', #479, #2548, #86 ) ;
#798 = ORIENTED_EDGE ( 'NONE', *, *, #1576, .T. ) ;
#799 = AXIS2_PLACEMENT_3D ( 'NONE', #2494, #1394, #1814 ) ;
#800 = AXIS2_PLACEMENT_3D ( 'NONE', #1243, #795, #574 ) ;
#801 = EDGE_LOOP ( 'NONE', ( #198, #425 ) ) ;
#802 = AXIS2_PLACEMENT_3D ( 'NONE', #2613, #132, #1622 ) ;
#803 = CYLINDRICAL_SURFACE ( 'NONE', #359, 2.249999999999995559 ) ;
#804 = CARTESIAN_POINT ( 'NONE',  ( -85.00000000000001421, 12.00000000000000000, -39.00000000000000711 ) ) ;
#805 = ORIENTED_EDGE ( 'NONE', *, *, #58, .T. ) ;
#806 = AXIS2_PLACEMENT_3D ( 'NONE', #930, #1745, #1729 ) ;
#807 = DIRECTION ( 'NONE',  ( 0.000000000000000000, 1.000000000000000000, 0.000000000000000000 ) ) ;
#808 = VECTOR ( 'NONE', #649, 1000.000000000000000 ) ;
#809 = DIRECTION ( 'NONE',  ( -0.000000000000000000, 1.000000000000000000, -0.000000000000000000 ) ) ;
#810 = ORIENTED_EDGE ( 'NONE', *, *, #1892, .F. ) ;
#811 = EDGE_CURVE ( 'NONE', #1308, #1796, #1989, .T. ) ;
#812 = DIRECTION ( 'NONE',  ( 0.000000000000000000, 0.000000000000000000, 1.000000000000000000 ) ) ;
#813 = LINE ( 'NONE', #1056, #1868 ) ;
#814 = ORIENTED_EDGE ( 'NONE', *, *, #643, .F. ) ;
#815 = SHAPE_DEFINITION_REPRESENTATION ( #504, #690 ) ;
#816 = ORIENTED_EDGE ( 'NONE', *, *, #1823, .F. ) ;
#817 = CARTESIAN_POINT ( 'NONE',  ( 56.24999999999996447, 0.000000000000000000, 2.249999999999988454 ) ) ;
#818 = CARTESIAN_POINT ( 'NONE',  ( 80.00000000000001421, 12.00000000000000000, -32.15000000000000568 ) ) ;
#819 = ORIENTED_EDGE ( 'NONE', *, *, #1483, .T. ) ;
#820 = CARTESIAN_POINT ( 'NONE',  ( 84.99999999999998579, 12.00000000000000000, -39.00000000000000711 ) ) ;
#821 = DIRECTION ( 'NONE',  ( 0.000000000000000000, -1.000000000000000000, 0.000000000000000000 ) ) ;
#822 = DIRECTION ( 'NONE',  ( 1.000000000000000000, 0.000000000000000000, -1.119176436114069628E-15 ) ) ;
#823 = PLANE ( 'NONE',  #1701 ) ;
#824 = LINE ( 'NONE', #1257, #573 ) ;
#825 = EDGE_CURVE ( 'NONE', #703, #2311, #1967, .T. ) ;
#826 = EDGE_LOOP ( 'NONE', ( #2402, #790 ) ) ;
#827 = APPROVAL_DATE_TIME ( #2081, #2648 ) ;
#828 = EDGE_LOOP ( 'NONE', ( #519, #372, #2455, #1891 ) ) ;
#829 = DIRECTION ( 'NONE',  ( -0.000000000000000000, 1.000000000000000000, -0.000000000000000000 ) ) ;
#830 = CARTESIAN_POINT ( 'NONE',  ( -85.00000000000001421, 12.00000000000000000, -39.00000000000000711 ) ) ;
#831 = ORIENTED_EDGE ( 'NONE', *, *, #303, .T. ) ;
#832 = CARTESIAN_POINT ( 'NONE',  ( 60.00000000000000000, 4.000000000000000000, 34.39999999999999858 ) ) ;
#833 = DIRECTION ( 'NONE',  ( 0.000000000000000000, 0.000000000000000000, 1.000000000000000000 ) ) ;
#834 = DIRECTION ( 'NONE',  ( -0.000000000000000000, 1.000000000000000000, -0.000000000000000000 ) ) ;
#835 = DIRECTION ( 'NONE',  ( 0.000000000000000000, -0.000000000000000000, -1.000000000000000000 ) ) ;
#836 = DIRECTION ( 'NONE',  ( 0.000000000000000000, 1.000000000000000000, 0.000000000000000000 ) ) ;
#837 = ORIENTED_EDGE ( 'NONE', *, *, #77, .F. ) ;
#838 = ADVANCED_FACE ( 'NONE', ( #2408 ), #1570, .F. ) ;
#839 = CIRCLE ( 'NONE', #2559, 2.250000000000001776 ) ;
#840 = ADVANCED_FACE ( 'NONE', ( #345 ), #948, .F. ) ;
#841 = ORIENTED_EDGE ( 'NONE', *, *, #1986, .F. ) ;
#842 = VECTOR ( 'NONE', #133, 1000.000000000000000 ) ;
#843 = EDGE_CURVE ( 'NONE', #2362, #1668, #1769, .T. ) ;
#844 = CARTESIAN_POINT ( 'NONE',  ( -54.90000000000002700, 12.00000000000000000, 29.80000000000000071 ) ) ;
#845 = CARTESIAN_POINT ( 'NONE',  ( 84.99999999999998579, 15.00000000000000000, 39.00000000000000711 ) ) ;
#846 = AXIS2_PLACEMENT_3D ( 'NONE', #2142, #285, #1119 ) ;
#847 = ORIENTED_EDGE ( 'NONE', *, *, #1272, .T. ) ;
#848 = VECTOR ( 'NONE', #2472, 1000.000000000000000 ) ;
#849 = DIRECTION ( 'NONE',  ( 0.000000000000000000, 1.000000000000000000, 0.000000000000000000 ) ) ;
#850 = FACE_OUTER_BOUND ( 'NONE', #205, .T. ) ;
#851 = CIRCLE ( 'NONE', #2352, 1.500000000000001332 ) ;
#852 = EDGE_LOOP ( 'NONE', ( #2678, #1895, #598, #1471 ) ) ;
#853 = VECTOR ( 'NONE', #1389, 1000.000000000000000 ) ;
#854 = DIRECTION ( 'NONE',  ( 0.000000000000000000, 1.000000000000000000, -0.000000000000000000 ) ) ;
#855 = DIRECTION ( 'NONE',  ( 0.000000000000000000, 0.000000000000000000, 1.000000000000000000 ) ) ;
#856 = AXIS2_PLACEMENT_3D ( 'NONE', #1934, #381, #2230 ) ;
#857 = ORIENTED_EDGE ( 'NONE', *, *, #2669, .F. ) ;
#858 = PRODUCT ( 'bottom_bolster_horiz', 'bottom_bolster_horiz', '', ( #2039 ) ) ;
#859 = VERTEX_POINT ( 'NONE', #2005 ) ;
#860 = EDGE_CURVE ( 'NONE', #1168, #2107, #2214, .T. ) ;
#861 = FACE_OUTER_BOUND ( 'NONE', #1212, .T. ) ;
#862 = DIRECTION ( 'NONE',  ( 0.000000000000000000, 1.000000000000000000, -0.000000000000000000 ) ) ;
#863 = ORIENTED_EDGE ( 'NONE', *, *, #1364, .T. ) ;
#864 = EDGE_CURVE ( 'NONE', #1558, #2008, #2418, .T. ) ;
#865 = FACE_OUTER_BOUND ( 'NONE', #2241, .T. ) ;
#866 = DIRECTION ( 'NONE',  ( 0.000000000000000000, 0.000000000000000000, 1.000000000000000000 ) ) ;
#867 = ORIENTED_EDGE ( 'NONE', *, *, #2046, .T. ) ;
#868 = CARTESIAN_POINT ( 'NONE',  ( -56.25000000000002132, 0.000000000000000000, 2.249999999999988454 ) ) ;
#869 = CYLINDRICAL_SURFACE ( 'NONE', #489, 2.249999999999995115 ) ;
#870 = EDGE_LOOP ( 'NONE', ( #891, #2015 ) ) ;
#871 = ORIENTED_EDGE ( 'NONE', *, *, #1319, .F. ) ;
#872 = CARTESIAN_POINT ( 'NONE',  ( 80.00000000000001421, 4.000000000000000000, 36.64999999999999858 ) ) ;
#873 = DIRECTION ( 'NONE',  ( -0.000000000000000000, 1.000000000000000000, -0.000000000000000000 ) ) ;
#874 = EDGE_LOOP ( 'NONE', ( #2189, #473, #624, #2237 ) ) ;
#875 = CARTESIAN_POINT ( 'NONE',  ( -56.40000000000002700, 12.00000000000000000, -29.80000000000000071 ) ) ;
#876 = ADVANCED_FACE ( 'NONE', ( #216 ), #1829, .F. ) ;
#877 = EDGE_CURVE ( 'NONE', #973, #1482, #1827, .T. ) ;
#878 = CARTESIAN_POINT ( 'NONE',  ( -54.90000000000002700, 15.00000000000000000, -29.80000000000000071 ) ) ;
#879 = PLANE ( 'NONE',  #219 ) ;
#880 = PLANE ( 'NONE',  #353 ) ;
#881 = AXIS2_PLACEMENT_3D ( 'NONE', #2143, #709, #1938 ) ;
#882 = APPROVAL_PERSON_ORGANIZATION ( #2188, #2598, #2027 ) ;
#883 = CARTESIAN_POINT ( 'NONE',  ( -74.90000000000001990, 12.00000000000000000, -9.099999999999999645 ) ) ;
#884 = ORIENTED_EDGE ( 'NONE', *, *, #331, .F. ) ;
#885 = CIRCLE ( 'NONE', #1648, 2.249999999999995115 ) ;
#886 = ORIENTED_EDGE ( 'NONE', *, *, #656, .F. ) ;
#887 = VECTOR ( 'NONE', #2283, 1000.000000000000000 ) ;
#888 = CARTESIAN_POINT ( 'NONE',  ( 80.00000000000001421, 4.000000000000000000, 32.15000000000000568 ) ) ;
#889 = DIRECTION ( 'NONE',  ( -0.000000000000000000, 1.000000000000000000, -0.000000000000000000 ) ) ;
#890 = CIRCLE ( 'NONE', #1566, 2.250000000000001776 ) ;
#891 = ORIENTED_EDGE ( 'NONE', *, *, #1046, .F. ) ;
#892 = VECTOR ( 'NONE', #2020, 1000.000000000000000 ) ;
#893 = CARTESIAN_POINT ( 'NONE',  ( -85.00000000000001421, 15.00000000000000000, 39.00000000000000711 ) ) ;
#894 = FACE_OUTER_BOUND ( 'NONE', #1442, .T. ) ;
#895 = CIRCLE ( 'NONE', #277, 2.249999999999995559 ) ;
#896 = DIRECTION ( 'NONE',  ( -0.000000000000000000, 1.000000000000000000, -0.000000000000000000 ) ) ;
#897 = ADVANCED_FACE ( 'NONE', ( #850 ), #1029, .F. ) ;
#898 = DIRECTION ( 'NONE',  ( -0.000000000000000000, 1.000000000000000000, -0.000000000000000000 ) ) ;
#899 = AXIS2_PLACEMENT_3D ( 'NONE', #1393, #807, #1011 ) ;
#900 = CARTESIAN_POINT ( 'NONE',  ( 74.89999999999999147, 12.00000000000000000, -24.80000000000000071 ) ) ;
#901 = ORIENTED_EDGE ( 'NONE', *, *, #902, .F. ) ;
#902 = EDGE_CURVE ( 'NONE', #2570, #2668, #1744, .T. ) ;
#903 = AXIS2_PLACEMENT_3D ( 'NONE', #1091, #1067, #668 ) ;
#904 =( GEOMETRIC_REPRESENTATION_CONTEXT ( 3 ) GLOBAL_UNCERTAINTY_ASSIGNED_CONTEXT ( ( #387 ) ) GLOBAL_UNIT_ASSIGNED_CONTEXT ( ( #1418, #1376, #155 ) ) REPRESENTATION_CONTEXT ( 'NONE', 'WORKASPACE' ) );
#905 = ORIENTED_EDGE ( 'NONE', *, *, #1347, .F. ) ;
#906 = CARTESIAN_POINT ( 'NONE',  ( -80.00000000000004263, 4.000000000000000000, -34.39999999999999858 ) ) ;
#907 = ORIENTED_EDGE ( 'NONE', *, *, #2669, .T. ) ;
#908 = DIRECTION ( 'NONE',  ( -0.7071067811865480168, -0.000000000000000000, 0.7071067811865470176 ) ) ;
#909 = CARTESIAN_POINT ( 'NONE',  ( 18.74999999999997513, 0.000000000000000000, -6.938893903907228378E-15 ) ) ;
#910 = LINE ( 'NONE', #56, #2 ) ;
#911 = DIRECTION ( 'NONE',  ( 0.000000000000000000, 1.000000000000000000, 0.000000000000000000 ) ) ;
#912 = DIRECTION ( 'NONE',  ( 0.000000000000000000, 1.000000000000000000, -0.000000000000000000 ) ) ;
#913 = ORIENTED_EDGE ( 'NONE', *, *, #1429, .T. ) ;
#914 = EDGE_CURVE ( 'NONE', #2049, #1345, #932, .T. ) ;
#915 = ORIENTED_EDGE ( 'NONE', *, *, #2487, .F. ) ;
#916 = DIRECTION ( 'NONE',  ( -0.000000000000000000, 1.000000000000000000, -0.000000000000000000 ) ) ;
#917 = ORIENTED_EDGE ( 'NONE', *, *, #1626, .F. ) ;
#918 = CARTESIAN_POINT ( 'NONE',  ( 84.99999999999998579, 12.00000000000000000, 39.00000000000000711 ) ) ;
#919 = DIRECTION ( 'NONE',  ( -0.000000000000000000, -1.000000000000000000, -0.000000000000000000 ) ) ;
#920 = LINE ( 'NONE', #2558, #1263 ) ;
#921 = CARTESIAN_POINT ( 'NONE',  ( -80.00000000000004263, 4.000000000000000000, 34.39999999999999858 ) ) ;
#922 = DIRECTION ( 'NONE',  ( -0.000000000000000000, 1.000000000000000000, -0.000000000000000000 ) ) ;
#923 = ORIENTED_EDGE ( 'NONE', *, *, #1347, .T. ) ;
#924 = VECTOR ( 'NONE', #1477, 1000.000000000000000 ) ;
#925 = ORIENTED_EDGE ( 'NONE', *, *, #1412, .F. ) ;
#926 = ADVANCED_FACE ( 'NONE', ( #2667 ), #2279, .F. ) ;
#927 = DIRECTION ( 'NONE',  ( 0.000000000000000000, 0.000000000000000000, -1.000000000000000000 ) ) ;
#928 = ORIENTED_EDGE ( 'NONE', *, *, #2323, .T. ) ;
#929 = EDGE_CURVE ( 'NONE', #1040, #2013, #406, .T. ) ;
#930 = CARTESIAN_POINT ( 'NONE',  ( -54.90000000000002700, 12.00000000000000000, -29.80000000000000071 ) ) ;
#931 = CARTESIAN_POINT ( 'NONE',  ( 54.89999999999999147, 12.00000000000000000, 37.50000000000000000 ) ) ;
#932 = CIRCLE ( 'NONE', #1958, 2.249999999999995115 ) ;
#933 = CARTESIAN_POINT ( 'NONE',  ( 54.89999999999999858, 12.00000000000000000, -29.80000000000000071 ) ) ;
#934 = CARTESIAN_POINT ( 'NONE',  ( -85.00000000000001421, 0.000000000000000000, 74.99999999999998579 ) ) ;
#935 = VECTOR ( 'NONE', #1195, 1000.000000000000000 ) ;
#936 = ORIENTED_EDGE ( 'NONE', *, *, #590, .F. ) ;
#937 = CIRCLE ( 'NONE', #2350, 2.250000000000001776 ) ;
#938 = CARTESIAN_POINT ( 'NONE',  ( -56.40000000000001990, 12.00000000000000000, 39.00000000000000000 ) ) ;
#939 = ORIENTED_EDGE ( 'NONE', *, *, #27, .T. ) ;
#940 = CIRCLE ( 'NONE', #1282, 2.250000000000001776 ) ;
#941 = CARTESIAN_POINT ( 'NONE',  ( 69.89999999999999147, 15.00000000000000000, -29.79999999999999716 ) ) ;
#942 = PRODUCT_DEFINITION ( 'UNKNOWN', '', #383, #1826 ) ;
#943 = VERTEX_POINT ( 'NONE', #999 ) ;
#944 = DIRECTION ( 'NONE',  ( -1.000000000000000000, 0.000000000000000000, 0.000000000000000000 ) ) ;
#945 = CARTESIAN_POINT ( 'NONE',  ( -70.00000000000002842, 0.000000000000000000, -60.00000000000001421 ) ) ;
#946 = ADVANCED_FACE ( 'NONE', ( #2434 ), #1240, .F. ) ;
#947 = PLANE ( 'NONE',  #278 ) ;
#948 = PLANE ( 'NONE',  #1871 ) ;
#949 = ORIENTED_EDGE ( 'NONE', *, *, #843, .T. ) ;
#950 = CARTESIAN_POINT ( 'NONE',  ( 60.00000000000000000, 4.000000000000000000, -32.14999999999999858 ) ) ;
#951 = ORIENTED_EDGE ( 'NONE', *, *, #380, .T. ) ;
#952 = VERTEX_POINT ( 'NONE', #2449 ) ;
#953 = CARTESIAN_POINT ( 'NONE',  ( 74.89999999999999147, 12.00000000000000000, -9.099999999999999645 ) ) ;
#954 = DIRECTION ( 'NONE',  ( -0.000000000000000000, 1.000000000000000000, -0.000000000000000000 ) ) ;
#955 = ADVANCED_FACE ( 'NONE', ( #374 ), #2048, .F. ) ;
#956 = ADVANCED_FACE ( 'NONE', ( #2062 ), #1635, .F. ) ;
#957 = DIRECTION ( 'NONE',  ( 0.000000000000000000, 0.000000000000000000, 1.000000000000000000 ) ) ;
#958 = DIRECTION ( 'NONE',  ( 0.7071067811865480168, 0.000000000000000000, 0.7071067811865470176 ) ) ;
#959 = EDGE_LOOP ( 'NONE', ( #1691, #468, #484, #2125 ) ) ;
#960 = CARTESIAN_POINT ( 'NONE',  ( 69.89999999999999147, 12.00000000000000000, -29.79999999999999716 ) ) ;
#961 = ORIENTED_EDGE ( 'NONE', *, *, #2386, .T. ) ;
#962 = PERSON_AND_ORGANIZATION ( #555, #1577 ) ;
#963 = AXIS2_PLACEMENT_3D ( 'NONE', #488, #1926, #1317 ) ;
#964 = ORIENTED_EDGE ( 'NONE', *, *, #1255, .F. ) ;
#965 = CARTESIAN_POINT ( 'NONE',  ( -84.99999999999997158, 12.00000000000000000, -9.099999999999999645 ) ) ;
#966 = CARTESIAN_POINT ( 'NONE',  ( -74.90000000000001990, 12.00000000000000000, -24.80000000000000071 ) ) ;
#967 = CARTESIAN_POINT ( 'NONE',  ( -54.90000000000002700, 12.00000000000000000, -29.80000000000000071 ) ) ;
#968 = VECTOR ( 'NONE', #1228, 1000.000000000000000 ) ;
#969 = CARTESIAN_POINT ( 'NONE',  ( 54.89999999999999147, 15.00000000000000000, 39.00000000000000000 ) ) ;
#970 = FACE_OUTER_BOUND ( 'NONE', #1655, .T. ) ;
#971 = EDGE_CURVE ( 'NONE', #2066, #21, #1667, .T. ) ;
#972 = VECTOR ( 'NONE', #712, 1000.000000000000000 ) ;
#973 = VERTEX_POINT ( 'NONE', #389 ) ;
#974 = EDGE_CURVE ( 'NONE', #2668, #2591, #2033, .T. ) ;
#975 = ORIENTED_EDGE ( 'NONE', *, *, #1743, .F. ) ;
#976 = VECTOR ( 'NONE', #2635, 1000.000000000000000 ) ;
#977 = LINE ( 'NONE', #1191, #363 ) ;
#978 = CIRCLE ( 'NONE', #2009, 2.249999999999995115 ) ;
#979 = ORIENTED_EDGE ( 'NONE', *, *, #1603, .F. ) ;
#980 = FACE_OUTER_BOUND ( 'NONE', #683, .T. ) ;
#981 = AXIS2_PLACEMENT_3D ( 'NONE', #14, #1665, #2301 ) ;
#982 = FACE_OUTER_BOUND ( 'NONE', #2563, .T. ) ;
#983 = CARTESIAN_POINT ( 'NONE',  ( -54.90000000000001990, 12.00000000000000000, 37.50000000000000000 ) ) ;
#984 = AXIS2_PLACEMENT_3D ( 'NONE', #116, #2530, #1142 ) ;
#985 = DIRECTION ( 'NONE',  ( 0.000000000000000000, 0.000000000000000000, -1.000000000000000000 ) ) ;
#986 = CARTESIAN_POINT ( 'NONE',  ( 54.89999999999999147, 15.00000000000000000, 39.00000000000000000 ) ) ;
#987 = VERTEX_POINT ( 'NONE', #1623 ) ;
#988 = DIRECTION ( 'NONE',  ( 0.000000000000000000, 1.000000000000000000, 0.000000000000000000 ) ) ;
#989 = PLANE ( 'NONE',  #2645 ) ;
#990 = ORIENTED_EDGE ( 'NONE', *, *, #1125, .F. ) ;
#991 = ADVANCED_FACE ( 'NONE', ( #2460 ), #2262, .F. ) ;
#992 = ADVANCED_FACE ( 'NONE', ( #627 ), #1224, .F. ) ;
#993 = PERSON_AND_ORGANIZATION_ROLE ( 'creator' ) ;
#994 = ORIENTED_EDGE ( 'NONE', *, *, #2256, .T. ) ;
#995 = DIRECTION ( 'NONE',  ( 0.000000000000000000, 0.000000000000000000, -1.000000000000000000 ) ) ;
#996 = CARTESIAN_POINT ( 'NONE',  ( 84.99999999999998579, 12.00000000000000000, -39.00000000000000711 ) ) ;
#997 = EDGE_LOOP ( 'NONE', ( #1601, #1266, #907, #2607 ) ) ;
#998 = DIRECTION ( 'NONE',  ( 1.000000000000000000, 0.000000000000000000, -2.569960705150826877E-16 ) ) ;
#999 = CARTESIAN_POINT ( 'NONE',  ( 54.89999999999999858, 15.00000000000000000, 31.30000000000000071 ) ) ;
#1000 = ORIENTED_EDGE ( 'NONE', *, *, #1319, .T. ) ;
#1001 = FACE_OUTER_BOUND ( 'NONE', #87, .T. ) ;
#1002 = CARTESIAN_POINT ( 'NONE',  ( -70.00000000000002842, 15.00000000000000000, -60.00000000000001421 ) ) ;
#1003 = ORIENTED_EDGE ( 'NONE', *, *, #206, .T. ) ;
#1004 = APPROVAL_ROLE ( '' ) ;
#1005 = ORIENTED_EDGE ( 'NONE', *, *, #1236, .T. ) ;
#1006 = EDGE_CURVE ( 'NONE', #1861, #2103, #1019, .T. ) ;
#1007 = DIRECTION ( 'NONE',  ( 0.000000000000000000, 0.000000000000000000, 1.000000000000000000 ) ) ;
#1008 = FACE_OUTER_BOUND ( 'NONE', #264, .T. ) ;
#1009 = ORIENTED_EDGE ( 'NONE', *, *, #864, .T. ) ;
#1010 = ADVANCED_FACE ( 'NONE', ( #894 ), #1705, .F. ) ;
#1011 = DIRECTION ( 'NONE',  ( 0.000000000000000000, 0.000000000000000000, 1.000000000000000000 ) ) ;
#1012 = DIRECTION ( 'NONE',  ( -0.000000000000000000, 1.000000000000000000, -0.000000000000000000 ) ) ;
#1013 = EDGE_LOOP ( 'NONE', ( #837, #12 ) ) ;
#1014 = VECTOR ( 'NONE', #1788, 1000.000000000000000 ) ;
#1015 = DIRECTION ( 'NONE',  ( 0.000000000000000000, 0.000000000000000000, 1.000000000000000000 ) ) ;
#1016 = CARTESIAN_POINT ( 'NONE',  ( 56.39999999999999147, 15.00000000000000000, -39.00000000000000000 ) ) ;
#1017 = AXIS2_PLACEMENT_3D ( 'NONE', #1521, #922, #289 ) ;
#1018 = ORIENTED_EDGE ( 'NONE', *, *, #1675, .F. ) ;
#1019 = CIRCLE ( 'NONE', #1529, 1.500000000000001332 ) ;
#1020 = AXIS2_PLACEMENT_3D ( 'NONE', #830, #1620, #2446 ) ;
#1021 = VERTEX_POINT ( 'NONE', #245 ) ;
#1022 = AXIS2_PLACEMENT_3D ( 'NONE', #1332, #1535, #121 ) ;
#1023 = CARTESIAN_POINT ( 'NONE',  ( -69.90000000000001990, 15.00000000000000000, -29.79999999999999716 ) ) ;
#1024 = LINE ( 'NONE', #623, #935 ) ;
#1025 = ORIENTED_EDGE ( 'NONE', *, *, #1027, .T. ) ;
#1026 = CARTESIAN_POINT ( 'NONE',  ( -80.00000000000004263, 12.00000000000000000, 34.39999999999999858 ) ) ;
#1027 = EDGE_CURVE ( 'NONE', #2450, #1291, #32, .T. ) ;
#1028 = CIRCLE ( 'NONE', #1114, 1.500000000000001332 ) ;
#1029 = CYLINDRICAL_SURFACE ( 'NONE', #2478, 2.249999999999995559 ) ;
#1030 = ORIENTED_EDGE ( 'NONE', *, *, #2555, .F. ) ;
#1031 = PLANE ( 'NONE',  #103 ) ;
#1032 = CARTESIAN_POINT ( 'NONE',  ( 70.00000000000000000, 0.000000000000000000, -67.50000000000001421 ) ) ;
#1033 = ORIENTED_EDGE ( 'NONE', *, *, #2325, .T. ) ;
#1034 = ORIENTED_EDGE ( 'NONE', *, *, #319, .F. ) ;
#1035 = DIRECTION ( 'NONE',  ( 0.000000000000000000, 0.000000000000000000, -1.000000000000000000 ) ) ;
#1036 = CARTESIAN_POINT ( 'NONE',  ( 80.00000000000001421, 12.00000000000000000, 32.15000000000000568 ) ) ;
#1037 = ORIENTED_EDGE ( 'NONE', *, *, #589, .F. ) ;
#1038 = CARTESIAN_POINT ( 'NONE',  ( -56.40000000000002700, 15.00000000000000000, 29.80000000000000071 ) ) ;
#1039 = CARTESIAN_POINT ( 'NONE',  ( 18.74999999999997513, 0.000000000000000000, -6.938893903907228378E-15 ) ) ;
#1040 = VERTEX_POINT ( 'NONE', #1925 ) ;
#1041 = EDGE_CURVE ( 'NONE', #304, #367, #1092, .T. ) ;
#1042 = EDGE_CURVE ( 'NONE', #859, #2178, #400, .T. ) ;
#1043 = LINE ( 'NONE', #1597, #2526 ) ;
#1044 = LINE ( 'NONE', #1032, #1481 ) ;
#1045 = VERTEX_POINT ( 'NONE', #55 ) ;
#1046 = EDGE_CURVE ( 'NONE', #1246, #1825, #492, .T. ) ;
#1047 = ORIENTED_EDGE ( 'NONE', *, *, #380, .F. ) ;
#1048 = LINE ( 'NONE', #2298, #2617 ) ;
#1049 = CARTESIAN_POINT ( 'NONE',  ( -54.90000000000001990, 12.00000000000000000, -39.00000000000000000 ) ) ;
#1050 = ORIENTED_EDGE ( 'NONE', *, *, #558, .F. ) ;
#1051 = AXIS2_PLACEMENT_3D ( 'NONE', #270, #1778, #2341 ) ;
#1052 = CARTESIAN_POINT ( 'NONE',  ( 60.00000000000000000, 4.000000000000000000, 34.39999999999999858 ) ) ;
#1053 = DIRECTION ( 'NONE',  ( 0.000000000000000000, 1.000000000000000000, 0.000000000000000000 ) ) ;
#1054 = VERTEX_POINT ( 'NONE', #1105 ) ;
#1055 = DIRECTION ( 'NONE',  ( -0.000000000000000000, 1.000000000000000000, -0.000000000000000000 ) ) ;
#1056 = CARTESIAN_POINT ( 'NONE',  ( -70.00000000000002842, 0.000000000000000000, 67.49999999999998579 ) ) ;
#1057 = EDGE_CURVE ( 'NONE', #1225, #2296, #669, .T. ) ;
#1058 = AXIS2_PLACEMENT_3D ( 'NONE', #1002, #2672, #195 ) ;
#1059 = ORIENTED_EDGE ( 'NONE', *, *, #25, .F. ) ;
#1060 = EDGE_CURVE ( 'NONE', #651, #172, #1293, .T. ) ;
#1061 = VERTEX_POINT ( 'NONE', #431 ) ;
#1062 = FACE_OUTER_BOUND ( 'NONE', #2328, .T. ) ;
#1063 = CARTESIAN_POINT ( 'NONE',  ( 69.89999999999999147, 12.00000000000000000, 29.79999999999999716 ) ) ;
#1064 = VECTOR ( 'NONE', #685, 1000.000000000000000 ) ;
#1065 = ORIENTED_EDGE ( 'NONE', *, *, #1532, .T. ) ;
#1066 = CIRCLE ( 'NONE', #800, 7.500000000000007105 ) ;
#1067 = DIRECTION ( 'NONE',  ( 0.000000000000000000, 1.000000000000000000, 0.000000000000000000 ) ) ;
#1068 = CARTESIAN_POINT ( 'NONE',  ( 70.00000000000000000, 15.00000000000000000, -60.00000000000001421 ) ) ;
#1069 = VECTOR ( 'NONE', #161, 1000.000000000000000 ) ;
#1070 = EDGE_LOOP ( 'NONE', ( #994, #352 ) ) ;
#1071 = CARTESIAN_POINT ( 'NONE',  ( -56.40000000000002700, 12.00000000000000000, 29.80000000000000071 ) ) ;
#1072 = LINE ( 'NONE', #900, #398 ) ;
#1073 = ORIENTED_EDGE ( 'NONE', *, *, #331, .T. ) ;
#1074 = ORIENTED_EDGE ( 'NONE', *, *, #1391, .F. ) ;
#1075 = EDGE_CURVE ( 'NONE', #1860, #725, #1505, .T. ) ;
#1076 = EDGE_CURVE ( 'NONE', #1278, #2632, #2128, .T. ) ;
#1077 = DIRECTION ( 'NONE',  ( -0.000000000000000000, 1.000000000000000000, -0.000000000000000000 ) ) ;
#1078 = CARTESIAN_POINT ( 'NONE',  ( -56.40000000000002700, 15.00000000000000000, 29.80000000000000071 ) ) ;
#1079 = VERTEX_POINT ( 'NONE', #71 ) ;
#1080 = FACE_OUTER_BOUND ( 'NONE', #801, .T. ) ;
#1081 = DIRECTION ( 'NONE',  ( -0.000000000000000000, -0.000000000000000000, -1.000000000000000000 ) ) ;
#1082 = VERTEX_POINT ( 'NONE', #1466 ) ;
#1083 = LINE ( 'NONE', #34, #2568 ) ;
#1084 = CARTESIAN_POINT ( 'NONE',  ( -54.90000000000002700, 12.00000000000000000, 31.30000000000000071 ) ) ;
#1085 = EDGE_LOOP ( 'NONE', ( #760, #2589, #549, #1413 ) ) ;
#1086 = ORIENTED_EDGE ( 'NONE', *, *, #2487, .T. ) ;
#1087 = DIRECTION ( 'NONE',  ( 0.000000000000000000, 0.000000000000000000, 1.000000000000000000 ) ) ;
#1088 = FACE_OUTER_BOUND ( 'NONE', #959, .T. ) ;
#1089 = EDGE_CURVE ( 'NONE', #306, #214, #2291, .T. ) ;
#1090 = ORIENTED_EDGE ( 'NONE', *, *, #2453, .F. ) ;
#1091 = CARTESIAN_POINT ( 'NONE',  ( 60.00000000000000000, 12.00000000000000000, 34.39999999999999858 ) ) ;
#1092 = LINE ( 'NONE', #2330, #1656 ) ;
#1093 = ADVANCED_FACE ( 'NONE', ( #2506 ), #1492, .F. ) ;
#1094 = LINE ( 'NONE', #1254, #435 ) ;
#1095 = DIRECTION ( 'NONE',  ( -0.000000000000000000, 1.000000000000000000, -0.000000000000000000 ) ) ;
#1096 = AXIS2_PLACEMENT_3D ( 'NONE', #1049, #2531, #664 ) ;
#1097 = DIRECTION ( 'NONE',  ( -1.000000000000000000, 0.000000000000000000, 2.426186679687842211E-16 ) ) ;
#1098 = ORIENTED_EDGE ( 'NONE', *, *, #1465, .T. ) ;
#1099 = EDGE_LOOP ( 'NONE', ( #1551, #440 ) ) ;
#1100 = FACE_OUTER_BOUND ( 'NONE', #328, .T. ) ;
#1101 = VECTOR ( 'NONE', #1537, 1000.000000000000000 ) ;
#1102 = ORIENTED_EDGE ( 'NONE', *, *, #2467, .F. ) ;
#1103 = CIRCLE ( 'NONE', #1740, 2.250000000000001776 ) ;
#1104 = CARTESIAN_POINT ( 'NONE',  ( -85.00000000000001421, 15.00000000000000000, 74.99999999999998579 ) ) ;
#1105 = CARTESIAN_POINT ( 'NONE',  ( -60.00000000000002842, 12.00000000000000000, -36.64999999999999858 ) ) ;
#1106 = VECTOR ( 'NONE', #1390, 1000.000000000000000 ) ;
#1107 = DIRECTION ( 'NONE',  ( -1.000000000000000000, 0.000000000000000000, -0.000000000000000000 ) ) ;
#1108 = ADVANCED_FACE ( 'NONE', ( #1517, #2340, #2318 ), #486, .F. ) ;
#1109 = LINE ( 'NONE', #2282, #1402 ) ;
#1110 = CIRCLE ( 'NONE', #1446, 1.500000000000001332 ) ;
#1111 = DIRECTION ( 'NONE',  ( -0.000000000000000000, 1.000000000000000000, -0.000000000000000000 ) ) ;
#1112 = ORIENTED_EDGE ( 'NONE', *, *, #774, .F. ) ;
#1113 = CIRCLE ( 'NONE', #456, 7.500000000000007105 ) ;
#1114 = AXIS2_PLACEMENT_3D ( 'NONE', #844, #2113, #1087 ) ;
#1115 = ORIENTED_EDGE ( 'NONE', *, *, #2386, .F. ) ;
#1116 = PLANE ( 'NONE',  #856 ) ;
#1117 = ORIENTED_EDGE ( 'NONE', *, *, #505, .T. ) ;
#1118 = DIRECTION ( 'NONE',  ( -1.000000000000000000, 0.000000000000000000, 0.000000000000000000 ) ) ;
#1119 = DIRECTION ( 'NONE',  ( 0.000000000000000000, -0.000000000000000000, -1.000000000000000000 ) ) ;
#1120 = PLANE ( 'NONE',  #1772 ) ;
#1121 = DIRECTION ( 'NONE',  ( 0.000000000000000000, 0.000000000000000000, 1.000000000000000000 ) ) ;
#1122 = CARTESIAN_POINT ( 'NONE',  ( 84.99999999999998579, 12.00000000000000000, -39.00000000000000711 ) ) ;
#1123 = ADVANCED_FACE ( 'NONE', ( #1690 ), #1476, .F. ) ;
#1124 = EDGE_LOOP ( 'NONE', ( #1676, #2464 ) ) ;
#1125 = EDGE_CURVE ( 'NONE', #1796, #1658, #1730, .T. ) ;
#1126 = EDGE_CURVE ( 'NONE', #1585, #306, #448, .T. ) ;
#1127 = EDGE_LOOP ( 'NONE', ( #565, #394, #561, #2045, #1990, #396, #1806, #1941 ) ) ;
#1128 = CARTESIAN_POINT ( 'NONE',  ( 70.00000000000000000, 15.00000000000000000, 52.49999999999997158 ) ) ;
#1129 = ORIENTED_EDGE ( 'NONE', *, *, #2242, .F. ) ;
#1130 = CARTESIAN_POINT ( 'NONE',  ( -54.90000000000001990, 15.00000000000000000, 37.50000000000000000 ) ) ;
#1131 = CARTESIAN_POINT ( 'NONE',  ( -60.00000000000002842, 4.000000000000000000, 34.39999999999999858 ) ) ;
#1132 = ORIENTED_EDGE ( 'NONE', *, *, #2432, .T. ) ;
#1133 = DIRECTION ( 'NONE',  ( -0.000000000000000000, -0.000000000000000000, 1.000000000000000000 ) ) ;
#1134 = DIRECTION ( 'NONE',  ( -1.000000000000000000, 0.000000000000000000, 0.000000000000000000 ) ) ;
#1135 = CARTESIAN_POINT ( 'NONE',  ( -56.25000000000002132, 0.000000000000000000, -2.250000000000002220 ) ) ;
#1136 = ORIENTED_EDGE ( 'NONE', *, *, #2466, .T. ) ;
#1137 = AXIS2_PLACEMENT_3D ( 'NONE', #621, #1276, #1448 ) ;
#1138 = EDGE_CURVE ( 'NONE', #2399, #1981, #351, .T. ) ;
#1139 = DIRECTION ( 'NONE',  ( 0.000000000000000000, 0.000000000000000000, 1.000000000000000000 ) ) ;
#1140 = EDGE_LOOP ( 'NONE', ( #1931, #1856, #179, #1189 ) ) ;
#1141 = ADVANCED_FACE ( 'NONE', ( #515 ), #1342, .F. ) ;
#1142 = DIRECTION ( 'NONE',  ( 0.000000000000000000, 0.000000000000000000, -1.000000000000000000 ) ) ;
#1143 = ORIENTED_EDGE ( 'NONE', *, *, #1057, .T. ) ;
#1144 = CARTESIAN_POINT ( 'NONE',  ( 56.39999999999999858, 15.00000000000000000, 29.80000000000000071 ) ) ;
#1145 = AXIS2_PLACEMENT_3D ( 'NONE', #1508, #912, #60 ) ;
#1146 = DIRECTION ( 'NONE',  ( 0.000000000000000000, 1.000000000000000000, 0.000000000000000000 ) ) ;
#1147 = CARTESIAN_POINT ( 'NONE',  ( 84.99999999999998579, 0.000000000000000000, 74.99999999999998579 ) ) ;
#1148 = DIRECTION ( 'NONE',  ( 0.000000000000000000, 0.000000000000000000, -1.000000000000000000 ) ) ;
#1149 = VECTOR ( 'NONE', #410, 1000.000000000000000 ) ;
#1150 = ORIENTED_EDGE ( 'NONE', *, *, #974, .F. ) ;
#1151 = CIRCLE ( 'NONE', #1490, 2.249999999999995115 ) ;
#1152 = CIRCLE ( 'NONE', #806, 1.500000000000001332 ) ;
#1153 = VERTEX_POINT ( 'NONE', #308 ) ;
#1154 = PLANE ( 'NONE',  #1922 ) ;
#1155 = AXIS2_PLACEMENT_3D ( 'NONE', #906, #104, #1716 ) ;
#1156 = FACE_BOUND ( 'NONE', #1812, .T. ) ;
#1157 = ORIENTED_EDGE ( 'NONE', *, *, #2372, .F. ) ;
#1158 = EDGE_CURVE ( 'NONE', #1250, #2510, #330, .T. ) ;
#1159 = EDGE_CURVE ( 'NONE', #1687, #666, #1171, .T. ) ;
#1160 = LINE ( 'NONE', #501, #541 ) ;
#1161 = LINE ( 'NONE', #543, #752 ) ;
#1162 = DIRECTION ( 'NONE',  ( 0.000000000000000000, 1.000000000000000000, -0.000000000000000000 ) ) ;
#1163 = CARTESIAN_POINT ( 'NONE',  ( 69.89999999999999147, 12.00000000000000000, -29.79999999999999716 ) ) ;
#1164 = ORIENTED_EDGE ( 'NONE', *, *, #1679, .F. ) ;
#1165 = DIRECTION ( 'NONE',  ( 0.000000000000000000, 1.000000000000000000, 0.000000000000000000 ) ) ;
#1166 = ORIENTED_EDGE ( 'NONE', *, *, #1914, .T. ) ;
#1167 = COORDINATED_UNIVERSAL_TIME_OFFSET ( 0, 0, .AHEAD. ) ;
#1168 = VERTEX_POINT ( 'NONE', #1544 ) ;
#1169 = CYLINDRICAL_SURFACE ( 'NONE', #1791, 2.250000000000001776 ) ;
#1170 = CC_DESIGN_PERSON_AND_ORGANIZATION_ASSIGNMENT ( #962, #594, ( #436 ) ) ;
#1171 = LINE ( 'NONE', #557, #1873 ) ;
#1172 = PLANE ( 'NONE',  #1573 ) ;
#1173 = EDGE_CURVE ( 'NONE', #527, #172, #2153, .T. ) ;
#1174 = CARTESIAN_POINT ( 'NONE',  ( -60.00000000000002842, 12.00000000000000000, 34.39999999999999858 ) ) ;
#1175 = ORIENTED_EDGE ( 'NONE', *, *, #914, .F. ) ;
#1176 = FACE_OUTER_BOUND ( 'NONE', #386, .T. ) ;
#1177 = VERTEX_POINT ( 'NONE', #1567 ) ;
#1178 = PERSON_AND_ORGANIZATION ( #555, #1577 ) ;
#1179 = ORIENTED_EDGE ( 'NONE', *, *, #1659, .F. ) ;
#1180 = FACE_OUTER_BOUND ( 'NONE', #2249, .T. ) ;
#1181 = DIRECTION ( 'NONE',  ( 0.000000000000000000, 0.000000000000000000, 1.000000000000000000 ) ) ;
#1182 = DIRECTION ( 'NONE',  ( 0.000000000000000000, 1.000000000000000000, -0.000000000000000000 ) ) ;
#1183 = VECTOR ( 'NONE', #646, 1000.000000000000000 ) ;
#1184 = DIRECTION ( 'NONE',  ( 0.000000000000000000, 1.000000000000000000, -0.000000000000000000 ) ) ;
#1185 = CARTESIAN_POINT ( 'NONE',  ( 56.24999999999996447, 0.000000000000000000, 2.249999999999988454 ) ) ;
#1186 = VERTEX_POINT ( 'NONE', #1759 ) ;
#1187 = EDGE_CURVE ( 'NONE', #1528, #1538, #2566, .T. ) ;
#1188 = AXIS2_PLACEMENT_3D ( 'NONE', #2165, #131, #321 ) ;
#1189 = ORIENTED_EDGE ( 'NONE', *, *, #268, .T. ) ;
#1190 = AXIS2_PLACEMENT_3D ( 'NONE', #2375, #988, #2022 ) ;
#1191 = CARTESIAN_POINT ( 'NONE',  ( -84.99999999999997158, 12.00000000000000000, -9.099999999999999645 ) ) ;
#1192 = AXIS2_PLACEMENT_3D ( 'NONE', #1356, #490, #1547 ) ;
#1193 = EDGE_LOOP ( 'NONE', ( #816, #1175 ) ) ;
#1194 = FACE_OUTER_BOUND ( 'NONE', #2377, .T. ) ;
#1195 = DIRECTION ( 'NONE',  ( -0.000000000000000000, 1.000000000000000000, -0.000000000000000000 ) ) ;
#1196 = EDGE_LOOP ( 'NONE', ( #793, #2115 ) ) ;
#1197 = DIRECTION ( 'NONE',  ( 0.000000000000000000, 0.000000000000000000, 1.000000000000000000 ) ) ;
#1198 = DIRECTION ( 'NONE',  ( 0.000000000000000000, 1.000000000000000000, -0.000000000000000000 ) ) ;
#1199 = ORIENTED_EDGE ( 'NONE', *, *, #1027, .F. ) ;
#1200 = DIRECTION ( 'NONE',  ( 0.000000000000000000, 0.000000000000000000, 1.000000000000000000 ) ) ;
#1201 = DIRECTION ( 'NONE',  ( 0.7071067811865470176, 0.000000000000000000, -0.7071067811865480168 ) ) ;
#1202 = EDGE_CURVE ( 'NONE', #2103, #1850, #1161, .T. ) ;
#1203 = VERTEX_POINT ( 'NONE', #1767 ) ;
#1204 = DATE_TIME_ROLE ( 'creation_date' ) ;
#1205 = EDGE_CURVE ( 'NONE', #201, #1307, #182, .T. ) ;
#1206 = EDGE_LOOP ( 'NONE', ( #2483, #49, #65, #1363, #1820, #235, #964, #2681, #2037, #1599, #1435, #2260, #391, #1983, #1485, #336, #1642, #2382, #418, #1586 ) ) ;
#1207 = DIRECTION ( 'NONE',  ( 0.000000000000000000, 1.000000000000000000, -0.000000000000000000 ) ) ;
#1208 = CARTESIAN_POINT ( 'NONE',  ( 54.89999999999999858, 15.00000000000000000, -29.80000000000000071 ) ) ;
#1209 = VERTEX_POINT ( 'NONE', #2393 ) ;
#1210 = DIRECTION ( 'NONE',  ( 0.000000000000000000, 1.000000000000000000, 0.000000000000000000 ) ) ;
#1211 = DIRECTION ( 'NONE',  ( 1.000000000000000000, 0.000000000000000000, 0.000000000000000000 ) ) ;
#1212 = EDGE_LOOP ( 'NONE', ( #227, #961, #2199, #2021 ) ) ;
#1213 = DIRECTION ( 'NONE',  ( 1.000000000000000000, 0.000000000000000000, 2.426186679687842211E-16 ) ) ;
#1214 = CARTESIAN_POINT ( 'NONE',  ( 84.99999999999998579, 15.00000000000000000, -39.00000000000000711 ) ) ;
#1215 = ORIENTED_EDGE ( 'NONE', *, *, #2011, .T. ) ;
#1216 = ADVANCED_FACE ( 'NONE', ( #1370 ), #2379, .F. ) ;
#1217 = EDGE_LOOP ( 'NONE', ( #1872, #2198, #260, #2491 ) ) ;
#1218 = EDGE_CURVE ( 'NONE', #1186, #973, #1781, .T. ) ;
#1219 = CIRCLE ( 'NONE', #658, 1.500000000000001332 ) ;
#1220 = CARTESIAN_POINT ( 'NONE',  ( -60.00000000000002842, 4.000000000000000000, 32.14999999999999858 ) ) ;
#1221 = DIRECTION ( 'NONE',  ( 0.000000000000000000, 1.000000000000000000, 0.000000000000000000 ) ) ;
#1222 = ORIENTED_EDGE ( 'NONE', *, *, #1688, .F. ) ;
#1223 = PLANE ( 'NONE',  #22 ) ;
#1224 = CYLINDRICAL_SURFACE ( 'NONE', #1920, 1.500000000000001332 ) ;
#1225 = VERTEX_POINT ( 'NONE', #120 ) ;
#1226 = VECTOR ( 'NONE', #2600, 1000.000000000000000 ) ;
#1227 = CARTESIAN_POINT ( 'NONE',  ( -56.40000000000001990, 12.00000000000000000, 39.00000000000000000 ) ) ;
#1228 = DIRECTION ( 'NONE',  ( -0.000000000000000000, 1.000000000000000000, -0.000000000000000000 ) ) ;
#1229 = AXIS2_PLACEMENT_3D ( 'NONE', #2132, #234, #1915 ) ;
#1230 = ORIENTED_EDGE ( 'NONE', *, *, #505, .F. ) ;
#1231 = AXIS2_PLACEMENT_3D ( 'NONE', #1256, #1709, #1295 ) ;
#1232 = ORIENTED_EDGE ( 'NONE', *, *, #2190, .T. ) ;
#1233 = CIRCLE ( 'NONE', #1616, 2.249999999999995115 ) ;
#1234 = CARTESIAN_POINT ( 'NONE',  ( -85.00000000000001421, 15.00000000000000000, 74.99999999999998579 ) ) ;
#1235 = CARTESIAN_POINT ( 'NONE',  ( -69.90000000000001990, 12.00000000000000000, 29.79999999999999716 ) ) ;
#1236 = EDGE_CURVE ( 'NONE', #2398, #1684, #1103, .T. ) ;
#1237 = EDGE_CURVE ( 'NONE', #1250, #691, #1354, .T. ) ;
#1238 = VERTEX_POINT ( 'NONE', #2193 ) ;
#1239 = DIRECTION ( 'NONE',  ( 0.000000000000000000, 0.000000000000000000, -1.000000000000000000 ) ) ;
#1240 = CYLINDRICAL_SURFACE ( 'NONE', #139, 7.500000000000013323 ) ;
#1241 = EDGE_CURVE ( 'NONE', #1549, #1952, #1329, .T. ) ;
#1242 = ORIENTED_EDGE ( 'NONE', *, *, #811, .T. ) ;
#1243 = CARTESIAN_POINT ( 'NONE',  ( 70.00000000000000000, 0.000000000000000000, 59.99999999999998579 ) ) ;
#1244 = CARTESIAN_POINT ( 'NONE',  ( -60.00000000000002842, 4.000000000000000000, 36.64999999999999858 ) ) ;
#1245 = ORIENTED_EDGE ( 'NONE', *, *, #1932, .F. ) ;
#1246 = VERTEX_POINT ( 'NONE', #1582 ) ;
#1247 = CARTESIAN_POINT ( 'NONE',  ( -60.00000000000002842, 4.000000000000000000, 32.14999999999999858 ) ) ;
#1248 = DIRECTION ( 'NONE',  ( -0.000000000000000000, 1.000000000000000000, -0.000000000000000000 ) ) ;
#1249 = LINE ( 'NONE', #583, #2481 ) ;
#1250 = VERTEX_POINT ( 'NONE', #1555 ) ;
#1251 = ADVANCED_FACE ( 'NONE', ( #2406 ), #2203, .F. ) ;
#1252 = DIRECTION ( 'NONE',  ( -0.000000000000000000, 1.000000000000000000, -0.000000000000000000 ) ) ;
#1253 = DIRECTION ( 'NONE',  ( 0.000000000000000000, 0.000000000000000000, 1.000000000000000000 ) ) ;
#1254 = CARTESIAN_POINT ( 'NONE',  ( -80.00000000000004263, 4.000000000000000000, -32.15000000000000568 ) ) ;
#1255 = EDGE_CURVE ( 'NONE', #1045, #2148, #1947, .T. ) ;
#1256 = CARTESIAN_POINT ( 'NONE',  ( 80.00000000000001421, 12.00000000000000000, -34.39999999999999858 ) ) ;
#1257 = CARTESIAN_POINT ( 'NONE',  ( 56.39999999999999858, 12.00000000000000000, 29.80000000000000071 ) ) ;
#1258 = EDGE_LOOP ( 'NONE', ( #1514, #1702, #1596, #925 ) ) ;
#1259 = VERTEX_POINT ( 'NONE', #1531 ) ;
#1260 = CARTESIAN_POINT ( 'NONE',  ( 60.00000000000000000, 12.00000000000000000, -36.64999999999999858 ) ) ;
#1261 = CARTESIAN_POINT ( 'NONE',  ( 80.00000000000001421, 4.000000000000000000, -34.39999999999999858 ) ) ;
#1262 = VERTEX_POINT ( 'NONE', #708 ) ;
#1263 = VECTOR ( 'NONE', #1133, 1000.000000000000000 ) ;
#1264 = PLANE ( 'NONE',  #2224 ) ;
#1265 = CARTESIAN_POINT ( 'NONE',  ( -84.99999999999997158, 15.00000000000000000, -9.099999999999999645 ) ) ;
#1266 = ORIENTED_EDGE ( 'NONE', *, *, #974, .T. ) ;
#1267 = DIRECTION ( 'NONE',  ( -0.000000000000000000, 1.000000000000000000, -0.000000000000000000 ) ) ;
#1268 = LINE ( 'NONE', #1244, #887 ) ;
#1269 = EDGE_CURVE ( 'NONE', #304, #243, #2138, .T. ) ;
#1270 = AXIS2_PLACEMENT_3D ( 'NONE', #1427, #1628, #2065 ) ;
#1271 = ORIENTED_EDGE ( 'NONE', *, *, #740, .F. ) ;
#1272 = EDGE_CURVE ( 'NONE', #1474, #1845, #1249, .T. ) ;
#1273 = VECTOR ( 'NONE', #571, 1000.000000000000000 ) ;
#1274 = ORIENTED_EDGE ( 'NONE', *, *, #77, .T. ) ;
#1275 = CYLINDRICAL_SURFACE ( 'NONE', #2145, 1.500000000000001332 ) ;
#1276 = DIRECTION ( 'NONE',  ( -0.000000000000000000, 1.000000000000000000, -0.000000000000000000 ) ) ;
#1277 = VECTOR ( 'NONE', #2429, 1000.000000000000000 ) ;
#1278 = VERTEX_POINT ( 'NONE', #2233 ) ;
#1279 = DIRECTION ( 'NONE',  ( 0.000000000000000000, 0.000000000000000000, 1.000000000000000000 ) ) ;
#1280 = DIRECTION ( 'NONE',  ( 1.000000000000000000, 0.000000000000000000, 0.000000000000000000 ) ) ;
#1281 = ORIENTED_EDGE ( 'NONE', *, *, #2633, .F. ) ;
#1282 = AXIS2_PLACEMENT_3D ( 'NONE', #2456, #1904, #2513 ) ;
#1283 = CARTESIAN_POINT ( 'NONE',  ( -54.90000000000001990, 12.00000000000000000, -37.50000000000000000 ) ) ;
#1284 = CARTESIAN_POINT ( 'NONE',  ( -54.90000000000001990, 12.00000000000000000, 39.00000000000000000 ) ) ;
#1285 = EDGE_LOOP ( 'NONE', ( #192, #2426, #1463, #1802 ) ) ;
#1286 = CC_DESIGN_DATE_AND_TIME_ASSIGNMENT ( #2621, #1204, ( #942 ) ) ;
#1287 = ORIENTED_EDGE ( 'NONE', *, *, #1301, .T. ) ;
#1288 = EDGE_CURVE ( 'NONE', #2296, #1061, #2457, .T. ) ;
#1289 = CARTESIAN_POINT ( 'NONE',  ( -54.90000000000002700, 15.00000000000000000, -28.29999999999999716 ) ) ;
#1290 = CYLINDRICAL_SURFACE ( 'NONE', #1439, 2.250000000000001776 ) ;
#1291 = VERTEX_POINT ( 'NONE', #1036 ) ;
#1292 = DIRECTION ( 'NONE',  ( 0.000000000000000000, 0.000000000000000000, 1.000000000000000000 ) ) ;
#1293 = LINE ( 'NONE', #1719, #1064 ) ;
#1294 = CARTESIAN_POINT ( 'NONE',  ( -85.00000000000001421, 12.00000000000000000, 39.00000000000000711 ) ) ;
#1295 = DIRECTION ( 'NONE',  ( 0.000000000000000000, 0.000000000000000000, -1.000000000000000000 ) ) ;
#1296 = LINE ( 'NONE', #883, #2171 ) ;
#1297 = VERTEX_POINT ( 'NONE', #1811 ) ;
#1298 = EDGE_LOOP ( 'NONE', ( #2315, #2515, #1579, #951 ) ) ;
#1299 = CARTESIAN_POINT ( 'NONE',  ( 0.000000000000000000, 12.00000000000000000, 0.000000000000000000 ) ) ;
#1300 = VERTEX_POINT ( 'NONE', #2258 ) ;
#1301 = EDGE_CURVE ( 'NONE', #2409, #1278, #1604, .T. ) ;
#1302 = CARTESIAN_POINT ( 'NONE',  ( 74.89999999999999147, 12.00000000000000000, -24.80000000000000071 ) ) ;
#1303 = CARTESIAN_POINT ( 'NONE',  ( -85.00000000000001421, 15.00000000000000000, -75.00000000000001421 ) ) ;
#1304 = CARTESIAN_POINT ( 'NONE',  ( 56.24999999999996447, 0.000000000000000000, -2.250000000000002220 ) ) ;
#1305 = DIRECTION ( 'NONE',  ( -0.000000000000000000, 1.000000000000000000, -0.000000000000000000 ) ) ;
#1306 = CARTESIAN_POINT ( 'NONE',  ( 80.00000000000001421, 4.000000000000000000, -34.39999999999999858 ) ) ;
#1307 = VERTEX_POINT ( 'NONE', #776 ) ;
#1308 = VERTEX_POINT ( 'NONE', #385 ) ;
#1309 = AXIS2_PLACEMENT_3D ( 'NONE', #1458, #1834, #796 ) ;
#1310 = DIRECTION ( 'NONE',  ( -0.7071067811865480168, 0.000000000000000000, -0.7071067811865470176 ) ) ;
#1311 = VERTEX_POINT ( 'NONE', #1408 ) ;
#1312 = DIRECTION ( 'NONE',  ( 0.000000000000000000, 1.000000000000000000, 0.000000000000000000 ) ) ;
#1313 = EDGE_CURVE ( 'NONE', #1618, #1262, #895, .T. ) ;
#1314 = EDGE_CURVE ( 'NONE', #2539, #527, #1632, .T. ) ;
#1315 = DIRECTION ( 'NONE',  ( -0.000000000000000000, 1.000000000000000000, -0.000000000000000000 ) ) ;
#1316 = CIRCLE ( 'NONE', #1571, 7.500000000000007105 ) ;
#1317 = DIRECTION ( 'NONE',  ( 0.000000000000000000, 0.000000000000000000, 1.000000000000000000 ) ) ;
#1318 = DIRECTION ( 'NONE',  ( -0.000000000000000000, 1.000000000000000000, -0.000000000000000000 ) ) ;
#1319 = EDGE_CURVE ( 'NONE', #1538, #17, #1024, .T. ) ;
#1320 = CIRCLE ( 'NONE', #2268, 2.249999999999995115 ) ;
#1321 = DIRECTION ( 'NONE',  ( 0.000000000000000000, -1.000000000000000000, 0.000000000000000000 ) ) ;
#1322 = VERTEX_POINT ( 'NONE', #818 ) ;
#1323 = AXIS2_PLACEMENT_3D ( 'NONE', #684, #2060, #203 ) ;
#1324 = CIRCLE ( 'NONE', #2316, 2.250000000000001776 ) ;
#1325 = ORIENTED_EDGE ( 'NONE', *, *, #483, .T. ) ;
#1326 = CARTESIAN_POINT ( 'NONE',  ( -85.00000000000001421, 12.00000000000000000, 39.00000000000000711 ) ) ;
#1327 = EDGE_LOOP ( 'NONE', ( #547, #979, #2390, #262 ) ) ;
#1328 = DIRECTION ( 'NONE',  ( -0.000000000000000000, 1.000000000000000000, -0.000000000000000000 ) ) ;
#1329 = LINE ( 'NONE', #931, #1443 ) ;
#1330 = DIRECTION ( 'NONE',  ( 0.000000000000000000, 1.000000000000000000, -0.000000000000000000 ) ) ;
#1331 = EDGE_CURVE ( 'NONE', #2499, #186, #670, .T. ) ;
#1332 = CARTESIAN_POINT ( 'NONE',  ( -18.75000000000002487, 0.000000000000000000, -6.938893903907228378E-15 ) ) ;
#1333 = DIRECTION ( 'NONE',  ( 0.000000000000000000, 0.000000000000000000, 1.000000000000000000 ) ) ;
#1334 = ORIENTED_EDGE ( 'NONE', *, *, #1288, .F. ) ;
#1335 = EDGE_CURVE ( 'NONE', #2632, #1308, #1449, .T. ) ;
#1336 = DIRECTION ( 'NONE',  ( -1.000000000000000000, 0.000000000000000000, 2.426186679687842211E-16 ) ) ;
#1337 = EDGE_LOOP ( 'NONE', ( #1445, #1835, #148, #292 ) ) ;
#1338 = DIRECTION ( 'NONE',  ( 0.000000000000000000, -0.000000000000000000, -1.000000000000000000 ) ) ;
#1339 = VERTEX_POINT ( 'NONE', #371 ) ;
#1340 = DIRECTION ( 'NONE',  ( 0.000000000000000000, 0.000000000000000000, -1.000000000000000000 ) ) ;
#1341 = LOCAL_TIME ( 10, 17, 53.00000000000000000, #1875 ) ;
#1342 = PLANE ( 'NONE',  #1188 ) ;
#1343 = CARTESIAN_POINT ( 'NONE',  ( 70.00000000000000000, 15.00000000000000000, -67.50000000000001421 ) ) ;
#1344 = DIRECTION ( 'NONE',  ( 1.000000000000000000, 0.000000000000000000, -0.000000000000000000 ) ) ;
#1345 = VERTEX_POINT ( 'NONE', #1592 ) ;
#1346 = EDGE_CURVE ( 'NONE', #2234, #1522, #1316, .T. ) ;
#1347 = EDGE_CURVE ( 'NONE', #2532, #1498, #1657, .T. ) ;
#1348 = ORIENTED_EDGE ( 'NONE', *, *, #221, .T. ) ;
#1349 = CARTESIAN_POINT ( 'NONE',  ( 54.89999999999999858, 15.00000000000000000, -28.29999999999999716 ) ) ;
#1350 = DIRECTION ( 'NONE',  ( -0.000000000000000000, -0.000000000000000000, -1.000000000000000000 ) ) ;
#1351 = ORIENTED_EDGE ( 'NONE', *, *, #1743, .T. ) ;
#1352 = AXIS2_PLACEMENT_3D ( 'NONE', #1858, #411, #615 ) ;
#1353 = CARTESIAN_POINT ( 'NONE',  ( -56.25000000000002132, 0.000000000000000000, 2.249999999999988454 ) ) ;
#1354 = LINE ( 'NONE', #2611, #2606 ) ;
#1355 = AXIS2_PLACEMENT_3D ( 'NONE', #909, #1315, #2545 ) ;
#1356 = CARTESIAN_POINT ( 'NONE',  ( 56.24999999999996447, 12.00000000000000000, -6.938893903907228378E-15 ) ) ;
#1357 = DIRECTION ( 'NONE',  ( -0.000000000000000000, 1.000000000000000000, -0.000000000000000000 ) ) ;
#1358 = VECTOR ( 'NONE', #478, 1000.000000000000000 ) ;
#1359 = ORIENTED_EDGE ( 'NONE', *, *, #1771, .T. ) ;
#1360 = AXIS2_PLACEMENT_3D ( 'NONE', #766, #559, #388 ) ;
#1361 = DIRECTION ( 'NONE',  ( 0.000000000000000000, -1.000000000000000000, 0.000000000000000000 ) ) ;
#1362 = AXIS2_PLACEMENT_3D ( 'NONE', #2679, #1252, #2317 ) ;
#1363 = ORIENTED_EDGE ( 'NONE', *, *, #789, .F. ) ;
#1364 = EDGE_CURVE ( 'NONE', #362, #1687, #2058, .T. ) ;
#1365 = CIRCLE ( 'NONE', #984, 1.500000000000001332 ) ;
#1366 = APPROVAL_STATUS ( 'not_yet_approved' ) ;
#1367 = EDGE_LOOP ( 'NONE', ( #1923, #1899, #1919, #1509 ) ) ;
#1368 = EDGE_CURVE ( 'NONE', #1845, #1640, #142, .T. ) ;
#1369 = DIRECTION ( 'NONE',  ( -0.000000000000000000, 1.000000000000000000, -0.000000000000000000 ) ) ;
#1370 = FACE_OUTER_BOUND ( 'NONE', #1683, .T. ) ;
#1371 = FACE_OUTER_BOUND ( 'NONE', #2246, .T. ) ;
#1372 = DIRECTION ( 'NONE',  ( -0.000000000000000000, 1.000000000000000000, -0.000000000000000000 ) ) ;
#1373 = ORIENTED_EDGE ( 'NONE', *, *, #202, .T. ) ;
#1374 = FACE_BOUND ( 'NONE', #2582, .T. ) ;
#1375 = VERTEX_POINT ( 'NONE', #804 ) ;
#1376 =( NAMED_UNIT ( * ) PLANE_ANGLE_UNIT ( ) SI_UNIT ( $, .RADIAN. ) );
#1377 = EDGE_LOOP ( 'NONE', ( #1735, #1611, #92, #871 ) ) ;
#1378 = CARTESIAN_POINT ( 'NONE',  ( 69.89999999999999147, 12.00000000000000000, -29.79999999999999716 ) ) ;
#1379 = DIRECTION ( 'NONE',  ( -0.000000000000000000, 1.000000000000000000, -0.000000000000000000 ) ) ;
#1380 = CARTESIAN_POINT ( 'NONE',  ( -80.00000000000004263, 4.000000000000000000, 32.15000000000000568 ) ) ;
#1381 = EDGE_CURVE ( 'NONE', #2311, #2082, #937, .T. ) ;
#1382 = DIRECTION ( 'NONE',  ( -0.000000000000000000, -0.000000000000000000, 1.000000000000000000 ) ) ;
#1383 = PLANE ( 'NONE',  #2520 ) ;
#1384 = ORIENTED_EDGE ( 'NONE', *, *, #2519, .T. ) ;
#1385 = DIRECTION ( 'NONE',  ( -0.000000000000000000, -1.000000000000000000, -0.000000000000000000 ) ) ;
#1386 = EDGE_LOOP ( 'NONE', ( #2486, #1334, #618, #1050 ) ) ;
#1387 = DATE_TIME_ROLE ( 'classification_date' ) ;
#1388 = VERTEX_POINT ( 'NONE', #2624 ) ;
#1389 = DIRECTION ( 'NONE',  ( -0.000000000000000000, -0.000000000000000000, -1.000000000000000000 ) ) ;
#1390 = DIRECTION ( 'NONE',  ( -0.7071067811865480168, 0.000000000000000000, -0.7071067811865470176 ) ) ;
#1391 = EDGE_CURVE ( 'NONE', #2436, #521, #159, .T. ) ;
#1392 = VECTOR ( 'NONE', #2397, 1000.000000000000000 ) ;
#1393 = CARTESIAN_POINT ( 'NONE',  ( 18.74999999999997513, 0.000000000000000000, -6.938893903907228378E-15 ) ) ;
#1394 = DIRECTION ( 'NONE',  ( 0.000000000000000000, 1.000000000000000000, 0.000000000000000000 ) ) ;
#1395 = AXIS2_PLACEMENT_3D ( 'NONE', #147, #2627, #778 ) ;
#1396 = ORIENTED_EDGE ( 'NONE', *, *, #240, .F. ) ;
#1397 = ADVANCED_FACE ( 'NONE', ( #1008 ), #171, .F. ) ;
#1398 = PLANE ( 'NONE',  #1785 ) ;
#1399 = AXIS2_PLACEMENT_3D ( 'NONE', #360, #204, #792 ) ;
#1400 = CARTESIAN_POINT ( 'NONE',  ( 80.00000000000001421, 4.000000000000000000, -36.64999999999999858 ) ) ;
#1401 = ORIENTED_EDGE ( 'NONE', *, *, #1089, .T. ) ;
#1402 = VECTOR ( 'NONE', #1900, 1000.000000000000000 ) ;
#1403 = CALENDAR_DATE ( 2025, 17, 12 ) ;
#1404 = VECTOR ( 'NONE', #215, 1000.000000000000000 ) ;
#1405 = VERTEX_POINT ( 'NONE', #1645 ) ;
#1406 = CIRCLE ( 'NONE', #2269, 7.500000000000013323 ) ;
#1407 = DIRECTION ( 'NONE',  ( 0.000000000000000000, 0.000000000000000000, 1.000000000000000000 ) ) ;
#1408 = CARTESIAN_POINT ( 'NONE',  ( -60.00000000000002842, 4.000000000000000000, -32.14999999999999858 ) ) ;
#1409 = ORIENTED_EDGE ( 'NONE', *, *, #4, .F. ) ;
#1410 = CARTESIAN_POINT ( 'NONE',  ( 84.99999999999998579, 15.00000000000000000, 74.99999999999998579 ) ) ;
#1411 = CARTESIAN_POINT ( 'NONE',  ( -84.99999999999997158, 12.00000000000000000, 9.099999999999999645 ) ) ;
#1412 = EDGE_CURVE ( 'NONE', #2066, #1177, #597, .T. ) ;
#1413 = ORIENTED_EDGE ( 'NONE', *, *, #1711, .T. ) ;
#1414 = LINE ( 'NONE', #2264, #1149 ) ;
#1415 = DIRECTION ( 'NONE',  ( -0.000000000000000000, 1.000000000000000000, -0.000000000000000000 ) ) ;
#1416 = ADVANCED_FACE ( 'NONE', ( #150 ), #1154, .T. ) ;
#1417 = ORIENTED_EDGE ( 'NONE', *, *, #1625, .F. ) ;
#1418 =( LENGTH_UNIT ( ) NAMED_UNIT ( * ) SI_UNIT ( .MILLI., .METRE. ) );
#1419 = ORIENTED_EDGE ( 'NONE', *, *, #843, .F. ) ;
#1420 = LINE ( 'NONE', #384, #1752 ) ;
#1421 = CARTESIAN_POINT ( 'NONE',  ( -56.25000000000002132, 0.000000000000000000, -6.938893903907228378E-15 ) ) ;
#1422 = ORIENTED_EDGE ( 'NONE', *, *, #2551, .T. ) ;
#1423 = CARTESIAN_POINT ( 'NONE',  ( 54.89999999999999147, 15.00000000000000000, 37.50000000000000000 ) ) ;
#1424 = DIRECTION ( 'NONE',  ( 0.000000000000000000, 0.000000000000000000, 1.000000000000000000 ) ) ;
#1425 = VERTEX_POINT ( 'NONE', #1227 ) ;
#1426 = DIRECTION ( 'NONE',  ( 0.000000000000000000, 1.000000000000000000, 0.000000000000000000 ) ) ;
#1427 = CARTESIAN_POINT ( 'NONE',  ( 0.000000000000000000, 15.00000000000000000, 0.000000000000000000 ) ) ;
#1428 = ORIENTED_EDGE ( 'NONE', *, *, #2205, .F. ) ;
#1429 = EDGE_CURVE ( 'NONE', #2149, #2591, #1488, .T. ) ;
#1430 = EDGE_CURVE ( 'NONE', #2646, #2399, #1043, .T. ) ;
#1431 = VERTEX_POINT ( 'NONE', #1803 ) ;
#1432 = ADVANCED_FACE ( 'NONE', ( #2629 ), #823, .F. ) ;
#1433 = CARTESIAN_POINT ( 'NONE',  ( 74.89999999999999147, 12.00000000000000000, 9.099999999999999645 ) ) ;
#1434 = CARTESIAN_POINT ( 'NONE',  ( -74.90000000000001990, 12.00000000000000000, -24.80000000000000071 ) ) ;
#1435 = ORIENTED_EDGE ( 'NONE', *, *, #1593, .F. ) ;
#1436 = CARTESIAN_POINT ( 'NONE',  ( 54.89999999999999147, 12.00000000000000000, 40.50000000000000000 ) ) ;
#1437 = DIRECTION ( 'NONE',  ( 0.000000000000000000, 0.000000000000000000, 1.000000000000000000 ) ) ;
#1438 = ORIENTED_EDGE ( 'NONE', *, *, #2504, .T. ) ;
#1439 = AXIS2_PLACEMENT_3D ( 'NONE', #52, #889, #1700 ) ;
#1440 = LINE ( 'NONE', #2238, #2310 ) ;
#1441 = DIRECTION ( 'NONE',  ( -0.000000000000000000, 1.000000000000000000, -0.000000000000000000 ) ) ;
#1442 = EDGE_LOOP ( 'NONE', ( #327, #1438, #2056, #2308 ) ) ;
#1443 = VECTOR ( 'NONE', #764, 1000.000000000000000 ) ;
#1444 = AXIS2_PLACEMENT_3D ( 'NONE', #1, #522, #812 ) ;
#1445 = ORIENTED_EDGE ( 'NONE', *, *, #4, .T. ) ;
#1446 = AXIS2_PLACEMENT_3D ( 'NONE', #2218, #1210, #1197 ) ;
#1447 = CARTESIAN_POINT ( 'NONE',  ( 18.74999999999997513, 0.000000000000000000, 2.249999999999988454 ) ) ;
#1448 = DIRECTION ( 'NONE',  ( 0.000000000000000000, 0.000000000000000000, 1.000000000000000000 ) ) ;
#1449 = LINE ( 'NONE', #1852, #976 ) ;
#1450 = ORIENTED_EDGE ( 'NONE', *, *, #771, .F. ) ;
#1451 = ADVANCED_FACE ( 'NONE', ( #1857 ), #1031, .F. ) ;
#1452 = VECTOR ( 'NONE', #525, 1000.000000000000000 ) ;
#1453 = CARTESIAN_POINT ( 'NONE',  ( 54.89999999999999147, 12.00000000000000000, -37.50000000000000000 ) ) ;
#1454 = VECTOR ( 'NONE', #829, 1000.000000000000000 ) ;
#1455 = DIRECTION ( 'NONE',  ( -0.000000000000000000, 1.000000000000000000, -0.000000000000000000 ) ) ;
#1456 = DIRECTION ( 'NONE',  ( 1.000000000000000000, 0.000000000000000000, -2.426186679687842211E-16 ) ) ;
#1457 = CARTESIAN_POINT ( 'NONE',  ( -74.90000000000001990, 15.00000000000000000, -24.80000000000000071 ) ) ;
#1458 = CARTESIAN_POINT ( 'NONE',  ( -18.75000000000002487, 12.00000000000000000, -6.938893903907228378E-15 ) ) ;
#1459 = ORIENTED_EDGE ( 'NONE', *, *, #1608, .F. ) ;
#1460 = ORIENTED_EDGE ( 'NONE', *, *, #1824, .T. ) ;
#1461 = DIRECTION ( 'NONE',  ( -0.000000000000000000, 1.000000000000000000, -0.000000000000000000 ) ) ;
#1462 = CARTESIAN_POINT ( 'NONE',  ( -54.90000000000002700, 12.00000000000000000, -29.80000000000000071 ) ) ;
#1463 = ORIENTED_EDGE ( 'NONE', *, *, #1006, .F. ) ;
#1464 = DIRECTION ( 'NONE',  ( 0.000000000000000000, 0.000000000000000000, 1.000000000000000000 ) ) ;
#1465 = EDGE_CURVE ( 'NONE', #2362, #76, #2096, .T. ) ;
#1466 = CARTESIAN_POINT ( 'NONE',  ( 60.00000000000000000, 4.000000000000000000, 32.14999999999999858 ) ) ;
#1467 = ORIENTED_EDGE ( 'NONE', *, *, #366, .T. ) ;
#1468 = LINE ( 'NONE', #1652, #581 ) ;
#1469 = CARTESIAN_POINT ( 'NONE',  ( -54.90000000000001990, 12.00000000000000000, -39.00000000000000000 ) ) ;
#1470 = ORIENTED_EDGE ( 'NONE', *, *, #2586, .F. ) ;
#1471 = ORIENTED_EDGE ( 'NONE', *, *, #2653, .T. ) ;
#1472 = CARTESIAN_POINT ( 'NONE',  ( 84.99999999999998579, 12.00000000000000000, -39.00000000000000711 ) ) ;
#1473 = DIRECTION ( 'NONE',  ( 0.000000000000000000, 0.000000000000000000, -1.000000000000000000 ) ) ;
#1474 = VERTEX_POINT ( 'NONE', #780 ) ;
#1475 = CARTESIAN_POINT ( 'NONE',  ( -70.00000000000002842, 15.00000000000000000, 67.49999999999998579 ) ) ;
#1476 = CYLINDRICAL_SURFACE ( 'NONE', #667, 1.500000000000001332 ) ;
#1477 = DIRECTION ( 'NONE',  ( -1.000000000000000000, -0.000000000000000000, -0.000000000000000000 ) ) ;
#1478 = EDGE_CURVE ( 'NONE', #2668, #2570, #1066, .T. ) ;
#1479 = CARTESIAN_POINT ( 'NONE',  ( 74.89999999999999147, 15.00000000000000000, -24.80000000000000071 ) ) ;
#1480 = CARTESIAN_POINT ( 'NONE',  ( -74.90000000000001990, 15.00000000000000000, 24.80000000000000071 ) ) ;
#1481 = VECTOR ( 'NONE', #208, 1000.000000000000000 ) ;
#1482 = VERTEX_POINT ( 'NONE', #2064 ) ;
#1483 = EDGE_CURVE ( 'NONE', #1425, #1902, #756, .T. ) ;
#1484 = AXIS2_PLACEMENT_3D ( 'NONE', #1306, #2538, #491 ) ;
#1485 = ORIENTED_EDGE ( 'NONE', *, *, #2190, .F. ) ;
#1486 = DIRECTION ( 'NONE',  ( 0.000000000000000000, 1.000000000000000000, 0.000000000000000000 ) ) ;
#1487 = LINE ( 'NONE', #416, #705 ) ;
#1488 = CIRCLE ( 'NONE', #1444, 7.500000000000007105 ) ;
#1489 = ORIENTED_EDGE ( 'NONE', *, *, #1272, .F. ) ;
#1490 = AXIS2_PLACEMENT_3D ( 'NONE', #1939, #1760, #2182 ) ;
#1491 = CARTESIAN_POINT ( 'NONE',  ( 54.89999999999999147, 12.00000000000000000, 39.00000000000000000 ) ) ;
#1492 = CYLINDRICAL_SURFACE ( 'NONE', #1355, 2.249999999999995559 ) ;
#1493 = AXIS2_PLACEMENT_3D ( 'NONE', #1821, #2192, #329 ) ;
#1494 = ORIENTED_EDGE ( 'NONE', *, *, #1991, .T. ) ;
#1495 = VECTOR ( 'NONE', #251, 1000.000000000000000 ) ;
#1496 = LINE ( 'NONE', #466, #2391 ) ;
#1497 = FACE_OUTER_BOUND ( 'NONE', #1523, .T. ) ;
#1498 = VERTEX_POINT ( 'NONE', #1349 ) ;
#1499 = ADVANCED_FACE ( 'NONE', ( #1627 ), #1398, .F. ) ;
#1500 = ORIENTED_EDGE ( 'NONE', *, *, #2061, .T. ) ;
#1501 = DIRECTION ( 'NONE',  ( 0.000000000000000000, 0.000000000000000000, 1.000000000000000000 ) ) ;
#1502 = CARTESIAN_POINT ( 'NONE',  ( 56.39999999999999147, 12.00000000000000000, 39.00000000000000000 ) ) ;
#1503 = ORIENTED_EDGE ( 'NONE', *, *, #420, .F. ) ;
#1504 = CARTESIAN_POINT ( 'NONE',  ( -80.00000000000004263, 12.00000000000000000, -36.64999999999999858 ) ) ;
#1505 = LINE ( 'NONE', #1886, #446 ) ;
#1506 = CARTESIAN_POINT ( 'NONE',  ( -54.90000000000002700, 15.00000000000000000, -29.80000000000000071 ) ) ;
#1507 = DIRECTION ( 'NONE',  ( 0.000000000000000000, 0.000000000000000000, -1.000000000000000000 ) ) ;
#1508 = CARTESIAN_POINT ( 'NONE',  ( -54.90000000000002700, 12.00000000000000000, -29.80000000000000071 ) ) ;
#1509 = ORIENTED_EDGE ( 'NONE', *, *, #2191, .T. ) ;
#1510 = VERTEX_POINT ( 'NONE', #2225 ) ;
#1511 = EDGE_CURVE ( 'NONE', #2178, #859, #449, .T. ) ;
#1512 = ADVANCED_FACE ( 'NONE', ( #1001 ), #315, .F. ) ;
#1513 = LINE ( 'NONE', #1699, #458 ) ;
#1514 = ORIENTED_EDGE ( 'NONE', *, *, #2368, .F. ) ;
#1515 = EDGE_CURVE ( 'NONE', #1297, #2616, #314, .T. ) ;
#1516 = LINE ( 'NONE', #953, #1574 ) ;
#1517 = FACE_BOUND ( 'NONE', #1882, .T. ) ;
#1518 = DIRECTION ( 'NONE',  ( -1.119176436114069628E-15, 0.000000000000000000, 1.000000000000000000 ) ) ;
#1519 = DIRECTION ( 'NONE',  ( 0.000000000000000000, 0.000000000000000000, -1.000000000000000000 ) ) ;
#1520 = AXIS2_PLACEMENT_3D ( 'NONE', #2281, #217, #2495 ) ;
#1521 = CARTESIAN_POINT ( 'NONE',  ( -80.00000000000004263, 4.000000000000000000, -34.39999999999999858 ) ) ;
#1522 = VERTEX_POINT ( 'NONE', #1637 ) ;
#1523 = EDGE_LOOP ( 'NONE', ( #1242, #884, #178, #1132 ) ) ;
#1524 = CIRCLE ( 'NONE', #1058, 7.500000000000013323 ) ;
#1525 = CARTESIAN_POINT ( 'NONE',  ( -80.00000000000004263, 4.000000000000000000, 34.39999999999999858 ) ) ;
#1526 = EDGE_CURVE ( 'NONE', #243, #2498, #2462, .T. ) ;
#1527 = VECTOR ( 'NONE', #560, 1000.000000000000000 ) ;
#1528 = VERTEX_POINT ( 'NONE', #176 ) ;
#1529 = AXIS2_PLACEMENT_3D ( 'NONE', #2073, #1053, #866 ) ;
#1530 = DIRECTION ( 'NONE',  ( -0.7071067811865480168, -0.000000000000000000, 0.7071067811865470176 ) ) ;
#1531 = CARTESIAN_POINT ( 'NONE',  ( -54.90000000000001990, 15.00000000000000000, -37.50000000000000000 ) ) ;
#1532 = EDGE_CURVE ( 'NONE', #1994, #2351, #1440, .T. ) ;
#1533 = VECTOR ( 'NONE', #364, 1000.000000000000000 ) ;
#1534 = DIRECTION ( 'NONE',  ( 0.000000000000000000, 0.000000000000000000, -1.000000000000000000 ) ) ;
#1535 = DIRECTION ( 'NONE',  ( -0.000000000000000000, 1.000000000000000000, -0.000000000000000000 ) ) ;
#1536 = CIRCLE ( 'NONE', #1787, 7.500000000000013323 ) ;
#1537 = DIRECTION ( 'NONE',  ( 1.000000000000000000, 0.000000000000000000, 2.569960705150826877E-16 ) ) ;
#1538 = VERTEX_POINT ( 'NONE', #2642 ) ;
#1539 = VECTOR ( 'NONE', #1718, 1000.000000000000000 ) ;
#1540 = ORIENTED_EDGE ( 'NONE', *, *, #152, .F. ) ;
#1541 = FACE_BOUND ( 'NONE', #432, .T. ) ;
#1542 = ORIENTED_EDGE ( 'NONE', *, *, #2097, .T. ) ;
#1543 = CARTESIAN_POINT ( 'NONE',  ( -69.90000000000001990, 15.00000000000000000, 29.79999999999999716 ) ) ;
#1544 = CARTESIAN_POINT ( 'NONE',  ( 70.00000000000000000, 0.000000000000000000, -67.50000000000001421 ) ) ;
#1545 = EDGE_CURVE ( 'NONE', #784, #2049, #1414, .T. ) ;
#1546 = ADVANCED_FACE ( 'NONE', ( #2320 ), #880, .F. ) ;
#1547 = DIRECTION ( 'NONE',  ( 0.000000000000000000, 0.000000000000000000, 1.000000000000000000 ) ) ;
#1548 = LINE ( 'NONE', #2167, #1392 ) ;
#1549 = VERTEX_POINT ( 'NONE', #631 ) ;
#1550 = FACE_BOUND ( 'NONE', #2024, .T. ) ;
#1551 = ORIENTED_EDGE ( 'NONE', *, *, #2325, .F. ) ;
#1552 = CARTESIAN_POINT ( 'NONE',  ( 69.89999999999999147, 12.00000000000000000, 29.79999999999999716 ) ) ;
#1553 = EDGE_LOOP ( 'NONE', ( #1459, #2592, #128, #1831 ) ) ;
#1554 = DIRECTION ( 'NONE',  ( 0.000000000000000000, 0.000000000000000000, 1.000000000000000000 ) ) ;
#1555 = CARTESIAN_POINT ( 'NONE',  ( -54.90000000000001990, 12.00000000000000000, 37.50000000000000000 ) ) ;
#1556 = CYLINDRICAL_SURFACE ( 'NONE', #145, 2.249999999999995115 ) ;
#1557 = CARTESIAN_POINT ( 'NONE',  ( -80.00000000000004263, 4.000000000000000000, -36.64999999999999858 ) ) ;
#1558 = VERTEX_POINT ( 'NONE', #47 ) ;
#1559 = AXIS2_PLACEMENT_3D ( 'NONE', #965, #2608, #1107 ) ;
#1560 = LINE ( 'NONE', #769, #1226 ) ;
#1561 = EDGE_CURVE ( 'NONE', #540, #1981, #2480, .T. ) ;
#1562 = VERTEX_POINT ( 'NONE', #218 ) ;
#1563 = ORIENTED_EDGE ( 'NONE', *, *, #1042, .T. ) ;
#1564 = VECTOR ( 'NONE', #1248, 1000.000000000000000 ) ;
#1565 = CARTESIAN_POINT ( 'NONE',  ( -56.40000000000002700, 12.00000000000000000, -29.80000000000000071 ) ) ;
#1566 = AXIS2_PLACEMENT_3D ( 'NONE', #1174, #2195, #299 ) ;
#1567 = CARTESIAN_POINT ( 'NONE',  ( -74.90000000000001990, 15.00000000000000000, 9.099999999999987210 ) ) ;
#1568 = AXIS2_PLACEMENT_3D ( 'NONE', #967, #2356, #110 ) ;
#1569 = FACE_OUTER_BOUND ( 'NONE', #1217, .T. ) ;
#1570 = CYLINDRICAL_SURFACE ( 'NONE', #710, 7.500000000000007105 ) ;
#1571 = AXIS2_PLACEMENT_3D ( 'NONE', #609, #2245, #2070 ) ;
#1572 = ORIENTED_EDGE ( 'NONE', *, *, #914, .T. ) ;
#1573 = AXIS2_PLACEMENT_3D ( 'NONE', #2155, #1134, #1988 ) ;
#1574 = VECTOR ( 'NONE', #2339, 1000.000000000000000 ) ;
#1575 = ORIENTED_EDGE ( 'NONE', *, *, #342, .T. ) ;
#1576 = EDGE_CURVE ( 'NONE', #2107, #1246, #1929, .T. ) ;
#1577 = ORGANIZATION ( 'UNSPECIFIED', 'UNSPECIFIED', '' ) ;
#1578 = PERSON_AND_ORGANIZATION ( #555, #1577 ) ;
#1579 = ORIENTED_EDGE ( 'NONE', *, *, #506, .T. ) ;
#1580 = CARTESIAN_POINT ( 'NONE',  ( -18.75000000000002487, 12.00000000000000000, 2.249999999999988454 ) ) ;
#1581 = DIRECTION ( 'NONE',  ( -0.000000000000000000, 1.000000000000000000, -0.000000000000000000 ) ) ;
#1582 = CARTESIAN_POINT ( 'NONE',  ( 70.00000000000000000, 15.00000000000000000, -52.50000000000000000 ) ) ;
#1583 = CARTESIAN_POINT ( 'NONE',  ( -54.90000000000001990, 12.00000000000000000, 40.50000000000000000 ) ) ;
#1584 = DIRECTION ( 'NONE',  ( 0.000000000000000000, 0.000000000000000000, 1.000000000000000000 ) ) ;
#1585 = VERTEX_POINT ( 'NONE', #1479 ) ;
#1586 = ORIENTED_EDGE ( 'NONE', *, *, #1314, .T. ) ;
#1587 = CALENDAR_DATE ( 2025, 17, 12 ) ;
#1588 = ORIENTED_EDGE ( 'NONE', *, *, #27, .F. ) ;
#1589 = EDGE_CURVE ( 'NONE', #540, #1300, #1693, .T. ) ;
#1590 = EDGE_CURVE ( 'NONE', #2178, #577, #1468, .T. ) ;
#1591 = CARTESIAN_POINT ( 'NONE',  ( -80.00000000000004263, 4.000000000000000000, 36.64999999999999858 ) ) ;
#1592 = CARTESIAN_POINT ( 'NONE',  ( -80.00000000000004263, 12.00000000000000000, -32.15000000000000568 ) ) ;
#1593 = EDGE_CURVE ( 'NONE', #666, #1177, #2091, .T. ) ;
#1594 = DIRECTION ( 'NONE',  ( 0.000000000000000000, 0.000000000000000000, 1.000000000000000000 ) ) ;
#1595 = CARTESIAN_POINT ( 'NONE',  ( -56.40000000000001990, 12.00000000000000000, -39.00000000000000000 ) ) ;
#1596 = ORIENTED_EDGE ( 'NONE', *, *, #1593, .T. ) ;
#1597 = CARTESIAN_POINT ( 'NONE',  ( -54.90000000000002700, 12.00000000000000000, -28.29999999999999716 ) ) ;
#1598 = CARTESIAN_POINT ( 'NONE',  ( -70.00000000000002842, 15.00000000000000000, 59.99999999999998579 ) ) ;
#1599 = ORIENTED_EDGE ( 'NONE', *, *, #567, .F. ) ;
#1600 = PERSON_AND_ORGANIZATION ( #555, #1577 ) ;
#1601 = ORIENTED_EDGE ( 'NONE', *, *, #1478, .F. ) ;
#1602 = FACE_OUTER_BOUND ( 'NONE', #1298, .T. ) ;
#1603 = EDGE_CURVE ( 'NONE', #1300, #1259, #2332, .T. ) ;
#1604 = LINE ( 'NONE', #183, #848 ) ;
#1605 = CIRCLE ( 'NONE', #794, 2.249999999999995559 ) ;
#1606 = ORIENTED_EDGE ( 'NONE', *, *, #342, .F. ) ;
#1607 = DIRECTION ( 'NONE',  ( -0.000000000000000000, 1.000000000000000000, -0.000000000000000000 ) ) ;
#1608 = EDGE_CURVE ( 'NONE', #350, #250, #1083, .T. ) ;
#1609 = DIRECTION ( 'NONE',  ( 0.000000000000000000, 0.000000000000000000, 1.000000000000000000 ) ) ;
#1610 = AXIS2_PLACEMENT_3D ( 'NONE', #229, #654, #1911 ) ;
#1611 = ORIENTED_EDGE ( 'NONE', *, *, #2469, .T. ) ;
#1612 = CARTESIAN_POINT ( 'NONE',  ( -80.00000000000004263, 4.000000000000000000, 34.39999999999999858 ) ) ;
#1613 = AXIS2_PLACEMENT_3D ( 'NONE', #1971, #2421, #1015 ) ;
#1614 = FACE_BOUND ( 'NONE', #870, .T. ) ;
#1615 = ORIENTED_EDGE ( 'NONE', *, *, #1874, .F. ) ;
#1616 = AXIS2_PLACEMENT_3D ( 'NONE', #1800, #791, #1594 ) ;
#1617 = AXIS2_PLACEMENT_3D ( 'NONE', #320, #265, #1340 ) ;
#1618 = VERTEX_POINT ( 'NONE', #868 ) ;
#1619 = DIRECTION ( 'NONE',  ( 0.000000000000000000, 0.000000000000000000, 1.000000000000000000 ) ) ;
#1620 = DIRECTION ( 'NONE',  ( 2.426186679687842211E-16, 0.000000000000000000, -1.000000000000000000 ) ) ;
#1621 = EDGE_LOOP ( 'NONE', ( #1853, #2212, #2228, #2063 ) ) ;
#1622 = DIRECTION ( 'NONE',  ( 0.000000000000000000, 0.000000000000000000, 1.000000000000000000 ) ) ;
#1623 = CARTESIAN_POINT ( 'NONE',  ( 56.39999999999999858, 12.00000000000000000, 29.80000000000000071 ) ) ;
#1624 = ORIENTED_EDGE ( 'NONE', *, *, #971, .T. ) ;
#1625 = EDGE_CURVE ( 'NONE', #1646, #1054, #434, .T. ) ;
#1626 = EDGE_CURVE ( 'NONE', #367, #2498, #536, .T. ) ;
#1627 = FACE_OUTER_BOUND ( 'NONE', #1327, .T. ) ;
#1628 = DIRECTION ( 'NONE',  ( 0.000000000000000000, -1.000000000000000000, 0.000000000000000000 ) ) ;
#1629 = ORIENTED_EDGE ( 'NONE', *, *, #1368, .T. ) ;
#1630 = ORIENTED_EDGE ( 'NONE', *, *, #2144, .T. ) ;
#1631 = CARTESIAN_POINT ( 'NONE',  ( 60.00000000000000000, 12.00000000000000000, 36.64999999999999858 ) ) ;
#1632 = LINE ( 'NONE', #2664, #1277 ) ;
#1633 = ORIENTED_EDGE ( 'NONE', *, *, #2384, .T. ) ;
#1634 = DIRECTION ( 'NONE',  ( -2.426186679687842211E-16, 0.000000000000000000, -1.000000000000000000 ) ) ;
#1635 = PLANE ( 'NONE',  #1830 ) ;
#1636 = EDGE_LOOP ( 'NONE', ( #102, #939 ) ) ;
#1637 = CARTESIAN_POINT ( 'NONE',  ( -70.00000000000002842, 0.000000000000000000, 67.49999999999998579 ) ) ;
#1638 = LINE ( 'NONE', #3, #2087 ) ;
#1639 = CC_DESIGN_PERSON_AND_ORGANIZATION_ASSIGNMENT ( #1178, #1819, ( #383 ) ) ;
#1640 = VERTEX_POINT ( 'NONE', #272 ) ;
#1641 = EDGE_CURVE ( 'NONE', #2089, #201, #1669, .T. ) ;
#1642 = ORIENTED_EDGE ( 'NONE', *, *, #1205, .F. ) ;
#1643 = AXIS2_PLACEMENT_3D ( 'NONE', #644, #2304, #246 ) ;
#1644 = LINE ( 'NONE', #2470, #1838 ) ;
#1645 = CARTESIAN_POINT ( 'NONE',  ( -56.40000000000002700, 15.00000000000000000, -29.80000000000000071 ) ) ;
#1646 = VERTEX_POINT ( 'NONE', #672 ) ;
#1647 = DIRECTION ( 'NONE',  ( -1.000000000000000000, 0.000000000000000000, -2.569960705150826877E-16 ) ) ;
#1648 = AXIS2_PLACEMENT_3D ( 'NONE', #2084, #1863, #682 ) ;
#1649 = DIRECTION ( 'NONE',  ( 0.000000000000000000, 0.000000000000000000, 1.000000000000000000 ) ) ;
#1650 = CARTESIAN_POINT ( 'NONE',  ( -54.90000000000001990, 12.00000000000000000, 37.50000000000000000 ) ) ;
#1651 = AXIS2_PLACEMENT_3D ( 'NONE', #1894, #873, #39 ) ;
#1652 = CARTESIAN_POINT ( 'NONE',  ( -18.75000000000002487, 0.000000000000000000, -2.250000000000002220 ) ) ;
#1653 = DIRECTION ( 'NONE',  ( 0.000000000000000000, 0.000000000000000000, 1.000000000000000000 ) ) ;
#1654 = AXIS2_PLACEMENT_3D ( 'NONE', #1284, #2361, #1333 ) ;
#1655 = EDGE_LOOP ( 'NONE', ( #36, #1808, #2599, #1428 ) ) ;
#1656 = VECTOR ( 'NONE', #2088, 1000.000000000000000 ) ;
#1657 = CIRCLE ( 'NONE', #2609, 1.500000000000001332 ) ;
#1658 = VERTEX_POINT ( 'NONE', #2508 ) ;
#1659 = EDGE_CURVE ( 'NONE', #2650, #1045, #1109, .T. ) ;
#1660 = AXIS2_PLACEMENT_3D ( 'NONE', #736, #85, #323 ) ;
#1661 = LINE ( 'NONE', #211, #2488 ) ;
#1662 = DIRECTION ( 'NONE',  ( -0.000000000000000000, 1.000000000000000000, -0.000000000000000000 ) ) ;
#1663 = ORIENTED_EDGE ( 'NONE', *, *, #1927, .T. ) ;
#1664 = AXIS2_PLACEMENT_3D ( 'NONE', #1052, #849, #54 ) ;
#1665 = DIRECTION ( 'NONE',  ( 0.000000000000000000, 1.000000000000000000, 0.000000000000000000 ) ) ;
#1666 = VECTOR ( 'NONE', #1350, 1000.000000000000000 ) ;
#1667 = LINE ( 'NONE', #1411, #61 ) ;
#1668 = VERTEX_POINT ( 'NONE', #2496 ) ;
#1669 = LINE ( 'NONE', #2108, #2051 ) ;
#1670 = FACE_OUTER_BOUND ( 'NONE', #81, .T. ) ;
#1671 = ORIENTED_EDGE ( 'NONE', *, *, #90, .F. ) ;
#1672 = ORIENTED_EDGE ( 'NONE', *, *, #169, .F. ) ;
#1673 = DIRECTION ( 'NONE',  ( 0.000000000000000000, 1.000000000000000000, -0.000000000000000000 ) ) ;
#1674 = CARTESIAN_POINT ( 'NONE',  ( -85.00000000000001421, 12.00000000000000000, 39.00000000000000711 ) ) ;
#1675 = EDGE_CURVE ( 'NONE', #1861, #524, #1496, .T. ) ;
#1676 = ORIENTED_EDGE ( 'NONE', *, *, #1269, .T. ) ;
#1677 = CYLINDRICAL_SURFACE ( 'NONE', #1323, 1.500000000000001332 ) ;
#1678 = DIRECTION ( 'NONE',  ( -0.000000000000000000, 0.000000000000000000, 1.000000000000000000 ) ) ;
#1679 = EDGE_CURVE ( 'NONE', #250, #1322, #233, .T. ) ;
#1680 = ORIENTED_EDGE ( 'NONE', *, *, #2046, .F. ) ;
#1681 = CARTESIAN_POINT ( 'NONE',  ( 60.00000000000000000, 12.00000000000000000, -34.39999999999999858 ) ) ;
#1682 = CARTESIAN_POINT ( 'NONE',  ( -80.00000000000004263, 4.000000000000000000, -34.39999999999999858 ) ) ;
#1683 = EDGE_LOOP ( 'NONE', ( #2675, #532, #1890, #1906 ) ) ;
#1684 = VERTEX_POINT ( 'NONE', #645 ) ;
#1685 = CARTESIAN_POINT ( 'NONE',  ( -60.00000000000002842, 12.00000000000000000, -32.14999999999999858 ) ) ;
#1686 = DIRECTION ( 'NONE',  ( 0.000000000000000000, 0.000000000000000000, 1.000000000000000000 ) ) ;
#1687 = VERTEX_POINT ( 'NONE', #2119 ) ;
#1688 = EDGE_CURVE ( 'NONE', #859, #137, #258, .T. ) ;
#1689 = CARTESIAN_POINT ( 'NONE',  ( 60.00000000000000000, 4.000000000000000000, 34.39999999999999858 ) ) ;
#1690 = FACE_OUTER_BOUND ( 'NONE', #1765, .T. ) ;
#1691 = ORIENTED_EDGE ( 'NONE', *, *, #2222, .F. ) ;
#1692 = ADVANCED_FACE ( 'NONE', ( #232 ), #2077, .F. ) ;
#1693 = LINE ( 'NONE', #2305, #1833 ) ;
#1694 = DIRECTION ( 'NONE',  ( 0.000000000000000000, 0.000000000000000000, 1.000000000000000000 ) ) ;
#1695 = AXIS2_PLACEMENT_3D ( 'NONE', #1469, #1111, #659 ) ;
#1696 = ORIENTED_EDGE ( 'NONE', *, *, #1942, .T. ) ;
#1697 = ORIENTED_EDGE ( 'NONE', *, *, #1991, .F. ) ;
#1698 = AXIS2_PLACEMENT_3D ( 'NONE', #296, #2584, #1963 ) ;
#1699 = CARTESIAN_POINT ( 'NONE',  ( -69.90000000000001990, 15.00000000000000000, 29.79999999999999716 ) ) ;
#1700 = DIRECTION ( 'NONE',  ( 0.000000000000000000, 0.000000000000000000, 1.000000000000000000 ) ) ;
#1701 = AXIS2_PLACEMENT_3D ( 'NONE', #2035, #2050, #194 ) ;
#1702 = ORIENTED_EDGE ( 'NONE', *, *, #1159, .T. ) ;
#1703 = AXIS2_PLACEMENT_3D ( 'NONE', #112, #698, #2166 ) ;
#1704 = FACE_OUTER_BOUND ( 'NONE', #2284, .T. ) ;
#1705 = PLANE ( 'NONE',  #2389 ) ;
#1706 = VECTOR ( 'NONE', #1530, 1000.000000000000000 ) ;
#1707 = DIRECTION ( 'NONE',  ( 0.000000000000000000, 0.000000000000000000, 1.000000000000000000 ) ) ;
#1708 = AXIS2_PLACEMENT_3D ( 'NONE', #2349, #1944, #2376 ) ;
#1709 = DIRECTION ( 'NONE',  ( 0.000000000000000000, 1.000000000000000000, -0.000000000000000000 ) ) ;
#1710 = LINE ( 'NONE', #1122, #271 ) ;
#1711 = EDGE_CURVE ( 'NONE', #691, #2499, #2131, .T. ) ;
#1712 = EDGE_LOOP ( 'NONE', ( #499, #1037, #1034, #755 ) ) ;
#1713 = ADVANCED_FACE ( 'NONE', ( #2146 ), #332, .F. ) ;
#1714 = EDGE_CURVE ( 'NONE', #2498, #367, #452, .T. ) ;
#1715 = ORIENTED_EDGE ( 'NONE', *, *, #1126, .F. ) ;
#1716 = DIRECTION ( 'NONE',  ( 0.000000000000000000, 0.000000000000000000, 1.000000000000000000 ) ) ;
#1717 = ORIENTED_EDGE ( 'NONE', *, *, #1842, .F. ) ;
#1718 = DIRECTION ( 'NONE',  ( -1.119176436114069628E-15, 0.000000000000000000, -1.000000000000000000 ) ) ;
#1719 = CARTESIAN_POINT ( 'NONE',  ( 84.99999999999998579, 15.00000000000000000, 39.00000000000000711 ) ) ;
#1720 = LINE ( 'NONE', #2154, #2465 ) ;
#1721 = LINE ( 'NONE', #1768, #2438 ) ;
#1722 = LINE ( 'NONE', #699, #972 ) ;
#1723 = ORIENTED_EDGE ( 'NONE', *, *, #692, .T. ) ;
#1724 = EDGE_CURVE ( 'NONE', #24, #2532, #1721, .T. ) ;
#1725 = ORIENTED_EDGE ( 'NONE', *, *, #1364, .F. ) ;
#1726 = ADVANCED_FACE ( 'NONE', ( #2596 ), #947, .F. ) ;
#1727 = LINE ( 'NONE', #2542, #679 ) ;
#1728 = EDGE_LOOP ( 'NONE', ( #616, #124, #1000, #1384 ) ) ;
#1729 = DIRECTION ( 'NONE',  ( 0.000000000000000000, 0.000000000000000000, -1.000000000000000000 ) ) ;
#1730 = LINE ( 'NONE', #642, #2177 ) ;
#1731 = VECTOR ( 'NONE', #339, 1000.000000000000000 ) ;
#1732 = CARTESIAN_POINT ( 'NONE',  ( -80.00000000000004263, 4.000000000000000000, 34.39999999999999858 ) ) ;
#1733 = CARTESIAN_POINT ( 'NONE',  ( 54.89999999999999858, 12.00000000000000000, -29.80000000000000071 ) ) ;
#1734 = LINE ( 'NONE', #2561, #1101 ) ;
#1735 = ORIENTED_EDGE ( 'NONE', *, *, #1187, .F. ) ;
#1736 = AXIS2_PLACEMENT_3D ( 'NONE', #1598, #2422, #575 ) ;
#1737 = ORIENTED_EDGE ( 'NONE', *, *, #1927, .F. ) ;
#1738 = VECTOR ( 'NONE', #453, 1000.000000000000000 ) ;
#1739 = DIRECTION ( 'NONE',  ( 0.000000000000000000, 0.000000000000000000, 1.000000000000000000 ) ) ;
#1740 = AXIS2_PLACEMENT_3D ( 'NONE', #1131, #1182, #502 ) ;
#1741 = ORIENTED_EDGE ( 'NONE', *, *, #1724, .T. ) ;
#1742 = EDGE_CURVE ( 'NONE', #2411, #1549, #529, .T. ) ;
#1743 = EDGE_CURVE ( 'NONE', #1903, #2450, #317, .T. ) ;
#1744 = CIRCLE ( 'NONE', #799, 7.500000000000007105 ) ;
#1745 = DIRECTION ( 'NONE',  ( 0.000000000000000000, 1.000000000000000000, -0.000000000000000000 ) ) ;
#1746 = DIRECTION ( 'NONE',  ( -1.000000000000000000, -0.000000000000000000, 2.569960705150826877E-16 ) ) ;
#1747 = VECTOR ( 'NONE', #2294, 1000.000000000000000 ) ;
#1748 = DIRECTION ( 'NONE',  ( 0.000000000000000000, 1.000000000000000000, 0.000000000000000000 ) ) ;
#1749 = CIRCLE ( 'NONE', #1879, 1.500000000000001332 ) ;
#1750 = CARTESIAN_POINT ( 'NONE',  ( 60.00000000000000000, 4.000000000000000000, 36.64999999999999858 ) ) ;
#1751 = ORIENTED_EDGE ( 'NONE', *, *, #1960, .T. ) ;
#1752 = VECTOR ( 'NONE', #1369, 1000.000000000000000 ) ;
#1753 = FACE_BOUND ( 'NONE', #2631, .T. ) ;
#1754 = ORIENTED_EDGE ( 'NONE', *, *, #90, .T. ) ;
#1755 = FACE_BOUND ( 'NONE', #408, .T. ) ;
#1756 = EDGE_LOOP ( 'NONE', ( #1090, #2549, #140, #1763 ) ) ;
#1757 = LINE ( 'NONE', #1924, #1706 ) ;
#1758 = EDGE_CURVE ( 'NONE', #1259, #2008, #1964, .T. ) ;
#1759 = CARTESIAN_POINT ( 'NONE',  ( -80.00000000000004263, 4.000000000000000000, 32.15000000000000568 ) ) ;
#1760 = DIRECTION ( 'NONE',  ( 0.000000000000000000, 1.000000000000000000, 0.000000000000000000 ) ) ;
#1761 = EDGE_CURVE ( 'NONE', #2324, #1668, #2527, .T. ) ;
#1762 = DIRECTION ( 'NONE',  ( 0.000000000000000000, 0.000000000000000000, -1.000000000000000000 ) ) ;
#1763 = ORIENTED_EDGE ( 'NONE', *, *, #2129, .T. ) ;
#1764 = EDGE_LOOP ( 'NONE', ( #660, #1164 ) ) ;
#1765 = EDGE_LOOP ( 'NONE', ( #1818, #222, #1281, #1117 ) ) ;
#1766 = LINE ( 'NONE', #2152, #2055 ) ;
#1767 = CARTESIAN_POINT ( 'NONE',  ( -85.00000000000001421, 15.00000000000000000, -39.00000000000000711 ) ) ;
#1768 = CARTESIAN_POINT ( 'NONE',  ( 54.89999999999999858, 12.00000000000000000, -31.30000000000000071 ) ) ;
#1769 = LINE ( 'NONE', #1185, #2090 ) ;
#1770 = ORIENTED_EDGE ( 'NONE', *, *, #108, .F. ) ;
#1771 = EDGE_CURVE ( 'NONE', #1291, #1339, #1151, .T. ) ;
#1772 = AXIS2_PLACEMENT_3D ( 'NONE', #84, #72, #2358 ) ;
#1773 = LOCAL_TIME ( 10, 17, 53.00000000000000000, #2425 ) ;
#1774 = CARTESIAN_POINT ( 'NONE',  ( 84.99999999999998579, 15.00000000000000000, 74.99999999999998579 ) ) ;
#1775 = ORIENTED_EDGE ( 'NONE', *, *, #1202, .T. ) ;
#1776 = PERSON_AND_ORGANIZATION ( #555, #1577 ) ;
#1777 = ORIENTED_EDGE ( 'NONE', *, *, #1526, .T. ) ;
#1778 = DIRECTION ( 'NONE',  ( -0.000000000000000000, 1.000000000000000000, -0.000000000000000000 ) ) ;
#1779 = AXIS2_PLACEMENT_3D ( 'NONE', #136, #1201, #2010 ) ;
#1780 = CARTESIAN_POINT ( 'NONE',  ( 56.24999999999996447, 0.000000000000000000, -6.938893903907228378E-15 ) ) ;
#1781 = LINE ( 'NONE', #1380, #579 ) ;
#1782 = VECTOR ( 'NONE', #269, 1000.000000000000000 ) ;
#1783 = CARTESIAN_POINT ( 'NONE',  ( 56.39999999999999147, 12.00000000000000000, -39.00000000000000000 ) ) ;
#1784 = CARTESIAN_POINT ( 'NONE',  ( 80.00000000000001421, 12.00000000000000000, 34.39999999999999858 ) ) ;
#1785 = AXIS2_PLACEMENT_3D ( 'NONE', #2439, #207, #2175 ) ;
#1786 = ORIENTED_EDGE ( 'NONE', *, *, #2504, .F. ) ;
#1787 = AXIS2_PLACEMENT_3D ( 'NONE', #2638, #2433, #2047 ) ;
#1788 = DIRECTION ( 'NONE',  ( -0.000000000000000000, 1.000000000000000000, -0.000000000000000000 ) ) ;
#1789 = EDGE_CURVE ( 'NONE', #243, #304, #407, .T. ) ;
#1790 = ADVANCED_FACE ( 'NONE', ( #749 ), #1556, .F. ) ;
#1791 = AXIS2_PLACEMENT_3D ( 'NONE', #1797, #2623, #1619 ) ;
#1792 = ORIENTED_EDGE ( 'NONE', *, *, #1608, .T. ) ;
#1793 = AXIS2_PLACEMENT_3D ( 'NONE', #427, #38, #2083 ) ;
#1794 = APPROVAL_DATE_TIME ( #578, #2202 ) ;
#1795 = ADVANCED_FACE ( 'NONE', ( #1569 ), #2560, .F. ) ;
#1796 = VERTEX_POINT ( 'NONE', #1147 ) ;
#1797 = CARTESIAN_POINT ( 'NONE',  ( -60.00000000000002842, 4.000000000000000000, -34.39999999999999858 ) ) ;
#1798 = CARTESIAN_POINT ( 'NONE',  ( 60.00000000000000000, 12.00000000000000000, 34.39999999999999858 ) ) ;
#1799 = ORIENTED_EDGE ( 'NONE', *, *, #1335, .F. ) ;
#1800 = CARTESIAN_POINT ( 'NONE',  ( 80.00000000000001421, 4.000000000000000000, 34.39999999999999858 ) ) ;
#1801 = DIRECTION ( 'NONE',  ( -0.000000000000000000, 1.000000000000000000, -0.000000000000000000 ) ) ;
#1802 = ORIENTED_EDGE ( 'NONE', *, *, #1675, .T. ) ;
#1803 = CARTESIAN_POINT ( 'NONE',  ( 69.89999999999999147, 12.00000000000000000, -29.79999999999999716 ) ) ;
#1804 = APPLICATION_CONTEXT ( 'configuration controlled 3d designs of mechanical parts and assemblies' ) ;
#1805 = CARTESIAN_POINT ( 'NONE',  ( 56.39999999999999858, 12.00000000000000000, 29.80000000000000071 ) ) ;
#1806 = ORIENTED_EDGE ( 'NONE', *, *, #2112, .F. ) ;
#1807 = ADVANCED_FACE ( 'NONE', ( #507 ), #711, .F. ) ;
#1808 = ORIENTED_EDGE ( 'NONE', *, *, #771, .T. ) ;
#1809 = ADVANCED_FACE ( 'NONE', ( #1371 ), #1172, .F. ) ;
#1810 = CARTESIAN_POINT ( 'NONE',  ( 54.89999999999999147, 12.00000000000000000, 39.00000000000000000 ) ) ;
#1811 = CARTESIAN_POINT ( 'NONE',  ( -56.25000000000002132, 12.00000000000000000, -2.250000000000002220 ) ) ;
#1812 = EDGE_LOOP ( 'NONE', ( #1503, #1606 ) ) ;
#1813 = CARTESIAN_POINT ( 'NONE',  ( 56.39999999999999858, 15.00000000000000000, -29.80000000000000071 ) ) ;
#1814 = DIRECTION ( 'NONE',  ( 0.000000000000000000, 0.000000000000000000, 1.000000000000000000 ) ) ;
#1815 = ORIENTED_EDGE ( 'NONE', *, *, #1625, .T. ) ;
#1816 = DIRECTION ( 'NONE',  ( -2.426186679687842211E-16, 0.000000000000000000, 1.000000000000000000 ) ) ;
#1817 = CARTESIAN_POINT ( 'NONE',  ( 84.99999999999998579, 12.00000000000000000, 39.00000000000000711 ) ) ;
#1818 = ORIENTED_EDGE ( 'NONE', *, *, #1859, .T. ) ;
#1819 = PERSON_AND_ORGANIZATION_ROLE ( 'design_supplier' ) ;
#1820 = ORIENTED_EDGE ( 'NONE', *, *, #2355, .F. ) ;
#1821 = CARTESIAN_POINT ( 'NONE',  ( 18.74999999999997513, 12.00000000000000000, -6.938893903907228378E-15 ) ) ;
#1822 = DIRECTION ( 'NONE',  ( -0.000000000000000000, 1.000000000000000000, -0.000000000000000000 ) ) ;
#1823 = EDGE_CURVE ( 'NONE', #1345, #2049, #978, .T. ) ;
#1824 = EDGE_CURVE ( 'NONE', #24, #584, #2435, .T. ) ;
#1825 = VERTEX_POINT ( 'NONE', #1343 ) ;
#1826 = DESIGN_CONTEXT ( 'detailed design', #1907, 'design' ) ;
#1827 = CIRCLE ( 'NONE', #2217, 2.249999999999995115 ) ;
#1828 = CARTESIAN_POINT ( 'NONE',  ( 56.24999999999996447, 12.00000000000000000, -6.938893903907228378E-15 ) ) ;
#1829 = CYLINDRICAL_SURFACE ( 'NONE', #180, 2.249999999999995559 ) ;
#1830 = AXIS2_PLACEMENT_3D ( 'NONE', #612, #821, #2248 ) ;
#1831 = ORIENTED_EDGE ( 'NONE', *, *, #302, .T. ) ;
#1832 = DIRECTION ( 'NONE',  ( 0.000000000000000000, 1.000000000000000000, 0.000000000000000000 ) ) ;
#1833 = VECTOR ( 'NONE', #18, 1000.000000000000000 ) ;
#1834 = DIRECTION ( 'NONE',  ( 0.000000000000000000, 1.000000000000000000, 0.000000000000000000 ) ) ;
#1835 = ORIENTED_EDGE ( 'NONE', *, *, #2240, .F. ) ;
#1836 = AXIS2_PLACEMENT_3D ( 'NONE', #1810, #143, #566 ) ;
#1837 = ORIENTED_EDGE ( 'NONE', *, *, #1255, .T. ) ;
#1838 = VECTOR ( 'NONE', #1739, 1000.000000000000000 ) ;
#1839 = CARTESIAN_POINT ( 'NONE',  ( -54.90000000000002700, 12.00000000000000000, 29.80000000000000071 ) ) ;
#1840 = DIRECTION ( 'NONE',  ( -0.000000000000000000, 1.000000000000000000, -0.000000000000000000 ) ) ;
#1841 = ORIENTED_EDGE ( 'NONE', *, *, #433, .F. ) ;
#1842 = EDGE_CURVE ( 'NONE', #584, #1021, #851, .T. ) ;
#1843 = FACE_OUTER_BOUND ( 'NONE', #2085, .T. ) ;
#1844 = CARTESIAN_POINT ( 'NONE',  ( -70.00000000000002842, 0.000000000000000000, 59.99999999999998579 ) ) ;
#1845 = VERTEX_POINT ( 'NONE', #569 ) ;
#1846 = ADVANCED_FACE ( 'NONE', ( #777 ), #599, .F. ) ;
#1847 = DIRECTION ( 'NONE',  ( 0.000000000000000000, 0.000000000000000000, 1.000000000000000000 ) ) ;
#1848 = CARTESIAN_POINT ( 'NONE',  ( 80.00000000000001421, 4.000000000000000000, -32.15000000000000568 ) ) ;
#1849 = ORIENTED_EDGE ( 'NONE', *, *, #877, .F. ) ;
#1850 = VERTEX_POINT ( 'NONE', #173 ) ;
#1851 = CARTESIAN_POINT ( 'NONE',  ( 74.89999999999999147, 12.00000000000000000, 24.80000000000000071 ) ) ;
#1852 = CARTESIAN_POINT ( 'NONE',  ( -85.00000000000001421, 0.000000000000000000, 74.99999999999998579 ) ) ;
#1853 = ORIENTED_EDGE ( 'NONE', *, *, #1545, .F. ) ;
#1854 = DIRECTION ( 'NONE',  ( 0.000000000000000000, 1.000000000000000000, 0.000000000000000000 ) ) ;
#1855 = CARTESIAN_POINT ( 'NONE',  ( -18.75000000000002487, 0.000000000000000000, -6.938893903907228378E-15 ) ) ;
#1856 = ORIENTED_EDGE ( 'NONE', *, *, #1076, .F. ) ;
#1857 = FACE_OUTER_BOUND ( 'NONE', #459, .T. ) ;
#1858 = CARTESIAN_POINT ( 'NONE',  ( -80.00000000000004263, 4.000000000000000000, -34.39999999999999858 ) ) ;
#1859 = EDGE_CURVE ( 'NONE', #2148, #943, #759, .T. ) ;
#1860 = VERTEX_POINT ( 'NONE', #1436 ) ;
#1861 = VERTEX_POINT ( 'NONE', #1783 ) ;
#1862 = DIRECTION ( 'NONE',  ( -0.000000000000000000, 1.000000000000000000, -0.000000000000000000 ) ) ;
#1863 = DIRECTION ( 'NONE',  ( 0.000000000000000000, 1.000000000000000000, -0.000000000000000000 ) ) ;
#1864 = ORIENTED_EDGE ( 'NONE', *, *, #860, .T. ) ;
#1865 = LINE ( 'NONE', #2290, #1404 ) ;
#1866 = CARTESIAN_POINT ( 'NONE',  ( -56.40000000000002700, 12.00000000000000000, -29.80000000000000071 ) ) ;
#1867 = CARTESIAN_POINT ( 'NONE',  ( -85.00000000000001421, 0.000000000000000000, -75.00000000000001421 ) ) ;
#1868 = VECTOR ( 'NONE', #1415, 1000.000000000000000 ) ;
#1869 = CARTESIAN_POINT ( 'NONE',  ( 70.00000000000000000, 0.000000000000000000, -52.50000000000000000 ) ) ;
#1870 = DIRECTION ( 'NONE',  ( -0.000000000000000000, 1.000000000000000000, -0.000000000000000000 ) ) ;
#1871 = AXIS2_PLACEMENT_3D ( 'NONE', #1163, #1978, #958 ) ;
#1872 = ORIENTED_EDGE ( 'NONE', *, *, #1590, .F. ) ;
#1873 = VECTOR ( 'NONE', #954, 1000.000000000000000 ) ;
#1874 = EDGE_CURVE ( 'NONE', #1668, #2324, #2140, .T. ) ;
#1875 = COORDINATED_UNIVERSAL_TIME_OFFSET ( 0, 0, .AHEAD. ) ;
#1876 = VECTOR ( 'NONE', #73, 1000.000000000000000 ) ;
#1877 = ORIENTED_EDGE ( 'NONE', *, *, #366, .F. ) ;
#1878 = EDGE_CURVE ( 'NONE', #521, #2409, #358, .T. ) ;
#1879 = AXIS2_PLACEMENT_3D ( 'NONE', #2116, #419, #2493 ) ;
#1880 = DIRECTION ( 'NONE',  ( -0.000000000000000000, 1.000000000000000000, -0.000000000000000000 ) ) ;
#1881 = DIRECTION ( 'NONE',  ( -0.000000000000000000, -1.000000000000000000, -0.000000000000000000 ) ) ;
#1882 = EDGE_LOOP ( 'NONE', ( #1047, #2074 ) ) ;
#1883 = AXIS2_PLACEMENT_3D ( 'NONE', #2232, #158, #1407 ) ;
#1884 = CYLINDRICAL_SURFACE ( 'NONE', #1362, 7.500000000000013323 ) ;
#1885 = AXIS2_PLACEMENT_3D ( 'NONE', #783, #2388, #2211 ) ;
#1886 = CARTESIAN_POINT ( 'NONE',  ( 54.89999999999999147, 12.00000000000000000, 40.50000000000000000 ) ) ;
#1887 = ORIENTED_EDGE ( 'NONE', *, *, #2384, .F. ) ;
#1888 = CARTESIAN_POINT ( 'NONE',  ( 80.00000000000001421, 4.000000000000000000, 34.39999999999999858 ) ) ;
#1889 = LINE ( 'NONE', #1940, #1738 ) ;
#1890 = ORIENTED_EDGE ( 'NONE', *, *, #2240, .T. ) ;
#1891 = ORIENTED_EDGE ( 'NONE', *, *, #789, .T. ) ;
#1892 = EDGE_CURVE ( 'NONE', #2450, #1903, #1233, .T. ) ;
#1893 = DIRECTION ( 'NONE',  ( 0.000000000000000000, 0.000000000000000000, 1.000000000000000000 ) ) ;
#1894 = CARTESIAN_POINT ( 'NONE',  ( -70.00000000000002842, 0.000000000000000000, -60.00000000000001421 ) ) ;
#1895 = ORIENTED_EDGE ( 'NONE', *, *, #202, .F. ) ;
#1896 = EDGE_CURVE ( 'NONE', #725, #651, #236, .T. ) ;
#1897 = CYLINDRICAL_SURFACE ( 'NONE', #718, 1.500000000000001332 ) ;
#1898 = DIRECTION ( 'NONE',  ( 0.000000000000000000, 0.000000000000000000, 1.000000000000000000 ) ) ;
#1899 = ORIENTED_EDGE ( 'NONE', *, *, #153, .F. ) ;
#1900 = DIRECTION ( 'NONE',  ( -0.000000000000000000, 1.000000000000000000, -0.000000000000000000 ) ) ;
#1901 = CARTESIAN_POINT ( 'NONE',  ( 70.00000000000000000, 0.000000000000000000, -60.00000000000001421 ) ) ;
#1902 = VERTEX_POINT ( 'NONE', #1583 ) ;
#1903 = VERTEX_POINT ( 'NONE', #2417 ) ;
#1904 = DIRECTION ( 'NONE',  ( 0.000000000000000000, 1.000000000000000000, 0.000000000000000000 ) ) ;
#1905 = FACE_OUTER_BOUND ( 'NONE', #253, .T. ) ;
#1906 = ORIENTED_EDGE ( 'NONE', *, *, #152, .T. ) ;
#1907 = APPLICATION_CONTEXT ( 'configuration controlled 3d designs of mechanical parts and assemblies' ) ;
#1908 = PLANE ( 'NONE',  #1664 ) ;
#1909 = ADVANCED_FACE ( 'NONE', ( #189 ), #2019, .F. ) ;
#1910 = EDGE_CURVE ( 'NONE', #2423, #1474, #2054, .T. ) ;
#1911 = DIRECTION ( 'NONE',  ( 0.000000000000000000, 0.000000000000000000, 1.000000000000000000 ) ) ;
#1912 = DIRECTION ( 'NONE',  ( -1.119176436114069628E-15, 0.000000000000000000, -1.000000000000000000 ) ) ;
#1913 = DIRECTION ( 'NONE',  ( -0.000000000000000000, 1.000000000000000000, -0.000000000000000000 ) ) ;
#1914 = EDGE_CURVE ( 'NONE', #1375, #1238, #344, .T. ) ;
#1915 = DIRECTION ( 'NONE',  ( 0.000000000000000000, -0.000000000000000000, 1.000000000000000000 ) ) ;
#1916 = VECTOR ( 'NONE', #1881, 1000.000000000000000 ) ;
#1917 = EDGE_LOOP ( 'NONE', ( #917, #99 ) ) ;
#1918 = AXIS2_PLACEMENT_3D ( 'NONE', #2381, #310, #1584 ) ;
#1919 = ORIENTED_EDGE ( 'NONE', *, *, #1942, .F. ) ;
#1920 = AXIS2_PLACEMENT_3D ( 'NONE', #190, #1455, #1253 ) ;
#1921 = CARTESIAN_POINT ( 'NONE',  ( -85.00000000000001421, 0.000000000000000000, -75.00000000000001421 ) ) ;
#1922 = AXIS2_PLACEMENT_3D ( 'NONE', #614, #2451, #2658 ) ;
#1923 = ORIENTED_EDGE ( 'NONE', *, *, #656, .T. ) ;
#1924 = CARTESIAN_POINT ( 'NONE',  ( 69.89999999999999147, 12.00000000000000000, 29.79999999999999716 ) ) ;
#1925 = CARTESIAN_POINT ( 'NONE',  ( -69.90000000000001990, 12.00000000000000000, -29.79999999999999716 ) ) ;
#1926 = DIRECTION ( 'NONE',  ( 0.000000000000000000, 1.000000000000000000, 0.000000000000000000 ) ) ;
#1927 = EDGE_CURVE ( 'NONE', #1482, #973, #1320, .T. ) ;
#1928 = LOCAL_TIME ( 10, 17, 53.00000000000000000, #138 ) ;
#1929 = LINE ( 'NONE', #1869, #1876 ) ;
#1930 = PLANE ( 'NONE',  #1229 ) ;
#1931 = ORIENTED_EDGE ( 'NONE', *, *, #7, .T. ) ;
#1932 = EDGE_CURVE ( 'NONE', #524, #1850, #1110, .T. ) ;
#1933 = ORIENTED_EDGE ( 'NONE', *, *, #1711, .F. ) ;
#1934 = CARTESIAN_POINT ( 'NONE',  ( 80.00000000000001421, 4.000000000000000000, -34.39999999999999858 ) ) ;
#1935 = ORIENTED_EDGE ( 'NONE', *, *, #2569, .T. ) ;
#1936 = CARTESIAN_POINT ( 'NONE',  ( 54.89999999999999147, 12.00000000000000000, -37.50000000000000000 ) ) ;
#1937 = CARTESIAN_POINT ( 'NONE',  ( 54.89999999999999858, 12.00000000000000000, 29.80000000000000071 ) ) ;
#1938 = DIRECTION ( 'NONE',  ( 0.000000000000000000, 0.000000000000000000, 1.000000000000000000 ) ) ;
#1939 = CARTESIAN_POINT ( 'NONE',  ( 80.00000000000001421, 12.00000000000000000, 34.39999999999999858 ) ) ;
#1940 = CARTESIAN_POINT ( 'NONE',  ( 56.39999999999999858, 12.00000000000000000, 29.80000000000000071 ) ) ;
#1941 = ORIENTED_EDGE ( 'NONE', *, *, #2653, .F. ) ;
#1942 = EDGE_CURVE ( 'NONE', #1021, #1431, #2235, .T. ) ;
#1943 = ORIENTED_EDGE ( 'NONE', *, *, #397, .F. ) ;
#1944 = DIRECTION ( 'NONE',  ( 0.000000000000000000, 1.000000000000000000, 0.000000000000000000 ) ) ;
#1945 = EDGE_LOOP ( 'NONE', ( #1615, #613 ) ) ;
#1946 = DIRECTION ( 'NONE',  ( -0.000000000000000000, -0.000000000000000000, 1.000000000000000000 ) ) ;
#1947 = LINE ( 'NONE', #144, #2651 ) ;
#1948 = DIRECTION ( 'NONE',  ( -1.000000000000000000, 0.000000000000000000, -1.119176436114069628E-15 ) ) ;
#1949 = LOCAL_TIME ( 10, 17, 53.00000000000000000, #757 ) ;
#1950 = CARTESIAN_POINT ( 'NONE',  ( -80.00000000000004263, 12.00000000000000000, -34.39999999999999858 ) ) ;
#1951 = CARTESIAN_POINT ( 'NONE',  ( -69.90000000000001990, 12.00000000000000000, -29.79999999999999716 ) ) ;
#1952 = VERTEX_POINT ( 'NONE', #1423 ) ;
#1953 = DIRECTION ( 'NONE',  ( -0.7071067811865480168, 0.000000000000000000, 0.7071067811865470176 ) ) ;
#1954 = ORIENTED_EDGE ( 'NONE', *, *, #2026, .T. ) ;
#1955 = ADVANCED_FACE ( 'NONE', ( #2448 ), #1223, .F. ) ;
#1956 = AXIS2_PLACEMENT_3D ( 'NONE', #986, #530, #1148 ) ;
#1957 = CARTESIAN_POINT ( 'NONE',  ( 54.89999999999999147, 12.00000000000000000, -37.50000000000000000 ) ) ;
#1958 = AXIS2_PLACEMENT_3D ( 'NONE', #2639, #2219, #1437 ) ;
#1959 = VERTEX_POINT ( 'NONE', #1813 ) ;
#1960 = EDGE_CURVE ( 'NONE', #1825, #1246, #1536, .T. ) ;
#1961 = AXIS2_PLACEMENT_3D ( 'NONE', #2250, #1816, #1213 ) ;
#1962 = DIRECTION ( 'NONE',  ( 0.000000000000000000, 0.000000000000000000, 1.000000000000000000 ) ) ;
#1963 = DIRECTION ( 'NONE',  ( 0.000000000000000000, 0.000000000000000000, 1.000000000000000000 ) ) ;
#1964 = CIRCLE ( 'NONE', #2655, 1.500000000000001332 ) ;
#1965 = DIRECTION ( 'NONE',  ( 0.000000000000000000, 0.000000000000000000, -1.000000000000000000 ) ) ;
#1966 = VECTOR ( 'NONE', #2544, 1000.000000000000000 ) ;
#1967 = LINE ( 'NONE', #1750, #2564 ) ;
#1968 = ORIENTED_EDGE ( 'NONE', *, *, #1138, .F. ) ;
#1969 = CIRCLE ( 'NONE', #322, 7.500000000000013323 ) ;
#1970 = EDGE_LOOP ( 'NONE', ( #1098, #8 ) ) ;
#1971 = CARTESIAN_POINT ( 'NONE',  ( -54.90000000000001990, 12.00000000000000000, 39.00000000000000000 ) ) ;
#1972 = FACE_BOUND ( 'NONE', #1193, .T. ) ;
#1973 = ORIENTED_EDGE ( 'NONE', *, *, #1313, .F. ) ;
#1974 = LINE ( 'NONE', #1565, #2104 ) ;
#1975 = DIRECTION ( 'NONE',  ( 0.000000000000000000, 1.000000000000000000, -0.000000000000000000 ) ) ;
#1976 = ADVANCED_FACE ( 'NONE', ( #1843 ), #2666, .F. ) ;
#1977 = DIRECTION ( 'NONE',  ( 0.000000000000000000, 0.000000000000000000, 1.000000000000000000 ) ) ;
#1978 = DIRECTION ( 'NONE',  ( -0.7071067811865470176, 0.000000000000000000, 0.7071067811865480168 ) ) ;
#1979 = ORIENTED_EDGE ( 'NONE', *, *, #2191, .F. ) ;
#1980 = CARTESIAN_POINT ( 'NONE',  ( 60.00000000000000000, 4.000000000000000000, 32.14999999999999858 ) ) ;
#1981 = VERTEX_POINT ( 'NONE', #2278 ) ;
#1982 = PERSON_AND_ORGANIZATION_ROLE ( 'creator' ) ;
#1983 = ORIENTED_EDGE ( 'NONE', *, *, #1331, .F. ) ;
#1984 = DIRECTION ( 'NONE',  ( 0.7071067811865480168, -0.000000000000000000, -0.7071067811865470176 ) ) ;
#1985 = DIRECTION ( 'NONE',  ( -0.000000000000000000, 1.000000000000000000, -0.000000000000000000 ) ) ;
#1986 = EDGE_CURVE ( 'NONE', #1498, #1959, #1749, .T. ) ;
#1987 = ADVANCED_FACE ( 'NONE', ( #1080 ), #1264, .T. ) ;
#1988 = DIRECTION ( 'NONE',  ( 0.000000000000000000, 0.000000000000000000, 1.000000000000000000 ) ) ;
#1989 = LINE ( 'NONE', #934, #1527 ) ;
#1990 = ORIENTED_EDGE ( 'NONE', *, *, #1335, .T. ) ;
#1991 = EDGE_CURVE ( 'NONE', #2103, #24, #42, .T. ) ;
#1992 = CIRCLE ( 'NONE', #963, 2.249999999999995559 ) ;
#1993 = PLANE ( 'NONE',  #1779 ) ;
#1994 = VERTEX_POINT ( 'NONE', #626 ) ;
#1995 = VECTOR ( 'NONE', #2114, 1000.000000000000000 ) ;
#1996 = APPROVAL_STATUS ( 'not_yet_approved' ) ;
#1997 = EDGE_LOOP ( 'NONE', ( #1717, #1633, #2580, #1979 ) ) ;
#1998 = CYLINDRICAL_SURFACE ( 'NONE', #744, 7.500000000000013323 ) ;
#1999 = AXIS2_PLACEMENT_3D ( 'NONE', #1462, #1662, #1139 ) ;
#2000 = CYLINDRICAL_SURFACE ( 'NONE', #1883, 1.500000000000001332 ) ;
#2001 = CIRCLE ( 'NONE', #444, 7.500000000000013323 ) ;
#2002 = DIRECTION ( 'NONE',  ( 0.7071067811865480168, 0.000000000000000000, -0.7071067811865470176 ) ) ;
#2003 = AXIS2_PLACEMENT_3D ( 'NONE', #1068, #2517, #464 ) ;
#2004 = CARTESIAN_POINT ( 'NONE',  ( 56.39999999999999858, 12.00000000000000000, -29.80000000000000071 ) ) ;
#2005 = CARTESIAN_POINT ( 'NONE',  ( -18.75000000000002487, 0.000000000000000000, 2.249999999999988454 ) ) ;
#2006 = VECTOR ( 'NONE', #1822, 1000.000000000000000 ) ;
#2007 = ADVANCED_FACE ( 'NONE', ( #430 ), #1884, .F. ) ;
#2008 = VERTEX_POINT ( 'NONE', #2072 ) ;
#2009 = AXIS2_PLACEMENT_3D ( 'NONE', #1950, #911, #97 ) ;
#2010 = DIRECTION ( 'NONE',  ( -0.7071067811865480168, 0.000000000000000000, -0.7071067811865470176 ) ) ;
#2011 = EDGE_CURVE ( 'NONE', #1850, #2532, #1865, .T. ) ;
#2012 = VECTOR ( 'NONE', #2201, 1000.000000000000000 ) ;
#2013 = VERTEX_POINT ( 'NONE', #875 ) ;
#2014 = VECTOR ( 'NONE', #916, 1000.000000000000000 ) ;
#2015 = ORIENTED_EDGE ( 'NONE', *, *, #1960, .F. ) ;
#2016 = CARTESIAN_POINT ( 'NONE',  ( 56.24999999999996447, 12.00000000000000000, -2.250000000000002220 ) ) ;
#2017 = DIRECTION ( 'NONE',  ( 0.000000000000000000, 1.000000000000000000, 0.000000000000000000 ) ) ;
#2018 = VERTEX_POINT ( 'NONE', #447 ) ;
#2019 = CYLINDRICAL_SURFACE ( 'NONE', #539, 2.250000000000001776 ) ;
#2020 = DIRECTION ( 'NONE',  ( 1.000000000000000000, -0.000000000000000000, -2.569960705150826877E-16 ) ) ;
#2021 = ORIENTED_EDGE ( 'NONE', *, *, #1158, .F. ) ;
#2022 = DIRECTION ( 'NONE',  ( 0.000000000000000000, 0.000000000000000000, 1.000000000000000000 ) ) ;
#2023 = FACE_BOUND ( 'NONE', #1070, .T. ) ;
#2024 = EDGE_LOOP ( 'NONE', ( #1723, #1864 ) ) ;
#2025 = ADVANCED_FACE ( 'NONE', ( #1704 ), #653, .F. ) ;
#2026 = EDGE_CURVE ( 'NONE', #1522, #2234, #1113, .T. ) ;
#2027 = APPROVAL_ROLE ( '' ) ;
#2028 = ORIENTED_EDGE ( 'NONE', *, *, #1041, .F. ) ;
#2029 = CYLINDRICAL_SURFACE ( 'NONE', #2575, 1.500000000000001332 ) ;
#2030 = DIRECTION ( 'NONE',  ( 0.000000000000000000, 0.000000000000000000, 1.000000000000000000 ) ) ;
#2031 = ORIENTED_EDGE ( 'NONE', *, *, #1205, .T. ) ;
#2032 = DIRECTION ( 'NONE',  ( 0.000000000000000000, 0.000000000000000000, 1.000000000000000000 ) ) ;
#2033 = LINE ( 'NONE', #600, #622 ) ;
#2034 = ORIENTED_EDGE ( 'NONE', *, *, #1236, .F. ) ;
#2035 = CARTESIAN_POINT ( 'NONE',  ( 60.00000000000000000, 4.000000000000000000, -34.39999999999999858 ) ) ;
#2036 = FACE_BOUND ( 'NONE', #325, .T. ) ;
#2037 = ORIENTED_EDGE ( 'NONE', *, *, #1532, .F. ) ;
#2038 = VECTOR ( 'NONE', #2507, 1000.000000000000000 ) ;
#2039 = MECHANICAL_CONTEXT ( 'NONE', #1804, 'mechanical' ) ;
#2040 = EDGE_LOOP ( 'NONE', ( #2554, #168 ) ) ;
#2041 = CC_DESIGN_PERSON_AND_ORGANIZATION_ASSIGNMENT ( #1578, #743, ( #858 ) ) ;
#2042 = DIRECTION ( 'NONE',  ( -0.000000000000000000, 1.000000000000000000, -0.000000000000000000 ) ) ;
#2043 = CARTESIAN_POINT ( 'NONE',  ( -74.90000000000001990, 12.00000000000000000, 9.099999999999999645 ) ) ;
#2044 = VECTOR ( 'NONE', #2343, 1000.000000000000000 ) ;
#2045 = ORIENTED_EDGE ( 'NONE', *, *, #1076, .T. ) ;
#2046 = EDGE_CURVE ( 'NONE', #2616, #1297, #762, .T. ) ;
#2047 = DIRECTION ( 'NONE',  ( 0.000000000000000000, 0.000000000000000000, 1.000000000000000000 ) ) ;
#2048 = CYLINDRICAL_SURFACE ( 'NONE', #16, 7.500000000000007105 ) ;
#2049 = VERTEX_POINT ( 'NONE', #1504 ) ;
#2050 = DIRECTION ( 'NONE',  ( 0.000000000000000000, -1.000000000000000000, 0.000000000000000000 ) ) ;
#2051 = VECTOR ( 'NONE', #247, 1000.000000000000000 ) ;
#2052 = CYLINDRICAL_SURFACE ( 'NONE', #662, 7.500000000000007105 ) ;
#2053 = ORIENTED_EDGE ( 'NONE', *, *, #605, .T. ) ;
#2054 = CIRCLE ( 'NONE', #899, 2.249999999999995559 ) ;
#2055 = VECTOR ( 'NONE', #722, 1000.000000000000000 ) ;
#2056 = ORIENTED_EDGE ( 'NONE', *, *, #971, .F. ) ;
#2057 = LINE ( 'NONE', #1851, #1454 ) ;
#2058 = LINE ( 'NONE', #1235, #1106 ) ;
#2059 = ORIENTED_EDGE ( 'NONE', *, *, #1714, .T. ) ;
#2060 = DIRECTION ( 'NONE',  ( -0.000000000000000000, 1.000000000000000000, -0.000000000000000000 ) ) ;
#2061 = EDGE_CURVE ( 'NONE', #2082, #2311, #409, .T. ) ;
#2062 = FACE_OUTER_BOUND ( 'NONE', #606, .T. ) ;
#2063 = ORIENTED_EDGE ( 'NONE', *, *, #1823, .T. ) ;
#2064 = CARTESIAN_POINT ( 'NONE',  ( -80.00000000000004263, 12.00000000000000000, 36.64999999999999858 ) ) ;
#2065 = DIRECTION ( 'NONE',  ( 0.000000000000000000, -0.000000000000000000, -1.000000000000000000 ) ) ;
#2066 = VERTEX_POINT ( 'NONE', #463 ) ;
#2067 = ORIENTED_EDGE ( 'NONE', *, *, #2205, .T. ) ;
#2068 = DIRECTION ( 'NONE',  ( -0.000000000000000000, -1.000000000000000000, -0.000000000000000000 ) ) ;
#2069 = CARTESIAN_POINT ( 'NONE',  ( 60.00000000000000000, 4.000000000000000000, -36.64999999999999858 ) ) ;
#2070 = DIRECTION ( 'NONE',  ( 0.000000000000000000, 0.000000000000000000, 1.000000000000000000 ) ) ;
#2071 = ORIENTED_EDGE ( 'NONE', *, *, #2585, .F. ) ;
#2072 = CARTESIAN_POINT ( 'NONE',  ( -56.40000000000001990, 15.00000000000000000, -39.00000000000000000 ) ) ;
#2073 = CARTESIAN_POINT ( 'NONE',  ( 54.89999999999999147, 12.00000000000000000, -39.00000000000000000 ) ) ;
#2074 = ORIENTED_EDGE ( 'NONE', *, *, #58, .F. ) ;
#2075 = ADVANCED_FACE ( 'NONE', ( #2105 ), #1897, .F. ) ;
#2076 = EDGE_CURVE ( 'NONE', #1082, #703, #2614, .T. ) ;
#2077 = CYLINDRICAL_SURFACE ( 'NONE', #716, 2.249999999999995115 ) ;
#2078 = FACE_OUTER_BOUND ( 'NONE', #680, .T. ) ;
#2079 = ORIENTED_EDGE ( 'NONE', *, *, #1391, .T. ) ;
#2080 = ADVANCED_FACE ( 'NONE', ( #865 ), #1908, .T. ) ;
#2081 = DATE_AND_TIME ( #6, #1341 ) ;
#2082 = VERTEX_POINT ( 'NONE', #475 ) ;
#2083 = DIRECTION ( 'NONE',  ( 0.000000000000000000, 0.000000000000000000, 1.000000000000000000 ) ) ;
#2084 = CARTESIAN_POINT ( 'NONE',  ( 80.00000000000001421, 4.000000000000000000, -34.39999999999999858 ) ) ;
#2085 = EDGE_LOOP ( 'NONE', ( #422, #1018, #936, #2079 ) ) ;
#2086 = DIRECTION ( 'NONE',  ( -0.000000000000000000, 1.000000000000000000, -0.000000000000000000 ) ) ;
#2087 = VECTOR ( 'NONE', #603, 1000.000000000000000 ) ;
#2088 = DIRECTION ( 'NONE',  ( -0.000000000000000000, 1.000000000000000000, -0.000000000000000000 ) ) ;
#2089 = VERTEX_POINT ( 'NONE', #893 ) ;
#2090 = VECTOR ( 'NONE', #1801, 1000.000000000000000 ) ;
#2091 = LINE ( 'NONE', #1457, #1358 ) ;
#2092 = LINE ( 'NONE', #2239, #528 ) ;
#2093 = ADVANCED_FACE ( 'NONE', ( #2534 ), #1677, .F. ) ;
#2094 = AXIS2_PLACEMENT_3D ( 'NONE', #174, #2477, #1649 ) ;
#2095 = ORIENTED_EDGE ( 'NONE', *, *, #169, .T. ) ;
#2096 = CIRCLE ( 'NONE', #1190, 2.249999999999995559 ) ;
#2097 = EDGE_CURVE ( 'NONE', #186, #2133, #2503, .T. ) ;
#2098 = AXIS2_PLACEMENT_3D ( 'NONE', #2215, #417, #2415 ) ;
#2099 = VERTEX_POINT ( 'NONE', #1475 ) ;
#2100 = VECTOR ( 'NONE', #2547, 1000.000000000000000 ) ;
#2101 = DIRECTION ( 'NONE',  ( -0.000000000000000000, 1.000000000000000000, -0.000000000000000000 ) ) ;
#2102 = CARTESIAN_POINT ( 'NONE',  ( -74.90000000000001990, 15.00000000000000000, -9.100000000000006750 ) ) ;
#2103 = VERTEX_POINT ( 'NONE', #1936 ) ;
#2104 = VECTOR ( 'NONE', #1328, 1000.000000000000000 ) ;
#2105 = FACE_OUTER_BOUND ( 'NONE', #160, .T. ) ;
#2106 = CARTESIAN_POINT ( 'NONE',  ( 74.89999999999999147, 15.00000000000000000, -24.80000000000000071 ) ) ;
#2107 = VERTEX_POINT ( 'NONE', #70 ) ;
#2108 = CARTESIAN_POINT ( 'NONE',  ( -85.00000000000001421, 15.00000000000000000, 39.00000000000000711 ) ) ;
#2109 = FACE_OUTER_BOUND ( 'NONE', #1621, .T. ) ;
#2110 = ORIENTED_EDGE ( 'NONE', *, *, #2242, .T. ) ;
#2111 = ORIENTED_EDGE ( 'NONE', *, *, #2437, .T. ) ;
#2112 = EDGE_CURVE ( 'NONE', #2089, #2539, #2353, .T. ) ;
#2113 = DIRECTION ( 'NONE',  ( 0.000000000000000000, 1.000000000000000000, 0.000000000000000000 ) ) ;
#2114 = DIRECTION ( 'NONE',  ( 1.000000000000000000, 0.000000000000000000, -2.426186679687842211E-16 ) ) ;
#2115 = ORIENTED_EDGE ( 'NONE', *, *, #2637, .T. ) ;
#2116 = CARTESIAN_POINT ( 'NONE',  ( 54.89999999999999858, 15.00000000000000000, -29.80000000000000071 ) ) ;
#2117 = CARTESIAN_POINT ( 'NONE',  ( 80.00000000000001421, 4.000000000000000000, 32.15000000000000568 ) ) ;
#2118 = EDGE_LOOP ( 'NONE', ( #729, #1348, #209, #1419 ) ) ;
#2119 = CARTESIAN_POINT ( 'NONE',  ( -74.90000000000001990, 12.00000000000000000, 24.80000000000000071 ) ) ;
#2120 = CARTESIAN_POINT ( 'NONE',  ( -84.99999999999997158, 15.00000000000000000, 9.099999999999999645 ) ) ;
#2121 = ORIENTED_EDGE ( 'NONE', *, *, #1346, .T. ) ;
#2122 = ORIENTED_EDGE ( 'NONE', *, *, #1075, .T. ) ;
#2123 = PLANE ( 'NONE',  #2533 ) ;
#2124 = CC_DESIGN_PERSON_AND_ORGANIZATION_ASSIGNMENT ( #1776, #1982, ( #383 ) ) ;
#2125 = ORIENTED_EDGE ( 'NONE', *, *, #1561, .F. ) ;
#2126 = AXIS2_PLACEMENT_3D ( 'NONE', #1732, #1330, #1534 ) ;
#2127 = CARTESIAN_POINT ( 'NONE',  ( 80.00000000000001421, 4.000000000000000000, -34.39999999999999858 ) ) ;
#2128 = LINE ( 'NONE', #1303, #2136 ) ;
#2129 = EDGE_CURVE ( 'NONE', #1388, #1153, #23, .T. ) ;
#2130 = PLANE ( 'NONE',  #785 ) ;
#2131 = LINE ( 'NONE', #2342, #64 ) ;
#2132 = CARTESIAN_POINT ( 'NONE',  ( -80.00000000000004263, 4.000000000000000000, -34.39999999999999858 ) ) ;
#2133 = VERTEX_POINT ( 'NONE', #1543 ) ;
#2134 = CIRCLE ( 'NONE', #1484, 2.249999999999995115 ) ;
#2135 = ORIENTED_EDGE ( 'NONE', *, *, #1381, .T. ) ;
#2136 = VECTOR ( 'NONE', #919, 1000.000000000000000 ) ;
#2137 = FACE_OUTER_BOUND ( 'NONE', #2255, .T. ) ;
#2138 = CIRCLE ( 'NONE', #2265, 2.250000000000001776 ) ;
#2139 = ORIENTED_EDGE ( 'NONE', *, *, #2076, .F. ) ;
#2140 = CIRCLE ( 'NONE', #2612, 2.249999999999995559 ) ;
#2141 = FACE_OUTER_BOUND ( 'NONE', #429, .T. ) ;
#2142 = CARTESIAN_POINT ( 'NONE',  ( 0.000000000000000000, 15.00000000000000000, 0.000000000000000000 ) ) ;
#2143 = CARTESIAN_POINT ( 'NONE',  ( -60.00000000000002842, 12.00000000000000000, -34.39999999999999858 ) ) ;
#2144 = EDGE_CURVE ( 'NONE', #79, #2650, #1757, .T. ) ;
#2145 = AXIS2_PLACEMENT_3D ( 'NONE', #2676, #1880, #1893 ) ;
#2146 = FACE_OUTER_BOUND ( 'NONE', #1997, .T. ) ;
#2147 = CARTESIAN_POINT ( 'NONE',  ( 56.39999999999999147, 15.00000000000000000, 39.00000000000000000 ) ) ;
#2148 = VERTEX_POINT ( 'NONE', #1144 ) ;
#2149 = VERTEX_POINT ( 'NONE', #93 ) ;
#2150 = DIRECTION ( 'NONE',  ( -1.000000000000000000, 0.000000000000000000, 1.119176436114069628E-15 ) ) ;
#2151 = ORIENTED_EDGE ( 'NONE', *, *, #221, .F. ) ;
#2152 = CARTESIAN_POINT ( 'NONE',  ( -69.90000000000001990, 12.00000000000000000, 29.79999999999999716 ) ) ;
#2153 = LINE ( 'NONE', #747, #713 ) ;
#2154 = CARTESIAN_POINT ( 'NONE',  ( -56.40000000000002700, 12.00000000000000000, 29.80000000000000071 ) ) ;
#2155 = CARTESIAN_POINT ( 'NONE',  ( 84.99999999999998579, 15.00000000000000000, 74.99999999999998579 ) ) ;
#2156 = CARTESIAN_POINT ( 'NONE',  ( -69.90000000000001990, 12.00000000000000000, -29.79999999999999716 ) ) ;
#2157 = EDGE_CURVE ( 'NONE', #2351, #1045, #1160, .T. ) ;
#2158 = VERTEX_POINT ( 'NONE', #918 ) ;
#2159 = LINE ( 'NONE', #1502, #2601 ) ;
#2160 = ADVANCED_FACE ( 'NONE', ( #2366 ), #2164, .F. ) ;
#2161 = EDGE_LOOP ( 'NONE', ( #414, #1325, #1751, #2371 ) ) ;
#2162 = FACE_OUTER_BOUND ( 'NONE', #2474, .T. ) ;
#2163 = ORIENTED_EDGE ( 'NONE', *, *, #2338, .T. ) ;
#2164 = PLANE ( 'NONE',  #2227 ) ;
#2165 = CARTESIAN_POINT ( 'NONE',  ( 56.39999999999999858, 12.00000000000000000, -29.80000000000000071 ) ) ;
#2166 = DIRECTION ( 'NONE',  ( 0.000000000000000000, 0.000000000000000000, -1.000000000000000000 ) ) ;
#2167 = CARTESIAN_POINT ( 'NONE',  ( -54.90000000000001990, 15.00000000000000000, -37.50000000000000000 ) ) ;
#2168 = ORIENTED_EDGE ( 'NONE', *, *, #877, .T. ) ;
#2169 = PRODUCT_RELATED_PRODUCT_CATEGORY ( 'detail', '', ( #858 ) ) ;
#2170 = LINE ( 'NONE', #2590, #707 ) ;
#2171 = VECTOR ( 'NONE', #1321, 1000.000000000000000 ) ;
#2172 = ORIENTED_EDGE ( 'NONE', *, *, #1159, .F. ) ;
#2173 = CIRCLE ( 'NONE', #13, 2.249999999999995115 ) ;
#2174 = ADVANCED_FACE ( 'NONE', ( #118 ), #2583, .F. ) ;
#2175 = DIRECTION ( 'NONE',  ( 1.119176436114069628E-15, 0.000000000000000000, -1.000000000000000000 ) ) ;
#2176 = CARTESIAN_POINT ( 'NONE',  ( 70.00000000000000000, 0.000000000000000000, 52.49999999999997158 ) ) ;
#2177 = VECTOR ( 'NONE', #2303, 1000.000000000000000 ) ;
#2178 = VERTEX_POINT ( 'NONE', #695 ) ;
#2179 = VECTOR ( 'NONE', #2677, 1000.000000000000000 ) ;
#2180 = CARTESIAN_POINT ( 'NONE',  ( -70.00000000000002842, 0.000000000000000000, 52.49999999999997158 ) ) ;
#2181 = DIRECTION ( 'NONE',  ( 0.000000000000000000, 0.000000000000000000, -1.000000000000000000 ) ) ;
#2182 = DIRECTION ( 'NONE',  ( 0.000000000000000000, 0.000000000000000000, 1.000000000000000000 ) ) ;
#2183 = LINE ( 'NONE', #1135, #665 ) ;
#2184 = ORIENTED_EDGE ( 'NONE', *, *, #1346, .F. ) ;
#2185 = CIRCLE ( 'NONE', #1708, 2.250000000000001776 ) ;
#2186 = CARTESIAN_POINT ( 'NONE',  ( -80.00000000000004263, 4.000000000000000000, 36.64999999999999858 ) ) ;
#2187 = ORIENTED_EDGE ( 'NONE', *, *, #605, .F. ) ;
#2188 = PERSON_AND_ORGANIZATION ( #555, #1577 ) ;
#2189 = ORIENTED_EDGE ( 'NONE', *, *, #1526, .F. ) ;
#2190 = EDGE_CURVE ( 'NONE', #2510, #2499, #2378, .T. ) ;
#2191 = EDGE_CURVE ( 'NONE', #1021, #1959, #2593, .T. ) ;
#2192 = DIRECTION ( 'NONE',  ( 0.000000000000000000, 1.000000000000000000, 0.000000000000000000 ) ) ;
#2193 = CARTESIAN_POINT ( 'NONE',  ( -85.00000000000001421, 12.00000000000000000, 39.00000000000000711 ) ) ;
#2194 = DIRECTION ( 'NONE',  ( -0.000000000000000000, 1.000000000000000000, -0.000000000000000000 ) ) ;
#2195 = DIRECTION ( 'NONE',  ( 0.000000000000000000, 1.000000000000000000, -0.000000000000000000 ) ) ;
#2196 = ORIENTED_EDGE ( 'NONE', *, *, #403, .T. ) ;
#2197 = LINE ( 'NONE', #1774, #2344 ) ;
#2198 = ORIENTED_EDGE ( 'NONE', *, *, #1042, .F. ) ;
#2199 = ORIENTED_EDGE ( 'NONE', *, *, #2552, .T. ) ;
#2200 = DIRECTION ( 'NONE',  ( -1.000000000000000000, 0.000000000000000000, -2.569960705150826877E-16 ) ) ;
#2201 = DIRECTION ( 'NONE',  ( -1.119176436114069628E-15, -0.000000000000000000, 1.000000000000000000 ) ) ;
#2202 = APPROVAL ( #1366, 'UNSPECIFIED' ) ;
#2203 = PLANE ( 'NONE',  #63 ) ;
#2204 = CARTESIAN_POINT ( 'NONE',  ( 54.89999999999999858, 12.00000000000000000, -29.80000000000000071 ) ) ;
#2205 = EDGE_CURVE ( 'NONE', #1618, #2616, #2392, .T. ) ;
#2206 = CARTESIAN_POINT ( 'NONE',  ( 70.00000000000000000, 0.000000000000000000, 59.99999999999998579 ) ) ;
#2207 = CIRCLE ( 'NONE', #881, 2.250000000000001776 ) ;
#2208 = ORIENTED_EDGE ( 'NONE', *, *, #1483, .F. ) ;
#2209 = FACE_OUTER_BOUND ( 'NONE', #2387, .T. ) ;
#2210 = ORIENTED_EDGE ( 'NONE', *, *, #2223, .F. ) ;
#2211 = DIRECTION ( 'NONE',  ( 1.000000000000000000, 0.000000000000000000, 0.000000000000000000 ) ) ;
#2212 = ORIENTED_EDGE ( 'NONE', *, *, #457, .F. ) ;
#2213 = CARTESIAN_POINT ( 'NONE',  ( -85.00000000000001421, 15.00000000000000000, -39.00000000000000711 ) ) ;
#2214 = CIRCLE ( 'NONE', #1395, 7.500000000000013323 ) ;
#2215 = CARTESIAN_POINT ( 'NONE',  ( -54.90000000000002700, 15.00000000000000000, 29.80000000000000071 ) ) ;
#2216 = ORIENTED_EDGE ( 'NONE', *, *, #589, .T. ) ;
#2217 = AXIS2_PLACEMENT_3D ( 'NONE', #421, #1198, #162 ) ;
#2218 = CARTESIAN_POINT ( 'NONE',  ( 54.89999999999999147, 15.00000000000000000, -39.00000000000000000 ) ) ;
#2219 = DIRECTION ( 'NONE',  ( 0.000000000000000000, 1.000000000000000000, 0.000000000000000000 ) ) ;
#2220 = AXIS2_PLACEMENT_3D ( 'NONE', #1681, #854, #1507 ) ;
#2221 = ORIENTED_EDGE ( 'NONE', *, *, #825, .F. ) ;
#2222 = EDGE_CURVE ( 'NONE', #2646, #540, #1152, .T. ) ;
#2223 = EDGE_CURVE ( 'NONE', #2479, #306, #1516, .T. ) ;
#2224 = AXIS2_PLACEMENT_3D ( 'NONE', #244, #2329, #641 ) ;
#2225 = CARTESIAN_POINT ( 'NONE',  ( -80.00000000000004263, 4.000000000000000000, -32.15000000000000568 ) ) ;
#2226 = LINE ( 'NONE', #1980, #968 ) ;
#2227 = AXIS2_PLACEMENT_3D ( 'NONE', #307, #944, #1962 ) ;
#2228 = ORIENTED_EDGE ( 'NONE', *, *, #25, .T. ) ;
#2229 = VECTOR ( 'NONE', #241, 1000.000000000000000 ) ;
#2230 = DIRECTION ( 'NONE',  ( 0.000000000000000000, -0.000000000000000000, -1.000000000000000000 ) ) ;
#2231 = ORIENTED_EDGE ( 'NONE', *, *, #474, .F. ) ;
#2232 = CARTESIAN_POINT ( 'NONE',  ( 54.89999999999999858, 12.00000000000000000, -29.80000000000000071 ) ) ;
#2233 = CARTESIAN_POINT ( 'NONE',  ( -85.00000000000001421, 15.00000000000000000, -75.00000000000001421 ) ) ;
#2234 = VERTEX_POINT ( 'NONE', #2180 ) ;
#2235 = LINE ( 'NONE', #2004, #1069 ) ;
#2236 = DIRECTION ( 'NONE',  ( 0.000000000000000000, 0.000000000000000000, 1.000000000000000000 ) ) ;
#2237 = ORIENTED_EDGE ( 'NONE', *, *, #1626, .T. ) ;
#2238 = CARTESIAN_POINT ( 'NONE',  ( 74.89999999999999147, 15.00000000000000000, -24.80000000000000071 ) ) ;
#2239 = CARTESIAN_POINT ( 'NONE',  ( 80.00000000000001421, 4.000000000000000000, -32.15000000000000568 ) ) ;
#2240 = EDGE_CURVE ( 'NONE', #2013, #1405, #1974, .T. ) ;
#2241 = EDGE_LOOP ( 'NONE', ( #593, #89 ) ) ;
#2242 = EDGE_CURVE ( 'NONE', #362, #2133, #1766, .T. ) ;
#2243 = ORIENTED_EDGE ( 'NONE', *, *, #2368, .T. ) ;
#2244 = LINE ( 'NONE', #2213, #238 ) ;
#2245 = DIRECTION ( 'NONE',  ( 0.000000000000000000, 1.000000000000000000, 0.000000000000000000 ) ) ;
#2246 = EDGE_LOOP ( 'NONE', ( #634, #1074, #300, #773, #2270, #1073, #2628, #318 ) ) ;
#2247 = CARTESIAN_POINT ( 'NONE',  ( -56.40000000000002700, 12.00000000000000000, -29.80000000000000071 ) ) ;
#2248 = DIRECTION ( 'NONE',  ( 0.000000000000000000, -0.000000000000000000, -1.000000000000000000 ) ) ;
#2249 = EDGE_LOOP ( 'NONE', ( #334, #2288, #798, #701 ) ) ;
#2250 = CARTESIAN_POINT ( 'NONE',  ( 84.99999999999998579, 12.00000000000000000, 39.00000000000000711 ) ) ;
#2251 = CARTESIAN_POINT ( 'NONE',  ( 84.99999999999998579, 15.00000000000000000, 74.99999999999998579 ) ) ;
#2252 = EDGE_LOOP ( 'NONE', ( #2184, #68, #805, #279 ) ) ;
#2253 = CLOSED_SHELL ( 'NONE', ( #788, #897, #876, #1807, #135, #1790, #1909, #287, #2492, #166, #2276, #677, #2075, #2505, #1713, #254, #2007, #553, #955, #266, #1108, #1809, #758, #1726, #704, #487, #347, #946, #2309, #838, #156, #1010, #122, #2602, #78, #1251, #1955, #1216, #1499, #554, #1397, #2160, #1976, #992, #2620, #2280, #1141, #840, #638, #1846, #44, #361, #1546, #2293, #40, #2275, #1512, #2093, #119, #1123, #379, #291, #652, #570, #273, #2670, #991, #1432, #2025, #2080, #2360, #1987, #2174, #956, #2307, #1451, #1692, #1416, #2354, #1093, #1795, #926 ) ) ;
#2254 = CC_DESIGN_SECURITY_CLASSIFICATION ( #436, ( #383 ) ) ;
#2255 = EDGE_LOOP ( 'NONE', ( #126, #480 ) ) ;
#2256 = EDGE_CURVE ( 'NONE', #1538, #1528, #1406, .T. ) ;
#2257 = CARTESIAN_POINT ( 'NONE',  ( -54.90000000000001990, 15.00000000000000000, 37.50000000000000000 ) ) ;
#2258 = CARTESIAN_POINT ( 'NONE',  ( -54.90000000000001990, 12.00000000000000000, -37.50000000000000000 ) ) ;
#2259 = AXIS2_PLACEMENT_3D ( 'NONE', #1261, #226, #1686 ) ;
#2260 = ORIENTED_EDGE ( 'NONE', *, *, #2569, .F. ) ;
#2261 = CARTESIAN_POINT ( 'NONE',  ( -84.99999999999997158, 12.00000000000000000, 9.099999999999999645 ) ) ;
#2262 = CYLINDRICAL_SURFACE ( 'NONE', #2094, 2.250000000000001776 ) ;
#2263 = ORIENTED_EDGE ( 'NONE', *, *, #2525, .T. ) ;
#2264 = CARTESIAN_POINT ( 'NONE',  ( -80.00000000000004263, 4.000000000000000000, -36.64999999999999858 ) ) ;
#2265 = AXIS2_PLACEMENT_3D ( 'NONE', #2573, #724, #787 ) ;
#2266 = CARTESIAN_POINT ( 'NONE',  ( -56.25000000000002132, 0.000000000000000000, -6.938893903907228378E-15 ) ) ;
#2267 = ORIENTED_EDGE ( 'NONE', *, *, #1465, .F. ) ;
#2268 = AXIS2_PLACEMENT_3D ( 'NONE', #1026, #1184, #985 ) ;
#2269 = AXIS2_PLACEMENT_3D ( 'NONE', #485, #1312, #746 ) ;
#2270 = ORIENTED_EDGE ( 'NONE', *, *, #1173, .F. ) ;
#2271 = AXIS2_PLACEMENT_3D ( 'NONE', #263, #732, #1501 ) ;
#2272 = LINE ( 'NONE', #608, #721 ) ;
#2273 = DIRECTION ( 'NONE',  ( -0.000000000000000000, 1.000000000000000000, -0.000000000000000000 ) ) ;
#2274 = DIRECTION ( 'NONE',  ( 0.000000000000000000, 1.000000000000000000, 0.000000000000000000 ) ) ;
#2275 = ADVANCED_FACE ( 'NONE', ( #2141 ), #284, .F. ) ;
#2276 = ADVANCED_FACE ( 'NONE', ( #82 ), #2556, .F. ) ;
#2277 = EDGE_LOOP ( 'NONE', ( #1199, #975, #2468, #223 ) ) ;
#2278 = CARTESIAN_POINT ( 'NONE',  ( -54.90000000000002700, 15.00000000000000000, -31.30000000000000071 ) ) ;
#2279 = CYLINDRICAL_SURFACE ( 'NONE', #1399, 2.249999999999995559 ) ;
#2280 = ADVANCED_FACE ( 'NONE', ( #786 ), #2000, .F. ) ;
#2281 = CARTESIAN_POINT ( 'NONE',  ( -70.00000000000002842, 15.00000000000000000, 59.99999999999998579 ) ) ;
#2282 = CARTESIAN_POINT ( 'NONE',  ( 69.89999999999999147, 12.00000000000000000, 29.79999999999999716 ) ) ;
#2283 = DIRECTION ( 'NONE',  ( -0.000000000000000000, 1.000000000000000000, -0.000000000000000000 ) ) ;
#2284 = EDGE_LOOP ( 'NONE', ( #1943, #1470, #5, #2135 ) ) ;
#2285 = ORIENTED_EDGE ( 'NONE', *, *, #2289, .T. ) ;
#2286 = CYLINDRICAL_SURFACE ( 'NONE', #1793, 2.250000000000001776 ) ;
#2287 = FACE_OUTER_BOUND ( 'NONE', #1377, .T. ) ;
#2288 = ORIENTED_EDGE ( 'NONE', *, *, #692, .F. ) ;
#2289 = EDGE_CURVE ( 'NONE', #1860, #1562, #2485, .T. ) ;
#2290 = CARTESIAN_POINT ( 'NONE',  ( 54.89999999999999147, 15.00000000000000000, -37.50000000000000000 ) ) ;
#2291 = LINE ( 'NONE', #1265, #1782 ) ;
#2292 = LINE ( 'NONE', #1867, #924 ) ;
#2293 = ADVANCED_FACE ( 'NONE', ( #2414 ), #2029, .F. ) ;
#2294 = DIRECTION ( 'NONE',  ( -0.000000000000000000, 1.000000000000000000, -0.000000000000000000 ) ) ;
#2295 = CARTESIAN_POINT ( 'NONE',  ( 54.89999999999999858, 12.00000000000000000, 31.30000000000000071 ) ) ;
#2296 = VERTEX_POINT ( 'NONE', #966 ) ;
#2297 = ORIENTED_EDGE ( 'NONE', *, *, #2551, .F. ) ;
#2298 = CARTESIAN_POINT ( 'NONE',  ( -70.00000000000002842, 0.000000000000000000, -67.50000000000002842 ) ) ;
#2299 = CARTESIAN_POINT ( 'NONE',  ( 84.99999999999998579, 15.00000000000000000, -39.00000000000000711 ) ) ;
#2300 = ORIENTED_EDGE ( 'NONE', *, *, #2637, .F. ) ;
#2301 = DIRECTION ( 'NONE',  ( 0.000000000000000000, 0.000000000000000000, 1.000000000000000000 ) ) ;
#2302 = VECTOR ( 'NONE', #312, 1000.000000000000000 ) ;
#2303 = DIRECTION ( 'NONE',  ( 0.000000000000000000, 0.000000000000000000, -1.000000000000000000 ) ) ;
#2304 = DIRECTION ( 'NONE',  ( 0.000000000000000000, 1.000000000000000000, 0.000000000000000000 ) ) ;
#2305 = CARTESIAN_POINT ( 'NONE',  ( -54.90000000000001990, 12.00000000000000000, -37.50000000000000000 ) ) ;
#2306 = FACE_OUTER_BOUND ( 'NONE', #1196, .T. ) ;
#2307 = ADVANCED_FACE ( 'NONE', ( #1194 ), #763, .F. ) ;
#2308 = ORIENTED_EDGE ( 'NONE', *, *, #1412, .T. ) ;
#2309 = ADVANCED_FACE ( 'NONE', ( #1602 ), #2428, .F. ) ;
#2310 = VECTOR ( 'NONE', #1200, 1000.000000000000000 ) ;
#2311 = VERTEX_POINT ( 'NONE', #1631 ) ;
#2312 = VECTOR ( 'NONE', #1946, 1000.000000000000000 ) ;
#2313 = DIRECTION ( 'NONE',  ( 0.000000000000000000, 0.000000000000000000, 1.000000000000000000 ) ) ;
#2314 = CARTESIAN_POINT ( 'NONE',  ( -56.40000000000001990, 15.00000000000000000, 39.00000000000000000 ) ) ;
#2315 = ORIENTED_EDGE ( 'NONE', *, *, #518, .F. ) ;
#2316 = AXIS2_PLACEMENT_3D ( 'NONE', #399, #1673, #1035 ) ;
#2317 = DIRECTION ( 'NONE',  ( 0.000000000000000000, 0.000000000000000000, 1.000000000000000000 ) ) ;
#2318 = FACE_OUTER_BOUND ( 'NONE', #1206, .T. ) ;
#2319 = FACE_OUTER_BOUND ( 'NONE', #852, .T. ) ;
#2320 = FACE_OUTER_BOUND ( 'NONE', #751, .T. ) ;
#2321 = PLANE ( 'NONE',  #57 ) ;
#2322 = ORIENTED_EDGE ( 'NONE', *, *, #108, .T. ) ;
#2323 = EDGE_CURVE ( 'NONE', #1061, #1079, #2405, .T. ) ;
#2324 = VERTEX_POINT ( 'NONE', #2016 ) ;
#2325 = EDGE_CURVE ( 'NONE', #1640, #1845, #2441, .T. ) ;
#2326 = FACE_BOUND ( 'NONE', #1099, .T. ) ;
#2327 = FACE_OUTER_BOUND ( 'NONE', #2363, .T. ) ;
#2328 = EDGE_LOOP ( 'NONE', ( #2139, #588, #1500, #2221 ) ) ;
#2329 = DIRECTION ( 'NONE',  ( 0.000000000000000000, 1.000000000000000000, 0.000000000000000000 ) ) ;
#2330 = CARTESIAN_POINT ( 'NONE',  ( 60.00000000000000000, 4.000000000000000000, -32.14999999999999858 ) ) ;
#2331 = FACE_OUTER_BOUND ( 'NONE', #282, .T. ) ;
#2332 = LINE ( 'NONE', #1283, #715 ) ;
#2333 = LINE ( 'NONE', #2120, #2044 ) ;
#2334 = VERTEX_POINT ( 'NONE', #1591 ) ;
#2335 = ORIENTED_EDGE ( 'NONE', *, *, #2519, .F. ) ;
#2336 = FACE_BOUND ( 'NONE', #1945, .T. ) ;
#2337 = ORIENTED_EDGE ( 'NONE', *, *, #2144, .F. ) ;
#2338 = EDGE_CURVE ( 'NONE', #1549, #1860, #66, .T. ) ;
#2339 = DIRECTION ( 'NONE',  ( 0.000000000000000000, 1.000000000000000000, 0.000000000000000000 ) ) ;
#2340 = FACE_BOUND ( 'NONE', #239, .T. ) ;
#2341 = DIRECTION ( 'NONE',  ( 0.000000000000000000, 0.000000000000000000, 1.000000000000000000 ) ) ;
#2342 = CARTESIAN_POINT ( 'NONE',  ( -54.90000000000002700, 12.00000000000000000, 31.30000000000000071 ) ) ;
#2343 = DIRECTION ( 'NONE',  ( 1.000000000000000000, 0.000000000000000000, 0.000000000000000000 ) ) ;
#2344 = VECTOR ( 'NONE', #1385, 1000.000000000000000 ) ;
#2345 = ORIENTED_EDGE ( 'NONE', *, *, #520, .F. ) ;
#2346 = VECTOR ( 'NONE', #1372, 1000.000000000000000 ) ;
#2347 = ORIENTED_EDGE ( 'NONE', *, *, #1511, .T. ) ;
#2348 = VECTOR ( 'NONE', #43, 1000.000000000000000 ) ;
#2349 = CARTESIAN_POINT ( 'NONE',  ( 60.00000000000000000, 4.000000000000000000, 34.39999999999999858 ) ) ;
#2350 = AXIS2_PLACEMENT_3D ( 'NONE', #1798, #355, #2030 ) ;
#2351 = VERTEX_POINT ( 'NONE', #2647 ) ;
#2352 = AXIS2_PLACEMENT_3D ( 'NONE', #2204, #405, #2032 ) ;
#2353 = LINE ( 'NONE', #1104, #2312 ) ;
#2354 = ADVANCED_FACE ( 'NONE', ( #556 ), #803, .F. ) ;
#2355 = EDGE_CURVE ( 'NONE', #943, #1952, #2663, .T. ) ;
#2356 = DIRECTION ( 'NONE',  ( -0.000000000000000000, 1.000000000000000000, -0.000000000000000000 ) ) ;
#2357 = AXIS2_PLACEMENT_3D ( 'NONE', #1689, #2086, #1279 ) ;
#2358 = DIRECTION ( 'NONE',  ( -0.000000000000000000, 0.000000000000000000, -1.000000000000000000 ) ) ;
#2359 = DIRECTION ( 'NONE',  ( 0.000000000000000000, 0.000000000000000000, 1.000000000000000000 ) ) ;
#2360 = ADVANCED_FACE ( 'NONE', ( #982 ), #1169, .F. ) ;
#2361 = DIRECTION ( 'NONE',  ( 0.000000000000000000, 1.000000000000000000, 0.000000000000000000 ) ) ;
#2362 = VERTEX_POINT ( 'NONE', #817 ) ;
#2363 = EDGE_LOOP ( 'NONE', ( #572, #1179, #2337, #469 ) ) ;
#2364 = FACE_BOUND ( 'NONE', #2040, .T. ) ;
#2365 = EDGE_LOOP ( 'NONE', ( #1588, #847, #1629, #165 ) ) ;
#2366 = FACE_OUTER_BOUND ( 'NONE', #770, .T. ) ;
#2367 = DIRECTION ( 'NONE',  ( 0.000000000000000000, 0.000000000000000000, -1.000000000000000000 ) ) ;
#2368 = EDGE_CURVE ( 'NONE', #1687, #2066, #2445, .T. ) ;
#2369 = CARTESIAN_POINT ( 'NONE',  ( 56.24999999999996447, 0.000000000000000000, -6.938893903907228378E-15 ) ) ;
#2370 = DIRECTION ( 'NONE',  ( 0.000000000000000000, 0.000000000000000000, 1.000000000000000000 ) ) ;
#2371 = ORIENTED_EDGE ( 'NONE', *, *, #1576, .F. ) ;
#2372 = EDGE_CURVE ( 'NONE', #2008, #1203, #2244, .T. ) ;
#2373 = DIRECTION ( 'NONE',  ( -0.000000000000000000, 1.000000000000000000, -0.000000000000000000 ) ) ;
#2374 = ORIENTED_EDGE ( 'NONE', *, *, #753, .F. ) ;
#2375 = CARTESIAN_POINT ( 'NONE',  ( 56.24999999999996447, 0.000000000000000000, -6.938893903907228378E-15 ) ) ;
#2376 = DIRECTION ( 'NONE',  ( 0.000000000000000000, 0.000000000000000000, 1.000000000000000000 ) ) ;
#2377 = EDGE_LOOP ( 'NONE', ( #378, #1671, #1467, #1663 ) ) ;
#2378 = LINE ( 'NONE', #1130, #1539 ) ;
#2379 = CYLINDRICAL_SURFACE ( 'NONE', #1568, 1.500000000000001332 ) ;
#2380 = CARTESIAN_POINT ( 'NONE',  ( 80.00000000000001421, 4.000000000000000000, 34.39999999999999858 ) ) ;
#2381 = CARTESIAN_POINT ( 'NONE',  ( -56.25000000000002132, 0.000000000000000000, -6.938893903907228378E-15 ) ) ;
#2382 = ORIENTED_EDGE ( 'NONE', *, *, #1641, .F. ) ;
#2383 = CARTESIAN_POINT ( 'NONE',  ( 0.000000000000000000, 0.000000000000000000, 0.000000000000000000 ) ) ;
#2384 = EDGE_CURVE ( 'NONE', #584, #1498, #1420, .T. ) ;
#2385 = AXIS2_PLACEMENT_3D ( 'NONE', #2383, #1361, #348 ) ;
#2386 = EDGE_CURVE ( 'NONE', #1902, #1307, #2634, .T. ) ;
#2387 = EDGE_LOOP ( 'NONE', ( #990, #2420, #1799, #276 ) ) ;
#2388 = DIRECTION ( 'NONE',  ( 0.000000000000000000, 0.000000000000000000, 1.000000000000000000 ) ) ;
#2389 = AXIS2_PLACEMENT_3D ( 'NONE', #476, #1678, #1280 ) ;
#2390 = ORIENTED_EDGE ( 'NONE', *, *, #1589, .F. ) ;
#2391 = VECTOR ( 'NONE', #657, 1000.000000000000000 ) ;
#2392 = LINE ( 'NONE', #1353, #1966 ) ;
#2393 = CARTESIAN_POINT ( 'NONE',  ( 74.89999999999999147, 12.00000000000000000, -24.80000000000000071 ) ) ;
#2394 = VECTOR ( 'NONE', #1382, 1000.000000000000000 ) ;
#2395 = DIRECTION ( 'NONE',  ( -0.000000000000000000, 1.000000000000000000, -0.000000000000000000 ) ) ;
#2396 = AXIS2_PLACEMENT_3D ( 'NONE', #1302, #1118, #2572 ) ;
#2397 = DIRECTION ( 'NONE',  ( 1.119176436114069628E-15, -0.000000000000000000, -1.000000000000000000 ) ) ;
#2398 = VERTEX_POINT ( 'NONE', #1220 ) ;
#2399 = VERTEX_POINT ( 'NONE', #1289 ) ;
#2400 = CC_DESIGN_DATE_AND_TIME_ASSIGNMENT ( #2401, #1387, ( #436 ) ) ;
#2401 = DATE_AND_TIME ( #1587, #1949 ) ;
#2402 = ORIENTED_EDGE ( 'NONE', *, *, #723, .F. ) ;
#2403 = DIRECTION ( 'NONE',  ( 0.000000000000000000, 0.000000000000000000, -1.000000000000000000 ) ) ;
#2404 = EDGE_CURVE ( 'NONE', #1054, #2444, #940, .T. ) ;
#2405 = LINE ( 'NONE', #1023, #111 ) ;
#2406 = FACE_OUTER_BOUND ( 'NONE', #742, .T. ) ;
#2407 = DIRECTION ( 'NONE',  ( 0.000000000000000000, 0.000000000000000000, 1.000000000000000000 ) ) ;
#2408 = FACE_OUTER_BOUND ( 'NONE', #2673, .T. ) ;
#2409 = VERTEX_POINT ( 'NONE', #636 ) ;
#2410 = FACE_OUTER_BOUND ( 'NONE', #739, .T. ) ;
#2411 = VERTEX_POINT ( 'NONE', #51 ) ;
#2412 = PERSON_AND_ORGANIZATION ( #555, #1577 ) ;
#2413 = EDGE_LOOP ( 'NONE', ( #2151, #2267, #949, #382 ) ) ;
#2414 = FACE_OUTER_BOUND ( 'NONE', #1085, .T. ) ;
#2415 = DIRECTION ( 'NONE',  ( 0.000000000000000000, 0.000000000000000000, 1.000000000000000000 ) ) ;
#2416 = EDGE_CURVE ( 'NONE', #1903, #1339, #2500, .T. ) ;
#2417 = CARTESIAN_POINT ( 'NONE',  ( 80.00000000000001421, 4.000000000000000000, 36.64999999999999858 ) ) ;
#2418 = LINE ( 'NONE', #1595, #1273 ) ;
#2419 = AXIS2_PLACEMENT_3D ( 'NONE', #1294, #2461, #1456 ) ;
#2420 = ORIENTED_EDGE ( 'NONE', *, *, #811, .F. ) ;
#2421 = DIRECTION ( 'NONE',  ( 0.000000000000000000, 1.000000000000000000, 0.000000000000000000 ) ) ;
#2422 = DIRECTION ( 'NONE',  ( 0.000000000000000000, 1.000000000000000000, 0.000000000000000000 ) ) ;
#2423 = VERTEX_POINT ( 'NONE', #620 ) ;
#2424 = AXIS2_PLACEMENT_3D ( 'NONE', #1063, #2471, #1953 ) ;
#2425 = COORDINATED_UNIVERSAL_TIME_OFFSET ( 0, 0, .AHEAD. ) ;
#2426 = ORIENTED_EDGE ( 'NONE', *, *, #1202, .F. ) ;
#2427 = CIRCLE ( 'NONE', #576, 2.250000000000001776 ) ;
#2428 = CYLINDRICAL_SURFACE ( 'NONE', #630, 7.500000000000007105 ) ;
#2429 = DIRECTION ( 'NONE',  ( 1.000000000000000000, 0.000000000000000000, 0.000000000000000000 ) ) ;
#2430 = ORIENTED_EDGE ( 'NONE', *, *, #471, .F. ) ;
#2431 = VECTOR ( 'NONE', #1055, 1000.000000000000000 ) ;
#2432 = EDGE_CURVE ( 'NONE', #2539, #1308, #2272, .T. ) ;
#2433 = DIRECTION ( 'NONE',  ( 0.000000000000000000, 1.000000000000000000, 0.000000000000000000 ) ) ;
#2434 = FACE_OUTER_BOUND ( 'NONE', #1728, .T. ) ;
#2435 = CIRCLE ( 'NONE', #628, 1.500000000000001332 ) ;
#2436 = VERTEX_POINT ( 'NONE', #1472 ) ;
#2437 = EDGE_CURVE ( 'NONE', #2423, #1640, #2489, .T. ) ;
#2438 = VECTOR ( 'NONE', #1318, 1000.000000000000000 ) ;
#2439 = CARTESIAN_POINT ( 'NONE',  ( -54.90000000000001990, 12.00000000000000000, -37.50000000000000000 ) ) ;
#2440 = LINE ( 'NONE', #1817, #349 ) ;
#2441 = CIRCLE ( 'NONE', #1493, 2.249999999999995559 ) ;
#2442 = ORIENTED_EDGE ( 'NONE', *, *, #1896, .T. ) ;
#2443 = CALENDAR_DATE ( 2025, 17, 12 ) ;
#2444 = VERTEX_POINT ( 'NONE', #1685 ) ;
#2445 = LINE ( 'NONE', #775, #853 ) ;
#2446 = DIRECTION ( 'NONE',  ( -1.000000000000000000, 0.000000000000000000, -2.426186679687842211E-16 ) ) ;
#2447 = ORIENTED_EDGE ( 'NONE', *, *, #902, .T. ) ;
#2448 = FACE_OUTER_BOUND ( 'NONE', #1337, .T. ) ;
#2449 = CARTESIAN_POINT ( 'NONE',  ( -56.40000000000002700, 12.00000000000000000, 29.80000000000000071 ) ) ;
#2450 = VERTEX_POINT ( 'NONE', #888 ) ;
#2451 = DIRECTION ( 'NONE',  ( 0.000000000000000000, 1.000000000000000000, 0.000000000000000000 ) ) ;
#2452 = DIRECTION ( 'NONE',  ( -0.000000000000000000, 1.000000000000000000, -0.000000000000000000 ) ) ;
#2453 = EDGE_CURVE ( 'NONE', #2398, #1153, #415, .T. ) ;
#2454 = EDGE_LOOP ( 'NONE', ( #1887, #601, #1741, #923 ) ) ;
#2455 = ORIENTED_EDGE ( 'NONE', *, *, #1241, .T. ) ;
#2456 = CARTESIAN_POINT ( 'NONE',  ( -60.00000000000002842, 12.00000000000000000, -34.39999999999999858 ) ) ;
#2457 = LINE ( 'NONE', #1434, #2006 ) ;
#2458 = ORIENTED_EDGE ( 'NONE', *, *, #753, .T. ) ;
#2459 = DIRECTION ( 'NONE',  ( -1.000000000000000000, 0.000000000000000000, 2.426186679687842211E-16 ) ) ;
#2460 = FACE_OUTER_BOUND ( 'NONE', #874, .T. ) ;
#2461 = DIRECTION ( 'NONE',  ( 2.426186679687842211E-16, 0.000000000000000000, 1.000000000000000000 ) ) ;
#2462 = LINE ( 'NONE', #392, #1533 ) ;
#2463 = DIRECTION ( 'NONE',  ( 0.000000000000000000, 0.000000000000000000, 1.000000000000000000 ) ) ;
#2464 = ORIENTED_EDGE ( 'NONE', *, *, #1789, .T. ) ;
#2465 = VECTOR ( 'NONE', #2200, 1000.000000000000000 ) ;
#2466 = EDGE_CURVE ( 'NONE', #691, #952, #1028, .T. ) ;
#2467 = EDGE_CURVE ( 'NONE', #1375, #1203, #1661, .T. ) ;
#2468 = ORIENTED_EDGE ( 'NONE', *, *, #2416, .T. ) ;
#2469 = EDGE_CURVE ( 'NONE', #1528, #496, #1048, .T. ) ;
#2470 = CARTESIAN_POINT ( 'NONE',  ( 74.89999999999999147, 12.00000000000000000, -24.80000000000000071 ) ) ;
#2471 = DIRECTION ( 'NONE',  ( -0.7071067811865470176, 0.000000000000000000, -0.7071067811865480168 ) ) ;
#2472 = DIRECTION ( 'NONE',  ( -1.000000000000000000, -0.000000000000000000, -0.000000000000000000 ) ) ;
#2473 = CIRCLE ( 'NONE', #1309, 2.249999999999995559 ) ;
#2474 = EDGE_LOOP ( 'NONE', ( #1624, #1422, #1630, #2053, #513, #114, #2163, #2285, #1086, #2636, #41, #445, #1494, #1460, #689, #1696, #717, #106, #30, #1143, #115, #117, #375, #535, #2528, #2095, #369, #1166, #671, #819, #782, #493, #1136, #2322, #863, #2243 ) ) ;
#2475 = CIRCLE ( 'NONE', #1654, 1.500000000000001332 ) ;
#2476 = DIRECTION ( 'NONE',  ( 1.119176436114069628E-15, 0.000000000000000000, 1.000000000000000000 ) ) ;
#2477 = DIRECTION ( 'NONE',  ( -0.000000000000000000, 1.000000000000000000, -0.000000000000000000 ) ) ;
#2478 = AXIS2_PLACEMENT_3D ( 'NONE', #1855, #2680, #2236 ) ;
#2479 = VERTEX_POINT ( 'NONE', #199 ) ;
#2480 = LINE ( 'NONE', #687, #2431 ) ;
#2481 = VECTOR ( 'NONE', #1840, 1000.000000000000000 ) ;
#2482 = CARTESIAN_POINT ( 'NONE',  ( -54.90000000000002700, 12.00000000000000000, -31.30000000000000071 ) ) ;
#2483 = ORIENTED_EDGE ( 'NONE', *, *, #1173, .T. ) ;
#2484 = AXIS2_PLACEMENT_3D ( 'NONE', #969, #611, #1239 ) ;
#2485 = CIRCLE ( 'NONE', #280, 1.500000000000001332 ) ;
#2486 = ORIENTED_EDGE ( 'NONE', *, *, #2585, .T. ) ;
#2487 = EDGE_CURVE ( 'NONE', #1562, #2158, #28, .T. ) ;
#2488 = VECTOR ( 'NONE', #1461, 1000.000000000000000 ) ;
#2489 = LINE ( 'NONE', #1447, #808 ) ;
#2490 = LINE ( 'NONE', #428, #1916 ) ;
#2491 = ORIENTED_EDGE ( 'NONE', *, *, #420, .T. ) ;
#2492 = ADVANCED_FACE ( 'NONE', ( #1062 ), #2286, .F. ) ;
#2493 = DIRECTION ( 'NONE',  ( 0.000000000000000000, 0.000000000000000000, 1.000000000000000000 ) ) ;
#2494 = CARTESIAN_POINT ( 'NONE',  ( 70.00000000000000000, 0.000000000000000000, 59.99999999999998579 ) ) ;
#2495 = DIRECTION ( 'NONE',  ( 0.000000000000000000, 0.000000000000000000, 1.000000000000000000 ) ) ;
#2496 = CARTESIAN_POINT ( 'NONE',  ( 56.24999999999996447, 12.00000000000000000, 2.249999999999988454 ) ) ;
#2497 = CYLINDRICAL_SURFACE ( 'NONE', #1695, 1.500000000000001332 ) ;
#2498 = VERTEX_POINT ( 'NONE', #1260 ) ;
#2499 = VERTEX_POINT ( 'NONE', #442 ) ;
#2500 = LINE ( 'NONE', #872, #633 ) ;
#2501 = CARTESIAN_POINT ( 'NONE',  ( 56.24999999999996447, 0.000000000000000000, -2.250000000000002220 ) ) ;
#2502 = ORIENTED_EDGE ( 'NONE', *, *, #2574, .F. ) ;
#2503 = LINE ( 'NONE', #1038, #2529 ) ;
#2504 = EDGE_CURVE ( 'NONE', #1994, #21, #225, .T. ) ;
#2505 = ADVANCED_FACE ( 'NONE', ( #861 ), #1275, .F. ) ;
#2506 = FACE_OUTER_BOUND ( 'NONE', #640, .T. ) ;
#2507 = DIRECTION ( 'NONE',  ( 1.000000000000000000, -0.000000000000000000, -2.569960705150826877E-16 ) ) ;
#2508 = CARTESIAN_POINT ( 'NONE',  ( 84.99999999999998579, 0.000000000000000000, -75.00000000000001421 ) ) ;
#2509 = DIRECTION ( 'NONE',  ( -0.000000000000000000, 1.000000000000000000, -0.000000000000000000 ) ) ;
#2510 = VERTEX_POINT ( 'NONE', #2257 ) ;
#2511 = CIRCLE ( 'NONE', #2126, 2.249999999999995115 ) ;
#2512 = ORIENTED_EDGE ( 'NONE', *, *, #343, .F. ) ;
#2513 = DIRECTION ( 'NONE',  ( 0.000000000000000000, 0.000000000000000000, 1.000000000000000000 ) ) ;
#2514 = CARTESIAN_POINT ( 'NONE',  ( 80.00000000000001421, 12.00000000000000000, -36.64999999999999858 ) ) ;
#2515 = ORIENTED_EDGE ( 'NONE', *, *, #2026, .F. ) ;
#2516 = CARTESIAN_POINT ( 'NONE',  ( -70.00000000000002842, 0.000000000000000000, 59.99999999999998579 ) ) ;
#2517 = DIRECTION ( 'NONE',  ( 0.000000000000000000, 1.000000000000000000, 0.000000000000000000 ) ) ;
#2518 = ORIENTED_EDGE ( 'NONE', *, *, #1910, .F. ) ;
#2519 = EDGE_CURVE ( 'NONE', #17, #496, #1969, .T. ) ;
#2520 = AXIS2_PLACEMENT_3D ( 'NONE', #750, #98, #1344 ) ;
#2521 = CARTESIAN_POINT ( 'NONE',  ( -60.00000000000002842, 4.000000000000000000, -36.64999999999999858 ) ) ;
#2522 = PLANE ( 'NONE',  #797 ) ;
#2523 = VECTOR ( 'NONE', #2557, 1000.000000000000000 ) ;
#2524 = ORIENTED_EDGE ( 'NONE', *, *, #1789, .F. ) ;
#2525 = EDGE_CURVE ( 'NONE', #1684, #2398, #1324, .T. ) ;
#2526 = VECTOR ( 'NONE', #2671, 1000.000000000000000 ) ;
#2527 = CIRCLE ( 'NONE', #1192, 2.249999999999995559 ) ;
#2528 = ORIENTED_EDGE ( 'NONE', *, *, #1589, .T. ) ;
#2529 = VECTOR ( 'NONE', #1647, 1000.000000000000000 ) ;
#2530 = DIRECTION ( 'NONE',  ( 0.000000000000000000, 1.000000000000000000, -0.000000000000000000 ) ) ;
#2531 = DIRECTION ( 'NONE',  ( 0.000000000000000000, 1.000000000000000000, -0.000000000000000000 ) ) ;
#2532 = VERTEX_POINT ( 'NONE', #460 ) ;
#2533 = AXIS2_PLACEMENT_3D ( 'NONE', #1957, #2150, #2553 ) ;
#2534 = FACE_OUTER_BOUND ( 'NONE', #828, .T. ) ;
#2535 = CARTESIAN_POINT ( 'NONE',  ( -74.90000000000001990, 12.00000000000000000, -24.80000000000000071 ) ) ;
#2536 = PLANE ( 'NONE',  #1559 ) ;
#2537 = DIRECTION ( 'NONE',  ( 0.000000000000000000, 0.000000000000000000, 1.000000000000000000 ) ) ;
#2538 = DIRECTION ( 'NONE',  ( 0.000000000000000000, 1.000000000000000000, -0.000000000000000000 ) ) ;
#2539 = VERTEX_POINT ( 'NONE', #1234 ) ;
#2540 = EDGE_CURVE ( 'NONE', #79, #2351, #2057, .T. ) ;
#2541 = ORIENTED_EDGE ( 'NONE', *, *, #2404, .T. ) ;
#2542 = CARTESIAN_POINT ( 'NONE',  ( 74.89999999999999147, 12.00000000000000000, -24.80000000000000071 ) ) ;
#2543 = ORIENTED_EDGE ( 'NONE', *, *, #537, .T. ) ;
#2544 = DIRECTION ( 'NONE',  ( -0.000000000000000000, 1.000000000000000000, -0.000000000000000000 ) ) ;
#2545 = DIRECTION ( 'NONE',  ( 0.000000000000000000, 0.000000000000000000, 1.000000000000000000 ) ) ;
#2546 = CARTESIAN_POINT ( 'NONE',  ( 54.89999999999999147, 12.00000000000000000, 37.50000000000000000 ) ) ;
#2547 = DIRECTION ( 'NONE',  ( -1.119176436114069628E-15, -0.000000000000000000, 1.000000000000000000 ) ) ;
#2548 = DIRECTION ( 'NONE',  ( 1.000000000000000000, 0.000000000000000000, -0.000000000000000000 ) ) ;
#2549 = ORIENTED_EDGE ( 'NONE', *, *, #2525, .F. ) ;
#2550 = ORIENTED_EDGE ( 'NONE', *, *, #639, .F. ) ;
#2551 = EDGE_CURVE ( 'NONE', #21, #79, #1644, .T. ) ;
#2552 = EDGE_CURVE ( 'NONE', #1307, #2510, #69, .T. ) ;
#2553 = DIRECTION ( 'NONE',  ( 1.119176436114069628E-15, 0.000000000000000000, 1.000000000000000000 ) ) ;
#2554 = ORIENTED_EDGE ( 'NONE', *, *, #1381, .F. ) ;
#2555 = EDGE_CURVE ( 'NONE', #1186, #2334, #149, .T. ) ;
#2556 = CYLINDRICAL_SURFACE ( 'NONE', #678, 2.249999999999995115 ) ;
#2557 = DIRECTION ( 'NONE',  ( -0.000000000000000000, 1.000000000000000000, -0.000000000000000000 ) ) ;
#2558 = CARTESIAN_POINT ( 'NONE',  ( -85.00000000000001421, 15.00000000000000000, 74.99999999999998579 ) ) ;
#2559 = AXIS2_PLACEMENT_3D ( 'NONE', #377, #220, #2463 ) ;
#2560 = CYLINDRICAL_SURFACE ( 'NONE', #1022, 2.249999999999995559 ) ;
#2561 = CARTESIAN_POINT ( 'NONE',  ( 56.39999999999999858, 15.00000000000000000, -29.80000000000000071 ) ) ;
#2562 = VECTOR ( 'NONE', #2452, 1000.000000000000000 ) ;
#2563 = EDGE_LOOP ( 'NONE', ( #1417, #2661, #610, #1274 ) ) ;
#2564 = VECTOR ( 'NONE', #1357, 1000.000000000000000 ) ;
#2565 = ORIENTED_EDGE ( 'NONE', *, *, #1237, .F. ) ;
#2566 = CIRCLE ( 'NONE', #230, 7.500000000000013323 ) ;
#2567 = DIRECTION ( 'NONE',  ( 0.000000000000000000, 0.000000000000000000, 1.000000000000000000 ) ) ;
#2568 = VECTOR ( 'NONE', #1095, 1000.000000000000000 ) ;
#2569 = EDGE_CURVE ( 'NONE', #2133, #666, #1513, .T. ) ;
#2570 = VERTEX_POINT ( 'NONE', #719 ) ;
#2571 = VECTOR ( 'NONE', #2476, 1000.000000000000000 ) ;
#2572 = DIRECTION ( 'NONE',  ( 0.000000000000000000, 0.000000000000000000, 1.000000000000000000 ) ) ;
#2573 = CARTESIAN_POINT ( 'NONE',  ( 60.00000000000000000, 4.000000000000000000, -34.39999999999999858 ) ) ;
#2574 = EDGE_CURVE ( 'NONE', #1209, #2479, #1727, .T. ) ;
#2575 = AXIS2_PLACEMENT_3D ( 'NONE', #1839, #1379, #181 ) ;
#2576 = DIRECTION ( 'NONE',  ( 0.000000000000000000, 0.000000000000000000, 1.000000000000000000 ) ) ;
#2577 = LINE ( 'NONE', #2156, #2346 ) ;
#2578 = ORIENTED_EDGE ( 'NONE', *, *, #2372, .T. ) ;
#2579 = FACE_BOUND ( 'NONE', #1636, .T. ) ;
#2580 = ORIENTED_EDGE ( 'NONE', *, *, #1986, .T. ) ;
#2581 = CARTESIAN_POINT ( 'NONE',  ( -54.90000000000002700, 12.00000000000000000, -28.29999999999999716 ) ) ;
#2582 = EDGE_LOOP ( 'NONE', ( #1954, #2121 ) ) ;
#2583 = CYLINDRICAL_SURFACE ( 'NONE', #497, 2.250000000000001776 ) ;
#2584 = DIRECTION ( 'NONE',  ( 0.000000000000000000, 1.000000000000000000, 0.000000000000000000 ) ) ;
#2585 = EDGE_CURVE ( 'NONE', #214, #1061, #316, .T. ) ;
#2586 = EDGE_CURVE ( 'NONE', #703, #1082, #2185, .T. ) ;
#2587 = CARTESIAN_POINT ( 'NONE',  ( 54.89999999999999147, 12.00000000000000000, 37.50000000000000000 ) ) ;
#2588 = DIRECTION ( 'NONE',  ( 0.000000000000000000, 0.000000000000000000, 1.000000000000000000 ) ) ;
#2589 = ORIENTED_EDGE ( 'NONE', *, *, #206, .F. ) ;
#2590 = CARTESIAN_POINT ( 'NONE',  ( 70.00000000000000000, 0.000000000000000000, 67.49999999999998579 ) ) ;
#2591 = VERTEX_POINT ( 'NONE', #1128 ) ;
#2592 = ORIENTED_EDGE ( 'NONE', *, *, #184, .F. ) ;
#2593 = LINE ( 'NONE', #514, #1452 ) ;
#2594 = DIRECTION ( 'NONE',  ( -0.000000000000000000, 1.000000000000000000, -0.000000000000000000 ) ) ;
#2595 = CIRCLE ( 'NONE', #1520, 7.500000000000007105 ) ;
#2596 = FACE_OUTER_BOUND ( 'NONE', #1127, .T. ) ;
#2597 = DIRECTION ( 'NONE',  ( 0.000000000000000000, 1.000000000000000000, 0.000000000000000000 ) ) ;
#2598 = APPROVAL ( #772, 'UNSPECIFIED' ) ;
#2599 = ORIENTED_EDGE ( 'NONE', *, *, #1515, .T. ) ;
#2600 = DIRECTION ( 'NONE',  ( -1.000000000000000000, -0.000000000000000000, -2.426186679687842211E-16 ) ) ;
#2601 = VECTOR ( 'NONE', #637, 1000.000000000000000 ) ;
#2602 = ADVANCED_FACE ( 'NONE', ( #1541, #1156, #2326, #2336, #472, #482, #1755, #281, #2364, #512, #498, #1972, #2162 ), #293, .F. ) ;
#2603 = ORIENTED_EDGE ( 'NONE', *, *, #1218, .T. ) ;
#2604 = CIRCLE ( 'NONE', #1956, 1.500000000000001332 ) ;
#2605 = APPLICATION_PROTOCOL_DEFINITION ( 'international standard', 'config_control_design', 1994, #1804 ) ;
#2606 = VECTOR ( 'NONE', #735, 1000.000000000000000 ) ;
#2607 = ORIENTED_EDGE ( 'NONE', *, *, #303, .F. ) ;
#2608 = DIRECTION ( 'NONE',  ( 0.000000000000000000, 0.000000000000000000, -1.000000000000000000 ) ) ;
#2609 = AXIS2_PLACEMENT_3D ( 'NONE', #1208, #2017, #401 ) ;
#2610 = CARTESIAN_POINT ( 'NONE',  ( -80.00000000000004263, 4.000000000000000000, 34.39999999999999858 ) ) ;
#2611 = CARTESIAN_POINT ( 'NONE',  ( -54.90000000000001990, 12.00000000000000000, 37.50000000000000000 ) ) ;
#2612 = AXIS2_PLACEMENT_3D ( 'NONE', #1828, #2652, #585 ) ;
#2613 = CARTESIAN_POINT ( 'NONE',  ( -54.90000000000001990, 12.00000000000000000, 39.00000000000000000 ) ) ;
#2614 = CIRCLE ( 'NONE', #193, 2.250000000000001776 ) ;
#2615 = FACE_OUTER_BOUND ( 'NONE', #1140, .T. ) ;
#2616 = VERTEX_POINT ( 'NONE', #305 ) ;
#2617 = VECTOR ( 'NONE', #1862, 1000.000000000000000 ) ;
#2618 = CARTESIAN_POINT ( 'NONE',  ( 60.00000000000000000, 12.00000000000000000, -32.14999999999999858 ) ) ;
#2619 = ORIENTED_EDGE ( 'NONE', *, *, #558, .T. ) ;
#2620 = ADVANCED_FACE ( 'NONE', ( #1100 ), #2123, .F. ) ;
#2621 = DATE_AND_TIME ( #1403, #1773 ) ;
#2622 = ORIENTED_EDGE ( 'NONE', *, *, #1603, .T. ) ;
#2623 = DIRECTION ( 'NONE',  ( -0.000000000000000000, 1.000000000000000000, -0.000000000000000000 ) ) ;
#2624 = CARTESIAN_POINT ( 'NONE',  ( -60.00000000000002842, 12.00000000000000000, 36.64999999999999858 ) ) ;
#2625 = ORIENTED_EDGE ( 'NONE', *, *, #88, .F. ) ;
#2626 = DIRECTION ( 'NONE',  ( 0.000000000000000000, 0.000000000000000000, -1.000000000000000000 ) ) ;
#2627 = DIRECTION ( 'NONE',  ( 0.000000000000000000, 1.000000000000000000, 0.000000000000000000 ) ) ;
#2628 = ORIENTED_EDGE ( 'NONE', *, *, #1125, .T. ) ;
#2629 = FACE_OUTER_BOUND ( 'NONE', #1124, .T. ) ;
#2630 = DIRECTION ( 'NONE',  ( -2.569960705150826877E-16, 0.000000000000000000, -1.000000000000000000 ) ) ;
#2631 = EDGE_LOOP ( 'NONE', ( #2447, #768 ) ) ;
#2632 = VERTEX_POINT ( 'NONE', #1921 ) ;
#2633 = EDGE_CURVE ( 'NONE', #987, #2411, #1365, .T. ) ;
#2634 = LINE ( 'NONE', #130, #586 ) ;
#2635 = DIRECTION ( 'NONE',  ( -0.000000000000000000, -0.000000000000000000, 1.000000000000000000 ) ) ;
#2636 = ORIENTED_EDGE ( 'NONE', *, *, #439, .T. ) ;
#2637 = EDGE_CURVE ( 'NONE', #784, #1510, #196, .T. ) ;
#2638 = CARTESIAN_POINT ( 'NONE',  ( 70.00000000000000000, 15.00000000000000000, -60.00000000000001421 ) ) ;
#2639 = CARTESIAN_POINT ( 'NONE',  ( -80.00000000000004263, 12.00000000000000000, -34.39999999999999858 ) ) ;
#2640 = CIRCLE ( 'NONE', #1096, 1.500000000000001332 ) ;
#2641 = ORIENTED_EDGE ( 'NONE', *, *, #2129, .F. ) ;
#2642 = CARTESIAN_POINT ( 'NONE',  ( -70.00000000000002842, 0.000000000000000000, -52.50000000000000000 ) ) ;
#2643 = CARTESIAN_POINT ( 'NONE',  ( 85.00000000000000000, 12.00000000000000000, 9.099999999999999645 ) ) ;
#2644 = VERTEX_POINT ( 'NONE', #941 ) ;
#2645 = AXIS2_PLACEMENT_3D ( 'NONE', #1805, #2630, #326 ) ;
#2646 = VERTEX_POINT ( 'NONE', #2581 ) ;
#2647 = CARTESIAN_POINT ( 'NONE',  ( 74.89999999999999147, 15.00000000000000000, 24.80000000000000071 ) ) ;
#2648 = APPROVAL ( #1996, 'UNSPECIFIED' ) ;
#2649 = DIRECTION ( 'NONE',  ( 0.000000000000000000, 1.000000000000000000, 0.000000000000000000 ) ) ;
#2650 = VERTEX_POINT ( 'NONE', #1552 ) ;
#2651 = VECTOR ( 'NONE', #1746, 1000.000000000000000 ) ;
#2652 = DIRECTION ( 'NONE',  ( 0.000000000000000000, 1.000000000000000000, 0.000000000000000000 ) ) ;
#2653 = EDGE_CURVE ( 'NONE', #1238, #2089, #523, .T. ) ;
#2654 = DIRECTION ( 'NONE',  ( -0.000000000000000000, 1.000000000000000000, -0.000000000000000000 ) ) ;
#2655 = AXIS2_PLACEMENT_3D ( 'NONE', #288, #1162, #1519 ) ;
#2656 = EDGE_LOOP ( 'NONE', ( #1351, #346 ) ) ;
#2657 = AXIS2_PLACEMENT_3D ( 'NONE', #2610, #340, #1007 ) ;
#2658 = DIRECTION ( 'NONE',  ( 0.000000000000000000, -0.000000000000000000, 1.000000000000000000 ) ) ;
#2659 = DIRECTION ( 'NONE',  ( -0.000000000000000000, 1.000000000000000000, -0.000000000000000000 ) ) ;
#2660 = CIRCLE ( 'NONE', #544, 7.500000000000007105 ) ;
#2661 = ORIENTED_EDGE ( 'NONE', *, *, #754, .F. ) ;
#2662 = EDGE_LOOP ( 'NONE', ( #1563, #2347 ) ) ;
#2663 = LINE ( 'NONE', #596, #2012 ) ;
#2664 = CARTESIAN_POINT ( 'NONE',  ( -85.00000000000001421, 15.00000000000000000, 74.99999999999998579 ) ) ;
#2665 = ORIENTED_EDGE ( 'NONE', *, *, #1241, .F. ) ;
#2666 = PLANE ( 'NONE',  #357 ) ;
#2667 = FACE_OUTER_BOUND ( 'NONE', #154, .T. ) ;
#2668 = VERTEX_POINT ( 'NONE', #2176 ) ;
#2669 = EDGE_CURVE ( 'NONE', #2591, #2149, #2660, .T. ) ;
#2670 = ADVANCED_FACE ( 'NONE', ( #2137 ), #1116, .F. ) ;
#2671 = DIRECTION ( 'NONE',  ( -0.000000000000000000, 1.000000000000000000, -0.000000000000000000 ) ) ;
#2672 = DIRECTION ( 'NONE',  ( 0.000000000000000000, 1.000000000000000000, 0.000000000000000000 ) ) ;
#2673 = EDGE_LOOP ( 'NONE', ( #1150, #901, #831, #913 ) ) ;
#2674 = EDGE_CURVE ( 'NONE', #2479, #1225, #977, .T. ) ;
#2675 = ORIENTED_EDGE ( 'NONE', *, *, #1430, .F. ) ;
#2676 = CARTESIAN_POINT ( 'NONE',  ( -54.90000000000001990, 12.00000000000000000, 39.00000000000000000 ) ) ;
#2677 = DIRECTION ( 'NONE',  ( -0.000000000000000000, 1.000000000000000000, -0.000000000000000000 ) ) ;
#2678 = ORIENTED_EDGE ( 'NONE', *, *, #1641, .T. ) ;
#2679 = CARTESIAN_POINT ( 'NONE',  ( 70.00000000000000000, 0.000000000000000000, -60.00000000000001421 ) ) ;
#2680 = DIRECTION ( 'NONE',  ( -0.000000000000000000, 1.000000000000000000, -0.000000000000000000 ) ) ;
#2681 = ORIENTED_EDGE ( 'NONE', *, *, #2157, .F. ) ;
ENDSEC;
END-ISO-10303-21;
