ISO-10303-21;
HEADER;
FILE_DESCRIPTION (( 'STEP AP203' ),
    '1' );
FILE_NAME ('side_stopper.STEP',
    '2025-12-17T10:19:22',
    ( '' ),
    ( '' ),
    'SwSTEP 2.0',
    'SolidWorks 2025',
    '' );
FILE_SCHEMA (( 'CONFIG_CONTROL_DESIGN' ));
ENDSEC;

DATA;
#1 = CARTESIAN_POINT ( 'NONE',  ( 0.000000000000000000, -16.49999999999966604, -34.50000000000001421 ) ) ;
#2 = VERTEX_POINT ( 'NONE', #866 ) ;
#3 = DIRECTION ( 'NONE',  ( 1.000000000000000000, 0.000000000000000000, 0.000000000000000000 ) ) ;
#4 = EDGE_CURVE ( 'NONE', #1457, #82, #624, .T. ) ;
#5 = DIRECTION ( 'NONE',  ( -1.000000000000000000, -0.000000000000000000, -0.000000000000000000 ) ) ;
#6 = ADVANCED_FACE ( 'NONE', ( #749, #148, #1257 ), #493, .T. ) ;
#7 = DIRECTION ( 'NONE',  ( -0.000000000000000000, 7.709882115452481125E-16, -1.000000000000000000 ) ) ;
#8 = FACE_OUTER_BOUND ( 'NONE', #888, .T. ) ;
#9 = ORIENTED_EDGE ( 'NONE', *, *, #1294, .F. ) ;
#10 = CARTESIAN_POINT ( 'NONE',  ( 5.000000000000000000, -16.50000000000000000, -30.00000000000000000 ) ) ;
#11 = ORIENTED_EDGE ( 'NONE', *, *, #745, .F. ) ;
#12 = DIRECTION ( 'NONE',  ( -1.000000000000000000, -0.000000000000000000, -0.000000000000000000 ) ) ;
#13 = APPROVAL ( #933, 'UNSPECIFIED' ) ;
#14 = DIRECTION ( 'NONE',  ( 0.000000000000000000, 2.040851148208007998E-15, 1.000000000000000000 ) ) ;
#15 = CARTESIAN_POINT ( 'NONE',  ( -24.99999999999999645, 0.000000000000000000, 0.000000000000000000 ) ) ;
#16 = DIRECTION ( 'NONE',  ( 1.000000000000000000, 0.000000000000000000, 0.000000000000000000 ) ) ;
#17 = DIRECTION ( 'NONE',  ( -1.000000000000000000, -0.000000000000000000, -0.000000000000000000 ) ) ;
#18 = ORIENTED_EDGE ( 'NONE', *, *, #971, .T. ) ;
#19 = FACE_OUTER_BOUND ( 'NONE', #820, .T. ) ;
#20 = CARTESIAN_POINT ( 'NONE',  ( -5.000000000000000000, -28.49999999999999645, -30.00000000000000000 ) ) ;
#21 = AXIS2_PLACEMENT_3D ( 'NONE', #614, #1498, #1414 ) ;
#22 = CARTESIAN_POINT ( 'NONE',  ( -24.99999999999999645, -28.49999999999999645, -39.00000000000000711 ) ) ;
#23 = DIRECTION ( 'NONE',  ( -0.000000000000000000, 0.000000000000000000, 1.000000000000000000 ) ) ;
#24 = ADVANCED_FACE ( 'NONE', ( #999 ), #387, .F. ) ;
#25 = DIRECTION ( 'NONE',  ( 1.000000000000000000, -0.000000000000000000, -0.000000000000000000 ) ) ;
#26 = VECTOR ( 'NONE', #578, 1000.000000000000000 ) ;
#27 = CARTESIAN_POINT ( 'NONE',  ( 5.000000000000000000, -13.49999999999999822, 30.00000000000000000 ) ) ;
#28 = ORIENTED_EDGE ( 'NONE', *, *, #868, .F. ) ;
#29 = PLANE ( 'NONE',  #475 ) ;
#30 = EDGE_LOOP ( 'NONE', ( #978, #1408, #1560, #948, #350, #651, #476, #844, #1147, #167, #1107, #1250, #594, #822, #124, #965 ) ) ;
#31 = CARTESIAN_POINT ( 'NONE',  ( -8.000000000000000000, -16.50000000000000000, -30.00000000000000000 ) ) ;
#32 = DIRECTION ( 'NONE',  ( 1.000000000000000000, -0.000000000000000000, -0.000000000000000000 ) ) ;
#33 = DIRECTION ( 'NONE',  ( 0.000000000000000000, 0.000000000000000000, -1.000000000000000000 ) ) ;
#34 = EDGE_CURVE ( 'NONE', #1076, #313, #649, .T. ) ;
#35 = DIRECTION ( 'NONE',  ( 0.000000000000000000, 1.067522139062651855E-15, 1.000000000000000000 ) ) ;
#36 = AXIS2_PLACEMENT_3D ( 'NONE', #219, #1094, #469 ) ;
#37 = ORIENTED_EDGE ( 'NONE', *, *, #1430, .T. ) ;
#38 = PERSON_AND_ORGANIZATION_ROLE ( 'design_owner' ) ;
#39 = CIRCLE ( 'NONE', #193, 3.000000000000002665 ) ;
#40 = ORIENTED_EDGE ( 'NONE', *, *, #1332, .F. ) ;
#41 = AXIS2_PLACEMENT_3D ( 'NONE', #117, #981, #1589 ) ;
#42 = DIRECTION ( 'NONE',  ( -0.000000000000000000, 0.000000000000000000, -1.000000000000000000 ) ) ;
#43 = FACE_BOUND ( 'NONE', #1567, .T. ) ;
#44 = VECTOR ( 'NONE', #394, 1000.000000000000000 ) ;
#45 = CARTESIAN_POINT ( 'NONE',  ( -19.99999999999999289, -16.49999999999959144, 31.24999999999999289 ) ) ;
#46 = VERTEX_POINT ( 'NONE', #641 ) ;
#47 = APPROVAL_STATUS ( 'not_yet_approved' ) ;
#48 = ORIENTED_EDGE ( 'NONE', *, *, #1261, .F. ) ;
#49 = PRODUCT_RELATED_PRODUCT_CATEGORY ( 'detail', '', ( #356 ) ) ;
#50 = ADVANCED_FACE ( 'NONE', ( #1158 ), #1383, .F. ) ;
#51 = DIRECTION ( 'NONE',  ( 0.000000000000000000, 1.067522139062651855E-15, 1.000000000000000000 ) ) ;
#52 = AXIS2_PLACEMENT_3D ( 'NONE', #963, #586, #1468 ) ;
#53 = DIRECTION ( 'NONE',  ( -0.000000000000000000, -1.000000000000000000, 5.782411586589345806E-16 ) ) ;
#54 = CIRCLE ( 'NONE', #1010, 3.249999999999996003 ) ;
#55 = CARTESIAN_POINT ( 'NONE',  ( -5.000000000000000000, -13.49999999999999822, 26.99999999999999645 ) ) ;
#56 = VERTEX_POINT ( 'NONE', #527 ) ;
#57 = ORIENTED_EDGE ( 'NONE', *, *, #531, .T. ) ;
#58 = DIRECTION ( 'NONE',  ( -0.000000000000000000, 1.000000000000000000, -1.156482317317871725E-15 ) ) ;
#59 = EDGE_CURVE ( 'NONE', #459, #1234, #54, .T. ) ;
#60 = DIRECTION ( 'NONE',  ( 0.000000000000000000, 1.067522139062651855E-15, 1.000000000000000000 ) ) ;
#61 = AXIS2_PLACEMENT_3D ( 'NONE', #372, #1138, #1517 ) ;
#62 = PLANE ( 'NONE',  #1051 ) ;
#63 = VERTEX_POINT ( 'NONE', #1613 ) ;
#64 = AXIS2_PLACEMENT_3D ( 'NONE', #1435, #801, #1330 ) ;
#65 = DATE_AND_TIME ( #1544, #893 ) ;
#66 = ORIENTED_EDGE ( 'NONE', *, *, #804, .T. ) ;
#67 = LINE ( 'NONE', #928, #507 ) ;
#68 = CYLINDRICAL_SURFACE ( 'NONE', #446, 3.000000000000002665 ) ;
#69 = CARTESIAN_POINT ( 'NONE',  ( -6.952374778282822909, -16.49564821610941934, 29.82380142114245203 ) ) ;
#70 = VECTOR ( 'NONE', #1394, 1000.000000000000000 ) ;
#71 = ORIENTED_EDGE ( 'NONE', *, *, #1224, .F. ) ;
#72 = APPROVAL_ROLE ( '' ) ;
#73 = EDGE_LOOP ( 'NONE', ( #18, #1067, #1223, #1327 ) ) ;
#74 = CYLINDRICAL_SURFACE ( 'NONE', #724, 2.999999999999999112 ) ;
#75 = VECTOR ( 'NONE', #377, 1000.000000000000000 ) ;
#76 = LINE ( 'NONE', #453, #924 ) ;
#77 = DIRECTION ( 'NONE',  ( -0.000000000000000000, 1.000000000000000000, -1.156482317317871725E-15 ) ) ;
#78 = EDGE_CURVE ( 'NONE', #1228, #466, #465, .T. ) ;
#79 = VERTEX_POINT ( 'NONE', #290 ) ;
#80 = FACE_OUTER_BOUND ( 'NONE', #599, .T. ) ;
#81 = EDGE_CURVE ( 'NONE', #697, #402, #779, .T. ) ;
#82 = VERTEX_POINT ( 'NONE', #1295 ) ;
#83 = DIRECTION ( 'NONE',  ( -0.000000000000000000, 1.000000000000000000, -1.156482317317871725E-15 ) ) ;
#84 = DIRECTION ( 'NONE',  ( -0.000000000000000000, 1.000000000000000000, -1.156482317317871725E-15 ) ) ;
#85 = FACE_OUTER_BOUND ( 'NONE', #156, .T. ) ;
#86 = ORIENTED_EDGE ( 'NONE', *, *, #619, .F. ) ;
#87 = CARTESIAN_POINT ( 'NONE',  ( -6.710692117886074115, -16.48660265537833070, -29.71208034050550850 ) ) ;
#88 = EDGE_CURVE ( 'NONE', #115, #1336, #1551, .T. ) ;
#89 = VECTOR ( 'NONE', #17, 1000.000000000000000 ) ;
#90 = ORIENTED_EDGE ( 'NONE', *, *, #788, .F. ) ;
#91 = LINE ( 'NONE', #483, #371 ) ;
#92 = EDGE_CURVE ( 'NONE', #1115, #138, #760, .T. ) ;
#93 = CARTESIAN_POINT ( 'NONE',  ( -5.000000000000000000, 13.49999999999999822, -30.00000000000000000 ) ) ;
#94 = ORIENTED_EDGE ( 'NONE', *, *, #819, .T. ) ;
#95 = DIRECTION ( 'NONE',  ( -0.000000000000000000, 5.782411586589345806E-16, 1.000000000000000000 ) ) ;
#96 = AXIS2_PLACEMENT_3D ( 'NONE', #241, #23, #1247 ) ;
#97 = ADVANCED_FACE ( 'NONE', ( #786, #535 ), #62, .F. ) ;
#98 = ORIENTED_EDGE ( 'NONE', *, *, #1547, .T. ) ;
#99 = DIRECTION ( 'NONE',  ( 0.000000000000000000, 9.251858538542969855E-16, -1.000000000000000000 ) ) ;
#100 = EDGE_CURVE ( 'NONE', #1392, #1115, #969, .T. ) ;
#101 = DIRECTION ( 'NONE',  ( -0.000000000000000000, 1.000000000000000000, -1.156482317317871725E-15 ) ) ;
#102 = AXIS2_PLACEMENT_3D ( 'NONE', #620, #506, #1512 ) ;
#103 = ORIENTED_EDGE ( 'NONE', *, *, #4, .F. ) ;
#104 = CARTESIAN_POINT ( 'NONE',  ( -5.205574749035330129, -15.82250203934927235, -28.09690201343611804 ) ) ;
#105 = EDGE_LOOP ( 'NONE', ( #1100, #472, #1325, #90 ) ) ;
#106 = DIRECTION ( 'NONE',  ( -0.000000000000000000, 1.000000000000000000, -1.156482317317871725E-15 ) ) ;
#107 = CARTESIAN_POINT ( 'NONE',  ( 0.000000000000000000, -16.49999999999958433, 36.19999999999999574 ) ) ;
#108 = ADVANCED_FACE ( 'NONE', ( #1423 ), #207, .F. ) ;
#109 = ORIENTED_EDGE ( 'NONE', *, *, #1075, .F. ) ;
#110 = ORIENTED_EDGE ( 'NONE', *, *, #1249, .T. ) ;
#111 = CYLINDRICAL_SURFACE ( 'NONE', #1452, 1.700000000000007061 ) ;
#112 = DIRECTION ( 'NONE',  ( 0.000000000000000000, 0.000000000000000000, -1.000000000000000000 ) ) ;
#113 = DIRECTION ( 'NONE',  ( 0.000000000000000000, 1.067522139062651855E-15, 1.000000000000000000 ) ) ;
#114 = AXIS2_PLACEMENT_3D ( 'NONE', #170, #1328, #1576 ) ;
#115 = VERTEX_POINT ( 'NONE', #673 ) ;
#116 = EDGE_LOOP ( 'NONE', ( #1530, #392 ) ) ;
#117 = CARTESIAN_POINT ( 'NONE',  ( 5.000000000000000000, 24.00000000000000711, -33.00000000000000711 ) ) ;
#118 = VECTOR ( 'NONE', #1082, 1000.000000000000000 ) ;
#119 = DIRECTION ( 'NONE',  ( -0.000000000000000000, 1.000000000000000000, -1.156482317317871725E-15 ) ) ;
#120 = CARTESIAN_POINT ( 'NONE',  ( -5.000000000000000000, 16.50000000000000711, -38.99999999999999289 ) ) ;
#121 = EDGE_LOOP ( 'NONE', ( #150, #752, #244, #1106 ) ) ;
#122 = EDGE_CURVE ( 'NONE', #1588, #524, #1453, .T. ) ;
#123 = AXIS2_PLACEMENT_3D ( 'NONE', #696, #101, #1117 ) ;
#124 = ORIENTED_EDGE ( 'NONE', *, *, #263, .T. ) ;
#125 = DIRECTION ( 'NONE',  ( 0.000000000000000000, 1.000000000000000000, 0.000000000000000000 ) ) ;
#126 = LINE ( 'NONE', #525, #1071 ) ;
#127 = LINE ( 'NONE', #612, #504 ) ;
#128 = CIRCLE ( 'NONE', #233, 3.000000000000002665 ) ;
#129 = DIRECTION ( 'NONE',  ( 0.000000000000000000, -1.000000000000000000, 1.156482317317871725E-15 ) ) ;
#130 = CARTESIAN_POINT ( 'NONE',  ( -8.000000000000000000, -28.49999999999999645, 30.00000000000000000 ) ) ;
#131 = CYLINDRICAL_SURFACE ( 'NONE', #1239, 3.249999999999996003 ) ;
#132 = ORIENTED_EDGE ( 'NONE', *, *, #1113, .F. ) ;
#133 = EDGE_CURVE ( 'NONE', #831, #459, #937, .T. ) ;
#134 = CARTESIAN_POINT ( 'NONE',  ( 5.000000000000000000, 24.00000000000000000, 33.00000000000000711 ) ) ;
#135 = DIRECTION ( 'NONE',  ( 0.000000000000000000, 0.000000000000000000, -1.000000000000000000 ) ) ;
#136 = FACE_BOUND ( 'NONE', #592, .T. ) ;
#137 = DIRECTION ( 'NONE',  ( -0.000000000000000000, 1.000000000000000000, -1.156482317317871725E-15 ) ) ;
#138 = VERTEX_POINT ( 'NONE', #818 ) ;
#139 = LINE ( 'NONE', #280, #1160 ) ;
#140 = VERTEX_POINT ( 'NONE', #45 ) ;
#141 = ORIENTED_EDGE ( 'NONE', *, *, #778, .T. ) ;
#142 = DIRECTION ( 'NONE',  ( -0.000000000000000000, 1.000000000000000000, -1.156482317317871725E-15 ) ) ;
#143 = EDGE_CURVE ( 'NONE', #774, #1179, #1443, .T. ) ;
#144 = VECTOR ( 'NONE', #32, 1000.000000000000000 ) ;
#145 = CIRCLE ( 'NONE', #1063, 3.249999999999996003 ) ;
#146 = DIRECTION ( 'NONE',  ( -0.000000000000000000, 1.000000000000000000, 3.854941057726238097E-16 ) ) ;
#147 = CARTESIAN_POINT ( 'NONE',  ( 5.000000000000000000, 24.00000000000000000, 33.00000000000000711 ) ) ;
#148 = FACE_BOUND ( 'NONE', #743, .T. ) ;
#149 = CARTESIAN_POINT ( 'NONE',  ( 5.000000000000000000, -16.50000000000000000, 30.00000000000000000 ) ) ;
#150 = ORIENTED_EDGE ( 'NONE', *, *, #953, .F. ) ;
#151 = CARTESIAN_POINT ( 'NONE',  ( 5.000000000000000000, 24.00000000000000000, 36.10000000000000853 ) ) ;
#152 = CYLINDRICAL_SURFACE ( 'NONE', #982, 3.249999999999996003 ) ;
#153 = FACE_OUTER_BOUND ( 'NONE', #1454, .T. ) ;
#154 = EDGE_CURVE ( 'NONE', #1575, #2, #1324, .T. ) ;
#155 = LINE ( 'NONE', #1283, #600 ) ;
#156 = EDGE_LOOP ( 'NONE', ( #567, #951, #967, #1024 ) ) ;
#157 = EDGE_CURVE ( 'NONE', #574, #1076, #212, .T. ) ;
#158 = FACE_OUTER_BOUND ( 'NONE', #1466, .T. ) ;
#159 = ORIENTED_EDGE ( 'NONE', *, *, #289, .F. ) ;
#160 = ORIENTED_EDGE ( 'NONE', *, *, #81, .T. ) ;
#161 = LINE ( 'NONE', #20, #770 ) ;
#162 = CYLINDRICAL_SURFACE ( 'NONE', #841, 3.100000000000005418 ) ;
#163 = VECTOR ( 'NONE', #755, 1000.000000000000000 ) ;
#164 = DIRECTION ( 'NONE',  ( -0.000000000000000000, 1.000000000000000000, -1.156482317317871725E-15 ) ) ;
#165 = EDGE_CURVE ( 'NONE', #1552, #468, #942, .T. ) ;
#166 = ADVANCED_FACE ( 'NONE', ( #665 ), #1065, .F. ) ;
#167 = ORIENTED_EDGE ( 'NONE', *, *, #440, .T. ) ;
#168 = APPROVAL_DATE_TIME ( #530, #853 ) ;
#169 = ORIENTED_EDGE ( 'NONE', *, *, #1462, .F. ) ;
#170 = CARTESIAN_POINT ( 'NONE',  ( -8.000000000000000000, -28.49999999999999645, -27.00000000000000000 ) ) ;
#171 = DIRECTION ( 'NONE',  ( 0.000000000000000000, -0.000000000000000000, 1.000000000000000000 ) ) ;
#172 = VECTOR ( 'NONE', #1507, 1000.000000000000000 ) ;
#173 = AXIS2_PLACEMENT_3D ( 'NONE', #1246, #703, #725 ) ;
#174 = CARTESIAN_POINT ( 'NONE',  ( -5.288829013830793180, -15.96743957652241619, 28.28898551874083367 ) ) ;
#175 = ORIENTED_EDGE ( 'NONE', *, *, #509, .F. ) ;
#176 = APPROVAL_ROLE ( '' ) ;
#177 = EDGE_CURVE ( 'NONE', #417, #1252, #1463, .T. ) ;
#178 = VERTEX_POINT ( 'NONE', #827 ) ;
#179 = CIRCLE ( 'NONE', #737, 3.249999999999996003 ) ;
#180 = CARTESIAN_POINT ( 'NONE',  ( -8.000000000000000000, -28.49999999999999645, 27.00000000000000000 ) ) ;
#181 = ADVANCED_FACE ( 'NONE', ( #85 ), #690, .F. ) ;
#182 = CARTESIAN_POINT ( 'NONE',  ( -20.00000000000000000, -16.49999999999966249, -31.25000000000002132 ) ) ;
#183 = DIRECTION ( 'NONE',  ( 0.000000000000000000, 0.000000000000000000, 1.000000000000000000 ) ) ;
#184 = ORIENTED_EDGE ( 'NONE', *, *, #1332, .T. ) ;
#185 = CC_DESIGN_PERSON_AND_ORGANIZATION_ASSIGNMENT ( #1438, #1059, ( #1407 ) ) ;
#186 = EDGE_LOOP ( 'NONE', ( #94, #576, #1351, #529 ) ) ;
#187 = DIRECTION ( 'NONE',  ( 0.000000000000000000, -3.854941057726237604E-16, 1.000000000000000000 ) ) ;
#188 = DIRECTION ( 'NONE',  ( -0.000000000000000000, 1.000000000000000000, -0.000000000000000000 ) ) ;
#189 = CARTESIAN_POINT ( 'NONE',  ( -5.202266215340182853, -15.81551703548220900, 28.08840132944715506 ) ) ;
#190 = EDGE_LOOP ( 'NONE', ( #28, #1170, #487, #799 ) ) ;
#191 = EDGE_LOOP ( 'NONE', ( #132, #1592, #765, #1500 ) ) ;
#192 = FACE_OUTER_BOUND ( 'NONE', #73, .T. ) ;
#193 = AXIS2_PLACEMENT_3D ( 'NONE', #723, #1352, #1231 ) ;
#194 = DIRECTION ( 'NONE',  ( -0.000000000000000000, 1.000000000000000000, -1.156482317317871725E-15 ) ) ;
#195 = ADVANCED_FACE ( 'NONE', ( #1579 ), #454, .F. ) ;
#196 = DIRECTION ( 'NONE',  ( -0.000000000000000000, 1.000000000000000000, -1.156482317317871725E-15 ) ) ;
#197 = EDGE_CURVE ( 'NONE', #636, #1457, #1509, .T. ) ;
#198 = ORIENTED_EDGE ( 'NONE', *, *, #177, .T. ) ;
#199 = CARTESIAN_POINT ( 'NONE',  ( -5.000000000000000000, 31.50000000000000000, 39.00000000000000711 ) ) ;
#200 = DATE_AND_TIME ( #323, #603 ) ;
#201 = VERTEX_POINT ( 'NONE', #1404 ) ;
#202 = CARTESIAN_POINT ( 'NONE',  ( 5.000000000000000000, 16.50000000000000711, -38.99999999999999289 ) ) ;
#203 = VECTOR ( 'NONE', #5, 1000.000000000000000 ) ;
#204 = CARTESIAN_POINT ( 'NONE',  ( 0.000000000000000000, -16.49999999999966604, -34.50000000000001421 ) ) ;
#205 = CIRCLE ( 'NONE', #876, 3.000000000000002665 ) ;
#206 = EDGE_CURVE ( 'NONE', #697, #1179, #1385, .T. ) ;
#207 = CYLINDRICAL_SURFACE ( 'NONE', #319, 3.100000000000005418 ) ;
#208 = ORIENTED_EDGE ( 'NONE', *, *, #767, .F. ) ;
#209 = CARTESIAN_POINT ( 'NONE',  ( -24.99999999999999645, -28.49999999999999645, -30.00000000000000000 ) ) ;
#210 = VERTEX_POINT ( 'NONE', #1285 ) ;
#211 = CARTESIAN_POINT ( 'NONE',  ( 0.000000000000000000, -16.49999999999958789, 34.49999999999998579 ) ) ;
#212 = B_SPLINE_CURVE_WITH_KNOTS ( 'NONE', 3,
 ( #55, #312, #428, #542, #422, #1195, #931, #1049, #305, #1072, #189, #174, #1168, #1572, #444, #1185, #320, #1542, #1550, #414, #1436, #1429, #69, #559, #809, #795 ),
 .UNSPECIFIED., .F., .F.,
 ( 4, 2, 2, 2, 2, 2, 2, 2, 2, 2, 2, 2, 4 ),
 ( 0.000000000000000000, 0.0007946724290456268908, 0.001192008643568441854, 0.001589344858091256600, 0.002384017287136881540, 0.002781353501659689781, 0.003178689716182498022, 0.003576025930705307131, 0.003973362145228116239, 0.004370698359750924480, 0.004768034574273732722, 0.005562707003319346602, 0.006357379432364960482 ),
 .UNSPECIFIED. ) ;
#213 = LINE ( 'NONE', #1570, #672 ) ;
#214 = CIRCLE ( 'NONE', #36, 3.249999999999996003 ) ;
#215 = VERTEX_POINT ( 'NONE', #494 ) ;
#216 = CARTESIAN_POINT ( 'NONE',  ( -5.532560423477578482, -16.21117098616920060, -28.71101448125915923 ) ) ;
#217 = EDGE_CURVE ( 'NONE', #402, #313, #1020, .T. ) ;
#218 = ORIENTED_EDGE ( 'NONE', *, *, #519, .F. ) ;
#219 = CARTESIAN_POINT ( 'NONE',  ( 0.000000000000000000, -19.89999999999966818, -34.50000000000000711 ) ) ;
#220 = LINE ( 'NONE', #470, #1038 ) ;
#221 = ORIENTED_EDGE ( 'NONE', *, *, #289, .T. ) ;
#222 = DIRECTION ( 'NONE',  ( -1.000000000000000000, -0.000000000000000000, -0.000000000000000000 ) ) ;
#223 = CIRCLE ( 'NONE', #764, 3.249999999999996003 ) ;
#224 = ORIENTED_EDGE ( 'NONE', *, *, #826, .F. ) ;
#225 = ADVANCED_FACE ( 'NONE', ( #1526 ), #131, .F. ) ;
#226 = EDGE_CURVE ( 'NONE', #972, #774, #139, .T. ) ;
#227 = DIRECTION ( 'NONE',  ( -0.000000000000000000, 1.000000000000000000, -1.156482317317871725E-15 ) ) ;
#228 = VERTEX_POINT ( 'NONE', #521 ) ;
#229 = ORIENTED_EDGE ( 'NONE', *, *, #1506, .F. ) ;
#230 = CARTESIAN_POINT ( 'NONE',  ( -19.99999999999999289, -19.89999999999959002, 32.79999999999998295 ) ) ;
#231 = EDGE_CURVE ( 'NONE', #524, #1058, #445, .T. ) ;
#232 = DIRECTION ( 'NONE',  ( -0.000000000000000000, 1.000000000000000000, -1.156482317317871725E-15 ) ) ;
#233 = AXIS2_PLACEMENT_3D ( 'NONE', #384, #1134, #1014 ) ;
#234 = CARTESIAN_POINT ( 'NONE',  ( 2.081899558550497814E-16, -28.49999999999967315, 32.80000000000000426 ) ) ;
#235 = ORIENTED_EDGE ( 'NONE', *, *, #1145, .F. ) ;
#236 = AXIS2_PLACEMENT_3D ( 'NONE', #550, #1312, #183 ) ;
#237 = ORIENTED_EDGE ( 'NONE', *, *, #206, .T. ) ;
#238 = DIRECTION ( 'NONE',  ( 1.000000000000000000, -0.000000000000000000, -0.000000000000000000 ) ) ;
#239 = CARTESIAN_POINT ( 'NONE',  ( -20.00000000000000000, -19.89999999999966818, -34.50000000000000711 ) ) ;
#240 = EDGE_CURVE ( 'NONE', #972, #1076, #1140, .T. ) ;
#241 = CARTESIAN_POINT ( 'NONE',  ( 5.000000000000000000, 13.49999999999999822, -26.99999999999999645 ) ) ;
#242 = ORIENTED_EDGE ( 'NONE', *, *, #691, .T. ) ;
#243 = ADVANCED_FACE ( 'NONE', ( #158 ), #398, .F. ) ;
#244 = ORIENTED_EDGE ( 'NONE', *, *, #59, .T. ) ;
#245 = CARTESIAN_POINT ( 'NONE',  ( -24.99999999999999645, -16.49999999999999645, 39.00000000000000000 ) ) ;
#246 = AXIS2_PLACEMENT_3D ( 'NONE', #857, #357, #379 ) ;
#247 = CARTESIAN_POINT ( 'NONE',  ( -20.00000000000000000, -16.49999999999966604, -34.50000000000001421 ) ) ;
#248 = DIRECTION ( 'NONE',  ( 1.000000000000000000, 0.000000000000000000, 0.000000000000000000 ) ) ;
#249 = DIRECTION ( 'NONE',  ( 1.000000000000000000, 0.000000000000000000, 0.000000000000000000 ) ) ;
#250 = ADVANCED_FACE ( 'NONE', ( #407 ), #1130, .F. ) ;
#251 = ORIENTED_EDGE ( 'NONE', *, *, #154, .F. ) ;
#252 = CC_DESIGN_APPROVAL ( #13, ( #451 ) ) ;
#253 = CARTESIAN_POINT ( 'NONE',  ( -19.99999999999999289, -28.49999999999967315, 34.50000000000000000 ) ) ;
#254 = EDGE_LOOP ( 'NONE', ( #687, #1607, #141, #261 ) ) ;
#255 = CIRCLE ( 'NONE', #1118, 3.000000000000002665 ) ;
#256 = DIRECTION ( 'NONE',  ( 0.000000000000000000, 1.067522139062651855E-15, 1.000000000000000000 ) ) ;
#257 = CYLINDRICAL_SURFACE ( 'NONE', #1149, 1.700000000000007061 ) ;
#258 = DIRECTION ( 'NONE',  ( -1.000000000000000000, -0.000000000000000000, -0.000000000000000000 ) ) ;
#259 = DIRECTION ( 'NONE',  ( -0.000000000000000000, -0.000000000000000000, -1.000000000000000000 ) ) ;
#260 = DIRECTION ( 'NONE',  ( 0.000000000000000000, 1.067522139062651855E-15, 1.000000000000000000 ) ) ;
#261 = ORIENTED_EDGE ( 'NONE', *, *, #1294, .T. ) ;
#262 =( LENGTH_UNIT ( ) NAMED_UNIT ( * ) SI_UNIT ( .MILLI., .METRE. ) );
#263 = EDGE_CURVE ( 'NONE', #63, #56, #1129, .T. ) ;
#264 = CARTESIAN_POINT ( 'NONE',  ( -5.000000000000000000, -28.49999999999999645, -27.00000000000000000 ) ) ;
#265 = AXIS2_PLACEMENT_3D ( 'NONE', #869, #1518, #1377 ) ;
#266 = VECTOR ( 'NONE', #815, 1000.000000000000000 ) ;
#267 = CARTESIAN_POINT ( 'NONE',  ( 3.980102097228892808E-16, -16.49999999999959144, 31.24999999999999289 ) ) ;
#268 = DIRECTION ( 'NONE',  ( -0.000000000000000000, 1.000000000000000000, -1.156482317317871725E-15 ) ) ;
#269 = AXIS2_PLACEMENT_3D ( 'NONE', #846, #496, #1371 ) ;
#270 = ORIENTED_EDGE ( 'NONE', *, *, #681, .F. ) ;
#271 = DIRECTION ( 'NONE',  ( 0.000000000000000000, 2.040851148207999715E-15, 1.000000000000000000 ) ) ;
#272 = EDGE_LOOP ( 'NONE', ( #449, #1363, #895, #838 ) ) ;
#273 = LINE ( 'NONE', #245, #885 ) ;
#274 = EDGE_CURVE ( 'NONE', #82, #1131, #1011, .T. ) ;
#275 = LINE ( 'NONE', #1025, #1045 ) ;
#276 = AXIS2_PLACEMENT_3D ( 'NONE', #1515, #748, #1497 ) ;
#277 = CARTESIAN_POINT ( 'NONE',  ( -15.00000000000000000, 24.00000000000000000, 29.90000000000000924 ) ) ;
#278 = DIRECTION ( 'NONE',  ( 0.000000000000000000, -1.156482317317871725E-15, -1.000000000000000000 ) ) ;
#279 = CARTESIAN_POINT ( 'NONE',  ( 5.000000000000000000, -16.49999999999997158, -30.00000000000000711 ) ) ;
#280 = CARTESIAN_POINT ( 'NONE',  ( 5.000000000000000000, -16.49999999999999289, 30.00000000000000000 ) ) ;
#281 = ORIENTED_EDGE ( 'NONE', *, *, #463, .F. ) ;
#282 = AXIS2_PLACEMENT_3D ( 'NONE', #863, #1495, #1219 ) ;
#283 = VECTOR ( 'NONE', #238, 1000.000000000000000 ) ;
#284 = ORIENTED_EDGE ( 'NONE', *, *, #484, .F. ) ;
#285 = CARTESIAN_POINT ( 'NONE',  ( -8.000000000000000000, -16.49999999999999289, 30.00000000000000000 ) ) ;
#286 = APPROVAL ( #537, 'UNSPECIFIED' ) ;
#287 = VECTOR ( 'NONE', #1275, 1000.000000000000000 ) ;
#288 = LINE ( 'NONE', #1413, #1456 ) ;
#289 = EDGE_CURVE ( 'NONE', #1058, #524, #1054, .T. ) ;
#290 = CARTESIAN_POINT ( 'NONE',  ( -19.99999999999999289, -19.89999999999959002, 31.25000000000000000 ) ) ;
#291 = DIRECTION ( 'NONE',  ( 1.000000000000000000, 0.000000000000000000, 0.000000000000000000 ) ) ;
#292 = ORIENTED_EDGE ( 'NONE', *, *, #122, .F. ) ;
#293 = DATE_TIME_ROLE ( 'classification_date' ) ;
#294 = CARTESIAN_POINT ( 'NONE',  ( -20.00000000000000000, -16.49999999999966249, -31.25000000000002132 ) ) ;
#295 = DIRECTION ( 'NONE',  ( 0.000000000000000000, 1.000000000000000000, 0.000000000000000000 ) ) ;
#296 = DIRECTION ( 'NONE',  ( -0.000000000000000000, 1.000000000000000000, -1.156482317317871725E-15 ) ) ;
#297 = ORIENTED_EDGE ( 'NONE', *, *, #316, .T. ) ;
#298 = PERSON_AND_ORGANIZATION_ROLE ( 'design_supplier' ) ;
#299 = ORIENTED_EDGE ( 'NONE', *, *, #1559, .F. ) ;
#300 = VECTOR ( 'NONE', #1600, 1000.000000000000000 ) ;
#301 = DIRECTION ( 'NONE',  ( 0.000000000000000000, 1.000000000000000000, -1.156482317317871291E-14 ) ) ;
#302 = DIRECTION ( 'NONE',  ( -1.000000000000000000, -0.000000000000000000, -0.000000000000000000 ) ) ;
#303 = AXIS2_PLACEMENT_3D ( 'NONE', #1583, #852, #952 ) ;
#304 = VECTOR ( 'NONE', #222, 1000.000000000000000 ) ;
#305 = CARTESIAN_POINT ( 'NONE',  ( -5.080217738855038689, -15.46167406951022727, 27.71563281876535356 ) ) ;
#306 = ADVANCED_FACE ( 'NONE', ( #992 ), #373, .T. ) ;
#307 = VERTEX_POINT ( 'NONE', #502 ) ;
#308 = PERSON_AND_ORGANIZATION ( #1422, #1266 ) ;
#309 = EDGE_LOOP ( 'NONE', ( #1554, #1205, #904, #1431 ) ) ;
#310 = CYLINDRICAL_SURFACE ( 'NONE', #655, 3.249999999999996003 ) ;
#311 = FACE_OUTER_BOUND ( 'NONE', #938, .T. ) ;
#312 = CARTESIAN_POINT ( 'NONE',  ( -4.999999999999999112, -13.76863837523621648, 27.00000000000000355 ) ) ;
#313 = VERTEX_POINT ( 'NONE', #389 ) ;
#314 = DATE_AND_TIME ( #431, #1502 ) ;
#315 = ORIENTED_EDGE ( 'NONE', *, *, #691, .F. ) ;
#316 = EDGE_CURVE ( 'NONE', #495, #927, #474, .T. ) ;
#317 = FACE_OUTER_BOUND ( 'NONE', #1009, .T. ) ;
#318 = LINE ( 'NONE', #541, #1450 ) ;
#319 = AXIS2_PLACEMENT_3D ( 'NONE', #802, #1318, #436 ) ;
#320 = CARTESIAN_POINT ( 'NONE',  ( -5.762285639783405244, -16.33095827149987755, 29.00239316521764010 ) ) ;
#321 = ORIENTED_EDGE ( 'NONE', *, *, #157, .T. ) ;
#322 = CARTESIAN_POINT ( 'NONE',  ( -24.99999999999999645, -16.49999999999997158, -30.00000000000000711 ) ) ;
#323 = CALENDAR_DATE ( 2025, 17, 12 ) ;
#324 = ORIENTED_EDGE ( 'NONE', *, *, #34, .T. ) ;
#325 = DIRECTION ( 'NONE',  ( 0.000000000000000000, 1.000000000000000000, -5.782411586589345806E-16 ) ) ;
#326 = EDGE_CURVE ( 'NONE', #79, #140, #1258, .T. ) ;
#327 = DIRECTION ( 'NONE',  ( -0.000000000000000000, 1.000000000000000000, -1.156482317317871725E-15 ) ) ;
#328 = CARTESIAN_POINT ( 'NONE',  ( -20.00000000000000000, -16.49999999999966960, -37.75000000000001421 ) ) ;
#329 = AXIS2_PLACEMENT_3D ( 'NONE', #647, #146, #1167 ) ;
#330 = EDGE_LOOP ( 'NONE', ( #281, #993, #940, #734 ) ) ;
#331 = CARTESIAN_POINT ( 'NONE',  ( 5.000000000000000000, 31.50000000000000000, 39.00000000000000711 ) ) ;
#332 = ORIENTED_EDGE ( 'NONE', *, *, #1075, .T. ) ;
#333 = AXIS2_PLACEMENT_3D ( 'NONE', #1360, #232, #717 ) ;
#334 = DIRECTION ( 'NONE',  ( 0.000000000000000000, 1.067522139062651855E-15, 1.000000000000000000 ) ) ;
#335 = DIRECTION ( 'NONE',  ( 0.000000000000000000, 0.000000000000000000, 1.000000000000000000 ) ) ;
#336 = CARTESIAN_POINT ( 'NONE',  ( -5.000000000000000000, 31.50000000000000711, -38.99999999999999289 ) ) ;
#337 = EDGE_CURVE ( 'NONE', #63, #859, #761, .T. ) ;
#338 = EDGE_LOOP ( 'NONE', ( #582, #1151, #447, #1582 ) ) ;
#339 = CARTESIAN_POINT ( 'NONE',  ( -4.999999999999999112, -13.76889729515359306, -26.99999999999999289 ) ) ;
#340 = VERTEX_POINT ( 'NONE', #1137 ) ;
#341 = DIRECTION ( 'NONE',  ( -0.000000000000000000, 1.000000000000000000, -1.156482317317871725E-15 ) ) ;
#342 = FACE_OUTER_BOUND ( 'NONE', #1068, .T. ) ;
#343 = EDGE_CURVE ( 'NONE', #138, #626, #223, .T. ) ;
#344 = ORIENTED_EDGE ( 'NONE', *, *, #741, .T. ) ;
#345 = CARTESIAN_POINT ( 'NONE',  ( -7.731361624763780860, -16.50000000000000355, -30.00000000000000711 ) ) ;
#346 = EDGE_LOOP ( 'NONE', ( #661, #536, #1440, #881 ) ) ;
#347 = DIRECTION ( 'NONE',  ( -0.000000000000000000, 1.000000000000000000, -0.000000000000000000 ) ) ;
#348 = CIRCLE ( 'NONE', #861, 2.999999999999999112 ) ;
#349 = CYLINDRICAL_SURFACE ( 'NONE', #464, 1.700000000000007061 ) ;
#350 = ORIENTED_EDGE ( 'NONE', *, *, #1161, .T. ) ;
#351 = CARTESIAN_POINT ( 'NONE',  ( -5.110134911398788837, -15.55586477922078537, -27.81130999097876355 ) ) ;
#352 = CIRCLE ( 'NONE', #557, 3.099999999999998757 ) ;
#353 = ORIENTED_EDGE ( 'NONE', *, *, #741, .F. ) ;
#354 = DIRECTION ( 'NONE',  ( -1.000000000000000000, -0.000000000000000000, -0.000000000000000000 ) ) ;
#355 = CARTESIAN_POINT ( 'NONE',  ( -20.00000000000000000, -16.49999999999966604, -34.50000000000001421 ) ) ;
#356 = PRODUCT ( 'side_stopper', 'side_stopper', '', ( #1279 ) ) ;
#357 = DIRECTION ( 'NONE',  ( -0.000000000000000000, 1.000000000000000000, -1.156482317317871725E-15 ) ) ;
#358 = ORIENTED_EDGE ( 'NONE', *, *, #217, .F. ) ;
#359 = VERTEX_POINT ( 'NONE', #1492 ) ;
#360 = CARTESIAN_POINT ( 'NONE',  ( -15.00000000000000000, 24.00000000000000711, -36.10000000000001563 ) ) ;
#361 = EDGE_CURVE ( 'NONE', #1376, #228, #954, .T. ) ;
#362 = CARTESIAN_POINT ( 'NONE',  ( 0.000000000000000000, -28.49999999999967315, 34.50000000000000000 ) ) ;
#363 = EDGE_CURVE ( 'NONE', #1535, #215, #1111, .T. ) ;
#364 = DIRECTION ( 'NONE',  ( 0.000000000000000000, 0.000000000000000000, -1.000000000000000000 ) ) ;
#365 = ORIENTED_EDGE ( 'NONE', *, *, #1113, .T. ) ;
#366 = VERTEX_POINT ( 'NONE', #728 ) ;
#367 = DIRECTION ( 'NONE',  ( 0.000000000000000000, 2.040851148208007998E-15, 1.000000000000000000 ) ) ;
#368 = DIRECTION ( 'NONE',  ( -0.000000000000000000, 1.000000000000000000, -1.156482317317871725E-15 ) ) ;
#369 = EDGE_CURVE ( 'NONE', #835, #1073, #1353, .T. ) ;
#370 = DIRECTION ( 'NONE',  ( -0.000000000000000000, 1.000000000000000000, -1.156482317317871725E-15 ) ) ;
#371 = VECTOR ( 'NONE', #1245, 1000.000000000000000 ) ;
#372 = CARTESIAN_POINT ( 'NONE',  ( -20.00000000000000000, -28.49999999999975131, -34.50000000000000000 ) ) ;
#373 = PLANE ( 'NONE',  #265 ) ;
#374 = VERTEX_POINT ( 'NONE', #1368 ) ;
#375 = DIRECTION ( 'NONE',  ( 0.000000000000000000, -1.000000000000000000, -8.896017825522089339E-17 ) ) ;
#376 = AXIS2_PLACEMENT_3D ( 'NONE', #147, #249, #364 ) ;
#377 = DIRECTION ( 'NONE',  ( -0.000000000000000000, 1.000000000000000000, -1.156482317317871725E-15 ) ) ;
#378 = LINE ( 'NONE', #630, #872 ) ;
#379 = DIRECTION ( 'NONE',  ( 0.000000000000000000, 1.067522139062651855E-15, 1.000000000000000000 ) ) ;
#380 = ADVANCED_FACE ( 'NONE', ( #8 ), #597, .T. ) ;
#381 = CARTESIAN_POINT ( 'NONE',  ( -24.99999999999999645, -28.49999999999999645, 30.00000000000000000 ) ) ;
#382 = CARTESIAN_POINT ( 'NONE',  ( -24.99999999999999645, -16.50000000000007816, -39.00000000000000711 ) ) ;
#383 = ORIENTED_EDGE ( 'NONE', *, *, #326, .T. ) ;
#384 = CARTESIAN_POINT ( 'NONE',  ( 5.000000000000000000, 13.49999999999999822, 30.00000000000000000 ) ) ;
#385 = LINE ( 'NONE', #277, #144 ) ;
#386 = CARTESIAN_POINT ( 'NONE',  ( -24.99999999999999645, -28.49999999999999645, 30.00000000000000000 ) ) ;
#387 = CYLINDRICAL_SURFACE ( 'NONE', #1513, 3.099999999999998757 ) ;
#388 = EDGE_CURVE ( 'NONE', #201, #701, #720, .T. ) ;
#389 = CARTESIAN_POINT ( 'NONE',  ( -8.000000000000000000, -28.49999999999999645, 30.00000000000000000 ) ) ;
#390 = VERTEX_POINT ( 'NONE', #849 ) ;
#391 = CARTESIAN_POINT ( 'NONE',  ( 0.000000000000000000, 0.000000000000000000, 0.000000000000000000 ) ) ;
#392 = ORIENTED_EDGE ( 'NONE', *, *, #361, .F. ) ;
#393 = PLANE ( 'NONE',  #1461 ) ;
#394 = DIRECTION ( 'NONE',  ( 0.000000000000000000, 3.854941057726240562E-16, -1.000000000000000000 ) ) ;
#395 = DIRECTION ( 'NONE',  ( 0.000000000000000000, -1.000000000000000000, 1.156482317317871725E-15 ) ) ;
#396 = AXIS2_PLACEMENT_3D ( 'NONE', #1323, #194, #680 ) ;
#397 = ORIENTED_EDGE ( 'NONE', *, *, #681, .T. ) ;
#398 = CYLINDRICAL_SURFACE ( 'NONE', #1524, 3.249999999999996003 ) ;
#399 = EDGE_LOOP ( 'NONE', ( #1163, #1230 ) ) ;
#400 = ADVANCED_FACE ( 'NONE', ( #739 ), #1241, .F. ) ;
#401 = CARTESIAN_POINT ( 'NONE',  ( -5.000000000000000000, 31.50000000000000000, 39.00000000000000711 ) ) ;
#402 = VERTEX_POINT ( 'NONE', #386 ) ;
#403 = FACE_OUTER_BOUND ( 'NONE', #121, .T. ) ;
#404 = VECTOR ( 'NONE', #258, 1000.000000000000000 ) ;
#405 = DIRECTION ( 'NONE',  ( 0.000000000000000000, -1.156482317317871725E-15, -1.000000000000000000 ) ) ;
#406 = DIRECTION ( 'NONE',  ( -0.000000000000000000, 1.156482317317871291E-14, 1.000000000000000000 ) ) ;
#407 = FACE_OUTER_BOUND ( 'NONE', #330, .T. ) ;
#408 = EDGE_LOOP ( 'NONE', ( #1298, #539 ) ) ;
#409 = ORIENTED_EDGE ( 'NONE', *, *, #1359, .T. ) ;
#410 = LINE ( 'NONE', #873, #1114 ) ;
#411 = AXIS2_PLACEMENT_3D ( 'NONE', #1273, #1144, #1381 ) ;
#412 = EDGE_CURVE ( 'NONE', #1073, #835, #654, .T. ) ;
#413 = FACE_BOUND ( 'NONE', #1120, .T. ) ;
#414 = CARTESIAN_POINT ( 'NONE',  ( -6.249430182644329257, -16.44843379003761186, 29.43987494066684718 ) ) ;
#415 = CC_DESIGN_APPROVAL ( #286, ( #580 ) ) ;
#416 = ORIENTED_EDGE ( 'NONE', *, *, #1036, .F. ) ;
#417 = VERTEX_POINT ( 'NONE', #120 ) ;
#418 = CARTESIAN_POINT ( 'NONE',  ( -5.000000000000000000, 16.50000000000000000, 30.00000000000000000 ) ) ;
#419 = CARTESIAN_POINT ( 'NONE',  ( 5.000000000000000000, -13.49999999999999822, -30.00000000000000000 ) ) ;
#420 = EDGE_CURVE ( 'NONE', #1314, #574, #1256, .T. ) ;
#421 = AXIS2_PLACEMENT_3D ( 'NONE', #909, #513, #1028 ) ;
#422 = CARTESIAN_POINT ( 'NONE',  ( -5.005226033861775115, -14.54421092675852556, 27.18445065241689562 ) ) ;
#423 = ORIENTED_EDGE ( 'NONE', *, *, #1412, .F. ) ;
#424 = ORIENTED_EDGE ( 'NONE', *, *, #1249, .F. ) ;
#425 = LINE ( 'NONE', #1316, #1308 ) ;
#426 = FACE_OUTER_BOUND ( 'NONE', #607, .T. ) ;
#427 = VECTOR ( 'NONE', #1326, 1000.000000000000000 ) ;
#428 = CARTESIAN_POINT ( 'NONE',  ( -4.999393512032720643, -14.03129816789259543, 27.03544736566087892 ) ) ;
#429 = EDGE_CURVE ( 'NONE', #1575, #79, #1139, .T. ) ;
#430 = EDGE_LOOP ( 'NONE', ( #9, #1527 ) ) ;
#431 = CALENDAR_DATE ( 2025, 17, 12 ) ;
#432 = ORIENTED_EDGE ( 'NONE', *, *, #316, .F. ) ;
#433 = FACE_BOUND ( 'NONE', #430, .T. ) ;
#434 = LINE ( 'NONE', #182, #618 ) ;
#435 = AXIS2_PLACEMENT_3D ( 'NONE', #1176, #945, #1055 ) ;
#436 = DIRECTION ( 'NONE',  ( 0.000000000000000000, 0.000000000000000000, -1.000000000000000000 ) ) ;
#437 = EDGE_LOOP ( 'NONE', ( #1029, #1486, #501, #344 ) ) ;
#438 = LINE ( 'NONE', #836, #1086 ) ;
#439 = PERSON_AND_ORGANIZATION ( #1422, #1266 ) ;
#440 = EDGE_CURVE ( 'NONE', #1179, #805, #1274, .T. ) ;
#441 = EDGE_LOOP ( 'NONE', ( #1594, #1081, #1181, #1153 ) ) ;
#442 = LINE ( 'NONE', #1449, #551 ) ;
#443 = CARTESIAN_POINT ( 'NONE',  ( -24.99999999999999645, -28.49999999999999645, -30.00000000000000000 ) ) ;
#444 = CARTESIAN_POINT ( 'NONE',  ( -5.526451077286611557, -16.20695797005070915, 28.70216138958339158 ) ) ;
#445 = CIRCLE ( 'NONE', #646, 1.700000000000013944 ) ;
#446 = AXIS2_PLACEMENT_3D ( 'NONE', #556, #1064, #335 ) ;
#447 = ORIENTED_EDGE ( 'NONE', *, *, #845, .F. ) ;
#448 = CARTESIAN_POINT ( 'NONE',  ( -5.087372562761162342, -15.45844515429970834, -27.72360438650689218 ) ) ;
#449 = ORIENTED_EDGE ( 'NONE', *, *, #1549, .T. ) ;
#450 = DIRECTION ( 'NONE',  ( -1.000000000000000000, -0.000000000000000000, -0.000000000000000000 ) ) ;
#451 = PRODUCT_DEFINITION ( 'UNKNOWN', '', #1407, #1102 ) ;
#452 = EDGE_CURVE ( 'NONE', #56, #1464, #605, .T. ) ;
#453 = CARTESIAN_POINT ( 'NONE',  ( -19.99999999999999289, -16.49999999999959144, 32.79999999999998295 ) ) ;
#454 = CYLINDRICAL_SURFACE ( 'NONE', #944, 3.000000000000002665 ) ;
#455 = CIRCLE ( 'NONE', #1005, 1.700000000000000178 ) ;
#456 = VERTEX_POINT ( 'NONE', #234 ) ;
#457 = CARTESIAN_POINT ( 'NONE',  ( -6.251088021054530763, -16.45257515762763134, -29.45174485644304596 ) ) ;
#458 = VECTOR ( 'NONE', #7, 1000.000000000000000 ) ;
#459 = VERTEX_POINT ( 'NONE', #623 ) ;
#460 = CARTESIAN_POINT ( 'NONE',  ( -5.000000000000000000, 16.49999999999999645, 38.99999999999999289 ) ) ;
#461 = FACE_OUTER_BOUND ( 'NONE', #105, .T. ) ;
#462 = VECTOR ( 'NONE', #1585, 1000.000000000000000 ) ;
#463 = EDGE_CURVE ( 'NONE', #307, #1058, #500, .T. ) ;
#464 = AXIS2_PLACEMENT_3D ( 'NONE', #712, #1103, #1596 ) ;
#465 = CIRCLE ( 'NONE', #21, 1.700000000000013944 ) ;
#466 = VERTEX_POINT ( 'NONE', #977 ) ;
#467 = CARTESIAN_POINT ( 'NONE',  ( -5.000000000000000888, 24.00000000000000000, 33.00000000000000711 ) ) ;
#468 = VERTEX_POINT ( 'NONE', #1484 ) ;
#469 = DIRECTION ( 'NONE',  ( 0.000000000000000000, 1.067522139062651855E-15, 1.000000000000000000 ) ) ;
#470 = CARTESIAN_POINT ( 'NONE',  ( 5.000000000000000000, 31.50000000000000000, 39.00000000000000711 ) ) ;
#471 = EDGE_CURVE ( 'NONE', #1395, #366, #1329, .T. ) ;
#472 = ORIENTED_EDGE ( 'NONE', *, *, #922, .T. ) ;
#473 = CARTESIAN_POINT ( 'NONE',  ( -5.038524701872874267, -15.13945907773897837, -27.48407476520885950 ) ) ;
#474 = CIRCLE ( 'NONE', #929, 1.700000000000000178 ) ;
#475 = AXIS2_PLACEMENT_3D ( 'NONE', #860, #1387, #1501 ) ;
#476 = ORIENTED_EDGE ( 'NONE', *, *, #767, .T. ) ;
#477 = CARTESIAN_POINT ( 'NONE',  ( 5.000000000000000000, 16.50000000000000000, 30.00000000000000000 ) ) ;
#478 = CARTESIAN_POINT ( 'NONE',  ( -8.000000000000000000, -28.49999999999999645, -30.00000000000000000 ) ) ;
#479 = ORIENTED_EDGE ( 'NONE', *, *, #1172, .F. ) ;
#480 = ADVANCED_FACE ( 'NONE', ( #984, #1612 ), #492, .F. ) ;
#481 = ORIENTED_EDGE ( 'NONE', *, *, #274, .T. ) ;
#482 = VECTOR ( 'NONE', #187, 1000.000000000000000 ) ;
#483 = CARTESIAN_POINT ( 'NONE',  ( 5.000000000000000000, -13.49999999999999822, -26.99999999999999645 ) ) ;
#484 = EDGE_CURVE ( 'NONE', #701, #1386, #155, .T. ) ;
#485 = FACE_OUTER_BOUND ( 'NONE', #1433, .T. ) ;
#486 = DIRECTION ( 'NONE',  ( 0.000000000000000000, 1.067522139062651855E-15, 1.000000000000000000 ) ) ;
#487 = ORIENTED_EDGE ( 'NONE', *, *, #78, .T. ) ;
#488 = VERTEX_POINT ( 'NONE', #1156 ) ;
#489 = ADVANCED_FACE ( 'NONE', ( #1401, #518 ), #898, .F. ) ;
#490 =( NAMED_UNIT ( * ) PLANE_ANGLE_UNIT ( ) SI_UNIT ( $, .RADIAN. ) );
#491 = DIRECTION ( 'NONE',  ( 0.000000000000000000, 2.040851148208007998E-15, 1.000000000000000000 ) ) ;
#492 = PLANE ( 'NONE',  #1482 ) ;
#493 = PLANE ( 'NONE',  #879 ) ;
#494 = CARTESIAN_POINT ( 'NONE',  ( 5.000000000000000000, 24.00000000000000000, 29.90000000000000924 ) ) ;
#495 = VERTEX_POINT ( 'NONE', #769 ) ;
#496 = DIRECTION ( 'NONE',  ( 0.000000000000000000, 0.000000000000000000, -1.000000000000000000 ) ) ;
#497 = CARTESIAN_POINT ( 'NONE',  ( 0.000000000000000000, -16.49999999999958789, 34.49999999999998579 ) ) ;
#498 = EDGE_CURVE ( 'NONE', #456, #1228, #1523, .T. ) ;
#499 = PLANE ( 'NONE',  #1032 ) ;
#500 = LINE ( 'NONE', #998, #172 ) ;
#501 = ORIENTED_EDGE ( 'NONE', *, *, #1421, .T. ) ;
#502 = CARTESIAN_POINT ( 'NONE',  ( 2.081899558550497814E-16, -28.49999999999975486, -36.20000000000000284 ) ) ;
#503 = VERTEX_POINT ( 'NONE', #199 ) ;
#504 = VECTOR ( 'NONE', #1126, 1000.000000000000000 ) ;
#505 = ORIENTED_EDGE ( 'NONE', *, *, #640, .F. ) ;
#506 = DIRECTION ( 'NONE',  ( -0.000000000000000000, 1.000000000000000000, -1.156482317317871725E-15 ) ) ;
#507 = VECTOR ( 'NONE', #1175, 1000.000000000000000 ) ;
#508 = DIRECTION ( 'NONE',  ( 0.000000000000000000, 0.000000000000000000, -1.000000000000000000 ) ) ;
#509 = EDGE_CURVE ( 'NONE', #796, #210, #1276, .T. ) ;
#510 = CARTESIAN_POINT ( 'NONE',  ( 0.000000000000000000, -16.49999999999966604, -34.50000000000001421 ) ) ;
#511 = ORIENTED_EDGE ( 'NONE', *, *, #1344, .F. ) ;
#512 = EDGE_CURVE ( 'NONE', #1370, #1314, #438, .T. ) ;
#513 = DIRECTION ( 'NONE',  ( -1.000000000000000000, -0.000000000000000000, -0.000000000000000000 ) ) ;
#514 = ORIENTED_EDGE ( 'NONE', *, *, #217, .T. ) ;
#515 = PLANE ( 'NONE',  #1105 ) ;
#516 = LINE ( 'NONE', #1004, #1409 ) ;
#517 = PLANE ( 'NONE',  #733 ) ;
#518 = FACE_OUTER_BOUND ( 'NONE', #1300, .T. ) ;
#519 = EDGE_CURVE ( 'NONE', #46, #721, #1334, .T. ) ;
#520 = EDGE_LOOP ( 'NONE', ( #1369, #1083 ) ) ;
#521 = CARTESIAN_POINT ( 'NONE',  ( -19.99999999999999289, -19.89999999999958646, 36.20000000000000995 ) ) ;
#522 = ORIENTED_EDGE ( 'NONE', *, *, #1270, .T. ) ;
#523 = LINE ( 'NONE', #1406, #1242 ) ;
#524 = VERTEX_POINT ( 'NONE', #693 ) ;
#525 = CARTESIAN_POINT ( 'NONE',  ( 5.000000000000000000, 16.49999999999999645, 38.99999999999999289 ) ) ;
#526 = CYLINDRICAL_SURFACE ( 'NONE', #411, 3.249999999999996003 ) ;
#527 = CARTESIAN_POINT ( 'NONE',  ( 5.000000000000000000, 16.50000000000000000, -30.00000000000000000 ) ) ;
#528 = DIRECTION ( 'NONE',  ( -0.000000000000000000, 1.000000000000000000, -1.156482317317871725E-15 ) ) ;
#529 = ORIENTED_EDGE ( 'NONE', *, *, #1367, .T. ) ;
#530 = DATE_AND_TIME ( #1171, #1397 ) ;
#531 = EDGE_CURVE ( 'NONE', #201, #503, #973, .T. ) ;
#532 = LINE ( 'NONE', #1503, #75 ) ;
#533 = VECTOR ( 'NONE', #1541, 1000.000000000000000 ) ;
#534 = CARTESIAN_POINT ( 'NONE',  ( 0.000000000000000000, -28.49999999999975131, -34.50000000000000000 ) ) ;
#535 = FACE_OUTER_BOUND ( 'NONE', #1199, .T. ) ;
#536 = ORIENTED_EDGE ( 'NONE', *, *, #941, .F. ) ;
#537 = APPROVAL_STATUS ( 'not_yet_approved' ) ;
#538 = ADVANCED_FACE ( 'NONE', ( #1074 ), #1090, .T. ) ;
#539 = ORIENTED_EDGE ( 'NONE', *, *, #363, .F. ) ;
#540 = DIRECTION ( 'NONE',  ( -0.000000000000000000, 1.000000000000000000, -0.000000000000000000 ) ) ;
#541 = CARTESIAN_POINT ( 'NONE',  ( -5.000000000000000000, 13.50000000000000000, -27.00000000000002487 ) ) ;
#542 = CARTESIAN_POINT ( 'NONE',  ( -5.003080034611516957, -14.41653921070830258, 27.14033771373656023 ) ) ;
#543 = ORIENTED_EDGE ( 'NONE', *, *, #847, .T. ) ;
#544 = DATE_AND_TIME ( #660, #1091 ) ;
#545 = ORIENTED_EDGE ( 'NONE', *, *, #1557, .T. ) ;
#546 = CARTESIAN_POINT ( 'NONE',  ( -24.99999999999999645, -16.49999999999999289, 30.00000000000000000 ) ) ;
#547 = CC_DESIGN_SECURITY_CLASSIFICATION ( #580, ( #1407 ) ) ;
#548 = FACE_BOUND ( 'NONE', #552, .T. ) ;
#549 = APPROVAL_PERSON_ORGANIZATION ( #797, #13, #1446 ) ;
#550 = CARTESIAN_POINT ( 'NONE',  ( 5.000000000000000000, 24.00000000000000711, -33.00000000000000711 ) ) ;
#551 = VECTOR ( 'NONE', #814, 1000.000000000000000 ) ;
#552 = EDGE_LOOP ( 'NONE', ( #694, #37 ) ) ;
#553 = PERSON_AND_ORGANIZATION ( #1422, #1266 ) ;
#554 = EDGE_LOOP ( 'NONE', ( #198, #1286, #169, #601 ) ) ;
#555 = PLANE ( 'NONE',  #1088 ) ;
#556 = CARTESIAN_POINT ( 'NONE',  ( 5.000000000000000000, 13.49999999999999822, 30.00000000000000000 ) ) ;
#557 = AXIS2_PLACEMENT_3D ( 'NONE', #1282, #777, #1136 ) ;
#558 = EDGE_CURVE ( 'NONE', #1131, #1034, #825, .T. ) ;
#559 = CARTESIAN_POINT ( 'NONE',  ( -7.467835991687463704, -16.50061541975521706, 29.96448554381376894 ) ) ;
#560 = EDGE_CURVE ( 'NONE', #178, #1131, #1255, .T. ) ;
#561 = ORIENTED_EDGE ( 'NONE', *, *, #1606, .F. ) ;
#562 = ORIENTED_EDGE ( 'NONE', *, *, #569, .T. ) ;
#563 = CARTESIAN_POINT ( 'NONE',  ( -19.99999999999999289, -19.89999999999958646, 34.49999999999999289 ) ) ;
#564 = CARTESIAN_POINT ( 'NONE',  ( 5.000000000000000000, -16.49999999999999645, 39.00000000000000000 ) ) ;
#565 = CARTESIAN_POINT ( 'NONE',  ( -19.99999999999999289, -16.49999999999958433, 37.74999999999998579 ) ) ;
#566 = CC_DESIGN_DATE_AND_TIME_ASSIGNMENT ( #314, #293, ( #580 ) ) ;
#567 = ORIENTED_EDGE ( 'NONE', *, *, #498, .F. ) ;
#568 = CARTESIAN_POINT ( 'NONE',  ( -5.004351783890579775, -14.54762522171717798, -27.17619857885754797 ) ) ;
#569 = EDGE_CURVE ( 'NONE', #374, #697, #127, .T. ) ;
#570 = ORIENTED_EDGE ( 'NONE', *, *, #100, .T. ) ;
#571 = LINE ( 'NONE', #1563, #1033 ) ;
#572 = CARTESIAN_POINT ( 'NONE',  ( 5.000000000000000000, -28.49999999999999645, -39.00000000000000711 ) ) ;
#573 = CARTESIAN_POINT ( 'NONE',  ( 0.000000000000000000, -16.49999999999958789, 34.49999999999998579 ) ) ;
#574 = VERTEX_POINT ( 'NONE', #698 ) ;
#575 = CARTESIAN_POINT ( 'NONE',  ( -8.000000000000000000, -16.50000000000000000, -30.00000000000000000 ) ) ;
#576 = ORIENTED_EDGE ( 'NONE', *, *, #337, .F. ) ;
#577 = EDGE_CURVE ( 'NONE', #1370, #1128, #939, .T. ) ;
#578 = DIRECTION ( 'NONE',  ( -0.000000000000000000, 1.000000000000000000, -0.000000000000000000 ) ) ;
#579 = DIRECTION ( 'NONE',  ( -0.000000000000000000, 1.000000000000000000, -1.156482317317871725E-15 ) ) ;
#580 = SECURITY_CLASSIFICATION ( '', '', #652 ) ;
#581 = AXIS2_PLACEMENT_3D ( 'NONE', #613, #137, #486 ) ;
#582 = ORIENTED_EDGE ( 'NONE', *, *, #699, .T. ) ;
#583 = CARTESIAN_POINT ( 'NONE',  ( -5.344116051444967042, -16.04060328512887068, -28.40016432934011092 ) ) ;
#584 = ORIENTED_EDGE ( 'NONE', *, *, #1597, .T. ) ;
#585 = LINE ( 'NONE', #1490, #300 ) ;
#586 = DIRECTION ( 'NONE',  ( -0.000000000000000000, 1.000000000000000000, -1.156482317317871725E-15 ) ) ;
#587 = EDGE_LOOP ( 'NONE', ( #1001, #159 ) ) ;
#588 = CARTESIAN_POINT ( 'NONE',  ( -6.592518285062492822, -16.48058772117395421, -29.65262732209315644 ) ) ;
#589 = ORIENTED_EDGE ( 'NONE', *, *, #1430, .F. ) ;
#590 = CARTESIAN_POINT ( 'NONE',  ( 5.000000000000000000, 31.50000000000000711, -38.99999999999999289 ) ) ;
#591 = FACE_OUTER_BOUND ( 'NONE', #346, .T. ) ;
#592 = EDGE_LOOP ( 'NONE', ( #782, #910 ) ) ;
#593 = CIRCLE ( 'NONE', #1023, 3.099999999999998757 ) ;
#594 = ORIENTED_EDGE ( 'NONE', *, *, #745, .T. ) ;
#595 = CARTESIAN_POINT ( 'NONE',  ( 5.000000000000000000, 31.50000000000000000, 39.00000000000000711 ) ) ;
#596 = LINE ( 'NONE', #107, #648 ) ;
#597 = PLANE ( 'NONE',  #1062 ) ;
#598 = ADVANCED_FACE ( 'NONE', ( #1343 ), #1445, .T. ) ;
#599 = EDGE_LOOP ( 'NONE', ( #98, #1398 ) ) ;
#600 = VECTOR ( 'NONE', #639, 1000.000000000000000 ) ;
#601 = ORIENTED_EDGE ( 'NONE', *, *, #1046, .T. ) ;
#602 = FACE_OUTER_BOUND ( 'NONE', #789, .T. ) ;
#603 = LOCAL_TIME ( 10, 19, 22.00000000000000000, #1299 ) ;
#604 = FACE_OUTER_BOUND ( 'NONE', #709, .T. ) ;
#605 = LINE ( 'NONE', #1382, #867 ) ;
#606 = MANIFOLD_SOLID_BREP ( 'Cut-Extrude1', #713 ) ;
#607 = EDGE_LOOP ( 'NONE', ( #1050, #934, #221, #292 ) ) ;
#608 = DIRECTION ( 'NONE',  ( -0.000000000000000000, 1.000000000000000000, -1.156482317317871725E-15 ) ) ;
#609 = ORIENTED_EDGE ( 'NONE', *, *, #92, .T. ) ;
#610 = ADVANCED_FACE ( 'NONE', ( #811, #80 ), #499, .F. ) ;
#611 = LINE ( 'NONE', #629, #1564 ) ;
#612 = CARTESIAN_POINT ( 'NONE',  ( -24.99999999999999645, -28.49999999999999645, 38.99999999999999289 ) ) ;
#613 = CARTESIAN_POINT ( 'NONE',  ( 0.000000000000000000, -19.89999999999958646, 34.49999999999999289 ) ) ;
#614 = CARTESIAN_POINT ( 'NONE',  ( 0.000000000000000000, -19.89999999999958646, 34.49999999999999289 ) ) ;
#615 = CARTESIAN_POINT ( 'NONE',  ( -24.99999999999999645, -28.49999999999999645, 38.99999999999999289 ) ) ;
#616 = ORIENTED_EDGE ( 'NONE', *, *, #412, .F. ) ;
#617 = CARTESIAN_POINT ( 'NONE',  ( -20.00000000000000000, -19.89999999999966818, -34.50000000000000711 ) ) ;
#618 = VECTOR ( 'NONE', #327, 1000.000000000000000 ) ;
#619 = EDGE_CURVE ( 'NONE', #835, #1333, #1006, .T. ) ;
#620 = CARTESIAN_POINT ( 'NONE',  ( 0.000000000000000000, -19.89999999999958646, 34.49999999999999289 ) ) ;
#621 = ADVANCED_FACE ( 'NONE', ( #1514 ), #162, .F. ) ;
#622 = LINE ( 'NONE', #1400, #458 ) ;
#623 = CARTESIAN_POINT ( 'NONE',  ( -20.00000000000000000, -16.49999999999966960, -37.75000000000001421 ) ) ;
#624 = LINE ( 'NONE', #279, #1178 ) ;
#625 = CARTESIAN_POINT ( 'NONE',  ( 0.000000000000000000, -19.89999999999966818, -34.50000000000000711 ) ) ;
#626 = VERTEX_POINT ( 'NONE', #1026 ) ;
#627 = AXIS2_PLACEMENT_3D ( 'NONE', #1222, #95, #1587 ) ;
#628 = ORIENTED_EDGE ( 'NONE', *, *, #1085, .T. ) ;
#629 = CARTESIAN_POINT ( 'NONE',  ( -24.99999999999999645, -28.49999999999999645, 30.00000000000000000 ) ) ;
#630 = CARTESIAN_POINT ( 'NONE',  ( -24.99999999999999645, -28.49999999999999645, -39.00000000000000711 ) ) ;
#631 = DIRECTION ( 'NONE',  ( -0.000000000000000000, -0.000000000000000000, -1.000000000000000000 ) ) ;
#632 = ORIENTED_EDGE ( 'NONE', *, *, #1421, .F. ) ;
#633 = CARTESIAN_POINT ( 'NONE',  ( 5.000000000000000000, 13.49999999999999822, -26.99999999999999645 ) ) ;
#634 = EDGE_LOOP ( 'NONE', ( #479, #175, #1568, #584 ) ) ;
#635 = CARTESIAN_POINT ( 'NONE',  ( 5.000000000000000000, 31.50000000000000711, -38.99999999999999289 ) ) ;
#636 = VERTEX_POINT ( 'NONE', #906 ) ;
#637 = CARTESIAN_POINT ( 'NONE',  ( -20.00000000000000000, -16.49999999999966604, -34.50000000000001421 ) ) ;
#638 = DIRECTION ( 'NONE',  ( 0.000000000000000000, 2.040851148207999715E-15, 1.000000000000000000 ) ) ;
#639 = DIRECTION ( 'NONE',  ( -1.000000000000000000, -0.000000000000000000, -0.000000000000000000 ) ) ;
#640 = EDGE_CURVE ( 'NONE', #796, #215, #385, .T. ) ;
#641 = CARTESIAN_POINT ( 'NONE',  ( -24.99999999999999645, -28.49999999999999645, -30.00000000000000000 ) ) ;
#642 = DIRECTION ( 'NONE',  ( -0.000000000000000000, 1.000000000000000000, -1.156482317317871725E-15 ) ) ;
#643 = ORIENTED_EDGE ( 'NONE', *, *, #1367, .F. ) ;
#644 = CARTESIAN_POINT ( 'NONE',  ( -24.99999999999999645, -16.49999999999999289, 30.00000000000000000 ) ) ;
#645 = CARTESIAN_POINT ( 'NONE',  ( 3.980102097228892808E-16, -19.89999999999967173, -37.75000000000000711 ) ) ;
#646 = AXIS2_PLACEMENT_3D ( 'NONE', #625, #528, #1277 ) ;
#647 = CARTESIAN_POINT ( 'NONE',  ( -24.99999999999999645, -16.49999999999999289, 30.00000000000000000 ) ) ;
#648 = VECTOR ( 'NONE', #579, 1000.000000000000000 ) ;
#649 = LINE ( 'NONE', #130, #287 ) ;
#650 = EDGE_CURVE ( 'NONE', #210, #796, #352, .T. ) ;
#651 = ORIENTED_EDGE ( 'NONE', *, *, #577, .T. ) ;
#652 = SECURITY_CLASSIFICATION_LEVEL ( 'unclassified' ) ;
#653 = DIRECTION ( 'NONE',  ( 0.000000000000000000, 1.067522139062651855E-15, 1.000000000000000000 ) ) ;
#654 = CIRCLE ( 'NONE', #581, 3.249999999999996003 ) ;
#655 = AXIS2_PLACEMENT_3D ( 'NONE', #919, #800, #653 ) ;
#656 = LINE ( 'NONE', #1155, #44 ) ;
#657 = DIRECTION ( 'NONE',  ( -0.000000000000000000, -1.000000000000000000, -5.782411586589356653E-16 ) ) ;
#658 = ORIENTED_EDGE ( 'NONE', *, *, #868, .T. ) ;
#659 = EDGE_CURVE ( 'NONE', #307, #1588, #1403, .T. ) ;
#660 = CALENDAR_DATE ( 2025, 17, 12 ) ;
#661 = ORIENTED_EDGE ( 'NONE', *, *, #922, .F. ) ;
#662 = ADVANCED_FACE ( 'NONE', ( #136, #413, #153 ), #1292, .T. ) ;
#663 = DIRECTION ( 'NONE',  ( 0.000000000000000000, 1.156482317317871291E-14, 1.000000000000000000 ) ) ;
#664 = CYLINDRICAL_SURFACE ( 'NONE', #1164, 1.700000000000007061 ) ;
#665 = FACE_OUTER_BOUND ( 'NONE', #554, .T. ) ;
#666 = AXIS2_PLACEMENT_3D ( 'NONE', #744, #1287, #367 ) ;
#667 = ORIENTED_EDGE ( 'NONE', *, *, #197, .F. ) ;
#668 = ORIENTED_EDGE ( 'NONE', *, *, #560, .F. ) ;
#669 = FACE_OUTER_BOUND ( 'NONE', #1356, .T. ) ;
#670 = ADVANCED_FACE ( 'NONE', ( #43, #1532, #886, #1263, #997 ), #517, .F. ) ;
#671 = DIRECTION ( 'NONE',  ( -0.000000000000000000, 1.000000000000000000, -1.156482317317871725E-15 ) ) ;
#672 = VECTOR ( 'NONE', #1211, 1000.000000000000000 ) ;
#673 = CARTESIAN_POINT ( 'NONE',  ( -20.00000000000000000, -28.49999999999975486, -36.20000000000000284 ) ) ;
#674 = APPLICATION_CONTEXT ( 'configuration controlled 3d designs of mechanical parts and assemblies' ) ;
#675 = VECTOR ( 'NONE', #1442, 1000.000000000000000 ) ;
#676 = AXIS2_PLACEMENT_3D ( 'NONE', #1310, #450, #679 ) ;
#677 = ORIENTED_EDGE ( 'NONE', *, *, #979, .F. ) ;
#678 = ORIENTED_EDGE ( 'NONE', *, *, #1559, .T. ) ;
#679 = DIRECTION ( 'NONE',  ( 0.000000000000000000, 0.000000000000000000, 1.000000000000000000 ) ) ;
#680 = DIRECTION ( 'NONE',  ( 0.000000000000000000, 2.040851148207999715E-15, 1.000000000000000000 ) ) ;
#681 = EDGE_CURVE ( 'NONE', #1073, #488, #288, .T. ) ;
#682 = AXIS2_PLACEMENT_3D ( 'NONE', #534, #1039, #14 ) ;
#683 = DIRECTION ( 'NONE',  ( -0.000000000000000000, 1.000000000000000000, -1.156482317317871725E-15 ) ) ;
#684 = ORIENTED_EDGE ( 'NONE', *, *, #650, .T. ) ;
#685 = CARTESIAN_POINT ( 'NONE',  ( -6.955789073241476217, -16.49477396613823288, -29.81554934758311504 ) ) ;
#686 = APPROVAL_DATE_TIME ( #65, #13 ) ;
#687 = ORIENTED_EDGE ( 'NONE', *, *, #133, .F. ) ;
#688 = CARTESIAN_POINT ( 'NONE',  ( 3.980102097228897245E-16, -16.49999999999959144, 31.24999999999999289 ) ) ;
#689 = CARTESIAN_POINT ( 'NONE',  ( -5.000000000000000000, 13.49999999999999822, -26.99999999999999645 ) ) ;
#690 = CYLINDRICAL_SURFACE ( 'NONE', #1104, 1.700000000000007061 ) ;
#691 = EDGE_CURVE ( 'NONE', #1386, #1290, #656, .T. ) ;
#692 = ORIENTED_EDGE ( 'NONE', *, *, #484, .T. ) ;
#693 = CARTESIAN_POINT ( 'NONE',  ( 0.000000000000000000, -19.89999999999966462, -32.79999999999999716 ) ) ;
#694 = ORIENTED_EDGE ( 'NONE', *, *, #1157, .T. ) ;
#695 = CARTESIAN_POINT ( 'NONE',  ( 0.000000000000000000, -19.89999999999966462, -31.25000000000001421 ) ) ;
#696 = CARTESIAN_POINT ( 'NONE',  ( -20.00000000000000000, -28.49999999999975131, -34.50000000000000000 ) ) ;
#697 = VERTEX_POINT ( 'NONE', #1390 ) ;
#698 = CARTESIAN_POINT ( 'NONE',  ( -5.000000000000000000, -13.49999999999999822, 26.99999999999999645 ) ) ;
#699 = EDGE_CURVE ( 'NONE', #1464, #417, #622, .T. ) ;
#700 = CIRCLE ( 'NONE', #830, 3.249999999999996003 ) ;
#701 = VERTEX_POINT ( 'NONE', #1505 ) ;
#702 = CARTESIAN_POINT ( 'NONE',  ( -19.99999999999999289, -16.49999999999958789, 34.49999999999998579 ) ) ;
#703 = DIRECTION ( 'NONE',  ( -1.000000000000000000, -0.000000000000000000, -0.000000000000000000 ) ) ;
#704 = CIRCLE ( 'NONE', #303, 3.100000000000005418 ) ;
#705 = AXIS2_PLACEMENT_3D ( 'NONE', #563, #58, #51 ) ;
#706 = ORIENTED_EDGE ( 'NONE', *, *, #560, .T. ) ;
#707 = DIRECTION ( 'NONE',  ( -1.000000000000000000, 0.000000000000000000, -0.000000000000000000 ) ) ;
#708 = CIRCLE ( 'NONE', #1355, 1.700000000000013944 ) ;
#709 = EDGE_LOOP ( 'NONE', ( #481, #1112, #643, #11 ) ) ;
#710 = LINE ( 'NONE', #1467, #1030 ) ;
#711 = EDGE_CURVE ( 'NONE', #721, #636, #378, .T. ) ;
#712 = CARTESIAN_POINT ( 'NONE',  ( -20.00000000000000000, -16.49999999999966604, -34.50000000000001421 ) ) ;
#713 = CLOSED_SHELL ( 'NONE', ( #50, #621, #1097, #915, #243, #798, #225, #727, #718, #1341, #166, #1591, #1384, #1584, #837, #892, #195, #670, #877, #400, #1315, #1469, #6, #730, #538, #306, #662, #1035, #598, #1194, #1529, #380, #1304, #964, #855, #480, #1066, #181, #489, #988, #250, #97, #1202, #1008, #610, #1123, #108, #24 ) ) ;
#714 = ORIENTED_EDGE ( 'NONE', *, *, #1019, .F. ) ;
#715 = EDGE_LOOP ( 'NONE', ( #1477, #684 ) ) ;
#716 = CARTESIAN_POINT ( 'NONE',  ( -20.00000000000000000, -19.89999999999967173, -36.20000000000002416 ) ) ;
#717 = DIRECTION ( 'NONE',  ( 0.000000000000000000, 2.040851148208007998E-15, 1.000000000000000000 ) ) ;
#718 = ADVANCED_FACE ( 'NONE', ( #874 ), #526, .F. ) ;
#719 = VECTOR ( 'NONE', #683, 1000.000000000000000 ) ;
#720 = LINE ( 'NONE', #875, #793 ) ;
#721 = VERTEX_POINT ( 'NONE', #22 ) ;
#722 = ORIENTED_EDGE ( 'NONE', *, *, #1479, .F. ) ;
#723 = CARTESIAN_POINT ( 'NONE',  ( -5.000000000000000000, 13.49999999999999822, 30.00000000000000000 ) ) ;
#724 = AXIS2_PLACEMENT_3D ( 'NONE', #180, #807, #1321 ) ;
#725 = DIRECTION ( 'NONE',  ( 0.000000000000000000, 0.000000000000000000, 1.000000000000000000 ) ) ;
#726 = CIRCLE ( 'NONE', #41, 3.100000000000001865 ) ;
#727 = ADVANCED_FACE ( 'NONE', ( #747 ), #257, .F. ) ;
#728 = CARTESIAN_POINT ( 'NONE',  ( -20.00000000000000000, -19.89999999999966462, -32.79999999999999716 ) ) ;
#729 = CC_DESIGN_PERSON_AND_ORGANIZATION_ASSIGNMENT ( #553, #38, ( #356 ) ) ;
#730 = ADVANCED_FACE ( 'NONE', ( #920, #548, #311 ), #1078, .F. ) ;
#731 = EDGE_LOOP ( 'NONE', ( #813, #383, #1021, #251 ) ) ;
#732 = VECTOR ( 'NONE', #829, 1000.000000000000000 ) ;
#733 = AXIS2_PLACEMENT_3D ( 'NONE', #1420, #295, #171 ) ;
#734 = ORIENTED_EDGE ( 'NONE', *, *, #231, .T. ) ;
#735 = DIRECTION ( 'NONE',  ( 1.000000000000000000, 0.000000000000000000, 0.000000000000000000 ) ) ;
#736 = CYLINDRICAL_SURFACE ( 'NONE', #1092, 3.249999999999996003 ) ;
#737 = AXIS2_PLACEMENT_3D ( 'NONE', #497, #913, #1272 ) ;
#738 = DIRECTION ( 'NONE',  ( 0.000000000000000000, 0.000000000000000000, -1.000000000000000000 ) ) ;
#739 = FACE_OUTER_BOUND ( 'NONE', #186, .T. ) ;
#740 = DIRECTION ( 'NONE',  ( 0.000000000000000000, 0.000000000000000000, -1.000000000000000000 ) ) ;
#741 = EDGE_CURVE ( 'NONE', #626, #138, #1610, .T. ) ;
#742 = DIRECTION ( 'NONE',  ( 0.000000000000000000, 2.040851148208007998E-15, 1.000000000000000000 ) ) ;
#743 = EDGE_LOOP ( 'NONE', ( #781, #1309 ) ) ;
#744 = CARTESIAN_POINT ( 'NONE',  ( 0.000000000000000000, -28.49999999999975131, -34.50000000000000000 ) ) ;
#745 = EDGE_CURVE ( 'NONE', #82, #1543, #255, .T. ) ;
#746 = DIRECTION ( 'NONE',  ( 0.000000000000000000, 1.000000000000000000, 0.000000000000000000 ) ) ;
#747 = FACE_OUTER_BOUND ( 'NONE', #190, .T. ) ;
#748 = DIRECTION ( 'NONE',  ( -0.000000000000000000, 1.000000000000000000, -1.156482317317871725E-15 ) ) ;
#749 = FACE_BOUND ( 'NONE', #408, .T. ) ;
#750 = VECTOR ( 'NONE', #1121, 1000.000000000000000 ) ;
#751 = CARTESIAN_POINT ( 'NONE',  ( 0.000000000000000000, -16.49999999999958789, 34.49999999999998579 ) ) ;
#752 = ORIENTED_EDGE ( 'NONE', *, *, #133, .T. ) ;
#753 = CC_DESIGN_DATE_AND_TIME_ASSIGNMENT ( #200, #1197, ( #451 ) ) ;
#754 = AXIS2_PLACEMENT_3D ( 'NONE', #1415, #1534, #780 ) ;
#755 = DIRECTION ( 'NONE',  ( -0.000000000000000000, 1.156482317317871291E-14, 1.000000000000000000 ) ) ;
#756 = CIRCLE ( 'NONE', #64, 1.700000000000013944 ) ;
#757 = DIRECTION ( 'NONE',  ( -0.000000000000000000, -0.000000000000000000, -1.000000000000000000 ) ) ;
#758 = DIRECTION ( 'NONE',  ( 0.000000000000000000, 1.000000000000000000, 0.000000000000000000 ) ) ;
#759 = CARTESIAN_POINT ( 'NONE',  ( -19.99999999999999289, -19.89999999999958646, 34.49999999999999289 ) ) ;
#760 = LINE ( 'NONE', #916, #806 ) ;
#761 = LINE ( 'NONE', #633, #404 ) ;
#762 = EDGE_LOOP ( 'NONE', ( #974, #1573, #668, #66 ) ) ;
#763 = APPLICATION_PROTOCOL_DEFINITION ( 'international standard', 'config_control_design', 1994, #674 ) ;
#764 = AXIS2_PLACEMENT_3D ( 'NONE', #510, #1391, #113 ) ;
#765 = ORIENTED_EDGE ( 'NONE', *, *, #569, .F. ) ;
#766 = CARTESIAN_POINT ( 'NONE',  ( 0.000000000000000000, -28.49999999999966960, 36.20000000000000284 ) ) ;
#767 = EDGE_CURVE ( 'NONE', #1128, #972, #1337, .T. ) ;
#768 = DIRECTION ( 'NONE',  ( -0.000000000000000000, 1.000000000000000000, -1.156482317317871725E-15 ) ) ;
#769 = CARTESIAN_POINT ( 'NONE',  ( -19.99999999999999289, -28.49999999999967315, 32.80000000000000426 ) ) ;
#770 = VECTOR ( 'NONE', #757, 1000.000000000000000 ) ;
#771 = EDGE_CURVE ( 'NONE', #721, #805, #1311, .T. ) ;
#772 = ORIENTED_EDGE ( 'NONE', *, *, #1096, .T. ) ;
#773 = DIRECTION ( 'NONE',  ( -1.000000000000000000, -0.000000000000000000, -0.000000000000000000 ) ) ;
#774 = VERTEX_POINT ( 'NONE', #564 ) ;
#775 = DIRECTION ( 'NONE',  ( 0.000000000000000000, 0.000000000000000000, 1.000000000000000000 ) ) ;
#776 = CARTESIAN_POINT ( 'NONE',  ( -19.99999999999999289, -16.49999999999958789, 34.49999999999998579 ) ) ;
#777 = DIRECTION ( 'NONE',  ( 1.000000000000000000, 0.000000000000000000, 0.000000000000000000 ) ) ;
#778 = EDGE_CURVE ( 'NONE', #1165, #1234, #434, .T. ) ;
#779 = LINE ( 'NONE', #381, #1148 ) ;
#780 = DIRECTION ( 'NONE',  ( 0.000000000000000000, 2.040851148207991432E-15, 1.000000000000000000 ) ) ;
#781 = ORIENTED_EDGE ( 'NONE', *, *, #165, .F. ) ;
#782 = ORIENTED_EDGE ( 'NONE', *, *, #1359, .F. ) ;
#783 = CARTESIAN_POINT ( 'NONE',  ( -5.000000000000000000, 13.49999999999999822, 26.99999999999999645 ) ) ;
#784 = AXIS2_PLACEMENT_3D ( 'NONE', #1, #608, #271 ) ;
#785 = CARTESIAN_POINT ( 'NONE',  ( -15.00000000000000000, 24.00000000000000711, -33.00000000000000711 ) ) ;
#786 = FACE_BOUND ( 'NONE', #587, .T. ) ;
#787 = UNCERTAINTY_MEASURE_WITH_UNIT (LENGTH_MEASURE( 1.000000000000000082E-05 ), #262, 'distance_accuracy_value', 'NONE');
#788 = EDGE_CURVE ( 'NONE', #1336, #366, #213, .T. ) ;
#789 = EDGE_LOOP ( 'NONE', ( #1598, #284, #917, #57 ) ) ;
#790 = PERSON_AND_ORGANIZATION ( #1422, #1266 ) ;
#791 = ORIENTED_EDGE ( 'NONE', *, *, #369, .F. ) ;
#792 = CYLINDRICAL_SURFACE ( 'NONE', #676, 3.000000000000002665 ) ;
#793 = VECTOR ( 'NONE', #887, 1000.000000000000000 ) ;
#794 = DIRECTION ( 'NONE',  ( 0.000000000000000000, 0.000000000000000000, -1.000000000000000000 ) ) ;
#795 = CARTESIAN_POINT ( 'NONE',  ( -8.000000000000000000, -16.49999999999999289, 30.00000000000000000 ) ) ;
#796 = VERTEX_POINT ( 'NONE', #1460 ) ;
#797 = PERSON_AND_ORGANIZATION ( #1422, #1266 ) ;
#798 = ADVANCED_FACE ( 'NONE', ( #426 ), #664, .F. ) ;
#799 = ORIENTED_EDGE ( 'NONE', *, *, #864, .F. ) ;
#800 = DIRECTION ( 'NONE',  ( -0.000000000000000000, 1.000000000000000000, -1.156482317317871725E-15 ) ) ;
#801 = DIRECTION ( 'NONE',  ( -0.000000000000000000, 1.000000000000000000, -1.156482317317871725E-15 ) ) ;
#802 = CARTESIAN_POINT ( 'NONE',  ( -15.00000000000000000, 24.00000000000000711, -33.00000000000000711 ) ) ;
#803 = ORIENTED_EDGE ( 'NONE', *, *, #34, .F. ) ;
#804 = EDGE_CURVE ( 'NONE', #178, #46, #1183, .T. ) ;
#805 = VERTEX_POINT ( 'NONE', #572 ) ;
#806 = VECTOR ( 'NONE', #923, 1000.000000000000000 ) ;
#807 = DIRECTION ( 'NONE',  ( 0.000000000000000000, -1.000000000000000000, 0.000000000000000000 ) ) ;
#808 = CYLINDRICAL_SURFACE ( 'NONE', #396, 1.700000000000007061 ) ;
#809 = CARTESIAN_POINT ( 'NONE',  ( -7.731102704846405160, -16.50000000000000000, 30.00000000000000711 ) ) ;
#810 = ORIENTED_EDGE ( 'NONE', *, *, #143, .F. ) ;
#811 = FACE_BOUND ( 'NONE', #1306, .T. ) ;
#812 = PERSON_AND_ORGANIZATION_ROLE ( 'creator' ) ;
#813 = ORIENTED_EDGE ( 'NONE', *, *, #1180, .F. ) ;
#814 = DIRECTION ( 'NONE',  ( 1.000000000000000000, 0.000000000000000000, 0.000000000000000000 ) ) ;
#815 = DIRECTION ( 'NONE',  ( 1.000000000000000000, 0.000000000000000000, 0.000000000000000000 ) ) ;
#816 = EDGE_CURVE ( 'NONE', #366, #1395, #756, .T. ) ;
#817 = AXIS2_PLACEMENT_3D ( 'NONE', #759, #268, #1146 ) ;
#818 = CARTESIAN_POINT ( 'NONE',  ( 3.980102097228901683E-16, -16.49999999999966960, -37.75000000000001421 ) ) ;
#819 = EDGE_CURVE ( 'NONE', #1034, #859, #1317, .T. ) ;
#820 = EDGE_LOOP ( 'NONE', ( #242, #229, #235, #692 ) ) ;
#821 = CARTESIAN_POINT ( 'NONE',  ( -4.999384580244786491, -14.03216400831253985, -27.03551445618623106 ) ) ;
#822 = ORIENTED_EDGE ( 'NONE', *, *, #1496, .T. ) ;
#823 = CARTESIAN_POINT ( 'NONE',  ( 5.000000000000000000, 13.49999999999999822, 26.99999999999999645 ) ) ;
#824 = FACE_OUTER_BOUND ( 'NONE', #309, .T. ) ;
#825 = B_SPLINE_CURVE_WITH_KNOTS ( 'NONE', 3,
 ( #575, #345, #1472, #1581, #685, #87, #588, #457, #1593, #958, #1229, #216, #949, #583, #1465, #104, #1478, #351, #448, #1099, #473, #843, #568, #821, #339, #1373 ),
 .UNSPECIFIED., .F., .F.,
 ( 4, 2, 2, 2, 2, 2, 2, 2, 2, 2, 2, 2, 4 ),
 ( 0.000000000000000000, 0.0007946724290456243971, 0.001192008643568439035, 0.001589344858091253782, 0.002384017287136875034, 0.002781353501659685878, 0.003178689716182496287, 0.003576025930705307564, 0.003973362145228117974, 0.004370698359750928817, 0.004768034574273739661, 0.005562707003319351806, 0.006357379432364963952 ),
 .UNSPECIFIED. ) ;
#826 = EDGE_CURVE ( 'NONE', #495, #1376, #76, .T. ) ;
#827 = CARTESIAN_POINT ( 'NONE',  ( -24.99999999999999645, -16.49999999999997158, -30.00000000000000711 ) ) ;
#828 = ORIENTED_EDGE ( 'NONE', *, *, #903, .T. ) ;
#829 = DIRECTION ( 'NONE',  ( 1.000000000000000000, 0.000000000000000000, 0.000000000000000000 ) ) ;
#830 = AXIS2_PLACEMENT_3D ( 'NONE', #617, #1152, #994 ) ;
#831 = VERTEX_POINT ( 'NONE', #1193 ) ;
#832 = DIRECTION ( 'NONE',  ( -0.000000000000000000, 1.000000000000000000, -1.156482317317871725E-15 ) ) ;
#833 = CYLINDRICAL_SURFACE ( 'NONE', #1207, 3.249999999999996003 ) ;
#834 = VECTOR ( 'NONE', #1556, 1000.000000000000000 ) ;
#835 = VERTEX_POINT ( 'NONE', #955 ) ;
#836 = CARTESIAN_POINT ( 'NONE',  ( 5.000000000000000000, 13.49999999999999822, 26.99999999999999645 ) ) ;
#837 = ADVANCED_FACE ( 'NONE', ( #824 ), #68, .F. ) ;
#838 = ORIENTED_EDGE ( 'NONE', *, *, #1048, .T. ) ;
#839 = LINE ( 'NONE', #477, #947 ) ;
#840 = DIRECTION ( 'NONE',  ( 0.000000000000000000, 0.000000000000000000, -1.000000000000000000 ) ) ;
#841 = AXIS2_PLACEMENT_3D ( 'NONE', #785, #897, #508 ) ;
#842 = EDGE_LOOP ( 'NONE', ( #514, #1052, #628, #184, #561, #850, #1580, #1133, #1243, #160 ) ) ;
#843 = CARTESIAN_POINT ( 'NONE',  ( -5.010083578747885902, -14.79568195273132503, -27.28117089615313873 ) ) ;
#844 = ORIENTED_EDGE ( 'NONE', *, *, #226, .T. ) ;
#845 = EDGE_CURVE ( 'NONE', #56, #1271, #1565, .T. ) ;
#846 = CARTESIAN_POINT ( 'NONE',  ( -24.99999999999999645, -28.49999999999999645, -39.00000000000000711 ) ) ;
#847 = EDGE_CURVE ( 'NONE', #1034, #1043, #318, .T. ) ;
#848 = DIRECTION ( 'NONE',  ( -0.000000000000000000, 1.000000000000000000, -1.156482317317871725E-15 ) ) ;
#849 = CARTESIAN_POINT ( 'NONE',  ( -5.000000000000000000, -28.49999999999999645, 26.99999999999999645 ) ) ;
#850 = ORIENTED_EDGE ( 'NONE', *, *, #519, .T. ) ;
#851 = EDGE_LOOP ( 'NONE', ( #545, #1357 ) ) ;
#852 = DIRECTION ( 'NONE',  ( 1.000000000000000000, 0.000000000000000000, 0.000000000000000000 ) ) ;
#853 = APPROVAL ( #47, 'UNSPECIFIED' ) ;
#854 = DIRECTION ( 'NONE',  ( 0.000000000000000000, 2.040851148207999715E-15, 1.000000000000000000 ) ) ;
#855 = ADVANCED_FACE ( 'NONE', ( #1047 ), #808, .F. ) ;
#856 = VECTOR ( 'NONE', #657, 1000.000000000000000 ) ;
#857 = CARTESIAN_POINT ( 'NONE',  ( 0.000000000000000000, -19.89999999999958646, 34.49999999999999289 ) ) ;
#858 = ORIENTED_EDGE ( 'NONE', *, *, #1240, .T. ) ;
#859 = VERTEX_POINT ( 'NONE', #1201 ) ;
#860 = CARTESIAN_POINT ( 'NONE',  ( 5.000000000000000000, 16.49999999999999645, 38.99999999999999289 ) ) ;
#861 = AXIS2_PLACEMENT_3D ( 'NONE', #1142, #125, #775 ) ;
#862 = CIRCLE ( 'NONE', #1080, 3.249999999999996003 ) ;
#863 = CARTESIAN_POINT ( 'NONE',  ( -8.000000000000000000, -28.49999999999999645, -27.00000000000000000 ) ) ;
#864 = EDGE_CURVE ( 'NONE', #1060, #466, #596, .T. ) ;
#865 = CARTESIAN_POINT ( 'NONE',  ( -18.29999999999998295, -19.89999999999958646, 34.49999999999999289 ) ) ;
#866 = CARTESIAN_POINT ( 'NONE',  ( -19.99999999999999289, -16.49999999999958433, 37.74999999999998579 ) ) ;
#867 = VECTOR ( 'NONE', #1119, 1000.000000000000000 ) ;
#868 = EDGE_CURVE ( 'NONE', #456, #1060, #1393, .T. ) ;
#869 = CARTESIAN_POINT ( 'NONE',  ( -24.99999999999999645, -28.49999999999999645, 38.99999999999999289 ) ) ;
#870 = ORIENTED_EDGE ( 'NONE', *, *, #826, .T. ) ;
#871 = LINE ( 'NONE', #401, #1470 ) ;
#872 = VECTOR ( 'NONE', #758, 1000.000000000000000 ) ;
#873 = CARTESIAN_POINT ( 'NONE',  ( 5.000000000000000000, 31.50000000000000711, -38.99999999999999289 ) ) ;
#874 = FACE_OUTER_BOUND ( 'NONE', #731, .T. ) ;
#875 = CARTESIAN_POINT ( 'NONE',  ( 5.000000000000000000, 31.50000000000000000, 39.00000000000000711 ) ) ;
#876 = AXIS2_PLACEMENT_3D ( 'NONE', #93, #1087, #112 ) ;
#877 = ADVANCED_FACE ( 'NONE', ( #604 ), #1602, .F. ) ;
#878 = DIRECTION ( 'NONE',  ( 1.000000000000000000, -0.000000000000000000, -0.000000000000000000 ) ) ;
#879 = AXIS2_PLACEMENT_3D ( 'NONE', #1533, #16, #740 ) ;
#880 = CARTESIAN_POINT ( 'NONE',  ( 0.000000000000000000, -16.49999999999966604, -34.50000000000001421 ) ) ;
#881 = ORIENTED_EDGE ( 'NONE', *, *, #816, .T. ) ;
#882 = CARTESIAN_POINT ( 'NONE',  ( 5.000000000000000000, -13.49999999999999822, -26.99999999999999645 ) ) ;
#883 = ORIENTED_EDGE ( 'NONE', *, *, #1172, .T. ) ;
#884 = FACE_OUTER_BOUND ( 'NONE', #191, .T. ) ;
#885 = VECTOR ( 'NONE', #3, 1000.000000000000000 ) ;
#886 = FACE_BOUND ( 'NONE', #1190, .T. ) ;
#887 = DIRECTION ( 'NONE',  ( 0.000000000000000000, -1.000000000000000000, -9.251858538542969855E-16 ) ) ;
#888 = EDGE_LOOP ( 'NONE', ( #1519, #1269, #1196, #218 ) ) ;
#889 = DIRECTION ( 'NONE',  ( -0.000000000000000000, 1.000000000000000000, -1.156482317317871725E-15 ) ) ;
#890 = ORIENTED_EDGE ( 'NONE', *, *, #420, .T. ) ;
#891 = DIRECTION ( 'NONE',  ( 0.000000000000000000, 0.000000000000000000, 1.000000000000000000 ) ) ;
#892 = ADVANCED_FACE ( 'NONE', ( #485 ), #983, .F. ) ;
#893 = LOCAL_TIME ( 10, 19, 22.00000000000000000, #1417 ) ;
#894 = CC_DESIGN_APPROVAL ( #853, ( #1407 ) ) ;
#895 = ORIENTED_EDGE ( 'NONE', *, *, #996, .F. ) ;
#896 = DIRECTION ( 'NONE',  ( 0.000000000000000000, 1.067522139062651855E-15, 1.000000000000000000 ) ) ;
#897 = DIRECTION ( 'NONE',  ( 1.000000000000000000, -0.000000000000000000, -0.000000000000000000 ) ) ;
#898 = PLANE ( 'NONE',  #1305 ) ;
#899 = ORIENTED_EDGE ( 'NONE', *, *, #512, .T. ) ;
#900 = DIRECTION ( 'NONE',  ( -1.000000000000000000, -0.000000000000000000, -0.000000000000000000 ) ) ;
#901 = ORIENTED_EDGE ( 'NONE', *, *, #240, .T. ) ;
#902 = CARTESIAN_POINT ( 'NONE',  ( 0.000000000000000000, -28.49999999999974776, -32.80000000000000426 ) ) ;
#903 = EDGE_CURVE ( 'NONE', #1060, #456, #455, .T. ) ;
#904 = ORIENTED_EDGE ( 'NONE', *, *, #1161, .F. ) ;
#905 = FACE_OUTER_BOUND ( 'NONE', #254, .T. ) ;
#906 = CARTESIAN_POINT ( 'NONE',  ( -24.99999999999999645, -16.50000000000007816, -39.00000000000000711 ) ) ;
#907 = DIRECTION ( 'NONE',  ( 0.000000000000000000, 1.067522139062651855E-15, 1.000000000000000000 ) ) ;
#908 = AXIS2_PLACEMENT_3D ( 'NONE', #355, #848, #854 ) ;
#909 = CARTESIAN_POINT ( 'NONE',  ( 5.000000000000000000, 13.49999999999999822, -30.00000000000000000 ) ) ;
#910 = ORIENTED_EDGE ( 'NONE', *, *, #1096, .F. ) ;
#911 = AXIS2_PLACEMENT_3D ( 'NONE', #1548, #1428, #60 ) ;
#912 = EDGE_LOOP ( 'NONE', ( #1562, #324, #358, #365 ) ) ;
#913 = DIRECTION ( 'NONE',  ( -0.000000000000000000, 1.000000000000000000, -1.156482317317871725E-15 ) ) ;
#914 = CARTESIAN_POINT ( 'NONE',  ( -18.29999999999999005, -19.89999999999966818, -34.50000000000000711 ) ) ;
#915 = ADVANCED_FACE ( 'NONE', ( #461 ), #1372, .F. ) ;
#916 = CARTESIAN_POINT ( 'NONE',  ( 3.980102097228892808E-16, -16.49999999999966960, -37.75000000000001421 ) ) ;
#917 = ORIENTED_EDGE ( 'NONE', *, *, #388, .F. ) ;
#918 = PERSON_AND_ORGANIZATION ( #1422, #1266 ) ;
#919 = CARTESIAN_POINT ( 'NONE',  ( 0.000000000000000000, -16.49999999999966604, -34.50000000000001421 ) ) ;
#920 = FACE_BOUND ( 'NONE', #715, .T. ) ;
#921 = APPROVAL_PERSON_ORGANIZATION ( #439, #853, #72 ) ;
#922 = EDGE_CURVE ( 'NONE', #115, #1395, #1365, .T. ) ;
#923 = DIRECTION ( 'NONE',  ( -0.000000000000000000, 1.000000000000000000, -1.156482317317871725E-15 ) ) ;
#924 = VECTOR ( 'NONE', #671, 1000.000000000000000 ) ;
#925 = ORIENTED_EDGE ( 'NONE', *, *, #941, .T. ) ;
#926 = APPLICATION_PROTOCOL_DEFINITION ( 'international standard', 'config_control_design', 1994, #1198 ) ;
#927 = VERTEX_POINT ( 'NONE', #1354 ) ;
#928 = CARTESIAN_POINT ( 'NONE',  ( -15.00000000000000000, 24.00000000000000711, -29.90000000000000568 ) ) ;
#929 = AXIS2_PLACEMENT_3D ( 'NONE', #253, #889, #742 ) ;
#930 = DIRECTION ( 'NONE',  ( 0.000000000000000000, 0.000000000000000000, 1.000000000000000000 ) ) ;
#931 = CARTESIAN_POINT ( 'NONE',  ( -5.019412278826045792, -14.90748171493750363, 27.34737267790685422 ) ) ;
#932 = ORIENTED_EDGE ( 'NONE', *, *, #343, .T. ) ;
#933 = APPROVAL_STATUS ( 'not_yet_approved' ) ;
#934 = ORIENTED_EDGE ( 'NONE', *, *, #463, .T. ) ;
#935 = CARTESIAN_POINT ( 'NONE',  ( 2.081899558550522220E-16, -19.89999999999959002, 32.79999999999998295 ) ) ;
#936 = CARTESIAN_POINT ( 'NONE',  ( 5.000000000000000000, 16.50000000000000711, -38.99999999999999289 ) ) ;
#937 = LINE ( 'NONE', #328, #1018 ) ;
#938 = EDGE_LOOP ( 'NONE', ( #1437, #110, #1003, #511, #315, #423, #991, #1545, #1510, #1098, #1259, #543 ) ) ;
#939 = LINE ( 'NONE', #1206, #1459 ) ;
#940 = ORIENTED_EDGE ( 'NONE', *, *, #122, .T. ) ;
#941 = EDGE_CURVE ( 'NONE', #1336, #115, #1540, .T. ) ;
#942 = CIRCLE ( 'NONE', #236, 3.100000000000001865 ) ;
#943 = DIRECTION ( 'NONE',  ( 0.000000000000000000, 1.067522139062651855E-15, 1.000000000000000000 ) ) ;
#944 = AXIS2_PLACEMENT_3D ( 'NONE', #27, #773, #1499 ) ;
#945 = DIRECTION ( 'NONE',  ( 1.000000000000000000, 0.000000000000000000, 0.000000000000000000 ) ) ;
#946 = CARTESIAN_POINT ( 'NONE',  ( 1.700000000000012168, -19.89999999999966818, -34.50000000000000711 ) ) ;
#947 = VECTOR ( 'NONE', #354, 1000.000000000000000 ) ;
#948 = ORIENTED_EDGE ( 'NONE', *, *, #1145, .T. ) ;
#949 = CARTESIAN_POINT ( 'NONE',  ( -5.463449856029465757, -16.15925685488214114, -28.60626680986435133 ) ) ;
#950 = AXIS2_PLACEMENT_3D ( 'NONE', #595, #99, #1217 ) ;
#951 = ORIENTED_EDGE ( 'NONE', *, *, #903, .F. ) ;
#952 = DIRECTION ( 'NONE',  ( 0.000000000000000000, 0.000000000000000000, -1.000000000000000000 ) ) ;
#953 = EDGE_CURVE ( 'NONE', #831, #1165, #1251, .T. ) ;
#954 = CIRCLE ( 'NONE', #276, 1.700000000000013944 ) ;
#955 = CARTESIAN_POINT ( 'NONE',  ( 3.980102097228892808E-16, -19.89999999999959002, 31.25000000000000000 ) ) ;
#956 = DIRECTION ( 'NONE',  ( 1.000000000000000000, 0.000000000000000000, 0.000000000000000000 ) ) ;
#957 = ORIENTED_EDGE ( 'NONE', *, *, #361, .T. ) ;
#958 = CARTESIAN_POINT ( 'NONE',  ( -5.767529684814449276, -16.33294287263324662, -29.00815859314897338 ) ) ;
#959 = CIRCLE ( 'NONE', #102, 1.700000000000013944 ) ;
#960 = ORIENTED_EDGE ( 'NONE', *, *, #1479, .T. ) ;
#961 = CARTESIAN_POINT ( 'NONE',  ( -19.99999999999999289, -16.49999999999958789, 34.49999999999998579 ) ) ;
#962 = AXIS2_PLACEMENT_3D ( 'NONE', #1267, #878, #33 ) ;
#963 = CARTESIAN_POINT ( 'NONE',  ( -19.99999999999999289, -16.49999999999958789, 34.49999999999998579 ) ) ;
#964 = ADVANCED_FACE ( 'NONE', ( #970 ), #989, .F. ) ;
#965 = ORIENTED_EDGE ( 'NONE', *, *, #845, .T. ) ;
#966 = CARTESIAN_POINT ( 'NONE',  ( -24.99999999999999645, -28.49999999999999645, 30.00000000000000000 ) ) ;
#967 = ORIENTED_EDGE ( 'NONE', *, *, #864, .T. ) ;
#968 = LINE ( 'NONE', #1474, #1220 ) ;
#969 = CIRCLE ( 'NONE', #1186, 3.249999999999996003 ) ;
#970 = FACE_OUTER_BOUND ( 'NONE', #1378, .T. ) ;
#971 = EDGE_CURVE ( 'NONE', #859, #1464, #205, .T. ) ;
#972 = VERTEX_POINT ( 'NONE', #1233 ) ;
#973 = LINE ( 'NONE', #331, #304 ) ;
#974 = ORIENTED_EDGE ( 'NONE', *, *, #1606, .T. ) ;
#975 = FACE_OUTER_BOUND ( 'NONE', #441, .T. ) ;
#976 = CARTESIAN_POINT ( 'NONE',  ( -20.00000000000000000, -16.49999999999966960, -36.20000000000002416 ) ) ;
#977 = CARTESIAN_POINT ( 'NONE',  ( 0.000000000000000000, -19.89999999999958646, 36.20000000000000995 ) ) ;
#978 = ORIENTED_EDGE ( 'NONE', *, *, #1462, .T. ) ;
#979 = EDGE_CURVE ( 'NONE', #140, #2, #1487, .T. ) ;
#980 = ORIENTED_EDGE ( 'NONE', *, *, #1489, .F. ) ;
#981 = DIRECTION ( 'NONE',  ( 1.000000000000000000, 0.000000000000000000, -0.000000000000000000 ) ) ;
#982 = AXIS2_PLACEMENT_3D ( 'NONE', #637, #142, #995 ) ;
#983 = PLANE ( 'NONE',  #1476 ) ;
#984 = FACE_BOUND ( 'NONE', #116, .T. ) ;
#985 = ORIENTED_EDGE ( 'NONE', *, *, #1322, .F. ) ;
#986 = EDGE_LOOP ( 'NONE', ( #332, #321, #1041, #208 ) ) ;
#987 = CARTESIAN_POINT ( 'NONE',  ( 5.000000000000000000, 24.00000000000000711, -36.10000000000001563 ) ) ;
#988 = ADVANCED_FACE ( 'NONE', ( #342 ), #833, .F. ) ;
#989 = CYLINDRICAL_SURFACE ( 'NONE', #282, 2.999999999999999112 ) ;
#990 = CARTESIAN_POINT ( 'NONE',  ( -5.000000000000000000, 13.49999999999999822, 26.99999999999999645 ) ) ;
#991 = ORIENTED_EDGE ( 'NONE', *, *, #1549, .F. ) ;
#992 = FACE_OUTER_BOUND ( 'NONE', #1416, .T. ) ;
#993 = ORIENTED_EDGE ( 'NONE', *, *, #1557, .F. ) ;
#994 = DIRECTION ( 'NONE',  ( 0.000000000000000000, 1.067522139062651855E-15, 1.000000000000000000 ) ) ;
#995 = DIRECTION ( 'NONE',  ( 0.000000000000000000, 1.067522139062651855E-15, 1.000000000000000000 ) ) ;
#996 = EDGE_CURVE ( 'NONE', #1586, #201, #220, .T. ) ;
#997 = FACE_OUTER_BOUND ( 'NONE', #842, .T. ) ;
#998 = CARTESIAN_POINT ( 'NONE',  ( 2.081899558550507675E-16, -16.49999999999966960, -36.20000000000002416 ) ) ;
#999 = FACE_OUTER_BOUND ( 'NONE', #634, .T. ) ;
#1000 = CARTESIAN_POINT ( 'NONE',  ( -19.99999999999999289, -16.49999999999959144, 31.24999999999999289 ) ) ;
#1001 = ORIENTED_EDGE ( 'NONE', *, *, #231, .F. ) ;
#1002 = CARTESIAN_POINT ( 'NONE',  ( 5.000000000000000000, 31.50000000000000000, 39.00000000000000711 ) ) ;
#1003 = ORIENTED_EDGE ( 'NONE', *, *, #420, .F. ) ;
#1004 = CARTESIAN_POINT ( 'NONE',  ( 5.000000000000000000, -13.49999999999999822, 26.99999999999999645 ) ) ;
#1005 = AXIS2_PLACEMENT_3D ( 'NONE', #1227, #119, #1491 ) ;
#1006 = LINE ( 'NONE', #267, #533 ) ;
#1007 = DIRECTION ( 'NONE',  ( -1.000000000000000000, 0.000000000000000000, -0.000000000000000000 ) ) ;
#1008 = ADVANCED_FACE ( 'NONE', ( #591 ), #349, .F. ) ;
#1009 = EDGE_LOOP ( 'NONE', ( #1405, #424, #1216, #803 ) ) ;
#1010 = AXIS2_PLACEMENT_3D ( 'NONE', #1027, #164, #907 ) ;
#1011 = LINE ( 'NONE', #10, #1553 ) ;
#1012 = EDGE_LOOP ( 'NONE', ( #432, #870, #957, #416 ) ) ;
#1013 = DIRECTION ( 'NONE',  ( 1.000000000000000000, 0.000000000000000000, 0.000000000000000000 ) ) ;
#1014 = DIRECTION ( 'NONE',  ( 0.000000000000000000, 0.000000000000000000, 1.000000000000000000 ) ) ;
#1015 = DIRECTION ( 'NONE',  ( 0.000000000000000000, -1.000000000000000000, 1.156482317317871725E-15 ) ) ;
#1016 = CARTESIAN_POINT ( 'NONE',  ( 1.700000000000012168, -19.89999999999958646, 34.49999999999999289 ) ) ;
#1017 = VERTEX_POINT ( 'NONE', #478 ) ;
#1018 = VECTOR ( 'NONE', #296, 1000.000000000000000 ) ;
#1019 = EDGE_CURVE ( 'NONE', #927, #495, #1335, .T. ) ;
#1020 = LINE ( 'NONE', #1162, #750 ) ;
#1021 = ORIENTED_EDGE ( 'NONE', *, *, #979, .T. ) ;
#1022 = CARTESIAN_POINT ( 'NONE',  ( -19.99999999999999289, -19.89999999999958646, 37.74999999999999289 ) ) ;
#1023 = AXIS2_PLACEMENT_3D ( 'NONE', #134, #1013, #1528 ) ;
#1024 = ORIENTED_EDGE ( 'NONE', *, *, #1135, .T. ) ;
#1025 = CARTESIAN_POINT ( 'NONE',  ( -15.00000000000000000, 24.00000000000000000, 36.10000000000000853 ) ) ;
#1026 = CARTESIAN_POINT ( 'NONE',  ( 0.000000000000000000, -16.49999999999966249, -31.25000000000002132 ) ) ;
#1027 = CARTESIAN_POINT ( 'NONE',  ( -20.00000000000000000, -16.49999999999966604, -34.50000000000001421 ) ) ;
#1028 = DIRECTION ( 'NONE',  ( 0.000000000000000000, 0.000000000000000000, -1.000000000000000000 ) ) ;
#1029 = ORIENTED_EDGE ( 'NONE', *, *, #92, .F. ) ;
#1030 = VECTOR ( 'NONE', #832, 1000.000000000000000 ) ;
#1031 = COORDINATED_UNIVERSAL_TIME_OFFSET ( 0, 0, .AHEAD. ) ;
#1032 = AXIS2_PLACEMENT_3D ( 'NONE', #914, #1015, #405 ) ;
#1033 = VECTOR ( 'NONE', #1546, 1000.000000000000000 ) ;
#1034 = VERTEX_POINT ( 'NONE', #1238 ) ;
#1035 = ADVANCED_FACE ( 'NONE', ( #884 ), #393, .F. ) ;
#1036 = EDGE_CURVE ( 'NONE', #927, #228, #532, .T. ) ;
#1037 = DIRECTION ( 'NONE',  ( 0.000000000000000000, 3.854941057726240562E-16, -1.000000000000000000 ) ) ;
#1038 = VECTOR ( 'NONE', #1475, 1000.000000000000000 ) ;
#1039 = DIRECTION ( 'NONE',  ( -0.000000000000000000, 1.000000000000000000, -1.156482317317871725E-15 ) ) ;
#1040 = CARTESIAN_POINT ( 'NONE',  ( 0.000000000000000000, -16.49999999999966249, -32.80000000000001137 ) ) ;
#1041 = ORIENTED_EDGE ( 'NONE', *, *, #240, .F. ) ;
#1042 = PERSON_AND_ORGANIZATION ( #1422, #1266 ) ;
#1043 = VERTEX_POINT ( 'NONE', #264 ) ;
#1044 = CARTESIAN_POINT ( 'NONE',  ( -19.99999999999999289, -19.89999999999958646, 34.49999999999999289 ) ) ;
#1045 = VECTOR ( 'NONE', #1069, 1000.000000000000000 ) ;
#1046 = EDGE_CURVE ( 'NONE', #1271, #417, #1154, .T. ) ;
#1047 = FACE_OUTER_BOUND ( 'NONE', #1122, .T. ) ;
#1048 = EDGE_CURVE ( 'NONE', #1586, #1252, #410, .T. ) ;
#1049 = CARTESIAN_POINT ( 'NONE',  ( -5.047424842372368659, -15.24891197894546835, 27.54825514355695759 ) ) ;
#1050 = ORIENTED_EDGE ( 'NONE', *, *, #659, .F. ) ;
#1051 = AXIS2_PLACEMENT_3D ( 'NONE', #946, #1203, #1331 ) ;
#1052 = ORIENTED_EDGE ( 'NONE', *, *, #1537, .T. ) ;
#1053 = LINE ( 'NONE', #1569, #1173 ) ;
#1054 = CIRCLE ( 'NONE', #754, 1.700000000000013944 ) ;
#1055 = DIRECTION ( 'NONE',  ( 0.000000000000000000, 0.000000000000000000, -1.000000000000000000 ) ) ;
#1056 = CC_DESIGN_PERSON_AND_ORGANIZATION_ASSIGNMENT ( #790, #812, ( #451 ) ) ;
#1057 = CARTESIAN_POINT ( 'NONE',  ( 5.000000000000000000, 31.50000000000000711, -38.99999999999999289 ) ) ;
#1058 = VERTEX_POINT ( 'NONE', #1410 ) ;
#1059 = PERSON_AND_ORGANIZATION_ROLE ( 'creator' ) ;
#1060 = VERTEX_POINT ( 'NONE', #766 ) ;
#1061 = DIRECTION ( 'NONE',  ( -0.000000000000000000, 1.000000000000000000, -1.156482317317871725E-15 ) ) ;
#1062 = AXIS2_PLACEMENT_3D ( 'NONE', #15, #1007, #1361 ) ;
#1063 = AXIS2_PLACEMENT_3D ( 'NONE', #1427, #83, #943 ) ;
#1064 = DIRECTION ( 'NONE',  ( -1.000000000000000000, -0.000000000000000000, -0.000000000000000000 ) ) ;
#1065 = PLANE ( 'NONE',  #1159 ) ;
#1066 = ADVANCED_FACE ( 'NONE', ( #1389 ), #1281, .F. ) ;
#1067 = ORIENTED_EDGE ( 'NONE', *, *, #452, .F. ) ;
#1068 = EDGE_LOOP ( 'NONE', ( #86, #616, #397, #409 ) ) ;
#1069 = DIRECTION ( 'NONE',  ( 1.000000000000000000, -0.000000000000000000, -0.000000000000000000 ) ) ;
#1070 = DIRECTION ( 'NONE',  ( 0.000000000000000000, 2.040851148207999715E-15, 1.000000000000000000 ) ) ;
#1071 = VECTOR ( 'NONE', #1037, 1000.000000000000000 ) ;
#1072 = CARTESIAN_POINT ( 'NONE',  ( -5.167057127366761371, -15.73247031518554984, 27.99184140685103017 ) ) ;
#1073 = VERTEX_POINT ( 'NONE', #1380 ) ;
#1074 = FACE_OUTER_BOUND ( 'NONE', #912, .T. ) ;
#1075 = EDGE_CURVE ( 'NONE', #1128, #574, #516, .T. ) ;
#1076 = VERTEX_POINT ( 'NONE', #285 ) ;
#1077 = CARTESIAN_POINT ( 'NONE',  ( -5.000000000000000000, 31.50000000000000711, -38.99999999999999289 ) ) ;
#1078 = PLANE ( 'NONE',  #435 ) ;
#1079 = DIRECTION ( 'NONE',  ( -0.000000000000000000, 1.000000000000000000, -1.156482317317871725E-15 ) ) ;
#1080 = AXIS2_PLACEMENT_3D ( 'NONE', #211, #106, #334 ) ;
#1081 = ORIENTED_EDGE ( 'NONE', *, *, #771, .F. ) ;
#1082 = DIRECTION ( 'NONE',  ( 0.000000000000000000, 0.000000000000000000, -1.000000000000000000 ) ) ;
#1083 = ORIENTED_EDGE ( 'NONE', *, *, #1180, .T. ) ;
#1084 = PLANE ( 'NONE',  #1571 ) ;
#1085 = EDGE_CURVE ( 'NONE', #390, #1043, #161, .T. ) ;
#1086 = VECTOR ( 'NONE', #1455, 1000.000000000000000 ) ;
#1087 = DIRECTION ( 'NONE',  ( -1.000000000000000000, -0.000000000000000000, -0.000000000000000000 ) ) ;
#1088 = AXIS2_PLACEMENT_3D ( 'NONE', #1191, #301, #663 ) ;
#1089 = ORIENTED_EDGE ( 'NONE', *, *, #577, .F. ) ;
#1090 = PLANE ( 'NONE',  #1226 ) ;
#1091 = LOCAL_TIME ( 10, 19, 22.00000000000000000, #1031 ) ;
#1092 = AXIS2_PLACEMENT_3D ( 'NONE', #247, #1521, #896 ) ;
#1093 = EDGE_LOOP ( 'NONE', ( #353, #1313 ) ) ;
#1094 = DIRECTION ( 'NONE',  ( -0.000000000000000000, 1.000000000000000000, -1.156482317317871725E-15 ) ) ;
#1095 = CARTESIAN_POINT ( 'NONE',  ( 5.000000000000000000, 13.49999999999999822, 26.99999999999999645 ) ) ;
#1096 = EDGE_CURVE ( 'NONE', #1333, #488, #179, .T. ) ;
#1097 = ADVANCED_FACE ( 'NONE', ( #403 ), #152, .F. ) ;
#1098 = ORIENTED_EDGE ( 'NONE', *, *, #971, .F. ) ;
#1099 = CARTESIAN_POINT ( 'NONE',  ( -5.051566209962393472, -15.25056981735567163, -27.56012505933315637 ) ) ;
#1100 = ORIENTED_EDGE ( 'NONE', *, *, #88, .F. ) ;
#1101 = FACE_OUTER_BOUND ( 'NONE', #338, .T. ) ;
#1102 = DESIGN_CONTEXT ( 'detailed design', #1198, 'design' ) ;
#1103 = DIRECTION ( 'NONE',  ( -0.000000000000000000, 1.000000000000000000, -1.156482317317871725E-15 ) ) ;
#1104 = AXIS2_PLACEMENT_3D ( 'NONE', #573, #1079, #1212 ) ;
#1105 = AXIS2_PLACEMENT_3D ( 'NONE', #1002, #375, #1511 ) ;
#1106 = ORIENTED_EDGE ( 'NONE', *, *, #778, .F. ) ;
#1107 = ORIENTED_EDGE ( 'NONE', *, *, #1215, .T. ) ;
#1108 = LINE ( 'NONE', #360, #283 ) ;
#1109 = DIRECTION ( 'NONE',  ( -1.000000000000000000, 0.000000000000000000, -0.000000000000000000 ) ) ;
#1110 = CARTESIAN_POINT ( 'NONE',  ( -20.00000000000000000, -19.89999999999966818, -34.50000000000000711 ) ) ;
#1111 = CIRCLE ( 'NONE', #376, 3.099999999999998757 ) ;
#1112 = ORIENTED_EDGE ( 'NONE', *, *, #558, .T. ) ;
#1113 = EDGE_CURVE ( 'NONE', #402, #1538, #611, .T. ) ;
#1114 = VECTOR ( 'NONE', #12, 1000.000000000000000 ) ;
#1115 = VERTEX_POINT ( 'NONE', #645 ) ;
#1116 = CARTESIAN_POINT ( 'NONE',  ( 5.000000000000000000, -16.50000000000007816, -39.00000000000000711 ) ) ;
#1117 = DIRECTION ( 'NONE',  ( 0.000000000000000000, 2.040851148208007998E-15, 1.000000000000000000 ) ) ;
#1118 = AXIS2_PLACEMENT_3D ( 'NONE', #419, #302, #794 ) ;
#1119 = DIRECTION ( 'NONE',  ( -1.000000000000000000, -0.000000000000000000, -0.000000000000000000 ) ) ;
#1120 = EDGE_LOOP ( 'NONE', ( #722, #677 ) ) ;
#1121 = DIRECTION ( 'NONE',  ( 1.000000000000000000, 0.000000000000000000, 0.000000000000000000 ) ) ;
#1122 = EDGE_LOOP ( 'NONE', ( #224, #714, #1342, #522 ) ) ;
#1123 = ADVANCED_FACE ( 'NONE', ( #905 ), #736, .F. ) ;
#1124 = LINE ( 'NONE', #1520, #163 ) ;
#1125 = DIRECTION ( 'NONE',  ( -1.000000000000000000, -0.000000000000000000, -0.000000000000000000 ) ) ;
#1126 = DIRECTION ( 'NONE',  ( -0.000000000000000000, -1.000000000000000000, -5.782411586589356653E-16 ) ) ;
#1127 = DIRECTION ( 'NONE',  ( 0.000000000000000000, -1.000000000000000000, 0.000000000000000000 ) ) ;
#1128 = VERTEX_POINT ( 'NONE', #1166 ) ;
#1129 = CIRCLE ( 'NONE', #421, 3.000000000000002665 ) ;
#1130 = CYLINDRICAL_SURFACE ( 'NONE', #784, 1.700000000000007061 ) ;
#1131 = VERTEX_POINT ( 'NONE', #31 ) ;
#1132 = FACE_OUTER_BOUND ( 'NONE', #272, .T. ) ;
#1133 = ORIENTED_EDGE ( 'NONE', *, *, #440, .F. ) ;
#1134 = DIRECTION ( 'NONE',  ( -1.000000000000000000, -0.000000000000000000, 0.000000000000000000 ) ) ;
#1135 = EDGE_CURVE ( 'NONE', #466, #1228, #959, .T. ) ;
#1136 = DIRECTION ( 'NONE',  ( 0.000000000000000000, 0.000000000000000000, -1.000000000000000000 ) ) ;
#1137 = CARTESIAN_POINT ( 'NONE',  ( -5.000000000000000888, 24.00000000000000711, -29.90000000000000568 ) ) ;
#1138 = DIRECTION ( 'NONE',  ( -0.000000000000000000, 1.000000000000000000, -1.156482317317871725E-15 ) ) ;
#1139 = CIRCLE ( 'NONE', #817, 3.249999999999996003 ) ;
#1140 = LINE ( 'NONE', #149, #89 ) ;
#1141 = ORIENTED_EDGE ( 'NONE', *, *, #165, .T. ) ;
#1142 = CARTESIAN_POINT ( 'NONE',  ( -8.000000000000000000, -28.49999999999999645, 27.00000000000000000 ) ) ;
#1143 = CARTESIAN_POINT ( 'NONE',  ( 5.000000000000000000, 16.50000000000000711, -38.99999999999999289 ) ) ;
#1144 = DIRECTION ( 'NONE',  ( -0.000000000000000000, 1.000000000000000000, -1.156482317317871725E-15 ) ) ;
#1145 = EDGE_CURVE ( 'NONE', #701, #1278, #126, .T. ) ;
#1146 = DIRECTION ( 'NONE',  ( 0.000000000000000000, 1.067522139062651855E-15, 1.000000000000000000 ) ) ;
#1147 = ORIENTED_EDGE ( 'NONE', *, *, #143, .T. ) ;
#1148 = VECTOR ( 'NONE', #259, 1000.000000000000000 ) ;
#1149 = AXIS2_PLACEMENT_3D ( 'NONE', #1522, #768, #638 ) ;
#1150 = DIRECTION ( 'NONE',  ( 0.000000000000000000, -3.854941057726237604E-16, 1.000000000000000000 ) ) ;
#1151 = ORIENTED_EDGE ( 'NONE', *, *, #1046, .F. ) ;
#1152 = DIRECTION ( 'NONE',  ( -0.000000000000000000, 1.000000000000000000, -1.156482317317871725E-15 ) ) ;
#1153 = ORIENTED_EDGE ( 'NONE', *, *, #197, .T. ) ;
#1154 = LINE ( 'NONE', #1143, #203 ) ;
#1155 = CARTESIAN_POINT ( 'NONE',  ( -5.000000000000000000, 16.49999999999999645, 38.99999999999999289 ) ) ;
#1156 = CARTESIAN_POINT ( 'NONE',  ( 0.000000000000000000, -16.49999999999958433, 37.74999999999998579 ) ) ;
#1157 = EDGE_CURVE ( 'NONE', #359, #340, #1288, .T. ) ;
#1158 = FACE_OUTER_BOUND ( 'NONE', #1174, .T. ) ;
#1159 = AXIS2_PLACEMENT_3D ( 'NONE', #1057, #1566, #956 ) ;
#1160 = VECTOR ( 'NONE', #1150, 1000.000000000000000 ) ;
#1161 = EDGE_CURVE ( 'NONE', #1278, #1370, #128, .T. ) ;
#1162 = CARTESIAN_POINT ( 'NONE',  ( -24.99999999999999645, -28.49999999999999645, 30.00000000000000000 ) ) ;
#1163 = ORIENTED_EDGE ( 'NONE', *, *, #1135, .F. ) ;
#1164 = AXIS2_PLACEMENT_3D ( 'NONE', #204, #84, #1070 ) ;
#1165 = VERTEX_POINT ( 'NONE', #1399 ) ;
#1166 = CARTESIAN_POINT ( 'NONE',  ( 5.000000000000000000, -13.49999999999999822, 26.99999999999999645 ) ) ;
#1167 = DIRECTION ( 'NONE',  ( 0.000000000000000000, -3.854941057726238097E-16, 1.000000000000000000 ) ) ;
#1168 = CARTESIAN_POINT ( 'NONE',  ( -5.340743145117856194, -16.03655014397052980, 28.39373319013564156 ) ) ;
#1169 = AXIS2_PLACEMENT_3D ( 'NONE', #1110, #370, #1603 ) ;
#1170 = ORIENTED_EDGE ( 'NONE', *, *, #498, .T. ) ;
#1171 = CALENDAR_DATE ( 2025, 17, 12 ) ;
#1172 = EDGE_CURVE ( 'NONE', #210, #1535, #275, .T. ) ;
#1173 = VECTOR ( 'NONE', #540, 1000.000000000000000 ) ;
#1174 = EDGE_LOOP ( 'NONE', ( #1320, #883, #1388, #505 ) ) ;
#1175 = DIRECTION ( 'NONE',  ( 1.000000000000000000, -0.000000000000000000, -0.000000000000000000 ) ) ;
#1176 = CARTESIAN_POINT ( 'NONE',  ( -5.000000000000000000, 13.49999999999999822, -30.00000000000000000 ) ) ;
#1177 = CARTESIAN_POINT ( 'NONE',  ( 0.000000000000000000, -19.89999999999966818, -34.50000000000000711 ) ) ;
#1178 = VECTOR ( 'NONE', #406, 1000.000000000000000 ) ;
#1179 = VERTEX_POINT ( 'NONE', #1301 ) ;
#1180 = EDGE_CURVE ( 'NONE', #79, #1575, #1289, .T. ) ;
#1181 = ORIENTED_EDGE ( 'NONE', *, *, #711, .T. ) ;
#1182 = LINE ( 'NONE', #546, #482 ) ;
#1183 = LINE ( 'NONE', #443, #834 ) ;
#1184 = CIRCLE ( 'NONE', #666, 1.700000000000000178 ) ;
#1185 = CARTESIAN_POINT ( 'NONE',  ( -5.677497960650732090, -16.29442525096466809, 28.90309798656389262 ) ) ;
#1186 = AXIS2_PLACEMENT_3D ( 'NONE', #1177, #77, #1558 ) ;
#1187 = ORIENTED_EDGE ( 'NONE', *, *, #412, .T. ) ;
#1188 = APPROVAL_DATE_TIME ( #544, #286 ) ;
#1189 = VECTOR ( 'NONE', #291, 1000.000000000000000 ) ;
#1190 = EDGE_LOOP ( 'NONE', ( #828, #658 ) ) ;
#1191 = CARTESIAN_POINT ( 'NONE',  ( -24.99999999999999645, -16.49999999999997158, -30.00000000000000711 ) ) ;
#1192 = VECTOR ( 'NONE', #188, 1000.000000000000000 ) ;
#1193 = CARTESIAN_POINT ( 'NONE',  ( -20.00000000000000000, -19.89999999999967173, -37.75000000000000711 ) ) ;
#1194 = ADVANCED_FACE ( 'NONE', ( #433, #1555, #669 ), #555, .T. ) ;
#1195 = CARTESIAN_POINT ( 'NONE',  ( -5.013397344621674634, -14.78930788211392411, 27.28791965949449150 ) ) ;
#1196 = ORIENTED_EDGE ( 'NONE', *, *, #711, .F. ) ;
#1197 = DATE_TIME_ROLE ( 'creation_date' ) ;
#1198 = APPLICATION_CONTEXT ( 'configuration controlled 3d designs of mechanical parts and assemblies' ) ;
#1199 = EDGE_LOOP ( 'NONE', ( #570, #1473 ) ) ;
#1200 = DIRECTION ( 'NONE',  ( 0.000000000000000000, 2.040851148207991432E-15, 1.000000000000000000 ) ) ;
#1201 = CARTESIAN_POINT ( 'NONE',  ( -5.000000000000000000, 13.49999999999999822, -26.99999999999999645 ) ) ;
#1202 = ADVANCED_FACE ( 'NONE', ( #1434 ), #310, .F. ) ;
#1203 = DIRECTION ( 'NONE',  ( 0.000000000000000000, -1.000000000000000000, 1.156482317317871725E-15 ) ) ;
#1204 = AXIS2_PLACEMENT_3D ( 'NONE', #776, #1291, #256 ) ;
#1205 = ORIENTED_EDGE ( 'NONE', *, *, #512, .F. ) ;
#1206 = CARTESIAN_POINT ( 'NONE',  ( 5.000000000000000000, 13.49999999999999822, 26.99999999999999645 ) ) ;
#1207 = AXIS2_PLACEMENT_3D ( 'NONE', #1590, #1483, #1347 ) ;
#1208 = ORIENTED_EDGE ( 'NONE', *, *, #816, .F. ) ;
#1209 = CARTESIAN_POINT ( 'NONE',  ( -20.00000000000000000, -28.49999999999974776, -32.80000000000000426 ) ) ;
#1210 = AXIS2_PLACEMENT_3D ( 'NONE', #1262, #1253, #135 ) ;
#1211 = DIRECTION ( 'NONE',  ( -0.000000000000000000, 1.000000000000000000, -1.156482317317871725E-15 ) ) ;
#1212 = DIRECTION ( 'NONE',  ( 0.000000000000000000, 2.040851148207999715E-15, 1.000000000000000000 ) ) ;
#1213 = ORIENTED_EDGE ( 'NONE', *, *, #1375, .T. ) ;
#1214 = CARTESIAN_POINT ( 'NONE',  ( 2.081899558550507675E-16, -16.49999999999959144, 32.79999999999998295 ) ) ;
#1215 = EDGE_CURVE ( 'NONE', #805, #1457, #571, .T. ) ;
#1216 = ORIENTED_EDGE ( 'NONE', *, *, #1537, .F. ) ;
#1217 = DIRECTION ( 'NONE',  ( 0.000000000000000000, 1.000000000000000000, 9.251858538542969855E-16 ) ) ;
#1218 = AXIS2_PLACEMENT_3D ( 'NONE', #391, #891, #1396 ) ;
#1219 = DIRECTION ( 'NONE',  ( 0.000000000000000000, 0.000000000000000000, 1.000000000000000000 ) ) ;
#1220 = VECTOR ( 'NONE', #347, 1000.000000000000000 ) ;
#1221 = ORIENTED_EDGE ( 'NONE', *, *, #326, .F. ) ;
#1222 = CARTESIAN_POINT ( 'NONE',  ( -24.99999999999999645, -28.49999999999999645, -30.00000000000000000 ) ) ;
#1223 = ORIENTED_EDGE ( 'NONE', *, *, #263, .F. ) ;
#1224 = EDGE_CURVE ( 'NONE', #1017, #1131, #425, .T. ) ;
#1225 = DIRECTION ( 'NONE',  ( 0.000000000000000000, 2.040851148207999715E-15, 1.000000000000000000 ) ) ;
#1226 = AXIS2_PLACEMENT_3D ( 'NONE', #966, #738, #707 ) ;
#1227 = CARTESIAN_POINT ( 'NONE',  ( 0.000000000000000000, -28.49999999999967315, 34.50000000000000000 ) ) ;
#1228 = VERTEX_POINT ( 'NONE', #935 ) ;
#1229 = CARTESIAN_POINT ( 'NONE',  ( -5.684482964517792780, -16.29773378465981892, -28.91159867055284138 ) ) ;
#1230 = ORIENTED_EDGE ( 'NONE', *, *, #78, .F. ) ;
#1231 = DIRECTION ( 'NONE',  ( 0.000000000000000000, 0.000000000000000000, 1.000000000000000000 ) ) ;
#1232 = CC_DESIGN_PERSON_AND_ORGANIZATION_ASSIGNMENT ( #918, #1307, ( #580 ) ) ;
#1233 = CARTESIAN_POINT ( 'NONE',  ( 5.000000000000000000, -16.50000000000000000, 30.00000000000000000 ) ) ;
#1234 = VERTEX_POINT ( 'NONE', #294 ) ;
#1235 = ORIENTED_EDGE ( 'NONE', *, *, #1019, .T. ) ;
#1236 = LINE ( 'NONE', #590, #26 ) ;
#1237 = CIRCLE ( 'NONE', #1293, 3.249999999999996003 ) ;
#1238 = CARTESIAN_POINT ( 'NONE',  ( -5.000000000000000000, -13.49999999999999822, -26.99999999999999645 ) ) ;
#1239 = AXIS2_PLACEMENT_3D ( 'NONE', #751, #1297, #260 ) ;
#1240 = EDGE_CURVE ( 'NONE', #1538, #374, #1182, .T. ) ;
#1241 = PLANE ( 'NONE',  #96 ) ;
#1242 = VECTOR ( 'NONE', #735, 1000.000000000000000 ) ;
#1243 = ORIENTED_EDGE ( 'NONE', *, *, #206, .F. ) ;
#1244 = ORIENTED_EDGE ( 'NONE', *, *, #369, .T. ) ;
#1245 = DIRECTION ( 'NONE',  ( -1.000000000000000000, -0.000000000000000000, -0.000000000000000000 ) ) ;
#1246 = CARTESIAN_POINT ( 'NONE',  ( 5.000000000000000000, -13.49999999999999822, -30.00000000000000000 ) ) ;
#1247 = DIRECTION ( 'NONE',  ( 1.000000000000000000, 0.000000000000000000, 0.000000000000000000 ) ) ;
#1248 = VECTOR ( 'NONE', #1127, 1000.000000000000000 ) ;
#1249 = EDGE_CURVE ( 'NONE', #390, #574, #1053, .T. ) ;
#1250 = ORIENTED_EDGE ( 'NONE', *, *, #4, .T. ) ;
#1251 = CIRCLE ( 'NONE', #1254, 3.249999999999996003 ) ;
#1252 = VERTEX_POINT ( 'NONE', #1077 ) ;
#1253 = DIRECTION ( 'NONE',  ( 1.000000000000000000, 0.000000000000000000, 0.000000000000000000 ) ) ;
#1254 = AXIS2_PLACEMENT_3D ( 'NONE', #239, #227, #1611 ) ;
#1255 = LINE ( 'NONE', #322, #732 ) ;
#1256 = LINE ( 'NONE', #990, #1248 ) ;
#1257 = FACE_OUTER_BOUND ( 'NONE', #30, .T. ) ;
#1258 = LINE ( 'NONE', #1000, #70 ) ;
#1259 = ORIENTED_EDGE ( 'NONE', *, *, #819, .F. ) ;
#1260 = DIRECTION ( 'NONE',  ( -0.000000000000000000, -8.896017825522088106E-17, 1.000000000000000000 ) ) ;
#1261 = EDGE_CURVE ( 'NONE', #340, #468, #67, .T. ) ;
#1262 = CARTESIAN_POINT ( 'NONE',  ( -5.000000000000000888, 24.00000000000000711, -33.00000000000000711 ) ) ;
#1263 = FACE_BOUND ( 'NONE', #1425, .T. ) ;
#1264 = VECTOR ( 'NONE', #1268, 1000.000000000000000 ) ;
#1265 = CARTESIAN_POINT ( 'NONE',  ( 5.000000000000000000, -28.49999999999999645, -30.00000000000000000 ) ) ;
#1266 = ORGANIZATION ( 'UNSPECIFIED', 'UNSPECIFIED', '' ) ;
#1267 = CARTESIAN_POINT ( 'NONE',  ( -15.00000000000000000, 24.00000000000000000, 33.00000000000000711 ) ) ;
#1268 = DIRECTION ( 'NONE',  ( 1.000000000000000000, 0.000000000000000000, 0.000000000000000000 ) ) ;
#1269 = ORIENTED_EDGE ( 'NONE', *, *, #1609, .F. ) ;
#1270 = EDGE_CURVE ( 'NONE', #228, #1376, #708, .T. ) ;
#1271 = VERTEX_POINT ( 'NONE', #202 ) ;
#1272 = DIRECTION ( 'NONE',  ( 0.000000000000000000, 1.067522139062651855E-15, 1.000000000000000000 ) ) ;
#1273 = CARTESIAN_POINT ( 'NONE',  ( -19.99999999999999289, -16.49999999999958789, 34.49999999999998579 ) ) ;
#1274 = LINE ( 'NONE', #1265, #1601 ) ;
#1275 = DIRECTION ( 'NONE',  ( 0.000000000000000000, -1.000000000000000000, 0.000000000000000000 ) ) ;
#1276 = CIRCLE ( 'NONE', #1504, 3.099999999999998757 ) ;
#1277 = DIRECTION ( 'NONE',  ( 0.000000000000000000, 2.040851148207991432E-15, 1.000000000000000000 ) ) ;
#1278 = VERTEX_POINT ( 'NONE', #1441 ) ;
#1279 = MECHANICAL_CONTEXT ( 'NONE', #674, 'mechanical' ) ;
#1280 = ORIENTED_EDGE ( 'NONE', *, *, #226, .F. ) ;
#1281 = CYLINDRICAL_SURFACE ( 'NONE', #1204, 3.249999999999996003 ) ;
#1282 = CARTESIAN_POINT ( 'NONE',  ( -5.000000000000000888, 24.00000000000000000, 33.00000000000000711 ) ) ;
#1283 = CARTESIAN_POINT ( 'NONE',  ( 5.000000000000000000, 16.49999999999999645, 38.99999999999999289 ) ) ;
#1284 = DIRECTION ( 'NONE',  ( 0.000000000000000000, 0.000000000000000000, -1.000000000000000000 ) ) ;
#1285 = CARTESIAN_POINT ( 'NONE',  ( -5.000000000000000888, 24.00000000000000000, 36.10000000000000853 ) ) ;
#1286 = ORIENTED_EDGE ( 'NONE', *, *, #1048, .F. ) ;
#1287 = DIRECTION ( 'NONE',  ( -0.000000000000000000, 1.000000000000000000, -1.156482317317871725E-15 ) ) ;
#1288 = CIRCLE ( 'NONE', #1210, 3.100000000000005418 ) ;
#1289 = CIRCLE ( 'NONE', #705, 3.249999999999996003 ) ;
#1290 = VERTEX_POINT ( 'NONE', #418 ) ;
#1291 = DIRECTION ( 'NONE',  ( -0.000000000000000000, 1.000000000000000000, -1.156482317317871725E-15 ) ) ;
#1292 = PLANE ( 'NONE',  #329 ) ;
#1293 = AXIS2_PLACEMENT_3D ( 'NONE', #961, #341, #1346 ) ;
#1294 = EDGE_CURVE ( 'NONE', #1234, #459, #145, .T. ) ;
#1295 = CARTESIAN_POINT ( 'NONE',  ( 5.000000000000000000, -16.50000000000000000, -30.00000000000000000 ) ) ;
#1296 = VECTOR ( 'NONE', #196, 1000.000000000000000 ) ;
#1297 = DIRECTION ( 'NONE',  ( -0.000000000000000000, 1.000000000000000000, -1.156482317317871725E-15 ) ) ;
#1298 = ORIENTED_EDGE ( 'NONE', *, *, #1597, .F. ) ;
#1299 = COORDINATED_UNIVERSAL_TIME_OFFSET ( 0, 0, .AHEAD. ) ;
#1300 = EDGE_LOOP ( 'NONE', ( #1187, #1244 ) ) ;
#1301 = CARTESIAN_POINT ( 'NONE',  ( 5.000000000000000000, -28.49999999999999645, 38.99999999999999289 ) ) ;
#1302 = DIRECTION ( 'NONE',  ( -0.000000000000000000, 1.000000000000000000, -1.156482317317871725E-15 ) ) ;
#1303 = CARTESIAN_POINT ( 'NONE',  ( 5.000000000000000000, -28.49999999999999645, 38.99999999999999289 ) ) ;
#1304 = ADVANCED_FACE ( 'NONE', ( #317 ), #74, .F. ) ;
#1305 = AXIS2_PLACEMENT_3D ( 'NONE', #1016, #395, #278 ) ;
#1306 = EDGE_LOOP ( 'NONE', ( #1208, #1448 ) ) ;
#1307 = PERSON_AND_ORGANIZATION_ROLE ( 'classification_officer' ) ;
#1308 = VECTOR ( 'NONE', #325, 1000.000000000000000 ) ;
#1309 = ORIENTED_EDGE ( 'NONE', *, *, #1375, .F. ) ;
#1310 = CARTESIAN_POINT ( 'NONE',  ( 5.000000000000000000, 13.49999999999999822, -30.00000000000000000 ) ) ;
#1311 = LINE ( 'NONE', #1451, #266 ) ;
#1312 = DIRECTION ( 'NONE',  ( 1.000000000000000000, 0.000000000000000000, -0.000000000000000000 ) ) ;
#1313 = ORIENTED_EDGE ( 'NONE', *, *, #343, .F. ) ;
#1314 = VERTEX_POINT ( 'NONE', #783 ) ;
#1315 = ADVANCED_FACE ( 'NONE', ( #192 ), #792, .F. ) ;
#1316 = CARTESIAN_POINT ( 'NONE',  ( -8.000000000000000000, -28.49999999999999645, -30.00000000000000000 ) ) ;
#1317 = LINE ( 'NONE', #689, #1192 ) ;
#1318 = DIRECTION ( 'NONE',  ( 1.000000000000000000, -0.000000000000000000, -0.000000000000000000 ) ) ;
#1319 = ORIENTED_EDGE ( 'NONE', *, *, #1157, .F. ) ;
#1320 = ORIENTED_EDGE ( 'NONE', *, *, #650, .F. ) ;
#1321 = DIRECTION ( 'NONE',  ( 0.000000000000000000, 0.000000000000000000, -1.000000000000000000 ) ) ;
#1322 = EDGE_CURVE ( 'NONE', #1538, #1076, #442, .T. ) ;
#1323 = CARTESIAN_POINT ( 'NONE',  ( -19.99999999999999289, -16.49999999999958789, 34.49999999999998579 ) ) ;
#1324 = LINE ( 'NONE', #565, #719 ) ;
#1325 = ORIENTED_EDGE ( 'NONE', *, *, #471, .T. ) ;
#1326 = DIRECTION ( 'NONE',  ( -0.000000000000000000, 1.000000000000000000, -1.156482317317871725E-15 ) ) ;
#1327 = ORIENTED_EDGE ( 'NONE', *, *, #337, .T. ) ;
#1328 = DIRECTION ( 'NONE',  ( 0.000000000000000000, 1.000000000000000000, 0.000000000000000000 ) ) ;
#1329 = CIRCLE ( 'NONE', #1169, 1.700000000000013944 ) ;
#1330 = DIRECTION ( 'NONE',  ( 0.000000000000000000, 2.040851148207991432E-15, 1.000000000000000000 ) ) ;
#1331 = DIRECTION ( 'NONE',  ( 0.000000000000000000, -1.156482317317871725E-15, -1.000000000000000000 ) ) ;
#1332 = EDGE_CURVE ( 'NONE', #1043, #1017, #1578, .T. ) ;
#1333 = VERTEX_POINT ( 'NONE', #688 ) ;
#1334 = LINE ( 'NONE', #209, #118 ) ;
#1335 = CIRCLE ( 'NONE', #333, 1.700000000000000178 ) ;
#1336 = VERTEX_POINT ( 'NONE', #1209 ) ;
#1337 = CIRCLE ( 'NONE', #1447, 3.000000000000002665 ) ;
#1338 = DIRECTION ( 'NONE',  ( -0.000000000000000000, 1.000000000000000000, 7.709882115452481125E-16 ) ) ;
#1339 = CARTESIAN_POINT ( 'NONE',  ( 5.000000000000000000, -13.49999999999999822, 30.00000000000000000 ) ) ;
#1340 = DIRECTION ( 'NONE',  ( -0.000000000000000000, 1.000000000000000000, -0.000000000000000000 ) ) ;
#1341 = ADVANCED_FACE ( 'NONE', ( #1419 ), #111, .F. ) ;
#1342 = ORIENTED_EDGE ( 'NONE', *, *, #1036, .T. ) ;
#1343 = FACE_OUTER_BOUND ( 'NONE', #762, .T. ) ;
#1344 = EDGE_CURVE ( 'NONE', #1290, #1314, #39, .T. ) ;
#1345 = ORIENTED_EDGE ( 'NONE', *, *, #1261, .T. ) ;
#1346 = DIRECTION ( 'NONE',  ( 0.000000000000000000, 1.067522139062651855E-15, 1.000000000000000000 ) ) ;
#1347 = DIRECTION ( 'NONE',  ( 0.000000000000000000, 1.067522139062651855E-15, 1.000000000000000000 ) ) ;
#1348 = AXIS2_PLACEMENT_3D ( 'NONE', #362, #368, #491 ) ;
#1349 = ORIENTED_EDGE ( 'NONE', *, *, #1609, .T. ) ;
#1350 = DIRECTION ( 'NONE',  ( 0.000000000000000000, 0.000000000000000000, -1.000000000000000000 ) ) ;
#1351 = ORIENTED_EDGE ( 'NONE', *, *, #1496, .F. ) ;
#1352 = DIRECTION ( 'NONE',  ( -1.000000000000000000, -0.000000000000000000, 0.000000000000000000 ) ) ;
#1353 = CIRCLE ( 'NONE', #246, 3.249999999999996003 ) ;
#1354 = CARTESIAN_POINT ( 'NONE',  ( -19.99999999999999289, -28.49999999999966960, 36.20000000000000284 ) ) ;
#1355 = AXIS2_PLACEMENT_3D ( 'NONE', #1044, #1061, #1200 ) ;
#1356 = EDGE_LOOP ( 'NONE', ( #103, #667, #1349, #706, #1525 ) ) ;
#1357 = ORIENTED_EDGE ( 'NONE', *, *, #659, .T. ) ;
#1358 = DIRECTION ( 'NONE',  ( -0.000000000000000000, 1.000000000000000000, -1.156482317317871725E-15 ) ) ;
#1359 = EDGE_CURVE ( 'NONE', #488, #1333, #862, .T. ) ;
#1360 = CARTESIAN_POINT ( 'NONE',  ( -19.99999999999999289, -28.49999999999967315, 34.50000000000000000 ) ) ;
#1361 = DIRECTION ( 'NONE',  ( -0.000000000000000000, 0.000000000000000000, 1.000000000000000000 ) ) ;
#1362 = ORIENTED_EDGE ( 'NONE', *, *, #154, .T. ) ;
#1363 = ORIENTED_EDGE ( 'NONE', *, *, #531, .F. ) ;
#1364 = PLANE ( 'NONE',  #950 ) ;
#1365 = LINE ( 'NONE', #976, #462 ) ;
#1366 =( GEOMETRIC_REPRESENTATION_CONTEXT ( 3 ) GLOBAL_UNCERTAINTY_ASSIGNED_CONTEXT ( ( #787 ) ) GLOBAL_UNIT_ASSIGNED_CONTEXT ( ( #262, #490, #1379 ) ) REPRESENTATION_CONTEXT ( 'NONE', 'WORKASPACE' ) );
#1367 = EDGE_CURVE ( 'NONE', #1543, #1034, #91, .T. ) ;
#1368 = CARTESIAN_POINT ( 'NONE',  ( -24.99999999999999645, -16.49999999999999645, 39.00000000000000000 ) ) ;
#1369 = ORIENTED_EDGE ( 'NONE', *, *, #429, .T. ) ;
#1370 = VERTEX_POINT ( 'NONE', #823 ) ;
#1371 = DIRECTION ( 'NONE',  ( -1.000000000000000000, 0.000000000000000000, -0.000000000000000000 ) ) ;
#1372 = CYLINDRICAL_SURFACE ( 'NONE', #908, 1.700000000000007061 ) ;
#1373 = CARTESIAN_POINT ( 'NONE',  ( -5.000000000000000000, -13.49999999999999822, -26.99999999999999645 ) ) ;
#1374 = DIRECTION ( 'NONE',  ( 0.000000000000000000, -1.156482317317871725E-15, -1.000000000000000000 ) ) ;
#1375 = EDGE_CURVE ( 'NONE', #468, #1552, #726, .T. ) ;
#1376 = VERTEX_POINT ( 'NONE', #230 ) ;
#1377 = DIRECTION ( 'NONE',  ( 0.000000000000000000, -1.000000000000000000, -5.782411586589356653E-16 ) ) ;
#1378 = EDGE_LOOP ( 'NONE', ( #40, #1488, #1599, #71 ) ) ;
#1379 =( NAMED_UNIT ( * ) SI_UNIT ( $, .STERADIAN. ) SOLID_ANGLE_UNIT ( ) );
#1380 = CARTESIAN_POINT ( 'NONE',  ( 0.000000000000000000, -19.89999999999958646, 37.74999999999999289 ) ) ;
#1381 = DIRECTION ( 'NONE',  ( 0.000000000000000000, 1.067522139062651855E-15, 1.000000000000000000 ) ) ;
#1382 = CARTESIAN_POINT ( 'NONE',  ( 5.000000000000000000, 16.50000000000000000, -30.00000000000000000 ) ) ;
#1383 = CYLINDRICAL_SURFACE ( 'NONE', #962, 3.099999999999998757 ) ;
#1384 = ADVANCED_FACE ( 'NONE', ( #602 ), #1364, .F. ) ;
#1385 = LINE ( 'NONE', #615, #1189 ) ;
#1386 = VERTEX_POINT ( 'NONE', #460 ) ;
#1387 = DIRECTION ( 'NONE',  ( -0.000000000000000000, 1.000000000000000000, 3.854941057726240562E-16 ) ) ;
#1388 = ORIENTED_EDGE ( 'NONE', *, *, #363, .T. ) ;
#1389 = FACE_OUTER_BOUND ( 'NONE', #1444, .T. ) ;
#1390 = CARTESIAN_POINT ( 'NONE',  ( -24.99999999999999645, -28.49999999999999645, 38.99999999999999289 ) ) ;
#1391 = DIRECTION ( 'NONE',  ( -0.000000000000000000, 1.000000000000000000, -1.156482317317871725E-15 ) ) ;
#1392 = VERTEX_POINT ( 'NONE', #695 ) ;
#1393 = CIRCLE ( 'NONE', #1348, 1.700000000000000178 ) ;
#1394 = DIRECTION ( 'NONE',  ( -0.000000000000000000, 1.000000000000000000, -1.156482317317871725E-15 ) ) ;
#1395 = VERTEX_POINT ( 'NONE', #716 ) ;
#1396 = DIRECTION ( 'NONE',  ( 1.000000000000000000, 0.000000000000000000, 0.000000000000000000 ) ) ;
#1397 = LOCAL_TIME ( 10, 19, 22.00000000000000000, #1432 ) ;
#1398 = ORIENTED_EDGE ( 'NONE', *, *, #953, .T. ) ;
#1399 = CARTESIAN_POINT ( 'NONE',  ( -20.00000000000000000, -19.89999999999966462, -31.25000000000001421 ) ) ;
#1400 = CARTESIAN_POINT ( 'NONE',  ( -5.000000000000000000, 16.50000000000000711, -38.99999999999999289 ) ) ;
#1401 = FACE_BOUND ( 'NONE', #399, .T. ) ;
#1402 = ORIENTED_EDGE ( 'NONE', *, *, #1439, .F. ) ;
#1403 = CIRCLE ( 'NONE', #682, 1.700000000000000178 ) ;
#1404 = CARTESIAN_POINT ( 'NONE',  ( 5.000000000000000000, 31.50000000000000000, 39.00000000000000711 ) ) ;
#1405 = ORIENTED_EDGE ( 'NONE', *, *, #157, .F. ) ;
#1406 = CARTESIAN_POINT ( 'NONE',  ( -24.99999999999999645, -28.49999999999999645, -30.00000000000000000 ) ) ;
#1407 = PRODUCT_DEFINITION_FORMATION_WITH_SPECIFIED_SOURCE ( 'ANY', '', #356, .NOT_KNOWN. ) ;
#1408 = ORIENTED_EDGE ( 'NONE', *, *, #996, .T. ) ;
#1409 = VECTOR ( 'NONE', #1125, 1000.000000000000000 ) ;
#1410 = CARTESIAN_POINT ( 'NONE',  ( 2.081899558550522220E-16, -19.89999999999967173, -36.20000000000002416 ) ) ;
#1411 = APPROVAL_PERSON_ORGANIZATION ( #308, #286, #176 ) ;
#1412 = EDGE_CURVE ( 'NONE', #503, #1386, #585, .T. ) ;
#1413 = CARTESIAN_POINT ( 'NONE',  ( 0.000000000000000000, -16.49999999999958433, 37.74999999999998579 ) ) ;
#1414 = DIRECTION ( 'NONE',  ( 0.000000000000000000, 2.040851148207991432E-15, 1.000000000000000000 ) ) ;
#1415 = CARTESIAN_POINT ( 'NONE',  ( 0.000000000000000000, -19.89999999999966818, -34.50000000000000711 ) ) ;
#1416 = EDGE_LOOP ( 'NONE', ( #810, #299, #562, #237 ) ) ;
#1417 = COORDINATED_UNIVERSAL_TIME_OFFSET ( 0, 0, .AHEAD. ) ;
#1418 = EDGE_LOOP ( 'NONE', ( #589, #1345, #1213, #1402 ) ) ;
#1419 = FACE_OUTER_BOUND ( 'NONE', #1012, .T. ) ;
#1420 = CARTESIAN_POINT ( 'NONE',  ( 5.000000000000000000, -28.49999999999999645, -30.00000000000000000 ) ) ;
#1421 = EDGE_CURVE ( 'NONE', #1392, #626, #710, .T. ) ;
#1422 = PERSON ( 'UNSPECIFIED', 'UNSPECIFIED', 'UNSPECIFIED', ('UNSPECIFIED'), ('UNSPECIFIED'), ('UNSPECIFIED') ) ;
#1423 = FACE_OUTER_BOUND ( 'NONE', #1605, .T. ) ;
#1424 = VECTOR ( 'NONE', #1340, 1000.000000000000000 ) ;
#1425 = EDGE_LOOP ( 'NONE', ( #1235, #297 ) ) ;
#1426 = ORIENTED_EDGE ( 'NONE', *, *, #619, .T. ) ;
#1427 = CARTESIAN_POINT ( 'NONE',  ( -20.00000000000000000, -16.49999999999966604, -34.50000000000001421 ) ) ;
#1428 = DIRECTION ( 'NONE',  ( -0.000000000000000000, 1.000000000000000000, -1.156482317317871725E-15 ) ) ;
#1429 = CARTESIAN_POINT ( 'NONE',  ( -6.704318047268679415, -16.48991642125211499, 29.71882910384685772 ) ) ;
#1430 = EDGE_CURVE ( 'NONE', #340, #359, #704, .T. ) ;
#1431 = ORIENTED_EDGE ( 'NONE', *, *, #1506, .T. ) ;
#1432 = COORDINATED_UNIVERSAL_TIME_OFFSET ( 0, 0, .AHEAD. ) ;
#1433 = EDGE_LOOP ( 'NONE', ( #890, #109, #1089, #899 ) ) ;
#1434 = FACE_OUTER_BOUND ( 'NONE', #437, .T. ) ;
#1435 = CARTESIAN_POINT ( 'NONE',  ( -20.00000000000000000, -19.89999999999966818, -34.50000000000000711 ) ) ;
#1436 = CARTESIAN_POINT ( 'NONE',  ( -6.360540922261027852, -16.46147529812712662, 29.51592523479114760 ) ) ;
#1437 = ORIENTED_EDGE ( 'NONE', *, *, #1085, .F. ) ;
#1438 = PERSON_AND_ORGANIZATION ( #1422, #1266 ) ;
#1439 = EDGE_CURVE ( 'NONE', #359, #1552, #1108, .T. ) ;
#1440 = ORIENTED_EDGE ( 'NONE', *, *, #788, .T. ) ;
#1441 = CARTESIAN_POINT ( 'NONE',  ( 5.000000000000000000, 16.50000000000000000, 30.00000000000000000 ) ) ;
#1442 = DIRECTION ( 'NONE',  ( -0.000000000000000000, 7.709882115452481125E-16, -1.000000000000000000 ) ) ;
#1443 = LINE ( 'NONE', #1303, #856 ) ;
#1444 = EDGE_LOOP ( 'NONE', ( #1221, #1494, #1362, #960 ) ) ;
#1445 = PLANE ( 'NONE',  #627 ) ;
#1446 = APPROVAL_ROLE ( '' ) ;
#1447 = AXIS2_PLACEMENT_3D ( 'NONE', #1339, #1577, #930 ) ;
#1448 = ORIENTED_EDGE ( 'NONE', *, *, #471, .F. ) ;
#1449 = CARTESIAN_POINT ( 'NONE',  ( -24.99999999999999645, -16.49999999999999289, 30.00000000000000000 ) ) ;
#1450 = VECTOR ( 'NONE', #53, 1000.000000000000000 ) ;
#1451 = CARTESIAN_POINT ( 'NONE',  ( -24.99999999999999645, -28.49999999999999645, -39.00000000000000711 ) ) ;
#1452 = AXIS2_PLACEMENT_3D ( 'NONE', #702, #1358, #1225 ) ;
#1453 = LINE ( 'NONE', #1040, #1296 ) ;
#1454 = EDGE_LOOP ( 'NONE', ( #1280, #901, #985, #858, #678 ) ) ;
#1455 = DIRECTION ( 'NONE',  ( -1.000000000000000000, -0.000000000000000000, -0.000000000000000000 ) ) ;
#1456 = VECTOR ( 'NONE', #1302, 1000.000000000000000 ) ;
#1457 = VERTEX_POINT ( 'NONE', #1116 ) ;
#1458 = DIRECTION ( 'NONE',  ( 0.000000000000000000, -7.709882115452481125E-16, 1.000000000000000000 ) ) ;
#1459 = VECTOR ( 'NONE', #1574, 1000.000000000000000 ) ;
#1460 = CARTESIAN_POINT ( 'NONE',  ( -5.000000000000000888, 24.00000000000000000, 29.90000000000000924 ) ) ;
#1461 = AXIS2_PLACEMENT_3D ( 'NONE', #1531, #1539, #42 ) ;
#1462 = EDGE_CURVE ( 'NONE', #1271, #1586, #1236, .T. ) ;
#1463 = LINE ( 'NONE', #336, #1424 ) ;
#1464 = VERTEX_POINT ( 'NONE', #1608 ) ;
#1465 = CARTESIAN_POINT ( 'NONE',  ( -5.293042029949290850, -15.97354892271339288, -28.29783861041660842 ) ) ;
#1466 = EDGE_LOOP ( 'NONE', ( #980, #609, #932, #632 ) ) ;
#1467 = CARTESIAN_POINT ( 'NONE',  ( 0.000000000000000000, -16.49999999999966249, -31.25000000000002132 ) ) ;
#1468 = DIRECTION ( 'NONE',  ( 0.000000000000000000, 1.067522139062651855E-15, 1.000000000000000000 ) ) ;
#1469 = ADVANCED_FACE ( 'NONE', ( #1101 ), #1084, .F. ) ;
#1470 = VECTOR ( 'NONE', #1260, 1000.000000000000000 ) ;
#1471 = ORIENTED_EDGE ( 'NONE', *, *, #1439, .T. ) ;
#1472 = CARTESIAN_POINT ( 'NONE',  ( -7.468701832107399241, -16.50060648796728202, -29.96455263433911043 ) ) ;
#1473 = ORIENTED_EDGE ( 'NONE', *, *, #1489, .T. ) ;
#1474 = CARTESIAN_POINT ( 'NONE',  ( 5.000000000000000000, 13.49999999999999822, -26.99999999999999645 ) ) ;
#1475 = DIRECTION ( 'NONE',  ( -0.000000000000000000, -8.896017825522088106E-17, 1.000000000000000000 ) ) ;
#1476 = AXIS2_PLACEMENT_3D ( 'NONE', #1095, #840, #1109 ) ;
#1477 = ORIENTED_EDGE ( 'NONE', *, *, #509, .T. ) ;
#1478 = CARTESIAN_POINT ( 'NONE',  ( -5.169041728500120669, -15.73771436021659653, -27.99760683478235634 ) ) ;
#1479 = EDGE_CURVE ( 'NONE', #2, #140, #1237, .T. ) ;
#1480 = ORIENTED_EDGE ( 'NONE', *, *, #88, .T. ) ;
#1481 = PLANE ( 'NONE',  #269 ) ;
#1482 = AXIS2_PLACEMENT_3D ( 'NONE', #865, #129, #1374 ) ;
#1483 = DIRECTION ( 'NONE',  ( -0.000000000000000000, 1.000000000000000000, -1.156482317317871725E-15 ) ) ;
#1484 = CARTESIAN_POINT ( 'NONE',  ( 5.000000000000000000, 24.00000000000000711, -29.90000000000000568 ) ) ;
#1485 = PRODUCT_DEFINITION_SHAPE ( 'NONE', 'NONE',  #451 ) ;
#1486 = ORIENTED_EDGE ( 'NONE', *, *, #100, .F. ) ;
#1487 = CIRCLE ( 'NONE', #52, 3.249999999999996003 ) ;
#1488 = ORIENTED_EDGE ( 'NONE', *, *, #847, .F. ) ;
#1489 = EDGE_CURVE ( 'NONE', #1115, #1392, #214, .T. ) ;
#1490 = CARTESIAN_POINT ( 'NONE',  ( -5.000000000000000000, 31.50000000000000000, 39.00000000000000711 ) ) ;
#1491 = DIRECTION ( 'NONE',  ( 0.000000000000000000, 2.040851148208007998E-15, 1.000000000000000000 ) ) ;
#1492 = CARTESIAN_POINT ( 'NONE',  ( -5.000000000000000888, 24.00000000000000711, -36.10000000000001563 ) ) ;
#1493 = EDGE_LOOP ( 'NONE', ( #791, #1426, #772, #270 ) ) ;
#1494 = ORIENTED_EDGE ( 'NONE', *, *, #429, .F. ) ;
#1495 = DIRECTION ( 'NONE',  ( 0.000000000000000000, 1.000000000000000000, -5.782411586589345806E-16 ) ) ;
#1496 = EDGE_CURVE ( 'NONE', #1543, #63, #968, .T. ) ;
#1497 = DIRECTION ( 'NONE',  ( 0.000000000000000000, 2.040851148207991432E-15, 1.000000000000000000 ) ) ;
#1498 = DIRECTION ( 'NONE',  ( -0.000000000000000000, 1.000000000000000000, -1.156482317317871725E-15 ) ) ;
#1499 = DIRECTION ( 'NONE',  ( 0.000000000000000000, 0.000000000000000000, 1.000000000000000000 ) ) ;
#1500 = ORIENTED_EDGE ( 'NONE', *, *, #1240, .F. ) ;
#1501 = DIRECTION ( 'NONE',  ( 0.000000000000000000, -3.854941057726240562E-16, 1.000000000000000000 ) ) ;
#1502 = LOCAL_TIME ( 10, 19, 22.00000000000000000, #1561 ) ;
#1503 = CARTESIAN_POINT ( 'NONE',  ( -19.99999999999999289, -16.49999999999958433, 36.19999999999999574 ) ) ;
#1504 = AXIS2_PLACEMENT_3D ( 'NONE', #467, #248, #1350 ) ;
#1505 = CARTESIAN_POINT ( 'NONE',  ( 5.000000000000000000, 16.49999999999999645, 38.99999999999999289 ) ) ;
#1506 = EDGE_CURVE ( 'NONE', #1278, #1290, #839, .T. ) ;
#1507 = DIRECTION ( 'NONE',  ( -0.000000000000000000, 1.000000000000000000, -1.156482317317871725E-15 ) ) ;
#1508 = CARTESIAN_POINT ( 'NONE',  ( -15.00000000000000000, 24.00000000000000000, 33.00000000000000711 ) ) ;
#1509 = LINE ( 'NONE', #382, #1264 ) ;
#1510 = ORIENTED_EDGE ( 'NONE', *, *, #699, .F. ) ;
#1511 = DIRECTION ( 'NONE',  ( 0.000000000000000000, 8.896017825522089339E-17, -1.000000000000000000 ) ) ;
#1512 = DIRECTION ( 'NONE',  ( 0.000000000000000000, 2.040851148207991432E-15, 1.000000000000000000 ) ) ;
#1513 = AXIS2_PLACEMENT_3D ( 'NONE', #1508, #25, #1284 ) ;
#1514 = FACE_OUTER_BOUND ( 'NONE', #1418, .T. ) ;
#1515 = CARTESIAN_POINT ( 'NONE',  ( -19.99999999999999289, -19.89999999999958646, 34.49999999999999289 ) ) ;
#1516 = CC_DESIGN_PERSON_AND_ORGANIZATION_ASSIGNMENT ( #1042, #298, ( #1407 ) ) ;
#1517 = DIRECTION ( 'NONE',  ( 0.000000000000000000, 2.040851148208007998E-15, 1.000000000000000000 ) ) ;
#1518 = DIRECTION ( 'NONE',  ( 0.000000000000000000, -5.782411586589356653E-16, 1.000000000000000000 ) ) ;
#1519 = ORIENTED_EDGE ( 'NONE', *, *, #804, .F. ) ;
#1520 = CARTESIAN_POINT ( 'NONE',  ( -24.99999999999999645, -16.49999999999997158, -30.00000000000000711 ) ) ;
#1521 = DIRECTION ( 'NONE',  ( -0.000000000000000000, 1.000000000000000000, -1.156482317317871725E-15 ) ) ;
#1522 = CARTESIAN_POINT ( 'NONE',  ( 0.000000000000000000, -16.49999999999958789, 34.49999999999998579 ) ) ;
#1523 = LINE ( 'NONE', #1214, #427 ) ;
#1524 = AXIS2_PLACEMENT_3D ( 'NONE', #880, #642, #35 ) ;
#1525 = ORIENTED_EDGE ( 'NONE', *, *, #274, .F. ) ;
#1526 = FACE_OUTER_BOUND ( 'NONE', #1493, .T. ) ;
#1527 = ORIENTED_EDGE ( 'NONE', *, *, #59, .F. ) ;
#1528 = DIRECTION ( 'NONE',  ( 0.000000000000000000, 0.000000000000000000, -1.000000000000000000 ) ) ;
#1529 = ADVANCED_FACE ( 'NONE', ( #975 ), #1481, .T. ) ;
#1530 = ORIENTED_EDGE ( 'NONE', *, *, #1270, .F. ) ;
#1531 = CARTESIAN_POINT ( 'NONE',  ( -24.99999999999999645, 0.000000000000000000, 0.000000000000000000 ) ) ;
#1532 = FACE_BOUND ( 'NONE', #851, .T. ) ;
#1533 = CARTESIAN_POINT ( 'NONE',  ( 5.000000000000000000, 13.49999999999999822, -30.00000000000000000 ) ) ;
#1534 = DIRECTION ( 'NONE',  ( -0.000000000000000000, 1.000000000000000000, -1.156482317317871725E-15 ) ) ;
#1535 = VERTEX_POINT ( 'NONE', #151 ) ;
#1536 = SHAPE_DEFINITION_REPRESENTATION ( #1485, #1604 ) ;
#1537 = EDGE_CURVE ( 'NONE', #313, #390, #348, .T. ) ;
#1538 = VERTEX_POINT ( 'NONE', #644 ) ;
#1539 = DIRECTION ( 'NONE',  ( 1.000000000000000000, 0.000000000000000000, -0.000000000000000000 ) ) ;
#1540 = CIRCLE ( 'NONE', #123, 1.700000000000000178 ) ;
#1541 = DIRECTION ( 'NONE',  ( -0.000000000000000000, 1.000000000000000000, -1.156482317317871725E-15 ) ) ;
#1542 = CARTESIAN_POINT ( 'NONE',  ( -5.944135220779216411, -16.38986508860121205, 29.18869000902124355 ) ) ;
#1543 = VERTEX_POINT ( 'NONE', #882 ) ;
#1544 = CALENDAR_DATE ( 2025, 17, 12 ) ;
#1545 = ORIENTED_EDGE ( 'NONE', *, *, #177, .F. ) ;
#1546 = DIRECTION ( 'NONE',  ( 0.000000000000000000, 1.000000000000000000, 0.000000000000000000 ) ) ;
#1547 = EDGE_CURVE ( 'NONE', #1165, #831, #700, .T. ) ;
#1548 = CARTESIAN_POINT ( 'NONE',  ( 0.000000000000000000, -16.49999999999966604, -34.50000000000001421 ) ) ;
#1549 = EDGE_CURVE ( 'NONE', #1252, #503, #871, .T. ) ;
#1550 = CARTESIAN_POINT ( 'NONE',  ( -6.041554845700289889, -16.41262743723883943, 29.27639561349311492 ) ) ;
#1551 = CIRCLE ( 'NONE', #61, 1.700000000000000178 ) ;
#1552 = VERTEX_POINT ( 'NONE', #987 ) ;
#1553 = VECTOR ( 'NONE', #900, 1000.000000000000000 ) ;
#1554 = ORIENTED_EDGE ( 'NONE', *, *, #1344, .T. ) ;
#1555 = FACE_BOUND ( 'NONE', #1093, .T. ) ;
#1556 = DIRECTION ( 'NONE',  ( -0.000000000000000000, -1.000000000000000000, 5.782411586589345806E-16 ) ) ;
#1557 = EDGE_CURVE ( 'NONE', #1588, #307, #1184, .T. ) ;
#1558 = DIRECTION ( 'NONE',  ( 0.000000000000000000, 1.067522139062651855E-15, 1.000000000000000000 ) ) ;
#1559 = EDGE_CURVE ( 'NONE', #374, #774, #273, .T. ) ;
#1560 = ORIENTED_EDGE ( 'NONE', *, *, #388, .T. ) ;
#1561 = COORDINATED_UNIVERSAL_TIME_OFFSET ( 0, 0, .AHEAD. ) ;
#1562 = ORIENTED_EDGE ( 'NONE', *, *, #1322, .T. ) ;
#1563 = CARTESIAN_POINT ( 'NONE',  ( 5.000000000000000000, -28.49999999999999645, -39.00000000000000711 ) ) ;
#1564 = VECTOR ( 'NONE', #746, 1000.000000000000000 ) ;
#1565 = LINE ( 'NONE', #936, #675 ) ;
#1566 = DIRECTION ( 'NONE',  ( -0.000000000000000000, 0.000000000000000000, 1.000000000000000000 ) ) ;
#1567 = EDGE_LOOP ( 'NONE', ( #925, #1480 ) ) ;
#1568 = ORIENTED_EDGE ( 'NONE', *, *, #640, .T. ) ;
#1569 = CARTESIAN_POINT ( 'NONE',  ( -5.000000000000000000, 13.49999999999999822, 26.99999999999999645 ) ) ;
#1570 = CARTESIAN_POINT ( 'NONE',  ( -20.00000000000000000, -16.49999999999966249, -32.80000000000001137 ) ) ;
#1571 = AXIS2_PLACEMENT_3D ( 'NONE', #1595, #1338, #1458 ) ;
#1572 = CARTESIAN_POINT ( 'NONE',  ( -5.459396714871129319, -16.15588394855502941, 28.59983567065987842 ) ) ;
#1573 = ORIENTED_EDGE ( 'NONE', *, *, #1224, .T. ) ;
#1574 = DIRECTION ( 'NONE',  ( 0.000000000000000000, -1.000000000000000000, 0.000000000000000000 ) ) ;
#1575 = VERTEX_POINT ( 'NONE', #1022 ) ;
#1576 = DIRECTION ( 'NONE',  ( 0.000000000000000000, 0.000000000000000000, 1.000000000000000000 ) ) ;
#1577 = DIRECTION ( 'NONE',  ( -1.000000000000000000, -0.000000000000000000, 0.000000000000000000 ) ) ;
#1578 = CIRCLE ( 'NONE', #114, 2.999999999999999112 ) ;
#1579 = FACE_OUTER_BOUND ( 'NONE', #986, .T. ) ;
#1580 = ORIENTED_EDGE ( 'NONE', *, *, #771, .T. ) ;
#1581 = CARTESIAN_POINT ( 'NONE',  ( -7.083460789291696535, -16.49691996538847860, -29.85966228626345043 ) ) ;
#1582 = ORIENTED_EDGE ( 'NONE', *, *, #452, .T. ) ;
#1583 = CARTESIAN_POINT ( 'NONE',  ( -5.000000000000000888, 24.00000000000000711, -33.00000000000000711 ) ) ;
#1584 = ADVANCED_FACE ( 'NONE', ( #19 ), #29, .F. ) ;
#1585 = DIRECTION ( 'NONE',  ( -0.000000000000000000, 1.000000000000000000, -1.156482317317871725E-15 ) ) ;
#1586 = VERTEX_POINT ( 'NONE', #635 ) ;
#1587 = DIRECTION ( 'NONE',  ( 0.000000000000000000, -1.000000000000000000, 5.782411586589345806E-16 ) ) ;
#1588 = VERTEX_POINT ( 'NONE', #902 ) ;
#1589 = DIRECTION ( 'NONE',  ( 0.000000000000000000, 0.000000000000000000, 1.000000000000000000 ) ) ;
#1590 = CARTESIAN_POINT ( 'NONE',  ( 0.000000000000000000, -16.49999999999958789, 34.49999999999998579 ) ) ;
#1591 = ADVANCED_FACE ( 'NONE', ( #1132 ), #515, .F. ) ;
#1592 = ORIENTED_EDGE ( 'NONE', *, *, #81, .F. ) ;
#1593 = CARTESIAN_POINT ( 'NONE',  ( -6.038325930489770066, -16.41978226114496309, -29.28436718123464644 ) ) ;
#1594 = ORIENTED_EDGE ( 'NONE', *, *, #1215, .F. ) ;
#1595 = CARTESIAN_POINT ( 'NONE',  ( 5.000000000000000000, 16.50000000000000711, -38.99999999999999289 ) ) ;
#1596 = DIRECTION ( 'NONE',  ( 0.000000000000000000, 2.040851148207999715E-15, 1.000000000000000000 ) ) ;
#1597 = EDGE_CURVE ( 'NONE', #215, #1535, #593, .T. ) ;
#1598 = ORIENTED_EDGE ( 'NONE', *, *, #1412, .T. ) ;
#1599 = ORIENTED_EDGE ( 'NONE', *, *, #558, .F. ) ;
#1600 = DIRECTION ( 'NONE',  ( 0.000000000000000000, -1.000000000000000000, -9.251858538542969855E-16 ) ) ;
#1601 = VECTOR ( 'NONE', #631, 1000.000000000000000 ) ;
#1602 = CYLINDRICAL_SURFACE ( 'NONE', #173, 3.000000000000002665 ) ;
#1603 = DIRECTION ( 'NONE',  ( 0.000000000000000000, 2.040851148207991432E-15, 1.000000000000000000 ) ) ;
#1604 = ADVANCED_BREP_SHAPE_REPRESENTATION ( 'side_stopper', ( #606, #1218 ), #1366 ) ;
#1605 = EDGE_LOOP ( 'NONE', ( #48, #1319, #1471, #1141 ) ) ;
#1606 = EDGE_CURVE ( 'NONE', #46, #1017, #523, .T. ) ;
#1607 = ORIENTED_EDGE ( 'NONE', *, *, #1547, .F. ) ;
#1608 = CARTESIAN_POINT ( 'NONE',  ( -5.000000000000000000, 16.50000000000000000, -30.00000000000000000 ) ) ;
#1609 = EDGE_CURVE ( 'NONE', #636, #178, #1124, .T. ) ;
#1610 = CIRCLE ( 'NONE', #911, 3.249999999999996003 ) ;
#1611 = DIRECTION ( 'NONE',  ( 0.000000000000000000, 1.067522139062651855E-15, 1.000000000000000000 ) ) ;
#1612 = FACE_OUTER_BOUND ( 'NONE', #520, .T. ) ;
#1613 = CARTESIAN_POINT ( 'NONE',  ( 5.000000000000000000, 13.49999999999999822, -26.99999999999999645 ) ) ;
ENDSEC;
END-ISO-10303-21;
