ISO-10303-21;
HEADER;
FILE_DESCRIPTION (( 'STEP AP203' ),
    '1' );
FILE_NAME ('slider.STEP',
    '2025-12-17T10:20:11',
    ( '' ),
    ( '' ),
    '',
    '',
    '' );
FILE_SCHEMA (( 'CONFIG_CONTROL_DESIGN' ));
ENDSEC;

DATA;
#1 = FACE_OUTER_BOUND ( 'NONE', #662, .T. ) ;
#2 = ORIENTED_EDGE ( 'NONE', *, *, #597, .T. ) ;
#3 = EDGE_CURVE ( 'NONE', #995, #1435, #426, .T. ) ;
#4 = PERSON ( 'UNSPECIFIED', 'UNSPECIFIED', 'UNSPECIFIED', ('UNSPECIFIED'), ('UNSPECIFIED'), ('UNSPECIFIED') ) ;
#5 = CARTESIAN_POINT ( 'NONE',  ( 17.50000000000000355, 3.469446951953614189E-15, 31.79999999999999361 ) ) ;
#6 = CARTESIAN_POINT ( 'NONE',  ( -25.00000000000000000, -12.00000000000000000, 40.00000000000000000 ) ) ;
#7 = CARTESIAN_POINT ( 'NONE',  ( -17.49999999999999645, 0.000000000000000000, 6.500000000000001776 ) ) ;
#8 = LINE ( 'NONE', #1107, #986 ) ;
#9 = ORIENTED_EDGE ( 'NONE', *, *, #1226, .F. ) ;
#10 = CIRCLE ( 'NONE', #527, 1.000000000000000888 ) ;
#11 = ORIENTED_EDGE ( 'NONE', *, *, #3, .F. ) ;
#12 = ORIENTED_EDGE ( 'NONE', *, *, #1193, .F. ) ;
#13 = ADVANCED_FACE ( 'NONE', ( #448 ), #464, .F. ) ;
#14 = LINE ( 'NONE', #1310, #602 ) ;
#15 = CYLINDRICAL_SURFACE ( 'NONE', #955, 1.700000000000003508 ) ;
#16 = PLANE ( 'NONE',  #1417 ) ;
#17 = ORIENTED_EDGE ( 'NONE', *, *, #1363, .T. ) ;
#18 = AXIS2_PLACEMENT_3D ( 'NONE', #1415, #588, #376 ) ;
#19 = DIRECTION ( 'NONE',  ( 0.000000000000000000, 1.000000000000000000, 0.000000000000000000 ) ) ;
#20 = LINE ( 'NONE', #586, #1314 ) ;
#21 = DIRECTION ( 'NONE',  ( 0.000000000000000000, 0.000000000000000000, 1.000000000000000000 ) ) ;
#22 = EDGE_CURVE ( 'NONE', #765, #159, #341, .T. ) ;
#23 = CIRCLE ( 'NONE', #435, 1.000000000000000888 ) ;
#24 = VERTEX_POINT ( 'NONE', #669 ) ;
#25 = DIRECTION ( 'NONE',  ( -1.000000000000000000, 0.000000000000000000, 0.000000000000000000 ) ) ;
#26 = CARTESIAN_POINT ( 'NONE',  ( -7.599999999999998757, -9.541421356237332674, 40.00000000000000000 ) ) ;
#27 = CIRCLE ( 'NONE', #1234, 3.249999999999996003 ) ;
#28 = EDGE_CURVE ( 'NONE', #1441, #529, #911, .T. ) ;
#29 = ORIENTED_EDGE ( 'NONE', *, *, #1473, .F. ) ;
#30 = AXIS2_PLACEMENT_3D ( 'NONE', #447, #215, #98 ) ;
#31 = VECTOR ( 'NONE', #1431, 1000.000000000000000 ) ;
#32 = ORIENTED_EDGE ( 'NONE', *, *, #463, .T. ) ;
#33 = ORIENTED_EDGE ( 'NONE', *, *, #865, .T. ) ;
#34 = AXIS2_PLACEMENT_3D ( 'NONE', #1174, #451, #792 ) ;
#35 = CYLINDRICAL_SURFACE ( 'NONE', #1466, 1.000000000000000000 ) ;
#36 = VECTOR ( 'NONE', #949, 1000.000000000000000 ) ;
#37 = EDGE_LOOP ( 'NONE', ( #29, #979, #1492, #615 ) ) ;
#38 = ADVANCED_FACE ( 'NONE', ( #1048 ), #185, .T. ) ;
#39 = VERTEX_POINT ( 'NONE', #1491 ) ;
#40 = AXIS2_PLACEMENT_3D ( 'NONE', #366, #1203, #723 ) ;
#41 = DATE_AND_TIME ( #153, #899 ) ;
#42 = CARTESIAN_POINT ( 'NONE',  ( -9.100000000000001421, -5.900000000000018119, 0.000000000000000000 ) ) ;
#43 = LINE ( 'NONE', #516, #764 ) ;
#44 = EDGE_LOOP ( 'NONE', ( #997, #976 ) ) ;
#45 = VERTEX_POINT ( 'NONE', #1032 ) ;
#46 = EDGE_CURVE ( 'NONE', #582, #425, #27, .T. ) ;
#47 = EDGE_LOOP ( 'NONE', ( #653, #333 ) ) ;
#48 = AXIS2_PLACEMENT_3D ( 'NONE', #951, #399, #1072 ) ;
#49 = LINE ( 'NONE', #1122, #617 ) ;
#50 = CARTESIAN_POINT ( 'NONE',  ( -17.49999999999999645, -15.00000000000000533, 33.49999999999999289 ) ) ;
#51 = DIRECTION ( 'NONE',  ( -0.000000000000000000, -1.000000000000000000, -0.000000000000000000 ) ) ;
#52 = VERTEX_POINT ( 'NONE', #928 ) ;
#53 = EDGE_LOOP ( 'NONE', ( #714, #990, #1300, #694 ) ) ;
#54 = EDGE_LOOP ( 'NONE', ( #782, #1482 ) ) ;
#55 = FACE_OUTER_BOUND ( 'NONE', #904, .T. ) ;
#56 = CARTESIAN_POINT ( 'NONE',  ( 12.00000000000007816, 11.99999999999999467, -0.000000000000000000 ) ) ;
#57 = DIRECTION ( 'NONE',  ( -0.000000000000000000, -1.000000000000000000, -0.000000000000000000 ) ) ;
#58 = CIRCLE ( 'NONE', #580, 3.249999999999996003 ) ;
#59 = ORIENTED_EDGE ( 'NONE', *, *, #1342, .T. ) ;
#60 = AXIS2_PLACEMENT_3D ( 'NONE', #118, #379, #1311 ) ;
#61 = ORIENTED_EDGE ( 'NONE', *, *, #850, .T. ) ;
#62 = ORIENTED_EDGE ( 'NONE', *, *, #1297, .T. ) ;
#63 = LINE ( 'NONE', #538, #1046 ) ;
#64 = VECTOR ( 'NONE', #261, 1000.000000000000000 ) ;
#65 = CARTESIAN_POINT ( 'NONE',  ( -17.49999999999999645, -15.00000000000000533, 30.25000000000000000 ) ) ;
#66 = CARTESIAN_POINT ( 'NONE',  ( 23.99999999999999289, 0.000000000000000000, 40.00000000000000000 ) ) ;
#67 = EDGE_CURVE ( 'NONE', #1395, #505, #741, .T. ) ;
#68 = ORIENTED_EDGE ( 'NONE', *, *, #463, .F. ) ;
#69 = DIRECTION ( 'NONE',  ( 2.973311523850618629E-16, 1.000000000000000000, 0.000000000000000000 ) ) ;
#70 = ORIENTED_EDGE ( 'NONE', *, *, #1394, .F. ) ;
#71 = CARTESIAN_POINT ( 'NONE',  ( 25.00000000000000000, -11.99999999999999289, 40.00000000000000000 ) ) ;
#72 = CARTESIAN_POINT ( 'NONE',  ( 17.50000000000000355, -15.00000000000000178, 36.74999999999999289 ) ) ;
#73 = DIRECTION ( 'NONE',  ( 0.7071067811865459074, 0.7071067811865491270, 0.000000000000000000 ) ) ;
#74 = DIRECTION ( 'NONE',  ( -0.000000000000000000, -1.000000000000000000, -0.000000000000000000 ) ) ;
#75 = EDGE_CURVE ( 'NONE', #1074, #1474, #734, .T. ) ;
#76 = EDGE_LOOP ( 'NONE', ( #1185, #757, #17, #1235 ) ) ;
#77 = ORIENTED_EDGE ( 'NONE', *, *, #846, .F. ) ;
#78 = AXIS2_PLACEMENT_3D ( 'NONE', #85, #652, #325 ) ;
#79 = ORIENTED_EDGE ( 'NONE', *, *, #711, .F. ) ;
#80 = LINE ( 'NONE', #226, #1315 ) ;
#81 = CARTESIAN_POINT ( 'NONE',  ( 25.00000000000000000, -11.99999999999999289, 0.000000000000000000 ) ) ;
#82 = DIRECTION ( 'NONE',  ( -1.000000000000000000, -3.336006684570782608E-16, 0.000000000000000000 ) ) ;
#83 = DIRECTION ( 'NONE',  ( 0.000000000000000000, 0.000000000000000000, -1.000000000000000000 ) ) ;
#84 = AXIS2_PLACEMENT_3D ( 'NONE', #799, #213, #459 ) ;
#85 = CARTESIAN_POINT ( 'NONE',  ( 17.50000000000000355, -15.00000000000000178, 6.500000000000001776 ) ) ;
#86 = ORIENTED_EDGE ( 'NONE', *, *, #408, .T. ) ;
#87 = ADVANCED_FACE ( 'NONE', ( #1498 ), #1134, .F. ) ;
#88 = DIRECTION ( 'NONE',  ( -0.000000000000000000, 0.000000000000000000, 1.000000000000000000 ) ) ;
#89 = CARTESIAN_POINT ( 'NONE',  ( -17.49999999999999645, 0.000000000000000000, 8.199999999999999289 ) ) ;
#90 = LINE ( 'NONE', #1037, #1486 ) ;
#91 = FACE_OUTER_BOUND ( 'NONE', #53, .T. ) ;
#92 = DIRECTION ( 'NONE',  ( -0.000000000000000000, -1.000000000000000000, -0.000000000000000000 ) ) ;
#93 = VERTEX_POINT ( 'NONE', #676 ) ;
#94 = ADVANCED_FACE ( 'NONE', ( #1011 ), #1157, .F. ) ;
#95 = DIRECTION ( 'NONE',  ( 0.000000000000000000, 0.000000000000000000, -1.000000000000000000 ) ) ;
#96 = CARTESIAN_POINT ( 'NONE',  ( -17.49999999999999645, -15.00000000000000533, 33.49999999999999289 ) ) ;
#97 = DIRECTION ( 'NONE',  ( 0.000000000000000000, -0.000000000000000000, -1.000000000000000000 ) ) ;
#98 = DIRECTION ( 'NONE',  ( 0.000000000000000000, 0.000000000000000000, -1.000000000000000000 ) ) ;
#99 = CARTESIAN_POINT ( 'NONE',  ( 25.00000000000000000, 0.000000000000000000, 40.00000000000000000 ) ) ;
#100 = VERTEX_POINT ( 'NONE', #1285 ) ;
#101 = FACE_OUTER_BOUND ( 'NONE', #630, .T. ) ;
#102 = DIRECTION ( 'NONE',  ( 0.000000000000000000, 0.000000000000000000, -1.000000000000000000 ) ) ;
#103 = DIRECTION ( 'NONE',  ( -0.000000000000000000, 0.000000000000000000, 1.000000000000000000 ) ) ;
#104 = VECTOR ( 'NONE', #1284, 1000.000000000000000 ) ;
#105 = CARTESIAN_POINT ( 'NONE',  ( -7.599999999999997868, -12.04436508138961770, 0.000000000000000000 ) ) ;
#106 = CARTESIAN_POINT ( 'NONE',  ( 9.099999999999999645, -5.900000000000011902, 40.00000000000000000 ) ) ;
#107 = ORIENTED_EDGE ( 'NONE', *, *, #324, .T. ) ;
#108 = VECTOR ( 'NONE', #1000, 1000.000000000000000 ) ;
#109 = LINE ( 'NONE', #697, #357 ) ;
#110 = LINE ( 'NONE', #907, #971 ) ;
#111 = APPROVAL_STATUS ( 'not_yet_approved' ) ;
#112 = DIRECTION ( 'NONE',  ( 0.000000000000000000, 0.000000000000000000, -1.000000000000000000 ) ) ;
#113 = CC_DESIGN_PERSON_AND_ORGANIZATION_ASSIGNMENT ( #1398, #1283, ( #824 ) ) ;
#114 = EDGE_CURVE ( 'NONE', #1049, #427, #1445, .T. ) ;
#115 = DIRECTION ( 'NONE',  ( -0.000000000000000000, -0.000000000000000000, 1.000000000000000000 ) ) ;
#116 = ORIENTED_EDGE ( 'NONE', *, *, #628, .T. ) ;
#117 = DIRECTION ( 'NONE',  ( 0.000000000000000000, 0.000000000000000000, -1.000000000000000000 ) ) ;
#118 = CARTESIAN_POINT ( 'NONE',  ( 0.000000000000000000, 0.000000000000000000, 0.000000000000000000 ) ) ;
#119 = DIRECTION ( 'NONE',  ( -0.7071067811865517916, 0.7071067811865432429, 0.000000000000000000 ) ) ;
#120 = DIRECTION ( 'NONE',  ( -0.000000000000000000, -1.000000000000000000, -0.000000000000000000 ) ) ;
#121 = ADVANCED_FACE ( 'NONE', ( #1 ), #16, .F. ) ;
#122 = ORIENTED_EDGE ( 'NONE', *, *, #75, .T. ) ;
#123 = ORIENTED_EDGE ( 'NONE', *, *, #702, .T. ) ;
#124 = ORIENTED_EDGE ( 'NONE', *, *, #786, .T. ) ;
#125 = CARTESIAN_POINT ( 'NONE',  ( -17.49999999999999645, -11.60000000000000497, 3.250000000000005329 ) ) ;
#126 = DIRECTION ( 'NONE',  ( 1.000000000000000000, 1.334402673828312846E-16, 0.000000000000000000 ) ) ;
#127 = DIRECTION ( 'NONE',  ( 0.000000000000000000, 0.000000000000000000, -1.000000000000000000 ) ) ;
#128 = DIRECTION ( 'NONE',  ( 0.000000000000000000, 1.000000000000000000, 0.000000000000000000 ) ) ;
#129 = ORIENTED_EDGE ( 'NONE', *, *, #158, .T. ) ;
#130 = EDGE_CURVE ( 'NONE', #548, #765, #905, .T. ) ;
#131 = AXIS2_PLACEMENT_3D ( 'NONE', #321, #204, #102 ) ;
#132 = DIRECTION ( 'NONE',  ( 0.000000000000000000, 0.000000000000000000, -1.000000000000000000 ) ) ;
#133 = LINE ( 'NONE', #1426, #64 ) ;
#134 = CARTESIAN_POINT ( 'NONE',  ( 17.50000000000000355, -11.60000000000000142, 9.749999999999998224 ) ) ;
#135 = VERTEX_POINT ( 'NONE', #1184 ) ;
#136 = DIRECTION ( 'NONE',  ( -0.000000000000000000, -1.000000000000000000, -0.000000000000000000 ) ) ;
#137 = EDGE_CURVE ( 'NONE', #1109, #241, #445, .T. ) ;
#138 = PERSON_AND_ORGANIZATION ( #4, #1269 ) ;
#139 = DIRECTION ( 'NONE',  ( 1.000000000000000000, 0.000000000000000000, 0.000000000000000000 ) ) ;
#140 = ORIENTED_EDGE ( 'NONE', *, *, #1473, .T. ) ;
#141 = EDGE_LOOP ( 'NONE', ( #684, #359 ) ) ;
#142 = DATE_TIME_ROLE ( 'classification_date' ) ;
#143 = ADVANCED_BREP_SHAPE_REPRESENTATION ( 'slider', ( #1194, #60 ), #184 ) ;
#144 = PLANE ( 'NONE',  #891 ) ;
#145 = VECTOR ( 'NONE', #522, 1000.000000000000000 ) ;
#146 = EDGE_CURVE ( 'NONE', #616, #240, #681, .T. ) ;
#147 = EDGE_CURVE ( 'NONE', #603, #1422, #1087, .T. ) ;
#148 = EDGE_CURVE ( 'NONE', #45, #1251, #349, .T. ) ;
#149 = ORIENTED_EDGE ( 'NONE', *, *, #699, .T. ) ;
#150 = VERTEX_POINT ( 'NONE', #724 ) ;
#151 = ORIENTED_EDGE ( 'NONE', *, *, #1055, .T. ) ;
#152 = VERTEX_POINT ( 'NONE', #608 ) ;
#153 = CALENDAR_DATE ( 2025, 17, 12 ) ;
#154 = VECTOR ( 'NONE', #721, 1000.000000000000000 ) ;
#155 = AXIS2_PLACEMENT_3D ( 'NONE', #776, #1444, #1114 ) ;
#156 = LINE ( 'NONE', #42, #573 ) ;
#157 = AXIS2_PLACEMENT_3D ( 'NONE', #221, #690, #73 ) ;
#158 = EDGE_CURVE ( 'NONE', #479, #884, #224, .T. ) ;
#159 = VERTEX_POINT ( 'NONE', #937 ) ;
#160 = AXIS2_PLACEMENT_3D ( 'NONE', #1008, #1367, #769 ) ;
#161 = ORIENTED_EDGE ( 'NONE', *, *, #266, .T. ) ;
#162 = ORIENTED_EDGE ( 'NONE', *, *, #269, .F. ) ;
#163 = COORDINATED_UNIVERSAL_TIME_OFFSET ( 0, 0, .AHEAD. ) ;
#164 = LINE ( 'NONE', #1354, #311 ) ;
#165 = DIRECTION ( 'NONE',  ( 0.000000000000000000, 0.000000000000000000, -1.000000000000000000 ) ) ;
#166 = DIRECTION ( 'NONE',  ( 0.000000000000000000, -1.000000000000000000, 0.000000000000000000 ) ) ;
#167 = ORIENTED_EDGE ( 'NONE', *, *, #237, .T. ) ;
#168 = EDGE_CURVE ( 'NONE', #436, #150, #1065, .T. ) ;
#169 = ORIENTED_EDGE ( 'NONE', *, *, #613, .F. ) ;
#170 = VECTOR ( 'NONE', #1199, 1000.000000000000000 ) ;
#171 = DIRECTION ( 'NONE',  ( -0.000000000000000000, -1.000000000000000000, -0.000000000000000000 ) ) ;
#172 = CARTESIAN_POINT ( 'NONE',  ( -15.79999999999998828, -11.60000000000000497, 6.500000000000001776 ) ) ;
#173 = DIRECTION ( 'NONE',  ( -0.000000000000000000, -1.000000000000000000, -0.000000000000000000 ) ) ;
#174 = ORIENTED_EDGE ( 'NONE', *, *, #702, .F. ) ;
#175 = EDGE_LOOP ( 'NONE', ( #1508, #1375, #634, #271 ) ) ;
#176 = VECTOR ( 'NONE', #1490, 1000.000000000000000 ) ;
#177 = EDGE_LOOP ( 'NONE', ( #275, #1223, #457, #129 ) ) ;
#178 = ADVANCED_FACE ( 'NONE', ( #1305 ), #239, .F. ) ;
#179 = EDGE_CURVE ( 'NONE', #249, #300, #819, .T. ) ;
#180 = CARTESIAN_POINT ( 'NONE',  ( 17.50000000000000355, -15.00000000000000178, 3.250000000000005329 ) ) ;
#181 = LINE ( 'NONE', #1026, #913 ) ;
#182 = CARTESIAN_POINT ( 'NONE',  ( -17.49999999999999645, -15.00000000000000533, 33.49999999999999289 ) ) ;
#183 = ORIENTED_EDGE ( 'NONE', *, *, #28, .T. ) ;
#184 =( GEOMETRIC_REPRESENTATION_CONTEXT ( 3 ) GLOBAL_UNCERTAINTY_ASSIGNED_CONTEXT ( ( #693 ) ) GLOBAL_UNIT_ASSIGNED_CONTEXT ( ( #235, #722, #1425 ) ) REPRESENTATION_CONTEXT ( 'NONE', 'WORKASPACE' ) );
#185 = CYLINDRICAL_SURFACE ( 'NONE', #1427, 1.000000000000000000 ) ;
#186 = VERTEX_POINT ( 'NONE', #134 ) ;
#187 = AXIS2_PLACEMENT_3D ( 'NONE', #556, #74, #1224 ) ;
#188 = DIRECTION ( 'NONE',  ( -0.000000000000000000, 1.000000000000000000, -0.000000000000000000 ) ) ;
#189 = LINE ( 'NONE', #65, #530 ) ;
#190 = EDGE_CURVE ( 'NONE', #771, #869, #8, .T. ) ;
#191 = DIRECTION ( 'NONE',  ( -1.000000000000000000, 0.000000000000000000, 0.000000000000000000 ) ) ;
#192 = DIRECTION ( 'NONE',  ( 0.000000000000000000, 0.000000000000000000, -1.000000000000000000 ) ) ;
#193 = ORIENTED_EDGE ( 'NONE', *, *, #452, .F. ) ;
#194 = ORIENTED_EDGE ( 'NONE', *, *, #729, .F. ) ;
#195 = DIRECTION ( 'NONE',  ( -0.7071067811865522357, -0.7071067811865429098, 0.000000000000000000 ) ) ;
#196 = CARTESIAN_POINT ( 'NONE',  ( 17.50000000000000355, -15.00000000000000178, 6.500000000000001776 ) ) ;
#197 = FACE_OUTER_BOUND ( 'NONE', #175, .T. ) ;
#198 = EDGE_CURVE ( 'NONE', #465, #614, #829, .T. ) ;
#199 = CARTESIAN_POINT ( 'NONE',  ( -7.599999999999997868, -12.45857864376271529, 0.000000000000000000 ) ) ;
#200 = EDGE_CURVE ( 'NONE', #425, #582, #1326, .T. ) ;
#201 = DIRECTION ( 'NONE',  ( -1.000000000000000000, 0.000000000000000000, 0.000000000000000000 ) ) ;
#202 = ORIENTED_EDGE ( 'NONE', *, *, #209, .T. ) ;
#203 = DIRECTION ( 'NONE',  ( -0.000000000000000000, -0.000000000000000000, -1.000000000000000000 ) ) ;
#204 = DIRECTION ( 'NONE',  ( -0.000000000000000000, -1.000000000000000000, -0.000000000000000000 ) ) ;
#205 = DIRECTION ( 'NONE',  ( 0.000000000000000000, 0.000000000000000000, -1.000000000000000000 ) ) ;
#206 = LINE ( 'NONE', #926, #1005 ) ;
#207 = CIRCLE ( 'NONE', #332, 1.699999999999996625 ) ;
#208 = DIRECTION ( 'NONE',  ( 1.000000000000000000, -2.973311523850618629E-16, 0.000000000000000000 ) ) ;
#209 = EDGE_CURVE ( 'NONE', #93, #742, #43, .T. ) ;
#210 = ORIENTED_EDGE ( 'NONE', *, *, #1288, .T. ) ;
#211 = CIRCLE ( 'NONE', #361, 1.700000000000000178 ) ;
#212 = DIRECTION ( 'NONE',  ( 0.000000000000000000, 0.000000000000000000, -1.000000000000000000 ) ) ;
#213 = DIRECTION ( 'NONE',  ( 0.000000000000000000, -0.000000000000000000, -1.000000000000000000 ) ) ;
#214 = DIRECTION ( 'NONE',  ( -0.000000000000000000, -1.000000000000000000, -0.000000000000000000 ) ) ;
#215 = DIRECTION ( 'NONE',  ( -0.000000000000000000, -1.000000000000000000, -0.000000000000000000 ) ) ;
#216 = ORIENTED_EDGE ( 'NONE', *, *, #1085, .F. ) ;
#217 = EDGE_LOOP ( 'NONE', ( #974, #194 ) ) ;
#218 = ADVANCED_FACE ( 'NONE', ( #1298 ), #245, .T. ) ;
#219 = CARTESIAN_POINT ( 'NONE',  ( -7.892893218813451739, -9.248528137423878803, 0.000000000000000000 ) ) ;
#220 = CARTESIAN_POINT ( 'NONE',  ( -9.099999999999997868, -8.041421356237327345, 0.000000000000000000 ) ) ;
#221 = CARTESIAN_POINT ( 'NONE',  ( 7.600000000000002309, -9.541421356237327345, 0.000000000000000000 ) ) ;
#222 = DIRECTION ( 'NONE',  ( 0.000000000000000000, 0.000000000000000000, -1.000000000000000000 ) ) ;
#223 = VECTOR ( 'NONE', #314, 1000.000000000000000 ) ;
#224 = LINE ( 'NONE', #368, #1117 ) ;
#225 = EDGE_LOOP ( 'NONE', ( #811, #1299 ) ) ;
#226 = CARTESIAN_POINT ( 'NONE',  ( -9.100000000000001421, -5.900000000000018119, 40.00000000000000000 ) ) ;
#227 = LINE ( 'NONE', #568, #704 ) ;
#228 = EDGE_CURVE ( 'NONE', #547, #152, #1171, .T. ) ;
#229 = DIRECTION ( 'NONE',  ( -0.000000000000000000, -1.000000000000000000, -0.000000000000000000 ) ) ;
#230 = PLANE ( 'NONE',  #732 ) ;
#231 = DIRECTION ( 'NONE',  ( 0.000000000000000000, 0.000000000000000000, -1.000000000000000000 ) ) ;
#232 = VERTEX_POINT ( 'NONE', #471 ) ;
#233 = VECTOR ( 'NONE', #1166, 1000.000000000000000 ) ;
#234 = CARTESIAN_POINT ( 'NONE',  ( -17.49999999999999645, 0.000000000000000000, 33.49999999999999289 ) ) ;
#235 =( LENGTH_UNIT ( ) NAMED_UNIT ( * ) SI_UNIT ( .MILLI., .METRE. ) );
#236 = DIRECTION ( 'NONE',  ( -0.000000000000000000, -1.000000000000000000, -0.000000000000000000 ) ) ;
#237 = EDGE_CURVE ( 'NONE', #622, #953, #181, .T. ) ;
#238 = VECTOR ( 'NONE', #1501, 1000.000000000000000 ) ;
#239 = PLANE ( 'NONE',  #1209 ) ;
#240 = VERTEX_POINT ( 'NONE', #72 ) ;
#241 = VERTEX_POINT ( 'NONE', #1007 ) ;
#242 = CARTESIAN_POINT ( 'NONE',  ( -7.599999999999998757, -9.541421356237332674, 0.000000000000000000 ) ) ;
#243 = CARTESIAN_POINT ( 'NONE',  ( 25.00000000000000000, -11.99999999999999289, 40.00000000000000000 ) ) ;
#244 = FACE_OUTER_BOUND ( 'NONE', #449, .T. ) ;
#245 = PLANE ( 'NONE',  #689 ) ;
#246 = CC_DESIGN_DATE_AND_TIME_ASSIGNMENT ( #476, #364, ( #824 ) ) ;
#247 = ORIENTED_EDGE ( 'NONE', *, *, #1495, .T. ) ;
#248 = EDGE_CURVE ( 'NONE', #186, #1395, #873, .T. ) ;
#249 = VERTEX_POINT ( 'NONE', #760 ) ;
#250 = VECTOR ( 'NONE', #903, 1000.000000000000000 ) ;
#251 = FACE_OUTER_BOUND ( 'NONE', #1083, .T. ) ;
#252 = DIRECTION ( 'NONE',  ( 1.000000000000000000, 1.334402673828312846E-16, 0.000000000000000000 ) ) ;
#253 = FACE_OUTER_BOUND ( 'NONE', #309, .T. ) ;
#254 = CARTESIAN_POINT ( 'NONE',  ( 9.099999999999999645, -15.10000000000000142, 40.00000000000000000 ) ) ;
#255 = ORIENTED_EDGE ( 'NONE', *, *, #1066, .F. ) ;
#256 = EDGE_CURVE ( 'NONE', #614, #1225, #896, .T. ) ;
#257 = CIRCLE ( 'NONE', #34, 3.249999999999996003 ) ;
#258 = CARTESIAN_POINT ( 'NONE',  ( -7.599999999999998757, -9.541421356237332674, 0.000000000000000000 ) ) ;
#259 = APPLICATION_PROTOCOL_DEFINITION ( 'international standard', 'config_control_design', 1994, #340 ) ;
#260 = CIRCLE ( 'NONE', #831, 3.249999999999996003 ) ;
#261 = DIRECTION ( 'NONE',  ( -0.000000000000000000, -0.000000000000000000, -1.000000000000000000 ) ) ;
#262 = CC_DESIGN_APPROVAL ( #1318, ( #675 ) ) ;
#263 = CIRCLE ( 'NONE', #187, 3.249999999999996003 ) ;
#264 = VERTEX_POINT ( 'NONE', #281 ) ;
#265 = AXIS2_PLACEMENT_3D ( 'NONE', #717, #1098, #127 ) ;
#266 = EDGE_CURVE ( 'NONE', #987, #869, #1245, .T. ) ;
#267 = AXIS2_PLACEMENT_3D ( 'NONE', #796, #1149, #1393 ) ;
#268 = DATE_AND_TIME ( #1113, #604 ) ;
#269 = EDGE_CURVE ( 'NONE', #529, #797, #1138, .T. ) ;
#270 = FACE_OUTER_BOUND ( 'NONE', #37, .T. ) ;
#271 = ORIENTED_EDGE ( 'NONE', *, *, #397, .F. ) ;
#272 = VERTEX_POINT ( 'NONE', #1451 ) ;
#273 = PERSON_AND_ORGANIZATION ( #4, #1269 ) ;
#274 = CARTESIAN_POINT ( 'NONE',  ( -17.49999999999999645, 0.000000000000000000, 31.79999999999999361 ) ) ;
#275 = ORIENTED_EDGE ( 'NONE', *, *, #1056, .T. ) ;
#276 = AXIS2_PLACEMENT_3D ( 'NONE', #851, #978, #593 ) ;
#277 = ORIENTED_EDGE ( 'NONE', *, *, #1009, .F. ) ;
#278 = ORIENTED_EDGE ( 'NONE', *, *, #1193, .T. ) ;
#279 = AXIS2_PLACEMENT_3D ( 'NONE', #432, #785, #1478 ) ;
#280 = CARTESIAN_POINT ( 'NONE',  ( -9.100000000000001421, -5.900000000000018119, 0.000000000000000000 ) ) ;
#281 = CARTESIAN_POINT ( 'NONE',  ( 7.600000000000002309, -9.955634918610421380, 40.00000000000000000 ) ) ;
#282 = EDGE_CURVE ( 'NONE', #1377, #1074, #532, .T. ) ;
#283 = CARTESIAN_POINT ( 'NONE',  ( 17.50000000000000355, -11.60000000000000142, 8.200000000000013500 ) ) ;
#284 = CIRCLE ( 'NONE', #1361, 1.700000000000010614 ) ;
#285 = ORIENTED_EDGE ( 'NONE', *, *, #645, .T. ) ;
#286 = ORIENTED_EDGE ( 'NONE', *, *, #1215, .T. ) ;
#287 = EDGE_LOOP ( 'NONE', ( #853, #412 ) ) ;
#288 = LINE ( 'NONE', #1051, #1041 ) ;
#289 = LINE ( 'NONE', #81, #1387 ) ;
#290 = PLANE ( 'NONE',  #708 ) ;
#291 = ORIENTED_EDGE ( 'NONE', *, *, #1257, .T. ) ;
#292 = EDGE_CURVE ( 'NONE', #1252, #931, #1015, .T. ) ;
#293 = ORIENTED_EDGE ( 'NONE', *, *, #686, .F. ) ;
#294 = VECTOR ( 'NONE', #594, 1000.000000000000000 ) ;
#295 = FACE_OUTER_BOUND ( 'NONE', #841, .T. ) ;
#296 = CARTESIAN_POINT ( 'NONE',  ( 17.50000000000000355, -15.00000000000000178, 9.749999999999998224 ) ) ;
#297 = VECTOR ( 'NONE', #1365, 1000.000000000000000 ) ;
#298 = FACE_OUTER_BOUND ( 'NONE', #1343, .T. ) ;
#299 = ORIENTED_EDGE ( 'NONE', *, *, #209, .F. ) ;
#300 = VERTEX_POINT ( 'NONE', #1146 ) ;
#301 = EDGE_CURVE ( 'NONE', #1211, #135, #189, .T. ) ;
#302 = ORIENTED_EDGE ( 'NONE', *, *, #1236, .T. ) ;
#303 = DIRECTION ( 'NONE',  ( -0.000000000000000000, -1.000000000000000000, 0.000000000000000000 ) ) ;
#304 = CARTESIAN_POINT ( 'NONE',  ( -17.49999999999999645, -15.00000000000000533, 35.19999999999999574 ) ) ;
#305 = AXIS2_PLACEMENT_3D ( 'NONE', #1017, #173, #407 ) ;
#306 = FACE_OUTER_BOUND ( 'NONE', #326, .T. ) ;
#307 = LINE ( 'NONE', #1349, #727 ) ;
#308 = AXIS2_PLACEMENT_3D ( 'NONE', #1052, #1519, #823 ) ;
#309 = EDGE_LOOP ( 'NONE', ( #735, #766, #1360, #629, #1104, #247, #1200, #116, #61, #929, #651, #334, #512, #859, #1019, #473, #389, #291, #921, #780, #1388, #1012, #867, #1338 ) ) ;
#310 = ORIENTED_EDGE ( 'NONE', *, *, #428, .F. ) ;
#311 = VECTOR ( 'NONE', #303, 1000.000000000000000 ) ;
#312 = ORIENTED_EDGE ( 'NONE', *, *, #846, .T. ) ;
#313 = LINE ( 'NONE', #180, #456 ) ;
#314 = DIRECTION ( 'NONE',  ( -0.000000000000000000, -1.000000000000000000, -0.000000000000000000 ) ) ;
#315 = EDGE_CURVE ( 'NONE', #241, #1109, #555, .T. ) ;
#316 = DIRECTION ( 'NONE',  ( -1.334402673828312846E-16, 1.000000000000000000, 0.000000000000000000 ) ) ;
#317 = CARTESIAN_POINT ( 'NONE',  ( -9.099999999999997868, -13.95857864376269397, 40.00000000000000000 ) ) ;
#318 = DIRECTION ( 'NONE',  ( -0.000000000000000000, -1.000000000000000000, -0.000000000000000000 ) ) ;
#319 = ORIENTED_EDGE ( 'NONE', *, *, #597, .F. ) ;
#320 = FACE_OUTER_BOUND ( 'NONE', #1348, .T. ) ;
#321 = CARTESIAN_POINT ( 'NONE',  ( 17.50000000000000355, -11.60000000000000142, 6.500000000000001776 ) ) ;
#322 = FACE_BOUND ( 'NONE', #1143, .T. ) ;
#323 = DIRECTION ( 'NONE',  ( -1.000000000000000000, -2.430241210013272193E-15, 0.000000000000000000 ) ) ;
#324 = EDGE_CURVE ( 'NONE', #135, #100, #1509, .T. ) ;
#325 = DIRECTION ( 'NONE',  ( 0.000000000000000000, 0.000000000000000000, -1.000000000000000000 ) ) ;
#326 = EDGE_LOOP ( 'NONE', ( #609, #1237, #1353, #685 ) ) ;
#327 = DIRECTION ( 'NONE',  ( -1.000000000000000000, -0.000000000000000000, -0.000000000000000000 ) ) ;
#328 = CARTESIAN_POINT ( 'NONE',  ( -17.49999999999999645, -11.60000000000000497, 33.49999999999999289 ) ) ;
#329 = AXIS2_PLACEMENT_3D ( 'NONE', #1173, #1510, #1253 ) ;
#330 = CARTESIAN_POINT ( 'NONE',  ( -22.00000000000000355, -15.00000000000000533, 40.00000000000000000 ) ) ;
#331 = DIRECTION ( 'NONE',  ( -0.000000000000000000, -1.000000000000000000, -0.000000000000000000 ) ) ;
#332 = AXIS2_PLACEMENT_3D ( 'NONE', #421, #665, #879 ) ;
#333 = ORIENTED_EDGE ( 'NONE', *, *, #200, .T. ) ;
#334 = ORIENTED_EDGE ( 'NONE', *, *, #1121, .T. ) ;
#335 = APPROVAL_PERSON_ORGANIZATION ( #743, #773, #1096 ) ;
#336 = LINE ( 'NONE', #1273, #521 ) ;
#337 = DIRECTION ( 'NONE',  ( -0.000000000000000000, -1.000000000000000000, -0.000000000000000000 ) ) ;
#338 = CARTESIAN_POINT ( 'NONE',  ( -17.49999999999999645, -15.00000000000000533, 6.500000000000001776 ) ) ;
#339 = CARTESIAN_POINT ( 'NONE',  ( 22.00000000000000711, -15.00000000000000000, 40.00000000000000000 ) ) ;
#340 = APPLICATION_CONTEXT ( 'configuration controlled 3d designs of mechanical parts and assemblies' ) ;
#341 = LINE ( 'NONE', #572, #1071 ) ;
#342 = ORIENTED_EDGE ( 'NONE', *, *, #1297, .F. ) ;
#343 = ADVANCED_FACE ( 'NONE', ( #523 ), #539, .F. ) ;
#344 = LINE ( 'NONE', #1153, #1097 ) ;
#345 = DIRECTION ( 'NONE',  ( 0.000000000000000000, 0.000000000000000000, -1.000000000000000000 ) ) ;
#346 = DIRECTION ( 'NONE',  ( -0.000000000000000000, -1.000000000000000000, -0.000000000000000000 ) ) ;
#347 = CARTESIAN_POINT ( 'NONE',  ( 17.50000000000000355, -15.00000000000000178, 33.49999999999999289 ) ) ;
#348 = EDGE_LOOP ( 'NONE', ( #541, #897, #383, #1369 ) ) ;
#349 = LINE ( 'NONE', #1421, #1446 ) ;
#350 = VECTOR ( 'NONE', #1460, 1000.000000000000000 ) ;
#351 = ORIENTED_EDGE ( 'NONE', *, *, #282, .F. ) ;
#352 = EDGE_CURVE ( 'NONE', #93, #1003, #207, .T. ) ;
#353 = LINE ( 'NONE', #219, #1279 ) ;
#354 = DIRECTION ( 'NONE',  ( 0.000000000000000000, 0.000000000000000000, -1.000000000000000000 ) ) ;
#355 = DIRECTION ( 'NONE',  ( 0.7071067811865482389, 0.7071067811865469066, -0.000000000000000000 ) ) ;
#356 = LINE ( 'NONE', #827, #770 ) ;
#357 = VECTOR ( 'NONE', #663, 1000.000000000000000 ) ;
#358 = CARTESIAN_POINT ( 'NONE',  ( 17.50000000000000355, 3.469446951953614189E-15, 33.49999999999999289 ) ) ;
#359 = ORIENTED_EDGE ( 'NONE', *, *, #957, .T. ) ;
#360 = VECTOR ( 'NONE', #371, 1000.000000000000000 ) ;
#361 = AXIS2_PLACEMENT_3D ( 'NONE', #592, #229, #716 ) ;
#362 = FACE_OUTER_BOUND ( 'NONE', #177, .T. ) ;
#363 = EDGE_CURVE ( 'NONE', #869, #1484, #289, .T. ) ;
#364 = DATE_TIME_ROLE ( 'creation_date' ) ;
#365 = PRODUCT ( 'slider', 'slider', '', ( #731 ) ) ;
#366 = CARTESIAN_POINT ( 'NONE',  ( 0.000000000000000000, 0.000000000000000000, 40.00000000000000000 ) ) ;
#367 = EDGE_CURVE ( 'NONE', #893, #436, #1347, .T. ) ;
#368 = CARTESIAN_POINT ( 'NONE',  ( -7.599999999999998757, -9.955634918610423156, 0.000000000000000000 ) ) ;
#369 = EDGE_LOOP ( 'NONE', ( #1004, #870 ) ) ;
#370 = ORIENTED_EDGE ( 'NONE', *, *, #114, .T. ) ;
#371 = DIRECTION ( 'NONE',  ( -0.000000000000000000, -0.000000000000000000, -1.000000000000000000 ) ) ;
#372 = APPROVAL_ROLE ( '' ) ;
#373 = DIRECTION ( 'NONE',  ( -0.000000000000000000, 0.000000000000000000, 1.000000000000000000 ) ) ;
#374 = APPLICATION_CONTEXT ( 'configuration controlled 3d designs of mechanical parts and assemblies' ) ;
#375 = ADVANCED_FACE ( 'NONE', ( #864, #1332 ), #648, .F. ) ;
#376 = DIRECTION ( 'NONE',  ( 0.000000000000000000, 0.000000000000000000, -1.000000000000000000 ) ) ;
#377 = EDGE_LOOP ( 'NONE', ( #677, #193, #1401, #107 ) ) ;
#378 = DIRECTION ( 'NONE',  ( -1.000000000000000000, -2.973311523850620108E-16, 0.000000000000000000 ) ) ;
#379 = DIRECTION ( 'NONE',  ( 0.000000000000000000, 0.000000000000000000, 1.000000000000000000 ) ) ;
#380 = AXIS2_PLACEMENT_3D ( 'NONE', #992, #1221, #1467 ) ;
#381 = CARTESIAN_POINT ( 'NONE',  ( 7.600000000000002309, -9.541421356237327345, 0.000000000000000000 ) ) ;
#382 = EDGE_CURVE ( 'NONE', #1225, #272, #639, .T. ) ;
#383 = ORIENTED_EDGE ( 'NONE', *, *, #857, .T. ) ;
#384 = VECTOR ( 'NONE', #1453, 1000.000000000000000 ) ;
#385 = AXIS2_PLACEMENT_3D ( 'NONE', #96, #1494, #1274 ) ;
#386 = APPROVAL_STATUS ( 'not_yet_approved' ) ;
#387 = FACE_BOUND ( 'NONE', #520, .T. ) ;
#388 = EDGE_LOOP ( 'NONE', ( #1358, #1217 ) ) ;
#389 = ORIENTED_EDGE ( 'NONE', *, *, #1056, .F. ) ;
#390 = EDGE_CURVE ( 'NONE', #1408, #1211, #775, .T. ) ;
#391 = ORIENTED_EDGE ( 'NONE', *, *, #745, .T. ) ;
#392 = COORDINATED_UNIVERSAL_TIME_OFFSET ( 0, 0, .AHEAD. ) ;
#393 = CARTESIAN_POINT ( 'NONE',  ( 17.50000000000000355, 3.469446951953614189E-15, 4.800000000000005151 ) ) ;
#394 = AXIS2_PLACEMENT_3D ( 'NONE', #338, #214, #423 ) ;
#395 = ORIENTED_EDGE ( 'NONE', *, *, #1167, .T. ) ;
#396 = ORIENTED_EDGE ( 'NONE', *, *, #228, .T. ) ;
#397 = EDGE_CURVE ( 'NONE', #1474, #758, #777, .T. ) ;
#398 = LINE ( 'NONE', #280, #498 ) ;
#399 = DIRECTION ( 'NONE',  ( -0.000000000000000000, -1.000000000000000000, -0.000000000000000000 ) ) ;
#400 = CARTESIAN_POINT ( 'NONE',  ( 17.50000000000000355, -15.00000000000000178, 30.25000000000000000 ) ) ;
#401 = ORIENTED_EDGE ( 'NONE', *, *, #248, .T. ) ;
#402 = VERTEX_POINT ( 'NONE', #1502 ) ;
#403 = VERTEX_POINT ( 'NONE', #220 ) ;
#404 = AXIS2_PLACEMENT_3D ( 'NONE', #1044, #672, #688 ) ;
#405 = CARTESIAN_POINT ( 'NONE',  ( -25.00000000000000000, -1.000000000000007772, 40.00000000000000000 ) ) ;
#406 = DIRECTION ( 'NONE',  ( 0.000000000000000000, 0.000000000000000000, -1.000000000000000000 ) ) ;
#407 = DIRECTION ( 'NONE',  ( 0.000000000000000000, 0.000000000000000000, -1.000000000000000000 ) ) ;
#408 = EDGE_CURVE ( 'NONE', #1271, #1461, #227, .T. ) ;
#409 = LOCAL_TIME ( 10, 20, 11.00000000000000000, #392 ) ;
#410 = ORIENTED_EDGE ( 'NONE', *, *, #367, .F. ) ;
#411 = ORIENTED_EDGE ( 'NONE', *, *, #1076, .F. ) ;
#412 = ORIENTED_EDGE ( 'NONE', *, *, #504, .T. ) ;
#413 = CARTESIAN_POINT ( 'NONE',  ( -9.099999999999997868, -15.00000000000000533, 40.00000000000000000 ) ) ;
#414 = DIRECTION ( 'NONE',  ( -0.000000000000000000, -1.000000000000000000, -0.000000000000000000 ) ) ;
#415 = DIRECTION ( 'NONE',  ( 1.000000000000000000, -0.000000000000000000, 0.000000000000000000 ) ) ;
#416 = EDGE_CURVE ( 'NONE', #931, #1435, #1152, .T. ) ;
#417 = ORIENTED_EDGE ( 'NONE', *, *, #292, .T. ) ;
#418 = ORIENTED_EDGE ( 'NONE', *, *, #668, .F. ) ;
#419 = ORIENTED_EDGE ( 'NONE', *, *, #1262, .T. ) ;
#420 = DIRECTION ( 'NONE',  ( 0.000000000000000000, -1.000000000000000000, 0.000000000000000000 ) ) ;
#421 = CARTESIAN_POINT ( 'NONE',  ( 17.50000000000000355, 3.469446951953614189E-15, 6.500000000000001776 ) ) ;
#422 = ORIENTED_EDGE ( 'NONE', *, *, #416, .T. ) ;
#423 = DIRECTION ( 'NONE',  ( 0.000000000000000000, 0.000000000000000000, -1.000000000000000000 ) ) ;
#424 = DIRECTION ( 'NONE',  ( -0.7071067811865522357, -0.7071067811865429098, 0.000000000000000000 ) ) ;
#425 = VERTEX_POINT ( 'NONE', #1287 ) ;
#426 = LINE ( 'NONE', #1142, #719 ) ;
#427 = VERTEX_POINT ( 'NONE', #933 ) ;
#428 = EDGE_CURVE ( 'NONE', #901, #622, #621, .T. ) ;
#429 = EDGE_CURVE ( 'NONE', #812, #513, #703, .T. ) ;
#430 = EDGE_LOOP ( 'NONE', ( #1040, #202, #877, #1161 ) ) ;
#431 = DIRECTION ( 'NONE',  ( -0.000000000000000000, -0.000000000000000000, 1.000000000000000000 ) ) ;
#432 = CARTESIAN_POINT ( 'NONE',  ( 17.50000000000000355, -11.60000000000000142, 33.49999999999999289 ) ) ;
#433 = CARTESIAN_POINT ( 'NONE',  ( 22.00000000000000711, -15.00000000000000000, 40.00000000000000000 ) ) ;
#434 = CYLINDRICAL_SURFACE ( 'NONE', #160, 3.249999999999996003 ) ;
#435 = AXIS2_PLACEMENT_3D ( 'NONE', #858, #744, #493 ) ;
#436 = VERTEX_POINT ( 'NONE', #1160 ) ;
#437 = AXIS2_PLACEMENT_3D ( 'NONE', #610, #19, #848 ) ;
#438 = DIRECTION ( 'NONE',  ( 0.000000000000000000, 0.000000000000000000, 1.000000000000000000 ) ) ;
#439 = ORIENTED_EDGE ( 'NONE', *, *, #67, .F. ) ;
#440 = CIRCLE ( 'NONE', #1180, 1.000000000000000000 ) ;
#441 = ADVANCED_FACE ( 'NONE', ( #698, #444 ), #815, .F. ) ;
#442 = CARTESIAN_POINT ( 'NONE',  ( 7.892893218813458844, -12.75147186257616383, 0.000000000000000000 ) ) ;
#443 = VECTOR ( 'NONE', #188, 1000.000000000000000 ) ;
#444 = FACE_OUTER_BOUND ( 'NONE', #287, .T. ) ;
#445 = CIRCLE ( 'NONE', #958, 1.700000000000013944 ) ;
#446 = FACE_OUTER_BOUND ( 'NONE', #1133, .T. ) ;
#447 = CARTESIAN_POINT ( 'NONE',  ( -17.49999999999999645, -15.00000000000000533, 33.49999999999999289 ) ) ;
#448 = FACE_OUTER_BOUND ( 'NONE', #740, .T. ) ;
#449 = EDGE_LOOP ( 'NONE', ( #1429, #183, #508, #1352 ) ) ;
#450 = CARTESIAN_POINT ( 'NONE',  ( -17.49999999999999645, 0.000000000000000000, 35.19999999999999574 ) ) ;
#451 = DIRECTION ( 'NONE',  ( -0.000000000000000000, -1.000000000000000000, -0.000000000000000000 ) ) ;
#452 = EDGE_CURVE ( 'NONE', #1211, #1408, #257, .T. ) ;
#453 = CARTESIAN_POINT ( 'NONE',  ( 17.50000000000000355, 3.469446951953614189E-15, 35.19999999999999574 ) ) ;
#454 = DIRECTION ( 'NONE',  ( -1.000000000000000000, -3.336006684570782608E-16, 0.000000000000000000 ) ) ;
#455 = CARTESIAN_POINT ( 'NONE',  ( 23.99999999999999289, 0.000000000000000000, 40.00000000000000000 ) ) ;
#456 = VECTOR ( 'NONE', #1129, 1000.000000000000000 ) ;
#457 = ORIENTED_EDGE ( 'NONE', *, *, #619, .F. ) ;
#458 = DIRECTION ( 'NONE',  ( -0.000000000000000000, -1.000000000000000000, -0.000000000000000000 ) ) ;
#459 = DIRECTION ( 'NONE',  ( -1.000000000000000000, 0.000000000000000000, 0.000000000000000000 ) ) ;
#460 = CARTESIAN_POINT ( 'NONE',  ( -17.49999999999999645, -15.00000000000000533, 3.250000000000005329 ) ) ;
#461 = CARTESIAN_POINT ( 'NONE',  ( 7.600000000000002309, -9.955634918610421380, 0.000000000000000000 ) ) ;
#462 = PRODUCT_RELATED_PRODUCT_CATEGORY ( 'detail', '', ( #365 ) ) ;
#463 = EDGE_CURVE ( 'NONE', #403, #1328, #110, .T. ) ;
#464 = PLANE ( 'NONE',  #480 ) ;
#465 = VERTEX_POINT ( 'NONE', #585 ) ;
#466 = AXIS2_PLACEMENT_3D ( 'NONE', #1247, #1139, #898 ) ;
#467 = DIRECTION ( 'NONE',  ( -0.000000000000000000, -1.000000000000000000, -0.000000000000000000 ) ) ;
#468 = CYLINDRICAL_SURFACE ( 'NONE', #308, 3.249999999999996003 ) ;
#469 = DATE_AND_TIME ( #1513, #751 ) ;
#470 = FACE_OUTER_BOUND ( 'NONE', #912, .T. ) ;
#471 = CARTESIAN_POINT ( 'NONE',  ( -22.00000000000000355, -15.00000000000000533, 40.00000000000000000 ) ) ;
#472 = ADVANCED_FACE ( 'NONE', ( #1181 ), #468, .F. ) ;
#473 = ORIENTED_EDGE ( 'NONE', *, *, #613, .T. ) ;
#474 = PLANE ( 'NONE',  #1190 ) ;
#475 = CYLINDRICAL_SURFACE ( 'NONE', #1243, 3.249999999999996003 ) ;
#476 = DATE_AND_TIME ( #1063, #490 ) ;
#477 = DIRECTION ( 'NONE',  ( 2.430241210013272193E-15, -1.000000000000000000, 0.000000000000000000 ) ) ;
#478 = DIRECTION ( 'NONE',  ( 0.000000000000000000, 0.000000000000000000, 1.000000000000000000 ) ) ;
#479 = VERTEX_POINT ( 'NONE', #1512 ) ;
#480 = AXIS2_PLACEMENT_3D ( 'NONE', #99, #201, #438 ) ;
#481 = CC_DESIGN_PERSON_AND_ORGANIZATION_ASSIGNMENT ( #273, #1213, ( #1511 ) ) ;
#482 = ADVANCED_FACE ( 'NONE', ( #1267 ), #475, .F. ) ;
#483 = DIRECTION ( 'NONE',  ( -0.000000000000000000, 0.000000000000000000, 1.000000000000000000 ) ) ;
#484 = DIRECTION ( 'NONE',  ( -0.7071067811865469066, 0.7071067811865482389, 0.000000000000000000 ) ) ;
#485 = DIRECTION ( 'NONE',  ( -0.000000000000000000, -1.000000000000000000, -0.000000000000000000 ) ) ;
#486 = DIRECTION ( 'NONE',  ( -0.000000000000000000, -1.000000000000000000, -0.000000000000000000 ) ) ;
#487 = ORIENTED_EDGE ( 'NONE', *, *, #504, .F. ) ;
#488 = VECTOR ( 'NONE', #345, 1000.000000000000000 ) ;
#489 = ORIENTED_EDGE ( 'NONE', *, *, #645, .F. ) ;
#490 = LOCAL_TIME ( 10, 20, 11.00000000000000000, #700 ) ;
#491 = CARTESIAN_POINT ( 'NONE',  ( 17.50000000000000355, -11.60000000000000142, 30.25000000000000000 ) ) ;
#492 = ADVANCED_FACE ( 'NONE', ( #680 ), #1036, .F. ) ;
#493 = DIRECTION ( 'NONE',  ( -1.000000000000000000, 0.000000000000000000, 0.000000000000000000 ) ) ;
#494 = CARTESIAN_POINT ( 'NONE',  ( -17.49999999999999645, -11.60000000000000497, 6.500000000000001776 ) ) ;
#495 = ORIENTED_EDGE ( 'NONE', *, *, #292, .F. ) ;
#496 = CARTESIAN_POINT ( 'NONE',  ( -17.49999999999999645, -15.00000000000000533, 6.500000000000001776 ) ) ;
#497 = CARTESIAN_POINT ( 'NONE',  ( 7.892893218813453515, -9.248528137423877027, 40.00000000000000000 ) ) ;
#498 = VECTOR ( 'NONE', #863, 1000.000000000000000 ) ;
#499 = ORIENTED_EDGE ( 'NONE', *, *, #659, .T. ) ;
#500 = LINE ( 'NONE', #1423, #360 ) ;
#501 = APPROVAL_DATE_TIME ( #1105, #1318 ) ;
#502 = DIRECTION ( 'NONE',  ( -0.7071067811865517916, 0.7071067811865432429, 0.000000000000000000 ) ) ;
#503 = EDGE_CURVE ( 'NONE', #232, #436, #942, .T. ) ;
#504 = EDGE_CURVE ( 'NONE', #186, #1264, #828, .T. ) ;
#505 = VERTEX_POINT ( 'NONE', #1154 ) ;
#506 = ORIENTED_EDGE ( 'NONE', *, *, #957, .F. ) ;
#507 = AXIS2_PLACEMENT_3D ( 'NONE', #196, #414, #1340 ) ;
#508 = ORIENTED_EDGE ( 'NONE', *, *, #1334, .T. ) ;
#509 = CARTESIAN_POINT ( 'NONE',  ( -17.49999999999999645, -11.60000000000000497, 8.200000000000013500 ) ) ;
#510 = ORIENTED_EDGE ( 'NONE', *, *, #256, .F. ) ;
#511 = EDGE_CURVE ( 'NONE', #1225, #1158, #1397, .T. ) ;
#512 = ORIENTED_EDGE ( 'NONE', *, *, #1485, .T. ) ;
#513 = VERTEX_POINT ( 'NONE', #89 ) ;
#514 = APPROVAL_STATUS ( 'not_yet_approved' ) ;
#515 = DIRECTION ( 'NONE',  ( -0.000000000000000000, -1.000000000000000000, -0.000000000000000000 ) ) ;
#516 = CARTESIAN_POINT ( 'NONE',  ( 17.50000000000000355, -15.00000000000000178, 8.200000000000006395 ) ) ;
#517 = ORIENTED_EDGE ( 'NONE', *, *, #549, .T. ) ;
#518 = ORIENTED_EDGE ( 'NONE', *, *, #947, .F. ) ;
#519 = AXIS2_PLACEMENT_3D ( 'NONE', #888, #97, #191 ) ;
#520 = EDGE_LOOP ( 'NONE', ( #920, #1322 ) ) ;
#521 = VECTOR ( 'NONE', #814, 1000.000000000000000 ) ;
#522 = DIRECTION ( 'NONE',  ( 0.000000000000000000, 1.000000000000000000, 0.000000000000000000 ) ) ;
#523 = FACE_OUTER_BOUND ( 'NONE', #1336, .T. ) ;
#524 = DIRECTION ( 'NONE',  ( 0.000000000000000000, 0.000000000000000000, -1.000000000000000000 ) ) ;
#525 = VECTOR ( 'NONE', #119, 1000.000000000000000 ) ;
#526 = VERTEX_POINT ( 'NONE', #1282 ) ;
#527 = AXIS2_PLACEMENT_3D ( 'NONE', #679, #88, #1159 ) ;
#528 = ORIENTED_EDGE ( 'NONE', *, *, #804, .T. ) ;
#529 = VERTEX_POINT ( 'NONE', #1404 ) ;
#530 = VECTOR ( 'NONE', #887, 1000.000000000000000 ) ;
#531 = DIRECTION ( 'NONE',  ( 0.000000000000000000, 0.000000000000000000, -1.000000000000000000 ) ) ;
#532 = LINE ( 'NONE', #993, #297 ) ;
#533 = EDGE_CURVE ( 'NONE', #995, #1252, #1024, .T. ) ;
#534 = DIRECTION ( 'NONE',  ( -0.000000000000000000, -1.000000000000000000, -0.000000000000000000 ) ) ;
#535 = CIRCLE ( 'NONE', #1432, 3.249999999999996003 ) ;
#536 = ORIENTED_EDGE ( 'NONE', *, *, #1023, .F. ) ;
#537 = ORIENTED_EDGE ( 'NONE', *, *, #1076, .T. ) ;
#538 = CARTESIAN_POINT ( 'NONE',  ( 9.099999999999999645, -13.95857864376269220, 0.000000000000000000 ) ) ;
#539 = CYLINDRICAL_SURFACE ( 'NONE', #507, 3.249999999999996003 ) ;
#540 = FACE_OUTER_BOUND ( 'NONE', #1470, .T. ) ;
#541 = ORIENTED_EDGE ( 'NONE', *, *, #927, .F. ) ;
#542 = ORIENTED_EDGE ( 'NONE', *, *, #146, .F. ) ;
#543 = DIRECTION ( 'NONE',  ( 2.973311523850620108E-16, -1.000000000000000000, 0.000000000000000000 ) ) ;
#544 = DIRECTION ( 'NONE',  ( 0.7071067811865451302, -0.7071067811865500152, -0.000000000000000000 ) ) ;
#545 = PLANE ( 'NONE',  #871 ) ;
#546 = DIRECTION ( 'NONE',  ( -0.000000000000000000, -1.000000000000000000, -0.000000000000000000 ) ) ;
#547 = VERTEX_POINT ( 'NONE', #562 ) ;
#548 = VERTEX_POINT ( 'NONE', #125 ) ;
#549 = EDGE_CURVE ( 'NONE', #1433, #159, #58, .T. ) ;
#550 = ORIENTED_EDGE ( 'NONE', *, *, #1335, .T. ) ;
#551 = VECTOR ( 'NONE', #327, 1000.000000000000000 ) ;
#552 = LINE ( 'NONE', #442, #847 ) ;
#553 = CARTESIAN_POINT ( 'NONE',  ( -25.00000000000000000, -1.000000000000007772, 40.00000000000000000 ) ) ;
#554 = CARTESIAN_POINT ( 'NONE',  ( 8.600000000000001421, -12.04436508138961237, 0.000000000000000000 ) ) ;
#555 = CIRCLE ( 'NONE', #279, 1.700000000000013944 ) ;
#556 = CARTESIAN_POINT ( 'NONE',  ( 17.50000000000000355, -15.00000000000000178, 33.49999999999999289 ) ) ;
#557 = DIRECTION ( 'NONE',  ( 1.000000000000000000, 0.000000000000000000, 0.000000000000000000 ) ) ;
#558 = EDGE_LOOP ( 'NONE', ( #966, #805, #885, #418 ) ) ;
#559 = ADVANCED_FACE ( 'NONE', ( #362 ), #1301, .F. ) ;
#560 = AXIS2_PLACEMENT_3D ( 'NONE', #182, #51, #524 ) ;
#561 = CARTESIAN_POINT ( 'NONE',  ( -9.099999999999997868, -8.041421356237327345, 40.00000000000000000 ) ) ;
#562 = CARTESIAN_POINT ( 'NONE',  ( 9.099999999999999645, -5.900000000000011902, 40.00000000000000000 ) ) ;
#563 = CYLINDRICAL_SURFACE ( 'NONE', #571, 3.249999999999996003 ) ;
#564 = CARTESIAN_POINT ( 'NONE',  ( -17.49999999999999645, -11.60000000000000497, 35.20000000000000995 ) ) ;
#565 = DIRECTION ( 'NONE',  ( -0.000000000000000000, -1.000000000000000000, -0.000000000000000000 ) ) ;
#566 = ORIENTED_EDGE ( 'NONE', *, *, #579, .F. ) ;
#567 = DIRECTION ( 'NONE',  ( -0.000000000000000000, -1.000000000000000000, -0.000000000000000000 ) ) ;
#568 = CARTESIAN_POINT ( 'NONE',  ( -9.099999999999997868, -8.041421356237327345, 40.00000000000000000 ) ) ;
#569 = FACE_OUTER_BOUND ( 'NONE', #589, .T. ) ;
#570 = LINE ( 'NONE', #105, #821 ) ;
#571 = AXIS2_PLACEMENT_3D ( 'NONE', #800, #682, #666 ) ;
#572 = CARTESIAN_POINT ( 'NONE',  ( -17.49999999999999645, -15.00000000000000533, 9.749999999999998224 ) ) ;
#573 = VECTOR ( 'NONE', #752, 1000.000000000000000 ) ;
#574 = ORIENTED_EDGE ( 'NONE', *, *, #619, .T. ) ;
#575 = DIRECTION ( 'NONE',  ( -0.000000000000000000, -0.000000000000000000, -1.000000000000000000 ) ) ;
#576 = DIRECTION ( 'NONE',  ( 0.7071067811865459074, -0.7071067811865491270, 0.000000000000000000 ) ) ;
#577 = PLANE ( 'NONE',  #1376 ) ;
#578 = CARTESIAN_POINT ( 'NONE',  ( 17.50000000000000355, -15.00000000000000178, 31.79999999999999361 ) ) ;
#579 = EDGE_CURVE ( 'NONE', #402, #39, #1418, .T. ) ;
#580 = AXIS2_PLACEMENT_3D ( 'NONE', #496, #948, #132 ) ;
#581 = DIRECTION ( 'NONE',  ( 0.000000000000000000, 0.000000000000000000, -1.000000000000000000 ) ) ;
#582 = VERTEX_POINT ( 'NONE', #491 ) ;
#583 = AXIS2_PLACEMENT_3D ( 'NONE', #671, #1370, #1025 ) ;
#584 = DIRECTION ( 'NONE',  ( 0.000000000000000000, 0.000000000000000000, -1.000000000000000000 ) ) ;
#585 = CARTESIAN_POINT ( 'NONE',  ( -23.99999999999998579, 0.000000000000000000, 0.000000000000000000 ) ) ;
#586 = CARTESIAN_POINT ( 'NONE',  ( -22.00000000000000355, -15.00000000000000533, 40.00000000000000000 ) ) ;
#587 = CYLINDRICAL_SURFACE ( 'NONE', #641, 3.249999999999996003 ) ;
#588 = DIRECTION ( 'NONE',  ( -0.000000000000000000, -1.000000000000000000, -0.000000000000000000 ) ) ;
#589 = EDGE_LOOP ( 'NONE', ( #713, #167, #1475, #1020 ) ) ;
#590 = EDGE_CURVE ( 'NONE', #758, #861, #801, .T. ) ;
#591 = DIRECTION ( 'NONE',  ( -0.000000000000000000, 0.000000000000000000, 1.000000000000000000 ) ) ;
#592 = CARTESIAN_POINT ( 'NONE',  ( -17.49999999999999645, 0.000000000000000000, 33.49999999999999289 ) ) ;
#593 = DIRECTION ( 'NONE',  ( 0.000000000000000000, -0.000000000000000000, 1.000000000000000000 ) ) ;
#594 = DIRECTION ( 'NONE',  ( 0.000000000000000000, 0.000000000000000000, 1.000000000000000000 ) ) ;
#595 = ORIENTED_EDGE ( 'NONE', *, *, #148, .T. ) ;
#596 = EDGE_LOOP ( 'NONE', ( #938, #642, #528, #980 ) ) ;
#597 = EDGE_CURVE ( 'NONE', #272, #893, #500, .T. ) ;
#598 = LINE ( 'NONE', #242, #996 ) ;
#599 = LINE ( 'NONE', #1302, #1455 ) ;
#600 = CARTESIAN_POINT ( 'NONE',  ( 22.00000000000000711, -15.00000000000000000, 40.00000000000000000 ) ) ;
#601 = DIRECTION ( 'NONE',  ( -0.7071067811865491270, -0.7071067811865459074, 0.000000000000000000 ) ) ;
#602 = VECTOR ( 'NONE', #136, 1000.000000000000000 ) ;
#603 = VERTEX_POINT ( 'NONE', #5 ) ;
#604 = LOCAL_TIME ( 10, 20, 11.00000000000000000, #624 ) ;
#605 = DIRECTION ( 'NONE',  ( 2.973311523850620108E-16, -1.000000000000000000, 0.000000000000000000 ) ) ;
#606 = CIRCLE ( 'NONE', #1317, 1.700000000000010614 ) ;
#607 = PLANE ( 'NONE',  #40 ) ;
#608 = CARTESIAN_POINT ( 'NONE',  ( -9.100000000000001421, -5.900000000000018119, 40.00000000000000000 ) ) ;
#609 = ORIENTED_EDGE ( 'NONE', *, *, #1100, .F. ) ;
#610 = CARTESIAN_POINT ( 'NONE',  ( -15.79999999999998828, -11.60000000000000497, 33.49999999999999289 ) ) ;
#611 = APPLICATION_PROTOCOL_DEFINITION ( 'international standard', 'config_control_design', 1994, #374 ) ;
#612 = CARTESIAN_POINT ( 'NONE',  ( 8.600000000000001421, -9.955634918610421380, 40.00000000000000000 ) ) ;
#613 = EDGE_CURVE ( 'NONE', #52, #1119, #1216, .T. ) ;
#614 = VERTEX_POINT ( 'NONE', #1188 ) ;
#615 = ORIENTED_EDGE ( 'NONE', *, *, #1394, .T. ) ;
#616 = VERTEX_POINT ( 'NONE', #730 ) ;
#617 = VECTOR ( 'NONE', #999, 999.9999999999998863 ) ;
#618 = FACE_BOUND ( 'NONE', #141, .T. ) ;
#619 = EDGE_CURVE ( 'NONE', #479, #1345, #598, .T. ) ;
#620 = ORIENTED_EDGE ( 'NONE', *, *, #382, .F. ) ;
#621 = CIRCLE ( 'NONE', #84, 1.000000000000000000 ) ;
#622 = VERTEX_POINT ( 'NONE', #1202 ) ;
#623 = ORIENTED_EDGE ( 'NONE', *, *, #1257, .F. ) ;
#624 = COORDINATED_UNIVERSAL_TIME_OFFSET ( 0, 0, .AHEAD. ) ;
#625 = CYLINDRICAL_SURFACE ( 'NONE', #380, 3.249999999999996003 ) ;
#626 = EDGE_CURVE ( 'NONE', #1408, #100, #14, .T. ) ;
#627 = ORIENTED_EDGE ( 'NONE', *, *, #511, .F. ) ;
#628 = EDGE_CURVE ( 'NONE', #39, #1441, #1411, .T. ) ;
#629 = ORIENTED_EDGE ( 'NONE', *, *, #179, .F. ) ;
#630 = EDGE_LOOP ( 'NONE', ( #1082, #706, #1350, #1448 ) ) ;
#631 = CARTESIAN_POINT ( 'NONE',  ( 9.099999999999999645, -8.041421356237322016, 40.00000000000000000 ) ) ;
#632 = CARTESIAN_POINT ( 'NONE',  ( 7.600000000000001421, -12.04436508138961237, 0.000000000000000000 ) ) ;
#633 = LINE ( 'NONE', #317, #1457 ) ;
#634 = ORIENTED_EDGE ( 'NONE', *, *, #590, .F. ) ;
#635 = ORIENTED_EDGE ( 'NONE', *, *, #1186, .T. ) ;
#636 = ADVANCED_FACE ( 'NONE', ( #842, #251 ), #1195, .F. ) ;
#637 = ORIENTED_EDGE ( 'NONE', *, *, #1121, .F. ) ;
#638 = DIRECTION ( 'NONE',  ( -0.7071067811865462405, -0.7071067811865489050, 0.000000000000000000 ) ) ;
#639 = LINE ( 'NONE', #1355, #108 ) ;
#640 = CARTESIAN_POINT ( 'NONE',  ( 9.099999999999999645, -8.041421356237322016, 0.000000000000000000 ) ) ;
#641 = AXIS2_PLACEMENT_3D ( 'NONE', #1270, #1383, #112 ) ;
#642 = ORIENTED_EDGE ( 'NONE', *, *, #626, .T. ) ;
#643 = VERTEX_POINT ( 'NONE', #1140 ) ;
#644 = ORIENTED_EDGE ( 'NONE', *, *, #428, .T. ) ;
#645 = EDGE_CURVE ( 'NONE', #1158, #893, #307, .T. ) ;
#646 = AXIS2_PLACEMENT_3D ( 'NONE', #1260, #1390, #1062 ) ;
#647 = CARTESIAN_POINT ( 'NONE',  ( -7.599999999999997868, -12.04436508138961770, 40.00000000000000000 ) ) ;
#648 = PLANE ( 'NONE',  #1198 ) ;
#649 = APPROVAL_PERSON_ORGANIZATION ( #1182, #1442, #372 ) ;
#650 = DIRECTION ( 'NONE',  ( -0.000000000000000000, -0.000000000000000000, 1.000000000000000000 ) ) ;
#651 = ORIENTED_EDGE ( 'NONE', *, *, #382, .T. ) ;
#652 = DIRECTION ( 'NONE',  ( -0.000000000000000000, -1.000000000000000000, -0.000000000000000000 ) ) ;
#653 = ORIENTED_EDGE ( 'NONE', *, *, #46, .T. ) ;
#654 = CARTESIAN_POINT ( 'NONE',  ( 7.892893218813458844, -12.75147186257616383, 0.000000000000000000 ) ) ;
#655 = DIRECTION ( 'NONE',  ( 0.000000000000000000, 0.000000000000000000, 1.000000000000000000 ) ) ;
#656 = CARTESIAN_POINT ( 'NONE',  ( -17.49999999999999645, -11.60000000000000497, 6.500000000000001776 ) ) ;
#657 = CARTESIAN_POINT ( 'NONE',  ( -17.49999999999999645, -11.60000000000000497, 9.749999999999998224 ) ) ;
#658 = CC_DESIGN_PERSON_AND_ORGANIZATION_ASSIGNMENT ( #138, #1069, ( #365 ) ) ;
#659 = EDGE_CURVE ( 'NONE', #765, #548, #260, .T. ) ;
#660 = EDGE_LOOP ( 'NONE', ( #293, #439 ) ) ;
#661 = ORIENTED_EDGE ( 'NONE', *, *, #1331, .T. ) ;
#662 = EDGE_LOOP ( 'NONE', ( #86, #210, #68, #123 ) ) ;
#663 = DIRECTION ( 'NONE',  ( -0.000000000000000000, -1.000000000000000000, -0.000000000000000000 ) ) ;
#664 = AXIS2_PLACEMENT_3D ( 'NONE', #1145, #467, #95 ) ;
#665 = DIRECTION ( 'NONE',  ( -0.000000000000000000, -1.000000000000000000, -0.000000000000000000 ) ) ;
#666 = DIRECTION ( 'NONE',  ( 0.000000000000000000, 0.000000000000000000, -1.000000000000000000 ) ) ;
#667 = CARTESIAN_POINT ( 'NONE',  ( -9.099999999999997868, -8.041421356237327345, 0.000000000000000000 ) ) ;
#668 = EDGE_CURVE ( 'NONE', #249, #771, #779, .T. ) ;
#669 = CARTESIAN_POINT ( 'NONE',  ( 17.50000000000000355, -11.60000000000000142, 4.799999999999990941 ) ) ;
#670 = EDGE_LOOP ( 'NONE', ( #299, #1178, #59, #747 ) ) ;
#671 = CARTESIAN_POINT ( 'NONE',  ( 8.600000000000001421, -9.955634918610421380, 0.000000000000000000 ) ) ;
#672 = DIRECTION ( 'NONE',  ( 0.000000000000000000, 1.000000000000000000, 0.000000000000000000 ) ) ;
#673 = CARTESIAN_POINT ( 'NONE',  ( 9.099999999999999645, -5.900000000000011902, 0.000000000000000000 ) ) ;
#674 = FACE_OUTER_BOUND ( 'NONE', #670, .T. ) ;
#675 = PRODUCT_DEFINITION_FORMATION_WITH_SPECIFIED_SOURCE ( 'ANY', '', #365, .NOT_KNOWN. ) ;
#676 = CARTESIAN_POINT ( 'NONE',  ( 17.50000000000000355, 3.469446951953614189E-15, 8.199999999999999289 ) ) ;
#677 = ORIENTED_EDGE ( 'NONE', *, *, #626, .F. ) ;
#678 = ADVANCED_FACE ( 'NONE', ( #874 ), #1248, .F. ) ;
#679 = CARTESIAN_POINT ( 'NONE',  ( -8.599999999999999645, -9.955634918610423156, 40.00000000000000000 ) ) ;
#680 = FACE_OUTER_BOUND ( 'NONE', #1205, .T. ) ;
#681 = CIRCLE ( 'NONE', #18, 3.249999999999996003 ) ;
#682 = DIRECTION ( 'NONE',  ( -0.000000000000000000, -1.000000000000000000, -0.000000000000000000 ) ) ;
#683 = LINE ( 'NONE', #461, #695 ) ;
#684 = ORIENTED_EDGE ( 'NONE', *, *, #429, .T. ) ;
#685 = ORIENTED_EDGE ( 'NONE', *, *, #857, .F. ) ;
#686 = EDGE_CURVE ( 'NONE', #505, #1395, #772, .T. ) ;
#687 = DIRECTION ( 'NONE',  ( -0.000000000000000000, -1.000000000000000000, -0.000000000000000000 ) ) ;
#688 = DIRECTION ( 'NONE',  ( 0.000000000000000000, -0.000000000000000000, 1.000000000000000000 ) ) ;
#689 = AXIS2_PLACEMENT_3D ( 'NONE', #1192, #985, #692 ) ;
#690 = DIRECTION ( 'NONE',  ( 0.7071067811865491270, -0.7071067811865459074, 0.000000000000000000 ) ) ;
#691 = FACE_BOUND ( 'NONE', #746, .T. ) ;
#692 = DIRECTION ( 'NONE',  ( -1.000000000000000000, 0.000000000000000000, -0.000000000000000000 ) ) ;
#693 = UNCERTAINTY_MEASURE_WITH_UNIT (LENGTH_MEASURE( 1.000000000000000082E-05 ), #235, 'distance_accuracy_value', 'NONE');
#694 = ORIENTED_EDGE ( 'NONE', *, *, #266, .F. ) ;
#695 = VECTOR ( 'NONE', #1163, 1000.000000000000000 ) ;
#696 = AXIS2_PLACEMENT_3D ( 'NONE', #7, #1191, #1214 ) ;
#697 = CARTESIAN_POINT ( 'NONE',  ( 17.50000000000000355, -15.00000000000000178, 36.74999999999999289 ) ) ;
#698 = FACE_BOUND ( 'NONE', #217, .T. ) ;
#699 = EDGE_CURVE ( 'NONE', #240, #616, #263, .T. ) ;
#700 = COORDINATED_UNIVERSAL_TIME_OFFSET ( 0, 0, .AHEAD. ) ;
#701 = CARTESIAN_POINT ( 'NONE',  ( 22.00000000000000711, -15.00000000000000000, 0.000000000000000000 ) ) ;
#702 = EDGE_CURVE ( 'NONE', #403, #1271, #1462, .T. ) ;
#703 = CIRCLE ( 'NONE', #646, 1.699999999999996625 ) ;
#704 = VECTOR ( 'NONE', #576, 1000.000000000000000 ) ;
#705 = DIRECTION ( 'NONE',  ( 0.000000000000000000, 0.000000000000000000, -1.000000000000000000 ) ) ;
#706 = ORIENTED_EDGE ( 'NONE', *, *, #22, .T. ) ;
#707 = APPROVAL_PERSON_ORGANIZATION ( #834, #1318, #977 ) ;
#708 = AXIS2_PLACEMENT_3D ( 'NONE', #640, #415, #761 ) ;
#709 = DIRECTION ( 'NONE',  ( -0.000000000000000000, -1.000000000000000000, -0.000000000000000000 ) ) ;
#710 = LINE ( 'NONE', #1175, #525 ) ;
#711 = EDGE_CURVE ( 'NONE', #582, #616, #994, .T. ) ;
#712 = CARTESIAN_POINT ( 'NONE',  ( -23.99999999999998579, 0.000000000000000000, 40.00000000000000000 ) ) ;
#713 = ORIENTED_EDGE ( 'NONE', *, *, #965, .F. ) ;
#714 = ORIENTED_EDGE ( 'NONE', *, *, #1452, .F. ) ;
#715 = DIRECTION ( 'NONE',  ( -0.000000000000000000, 0.000000000000000000, 1.000000000000000000 ) ) ;
#716 = DIRECTION ( 'NONE',  ( 0.000000000000000000, 0.000000000000000000, -1.000000000000000000 ) ) ;
#717 = CARTESIAN_POINT ( 'NONE',  ( -17.49999999999999645, -15.00000000000000533, 6.500000000000001776 ) ) ;
#718 = DIRECTION ( 'NONE',  ( 0.7071067811865459074, -0.7071067811865491270, 0.000000000000000000 ) ) ;
#719 = VECTOR ( 'NONE', #781, 1000.000000000000000 ) ;
#720 = ORIENTED_EDGE ( 'NONE', *, *, #168, .F. ) ;
#721 = DIRECTION ( 'NONE',  ( -0.000000000000000000, 1.000000000000000000, -0.000000000000000000 ) ) ;
#722 =( NAMED_UNIT ( * ) PLANE_ANGLE_UNIT ( ) SI_UNIT ( $, .RADIAN. ) );
#723 = DIRECTION ( 'NONE',  ( -1.000000000000000000, 0.000000000000000000, -0.000000000000000000 ) ) ;
#724 = CARTESIAN_POINT ( 'NONE',  ( -9.099999999999997868, -15.00000000000000533, 0.000000000000000000 ) ) ;
#725 = VECTOR ( 'NONE', #591, 1000.000000000000000 ) ;
#726 = ORIENTED_EDGE ( 'NONE', *, *, #1090, .T. ) ;
#727 = VECTOR ( 'NONE', #166, 1000.000000000000000 ) ;
#728 = CC_DESIGN_PERSON_AND_ORGANIZATION_ASSIGNMENT ( #862, #1324, ( #675 ) ) ;
#729 = EDGE_CURVE ( 'NONE', #742, #24, #606, .T. ) ;
#730 = CARTESIAN_POINT ( 'NONE',  ( 17.50000000000000355, -15.00000000000000178, 30.25000000000000000 ) ) ;
#731 = MECHANICAL_CONTEXT ( 'NONE', #340, 'mechanical' ) ;
#732 = AXIS2_PLACEMENT_3D ( 'NONE', #1038, #323, #477 ) ;
#733 = DIRECTION ( 'NONE',  ( 0.000000000000000000, -1.000000000000000000, 0.000000000000000000 ) ) ;
#734 = CIRCLE ( 'NONE', #267, 1.000000000000000000 ) ;
#735 = ORIENTED_EDGE ( 'NONE', *, *, #1363, .F. ) ;
#736 = ADVANCED_FACE ( 'NONE', ( #540 ), #290, .F. ) ;
#737 = SHAPE_DEFINITION_REPRESENTATION ( #1499, #143 ) ;
#738 = CYLINDRICAL_SURFACE ( 'NONE', #265, 1.700000000000003508 ) ;
#739 = ORIENTED_EDGE ( 'NONE', *, *, #865, .F. ) ;
#740 = EDGE_LOOP ( 'NONE', ( #1249, #391, #566, #151 ) ) ;
#741 = CIRCLE ( 'NONE', #78, 3.249999999999996003 ) ;
#742 = VERTEX_POINT ( 'NONE', #283 ) ;
#743 = PERSON_AND_ORGANIZATION ( #4, #1269 ) ;
#744 = DIRECTION ( 'NONE',  ( 0.000000000000000000, -0.000000000000000000, -1.000000000000000000 ) ) ;
#745 = EDGE_CURVE ( 'NONE', #797, #39, #1124, .T. ) ;
#746 = EDGE_LOOP ( 'NONE', ( #542, #875 ) ) ;
#747 = ORIENTED_EDGE ( 'NONE', *, *, #1290, .T. ) ;
#748 = AXIS2_PLACEMENT_3D ( 'NONE', #768, #1239, #165 ) ;
#749 = ORIENTED_EDGE ( 'NONE', *, *, #1215, .F. ) ;
#750 = EDGE_LOOP ( 'NONE', ( #830, #1416, #162, #1242 ) ) ;
#751 = LOCAL_TIME ( 10, 20, 11.00000000000000000, #843 ) ;
#752 = DIRECTION ( 'NONE',  ( -0.000000000000000000, -0.000000000000000000, 1.000000000000000000 ) ) ;
#753 = DIRECTION ( 'NONE',  ( 0.000000000000000000, 1.000000000000000000, 0.000000000000000000 ) ) ;
#754 = PLANE ( 'NONE',  #1031 ) ;
#755 = EDGE_CURVE ( 'NONE', #812, #643, #866, .T. ) ;
#756 = ORIENTED_EDGE ( 'NONE', *, *, #1176, .T. ) ;
#757 = ORIENTED_EDGE ( 'NONE', *, *, #397, .T. ) ;
#758 = VERTEX_POINT ( 'NONE', #880 ) ;
#759 = LINE ( 'NONE', #1006, #443 ) ;
#760 = CARTESIAN_POINT ( 'NONE',  ( 9.099999999999999645, -15.00000000000000533, 40.00000000000000000 ) ) ;
#761 = DIRECTION ( 'NONE',  ( 0.000000000000000000, 0.000000000000000000, -1.000000000000000000 ) ) ;
#762 = ORIENTED_EDGE ( 'NONE', *, *, #1319, .T. ) ;
#763 = EDGE_LOOP ( 'NONE', ( #70, #1033 ) ) ;
#764 = VECTOR ( 'NONE', #486, 1000.000000000000000 ) ;
#765 = VERTEX_POINT ( 'NONE', #657 ) ;
#766 = ORIENTED_EDGE ( 'NONE', *, *, #590, .T. ) ;
#767 = CARTESIAN_POINT ( 'NONE',  ( 9.099999999999999645, -8.041421356237322016, 40.00000000000000000 ) ) ;
#768 = CARTESIAN_POINT ( 'NONE',  ( -17.49999999999999645, -11.60000000000000497, 33.49999999999999289 ) ) ;
#769 = DIRECTION ( 'NONE',  ( 0.000000000000000000, 0.000000000000000000, -1.000000000000000000 ) ) ;
#770 = VECTOR ( 'NONE', #331, 1000.000000000000000 ) ;
#771 = VERTEX_POINT ( 'NONE', #1333 ) ;
#772 = CIRCLE ( 'NONE', #305, 3.249999999999996003 ) ;
#773 = APPROVAL ( #386, 'UNSPECIFIED' ) ;
#774 = ADVANCED_FACE ( 'NONE', ( #298 ), #434, .F. ) ;
#775 = CIRCLE ( 'NONE', #748, 3.249999999999996003 ) ;
#776 = CARTESIAN_POINT ( 'NONE',  ( -9.099999999999997868, -13.95857864376269397, 0.000000000000000000 ) ) ;
#777 = LINE ( 'NONE', #632, #725 ) ;
#778 = CYLINDRICAL_SURFACE ( 'NONE', #466, 1.700000000000000178 ) ;
#779 = LINE ( 'NONE', #1447, #384 ) ;
#780 = ORIENTED_EDGE ( 'NONE', *, *, #1319, .F. ) ;
#781 = DIRECTION ( 'NONE',  ( -0.000000000000000000, -1.000000000000000000, -0.000000000000000000 ) ) ;
#782 = ORIENTED_EDGE ( 'NONE', *, *, #1331, .F. ) ;
#783 = VECTOR ( 'NONE', #128, 1000.000000000000000 ) ;
#784 = PLANE ( 'NONE',  #155 ) ;
#785 = DIRECTION ( 'NONE',  ( -0.000000000000000000, -1.000000000000000000, -0.000000000000000000 ) ) ;
#786 = EDGE_CURVE ( 'NONE', #1251, #1067, #633, .T. ) ;
#787 = CARTESIAN_POINT ( 'NONE',  ( -17.49999999999999645, -15.00000000000000533, 6.500000000000001776 ) ) ;
#788 = DIRECTION ( 'NONE',  ( 0.000000000000000000, -1.000000000000000000, 0.000000000000000000 ) ) ;
#789 = DIRECTION ( 'NONE',  ( 0.000000000000000000, 0.000000000000000000, -1.000000000000000000 ) ) ;
#790 = ORIENTED_EDGE ( 'NONE', *, *, #3, .T. ) ;
#791 = CARTESIAN_POINT ( 'NONE',  ( -7.892893218813451739, -9.248528137423878803, 0.000000000000000000 ) ) ;
#792 = DIRECTION ( 'NONE',  ( 0.000000000000000000, 0.000000000000000000, -1.000000000000000000 ) ) ;
#793 = FACE_OUTER_BOUND ( 'NONE', #1126, .T. ) ;
#794 = DIRECTION ( 'NONE',  ( 0.000000000000000000, 0.000000000000000000, -1.000000000000000000 ) ) ;
#795 = ADVANCED_FACE ( 'NONE', ( #1240 ), #754, .F. ) ;
#796 = CARTESIAN_POINT ( 'NONE',  ( 8.600000000000001421, -12.04436508138961237, 0.000000000000000000 ) ) ;
#797 = VERTEX_POINT ( 'NONE', #1357 ) ;
#798 = LINE ( 'NONE', #922, #1309 ) ;
#799 = CARTESIAN_POINT ( 'NONE',  ( 8.600000000000001421, -9.955634918610421380, 0.000000000000000000 ) ) ;
#800 = CARTESIAN_POINT ( 'NONE',  ( -17.49999999999999645, -15.00000000000000533, 6.500000000000001776 ) ) ;
#801 = CIRCLE ( 'NONE', #1079, 1.000000000000000000 ) ;
#802 = CYLINDRICAL_SURFACE ( 'NONE', #30, 1.700000000000000178 ) ;
#803 = CC_DESIGN_SECURITY_CLASSIFICATION ( #1511, ( #675 ) ) ;
#804 = EDGE_CURVE ( 'NONE', #100, #135, #806, .T. ) ;
#805 = ORIENTED_EDGE ( 'NONE', *, *, #1176, .F. ) ;
#806 = CIRCLE ( 'NONE', #560, 3.249999999999996003 ) ;
#807 = DIRECTION ( 'NONE',  ( -0.000000000000000000, -0.000000000000000000, 1.000000000000000000 ) ) ;
#808 = DIRECTION ( 'NONE',  ( 0.000000000000000000, 0.000000000000000000, -1.000000000000000000 ) ) ;
#809 = DIRECTION ( 'NONE',  ( -1.000000000000000000, -1.334402673828312846E-16, 0.000000000000000000 ) ) ;
#810 = CARTESIAN_POINT ( 'NONE',  ( 7.600000000000002309, -9.541421356237327345, 40.00000000000000000 ) ) ;
#811 = ORIENTED_EDGE ( 'NONE', *, *, #1208, .T. ) ;
#812 = VERTEX_POINT ( 'NONE', #1132 ) ;
#813 = ADVANCED_FACE ( 'NONE', ( #1469 ), #1374, .F. ) ;
#814 = DIRECTION ( 'NONE',  ( 0.000000000000000000, 0.000000000000000000, 1.000000000000000000 ) ) ;
#815 = PLANE ( 'NONE',  #404 ) ;
#816 = AXIS2_PLACEMENT_3D ( 'NONE', #358, #120, #705 ) ;
#817 = CARTESIAN_POINT ( 'NONE',  ( 7.600000000000001421, -12.04436508138961237, 0.000000000000000000 ) ) ;
#818 = CARTESIAN_POINT ( 'NONE',  ( -25.00000000000000000, 0.000000000000000000, 40.00000000000000000 ) ) ;
#819 = LINE ( 'NONE', #254, #170 ) ;
#820 = ORIENTED_EDGE ( 'NONE', *, *, #248, .F. ) ;
#821 = VECTOR ( 'NONE', #1047, 1000.000000000000000 ) ;
#822 = AXIS2_PLACEMENT_3D ( 'NONE', #1266, #567, #212 ) ;
#823 = DIRECTION ( 'NONE',  ( 0.000000000000000000, 0.000000000000000000, -1.000000000000000000 ) ) ;
#824 = PRODUCT_DEFINITION ( 'UNKNOWN', '', #675, #1210 ) ;
#825 = ADVANCED_FACE ( 'NONE', ( #470 ), #230, .F. ) ;
#826 = CARTESIAN_POINT ( 'NONE',  ( 25.00000000000000000, -11.99999999999999289, 0.000000000000000000 ) ) ;
#827 = CARTESIAN_POINT ( 'NONE',  ( 17.50000000000000355, -15.00000000000000178, 35.19999999999999574 ) ) ;
#828 = CIRCLE ( 'NONE', #131, 3.249999999999996003 ) ;
#829 = LINE ( 'NONE', #712, #294 ) ;
#830 = ORIENTED_EDGE ( 'NONE', *, *, #628, .F. ) ;
#831 = AXIS2_PLACEMENT_3D ( 'NONE', #1231, #1001, #1341 ) ;
#832 = AXIS2_PLACEMENT_3D ( 'NONE', #656, #924, #909 ) ;
#833 = DIRECTION ( 'NONE',  ( 2.973311523850620108E-16, -1.000000000000000000, 0.000000000000000000 ) ) ;
#834 = PERSON_AND_ORGANIZATION ( #4, #1269 ) ;
#835 = VECTOR ( 'NONE', #543, 1000.000000000000000 ) ;
#836 = LINE ( 'NONE', #381, #31 ) ;
#837 = ADVANCED_FACE ( 'NONE', ( #674 ), #1497, .F. ) ;
#838 = AXIS2_PLACEMENT_3D ( 'NONE', #1471, #92, #1039 ) ;
#839 = CARTESIAN_POINT ( 'NONE',  ( 9.099999999999999645, -15.10000000000000142, 0.000000000000000000 ) ) ;
#840 = ORIENTED_EDGE ( 'NONE', *, *, #200, .F. ) ;
#841 = EDGE_LOOP ( 'NONE', ( #411, #595, #124, #1118 ) ) ;
#842 = FACE_BOUND ( 'NONE', #54, .T. ) ;
#843 = COORDINATED_UNIVERSAL_TIME_OFFSET ( 0, 0, .AHEAD. ) ;
#844 = CARTESIAN_POINT ( 'NONE',  ( 9.099999999999999645, -13.95857864376269220, 0.000000000000000000 ) ) ;
#845 = DIRECTION ( 'NONE',  ( 1.000000000000000000, -0.000000000000000000, 0.000000000000000000 ) ) ;
#846 = EDGE_CURVE ( 'NONE', #526, #45, #206, .T. ) ;
#847 = VECTOR ( 'NONE', #203, 1000.000000000000000 ) ;
#848 = DIRECTION ( 'NONE',  ( 0.000000000000000000, -0.000000000000000000, 1.000000000000000000 ) ) ;
#849 = ORIENTED_EDGE ( 'NONE', *, *, #503, .F. ) ;
#850 = EDGE_CURVE ( 'NONE', #1441, #614, #1183, .T. ) ;
#851 = CARTESIAN_POINT ( 'NONE',  ( 19.20000000000001705, -11.60000000000000142, 33.49999999999999289 ) ) ;
#852 = VECTOR ( 'NONE', #1477, 1000.000000000000000 ) ;
#853 = ORIENTED_EDGE ( 'NONE', *, *, #1246, .T. ) ;
#854 = EDGE_LOOP ( 'NONE', ( #1095, #550, #351, #756 ) ) ;
#855 = EDGE_LOOP ( 'NONE', ( #1135, #849, #637, #2 ) ) ;
#856 = PERSON_AND_ORGANIZATION ( #4, #1269 ) ;
#857 = EDGE_CURVE ( 'NONE', #603, #241, #1170, .T. ) ;
#858 = CARTESIAN_POINT ( 'NONE',  ( -8.599999999999999645, -9.955634918610423156, 0.000000000000000000 ) ) ;
#859 = ORIENTED_EDGE ( 'NONE', *, *, #786, .F. ) ;
#860 = ORIENTED_EDGE ( 'NONE', *, *, #363, .F. ) ;
#861 = VERTEX_POINT ( 'NONE', #1514 ) ;
#862 = PERSON_AND_ORGANIZATION ( #4, #1269 ) ;
#863 = DIRECTION ( 'NONE',  ( 2.430241210013272193E-15, -1.000000000000000000, 0.000000000000000000 ) ) ;
#864 = FACE_BOUND ( 'NONE', #763, .T. ) ;
#865 = EDGE_CURVE ( 'NONE', #427, #1293, #917, .T. ) ;
#866 = LINE ( 'NONE', #900, #1201 ) ;
#867 = ORIENTED_EDGE ( 'NONE', *, *, #918, .F. ) ;
#868 = AXIS2_PLACEMENT_3D ( 'NONE', #258, #378, #833 ) ;
#869 = VERTEX_POINT ( 'NONE', #701 ) ;
#870 = ORIENTED_EDGE ( 'NONE', *, *, #137, .F. ) ;
#871 = AXIS2_PLACEMENT_3D ( 'NONE', #433, #316, #809 ) ;
#872 = CARTESIAN_POINT ( 'NONE',  ( 17.50000000000000355, -11.60000000000000142, 35.20000000000000995 ) ) ;
#873 = LINE ( 'NONE', #296, #223 ) ;
#874 = FACE_OUTER_BOUND ( 'NONE', #750, .T. ) ;
#875 = ORIENTED_EDGE ( 'NONE', *, *, #699, .F. ) ;
#876 = ORIENTED_EDGE ( 'NONE', *, *, #1288, .F. ) ;
#877 = ORIENTED_EDGE ( 'NONE', *, *, #729, .T. ) ;
#878 = CARTESIAN_POINT ( 'NONE',  ( 9.099999999999999645, -8.041421356237322016, 0.000000000000000000 ) ) ;
#879 = DIRECTION ( 'NONE',  ( 0.000000000000000000, 0.000000000000000000, -1.000000000000000000 ) ) ;
#880 = CARTESIAN_POINT ( 'NONE',  ( 7.600000000000001421, -12.04436508138961237, 40.00000000000000000 ) ) ;
#881 = ORIENTED_EDGE ( 'NONE', *, *, #1384, .F. ) ;
#882 = EDGE_CURVE ( 'NONE', #300, #861, #710, .T. ) ;
#883 = VECTOR ( 'NONE', #945, 1000.000000000000000 ) ;
#884 = VERTEX_POINT ( 'NONE', #1276 ) ;
#885 = ORIENTED_EDGE ( 'NONE', *, *, #1085, .T. ) ;
#886 = DIRECTION ( 'NONE',  ( -0.7071067811865489050, 0.7071067811865462405, 0.000000000000000000 ) ) ;
#887 = DIRECTION ( 'NONE',  ( -0.000000000000000000, -1.000000000000000000, -0.000000000000000000 ) ) ;
#888 = CARTESIAN_POINT ( 'NONE',  ( -8.599999999999999645, -12.04436508138961770, 0.000000000000000000 ) ) ;
#889 = DIRECTION ( 'NONE',  ( 0.000000000000000000, 0.000000000000000000, 1.000000000000000000 ) ) ;
#890 = ORIENTED_EDGE ( 'NONE', *, *, #168, .T. ) ;
#891 = AXIS2_PLACEMENT_3D ( 'NONE', #844, #1078, #502 ) ;
#892 = DIRECTION ( 'NONE',  ( 0.000000000000000000, 0.000000000000000000, 1.000000000000000000 ) ) ;
#893 = VERTEX_POINT ( 'NONE', #1392 ) ;
#894 = ADVANCED_FACE ( 'NONE', ( #1505 ), #587, .F. ) ;
#895 = DIRECTION ( 'NONE',  ( 0.7071067811865500152, 0.7071067811865451302, -0.000000000000000000 ) ) ;
#896 = LINE ( 'NONE', #553, #1091 ) ;
#897 = ORIENTED_EDGE ( 'NONE', *, *, #147, .F. ) ;
#898 = DIRECTION ( 'NONE',  ( 0.000000000000000000, 0.000000000000000000, -1.000000000000000000 ) ) ;
#899 = LOCAL_TIME ( 10, 20, 11.00000000000000000, #163 ) ;
#900 = CARTESIAN_POINT ( 'NONE',  ( -17.49999999999999645, -15.00000000000000533, 4.799999999999998046 ) ) ;
#901 = VERTEX_POINT ( 'NONE', #1029 ) ;
#902 = VECTOR ( 'NONE', #889, 1000.000000000000000 ) ;
#903 = DIRECTION ( 'NONE',  ( 0.000000000000000000, 0.000000000000000000, -1.000000000000000000 ) ) ;
#904 = EDGE_LOOP ( 'NONE', ( #487, #401, #1103, #1125 ) ) ;
#905 = CIRCLE ( 'NONE', #1108, 3.249999999999996003 ) ;
#906 = FACE_OUTER_BOUND ( 'NONE', #1112, .T. ) ;
#907 = CARTESIAN_POINT ( 'NONE',  ( -9.099999999999997868, -8.041421356237327345, 0.000000000000000000 ) ) ;
#908 = ADVANCED_FACE ( 'NONE', ( #691, #1156, #91 ), #1064, .F. ) ;
#909 = DIRECTION ( 'NONE',  ( 0.000000000000000000, 0.000000000000000000, -1.000000000000000000 ) ) ;
#910 = DIRECTION ( 'NONE',  ( -0.000000000000000000, -1.000000000000000000, -0.000000000000000000 ) ) ;
#911 = LINE ( 'NONE', #455, #250 ) ;
#912 = EDGE_LOOP ( 'NONE', ( #762, #174, #749, #278 ) ) ;
#913 = VECTOR ( 'NONE', #655, 1000.000000000000000 ) ;
#914 = LINE ( 'NONE', #1380, #238 ) ;
#915 = CARTESIAN_POINT ( 'NONE',  ( -25.00000000000000000, -1.000000000000007772, 40.00000000000000000 ) ) ;
#916 = DIRECTION ( 'NONE',  ( -0.000000000000000000, -1.000000000000000000, -0.000000000000000000 ) ) ;
#917 = LINE ( 'NONE', #936, #1476 ) ;
#918 = EDGE_CURVE ( 'NONE', #953, #1073, #944, .T. ) ;
#919 = ORIENTED_EDGE ( 'NONE', *, *, #1434, .F. ) ;
#920 = ORIENTED_EDGE ( 'NONE', *, *, #147, .T. ) ;
#921 = ORIENTED_EDGE ( 'NONE', *, *, #408, .F. ) ;
#922 = CARTESIAN_POINT ( 'NONE',  ( 17.50000000000000355, -15.00000000000000178, 4.799999999999998046 ) ) ;
#923 = CARTESIAN_POINT ( 'NONE',  ( -17.49999999999999645, -15.00000000000000533, 6.500000000000001776 ) ) ;
#924 = DIRECTION ( 'NONE',  ( -0.000000000000000000, -1.000000000000000000, -0.000000000000000000 ) ) ;
#925 = VECTOR ( 'NONE', #954, 1000.000000000000114 ) ;
#926 = CARTESIAN_POINT ( 'NONE',  ( -7.599999999999997868, -12.45857864376271529, 0.000000000000000000 ) ) ;
#927 = EDGE_CURVE ( 'NONE', #1422, #1109, #356, .T. ) ;
#928 = CARTESIAN_POINT ( 'NONE',  ( -7.892893218813457068, -12.75147186257616916, 40.00000000000000000 ) ) ;
#929 = ORIENTED_EDGE ( 'NONE', *, *, #256, .T. ) ;
#930 = AXIS2_PLACEMENT_3D ( 'NONE', #347, #236, #794 ) ;
#931 = VERTEX_POINT ( 'NONE', #564 ) ;
#932 = CARTESIAN_POINT ( 'NONE',  ( -9.100000000000001421, -5.900000000000018119, 0.000000000000000000 ) ) ;
#933 = CARTESIAN_POINT ( 'NONE',  ( 9.099999999999999645, -5.900000000000011902, 0.000000000000000000 ) ) ;
#934 = ORIENTED_EDGE ( 'NONE', *, *, #686, .T. ) ;
#935 = DIRECTION ( 'NONE',  ( 0.7071067811865462405, 0.7071067811865489050, -0.000000000000000000 ) ) ;
#936 = CARTESIAN_POINT ( 'NONE',  ( 9.099999999999999645, -5.900000000000011902, 0.000000000000000000 ) ) ;
#937 = CARTESIAN_POINT ( 'NONE',  ( -17.49999999999999645, -15.00000000000000533, 9.749999999999998224 ) ) ;
#938 = ORIENTED_EDGE ( 'NONE', *, *, #390, .F. ) ;
#939 = ADVANCED_FACE ( 'NONE', ( #1289 ), #802, .F. ) ;
#940 = EDGE_CURVE ( 'NONE', #264, #901, #683, .T. ) ;
#941 = DIRECTION ( 'NONE',  ( 1.000000000000000000, 0.000000000000000000, -0.000000000000000000 ) ) ;
#942 = LINE ( 'NONE', #1371, #233 ) ;
#943 = LINE ( 'NONE', #1405, #36 ) ;
#944 = LINE ( 'NONE', #810, #176 ) ;
#945 = DIRECTION ( 'NONE',  ( 1.000000000000000000, 1.334402673828312846E-16, -0.000000000000000000 ) ) ;
#946 = ORIENTED_EDGE ( 'NONE', *, *, #452, .T. ) ;
#947 = EDGE_CURVE ( 'NONE', #1119, #1345, #570, .T. ) ;
#948 = DIRECTION ( 'NONE',  ( -0.000000000000000000, -1.000000000000000000, -0.000000000000000000 ) ) ;
#949 = DIRECTION ( 'NONE',  ( 0.000000000000000000, 0.000000000000000000, 1.000000000000000000 ) ) ;
#950 = DIRECTION ( 'NONE',  ( 0.000000000000000000, 0.000000000000000000, -1.000000000000000000 ) ) ;
#951 = CARTESIAN_POINT ( 'NONE',  ( 17.50000000000000355, -11.60000000000000142, 33.49999999999999289 ) ) ;
#952 = EDGE_LOOP ( 'NONE', ( #277, #876, #623, #1258 ) ) ;
#953 = VERTEX_POINT ( 'NONE', #497 ) ;
#954 = DIRECTION ( 'NONE',  ( -0.7071067811865451302, 0.7071067811865500152, -0.000000000000000000 ) ) ;
#955 = AXIS2_PLACEMENT_3D ( 'NONE', #1070, #485, #950 ) ;
#956 = FACE_OUTER_BOUND ( 'NONE', #854, .T. ) ;
#957 = EDGE_CURVE ( 'NONE', #513, #812, #1018, .T. ) ;
#958 = AXIS2_PLACEMENT_3D ( 'NONE', #1400, #959, #231 ) ;
#959 = DIRECTION ( 'NONE',  ( -0.000000000000000000, -1.000000000000000000, -0.000000000000000000 ) ) ;
#960 = ORIENTED_EDGE ( 'NONE', *, *, #114, .F. ) ;
#961 = CARTESIAN_POINT ( 'NONE',  ( 8.600000000000001421, -12.04436508138961237, 40.00000000000000000 ) ) ;
#962 = FACE_OUTER_BOUND ( 'NONE', #855, .T. ) ;
#963 = PLANE ( 'NONE',  #276 ) ;
#964 = VECTOR ( 'NONE', #1058, 1000.000000000000000 ) ;
#965 = EDGE_CURVE ( 'NONE', #622, #1049, #836, .T. ) ;
#966 = ORIENTED_EDGE ( 'NONE', *, *, #179, .T. ) ;
#967 = CIRCLE ( 'NONE', #1169, 1.699999999999996625 ) ;
#968 = DIRECTION ( 'NONE',  ( 0.000000000000000000, -0.000000000000000000, -1.000000000000000000 ) ) ;
#969 = AXIS2_PLACEMENT_3D ( 'NONE', #1086, #733, #968 ) ;
#970 = ADVANCED_FACE ( 'NONE', ( #956 ), #144, .F. ) ;
#971 = VECTOR ( 'NONE', #1381, 1000.000000000000000 ) ;
#972 = EDGE_LOOP ( 'NONE', ( #1010, #1449, #1286, #517 ) ) ;
#973 = ADVANCED_FACE ( 'NONE', ( #1414, #1207 ), #963, .F. ) ;
#974 = ORIENTED_EDGE ( 'NONE', *, *, #1290, .F. ) ;
#975 = VECTOR ( 'NONE', #420, 1000.000000000000000 ) ;
#976 = ORIENTED_EDGE ( 'NONE', *, *, #804, .F. ) ;
#977 = APPROVAL_ROLE ( '' ) ;
#978 = DIRECTION ( 'NONE',  ( 0.000000000000000000, 1.000000000000000000, 0.000000000000000000 ) ) ;
#979 = ORIENTED_EDGE ( 'NONE', *, *, #429, .F. ) ;
#980 = ORIENTED_EDGE ( 'NONE', *, *, #301, .F. ) ;
#981 = ADVANCED_FACE ( 'NONE', ( #1325, #387, #1296, #618, #244 ), #1320, .F. ) ;
#982 = VERTEX_POINT ( 'NONE', #509 ) ;
#983 = APPROVAL_DATE_TIME ( #268, #773 ) ;
#984 = DIRECTION ( 'NONE',  ( 0.000000000000000000, 0.000000000000000000, -1.000000000000000000 ) ) ;
#985 = DIRECTION ( 'NONE',  ( 0.000000000000000000, 0.000000000000000000, -1.000000000000000000 ) ) ;
#986 = VECTOR ( 'NONE', #1407, 1000.000000000000000 ) ;
#987 = VERTEX_POINT ( 'NONE', #600 ) ;
#988 = ORIENTED_EDGE ( 'NONE', *, *, #282, .T. ) ;
#989 = CLOSED_SHELL ( 'NONE', ( #472, #939, #774, #1440, #1092, #1021, #1351, #1372, #1402, #13, #981, #1280, #1472, #908, #1110, #1034, #218, #678, #1227, #1131, #178, #795, #559, #121, #825, #1385, #736, #1420, #87, #970, #1412, #1306, #1002, #38, #991, #375, #482, #837, #441, #343, #813, #973, #94, #492, #636, #894 ) ) ;
#990 = ORIENTED_EDGE ( 'NONE', *, *, #668, .T. ) ;
#991 = ADVANCED_FACE ( 'NONE', ( #270 ), #738, .F. ) ;
#992 = CARTESIAN_POINT ( 'NONE',  ( 17.50000000000000355, -15.00000000000000178, 6.500000000000001776 ) ) ;
#993 = CARTESIAN_POINT ( 'NONE',  ( 9.099999999999999645, -13.95857864376269220, 0.000000000000000000 ) ) ;
#994 = LINE ( 'NONE', #400, #1179 ) ;
#995 = VERTEX_POINT ( 'NONE', #274 ) ;
#996 = VECTOR ( 'NONE', #605, 1000.000000000000000 ) ;
#997 = ORIENTED_EDGE ( 'NONE', *, *, #324, .F. ) ;
#998 = CIRCLE ( 'NONE', #832, 1.700000000000010614 ) ;
#999 = DIRECTION ( 'NONE',  ( 0.7071067811865469066, -0.7071067811865482389, 0.000000000000000000 ) ) ;
#1000 = DIRECTION ( 'NONE',  ( 0.000000000000000000, -1.000000000000000000, 0.000000000000000000 ) ) ;
#1001 = DIRECTION ( 'NONE',  ( -0.000000000000000000, -1.000000000000000000, -0.000000000000000000 ) ) ;
#1002 = ADVANCED_FACE ( 'NONE', ( #1312 ), #35, .T. ) ;
#1003 = VERTEX_POINT ( 'NONE', #393 ) ;
#1004 = ORIENTED_EDGE ( 'NONE', *, *, #315, .F. ) ;
#1005 = VECTOR ( 'NONE', #1261, 1000.000000000000000 ) ;
#1006 = CARTESIAN_POINT ( 'NONE',  ( 25.00000000000000000, 0.000000000000000000, 0.000000000000000000 ) ) ;
#1007 = CARTESIAN_POINT ( 'NONE',  ( 17.50000000000000355, -11.60000000000000142, 31.79999999999997939 ) ) ;
#1008 = CARTESIAN_POINT ( 'NONE',  ( 17.50000000000000355, -15.00000000000000178, 33.49999999999999289 ) ) ;
#1009 = EDGE_CURVE ( 'NONE', #1328, #479, #23, .T. ) ;
#1010 = ORIENTED_EDGE ( 'NONE', *, *, #22, .F. ) ;
#1011 = FACE_OUTER_BOUND ( 'NONE', #1483, .T. ) ;
#1012 = ORIENTED_EDGE ( 'NONE', *, *, #1150, .F. ) ;
#1013 = VECTOR ( 'NONE', #895, 1000.000000000000114 ) ;
#1014 = CARTESIAN_POINT ( 'NONE',  ( -11.99999999999990941, 11.99999999999999112, -0.000000000000000000 ) ) ;
#1015 = LINE ( 'NONE', #304, #350 ) ;
#1016 = PLANE ( 'NONE',  #157 ) ;
#1017 = CARTESIAN_POINT ( 'NONE',  ( 17.50000000000000355, -15.00000000000000178, 6.500000000000001776 ) ) ;
#1018 = CIRCLE ( 'NONE', #696, 1.699999999999996625 ) ;
#1019 = ORIENTED_EDGE ( 'NONE', *, *, #1236, .F. ) ;
#1020 = ORIENTED_EDGE ( 'NONE', *, *, #1090, .F. ) ;
#1021 = ADVANCED_FACE ( 'NONE', ( #1419 ), #15, .F. ) ;
#1022 = EDGE_LOOP ( 'NONE', ( #1101, #1220, #1187, #161 ) ) ;
#1023 = EDGE_CURVE ( 'NONE', #953, #264, #440, .T. ) ;
#1024 = CIRCLE ( 'NONE', #1099, 1.700000000000000178 ) ;
#1025 = DIRECTION ( 'NONE',  ( 1.000000000000000000, 0.000000000000000000, 0.000000000000000000 ) ) ;
#1026 = CARTESIAN_POINT ( 'NONE',  ( 7.892893218813453515, -9.248528137423877027, 0.000000000000000000 ) ) ;
#1027 = CARTESIAN_POINT ( 'NONE',  ( -17.49999999999999645, -11.60000000000000497, 6.500000000000001776 ) ) ;
#1028 = VECTOR ( 'NONE', #126, 1000.000000000000000 ) ;
#1029 = CARTESIAN_POINT ( 'NONE',  ( 7.600000000000002309, -9.955634918610421380, 0.000000000000000000 ) ) ;
#1030 = CIRCLE ( 'NONE', #519, 1.000000000000000888 ) ;
#1031 = AXIS2_PLACEMENT_3D ( 'NONE', #199, #1116, #424 ) ;
#1032 = CARTESIAN_POINT ( 'NONE',  ( -9.099999999999997868, -13.95857864376269397, 0.000000000000000000 ) ) ;
#1033 = ORIENTED_EDGE ( 'NONE', *, *, #1428, .F. ) ;
#1034 = ADVANCED_FACE ( 'NONE', ( #253 ), #607, .F. ) ;
#1035 = CARTESIAN_POINT ( 'NONE',  ( 17.50000000000000355, -11.60000000000000142, 3.250000000000005329 ) ) ;
#1036 = CYLINDRICAL_SURFACE ( 'NONE', #385, 1.700000000000000178 ) ;
#1037 = CARTESIAN_POINT ( 'NONE',  ( -17.49999999999999645, -15.00000000000000533, 3.250000000000005329 ) ) ;
#1038 = CARTESIAN_POINT ( 'NONE',  ( -9.100000000000001421, -5.900000000000018119, 0.000000000000000000 ) ) ;
#1039 = DIRECTION ( 'NONE',  ( 0.000000000000000000, 0.000000000000000000, -1.000000000000000000 ) ) ;
#1040 = ORIENTED_EDGE ( 'NONE', *, *, #352, .F. ) ;
#1041 = VECTOR ( 'NONE', #807, 1000.000000000000000 ) ;
#1042 = VECTOR ( 'NONE', #544, 1000.000000000000114 ) ;
#1043 = CYLINDRICAL_SURFACE ( 'NONE', #583, 0.9999999999999991118 ) ;
#1044 = CARTESIAN_POINT ( 'NONE',  ( 19.20000000000001705, -11.60000000000000142, 6.500000000000001776 ) ) ;
#1045 = CYLINDRICAL_SURFACE ( 'NONE', #1218, 0.9999999999999991118 ) ;
#1046 = VECTOR ( 'NONE', #431, 1000.000000000000000 ) ;
#1047 = DIRECTION ( 'NONE',  ( -0.000000000000000000, -0.000000000000000000, -1.000000000000000000 ) ) ;
#1048 = FACE_OUTER_BOUND ( 'NONE', #952, .T. ) ;
#1049 = VERTEX_POINT ( 'NONE', #1197 ) ;
#1050 = ORIENTED_EDGE ( 'NONE', *, *, #1323, .T. ) ;
#1051 = CARTESIAN_POINT ( 'NONE',  ( 9.099999999999999645, -5.900000000000011902, 0.000000000000000000 ) ) ;
#1052 = CARTESIAN_POINT ( 'NONE',  ( -17.49999999999999645, -15.00000000000000533, 33.49999999999999289 ) ) ;
#1053 = CARTESIAN_POINT ( 'NONE',  ( 9.099999999999999645, -13.95857864376269220, 0.000000000000000000 ) ) ;
#1054 = CARTESIAN_POINT ( 'NONE',  ( 17.50000000000000355, -15.00000000000000178, 6.500000000000001776 ) ) ;
#1055 = EDGE_CURVE ( 'NONE', #402, #1484, #133, .T. ) ;
#1056 = EDGE_CURVE ( 'NONE', #884, #1119, #1089, .T. ) ;
#1057 = VECTOR ( 'NONE', #650, 1000.000000000000000 ) ;
#1058 = DIRECTION ( 'NONE',  ( -1.000000000000000000, -3.336006684570782608E-16, 0.000000000000000000 ) ) ;
#1059 = ORIENTED_EDGE ( 'NONE', *, *, #390, .T. ) ;
#1060 = CIRCLE ( 'NONE', #1379, 1.700000000000000178 ) ;
#1061 = LINE ( 'NONE', #1518, #551 ) ;
#1062 = DIRECTION ( 'NONE',  ( 0.000000000000000000, 0.000000000000000000, -1.000000000000000000 ) ) ;
#1063 = CALENDAR_DATE ( 2025, 17, 12 ) ;
#1064 = PLANE ( 'NONE',  #1504 ) ;
#1065 = LINE ( 'NONE', #1515, #883 ) ;
#1066 = EDGE_CURVE ( 'NONE', #1484, #797, #759, .T. ) ;
#1067 = VERTEX_POINT ( 'NONE', #413 ) ;
#1068 = DIRECTION ( 'NONE',  ( -0.000000000000000000, -1.000000000000000000, -0.000000000000000000 ) ) ;
#1069 = PERSON_AND_ORGANIZATION_ROLE ( 'design_owner' ) ;
#1070 = CARTESIAN_POINT ( 'NONE',  ( 17.50000000000000355, -15.00000000000000178, 6.500000000000001776 ) ) ;
#1071 = VECTOR ( 'NONE', #565, 1000.000000000000000 ) ;
#1072 = DIRECTION ( 'NONE',  ( 0.000000000000000000, 0.000000000000000000, -1.000000000000000000 ) ) ;
#1073 = VERTEX_POINT ( 'NONE', #631 ) ;
#1074 = VERTEX_POINT ( 'NONE', #654 ) ;
#1075 = CC_DESIGN_PERSON_AND_ORGANIZATION_ASSIGNMENT ( #856, #1430, ( #675 ) ) ;
#1076 = EDGE_CURVE ( 'NONE', #45, #150, #1346, .T. ) ;
#1077 = CARTESIAN_POINT ( 'NONE',  ( 23.99999999999999289, 0.000000000000000000, 40.00000000000000000 ) ) ;
#1078 = DIRECTION ( 'NONE',  ( 0.7071067811865432429, 0.7071067811865517916, 0.000000000000000000 ) ) ;
#1079 = AXIS2_PLACEMENT_3D ( 'NONE', #961, #715, #25 ) ;
#1080 = CARTESIAN_POINT ( 'NONE',  ( 9.099999999999999645, -8.041421356237322016, 0.000000000000000000 ) ) ;
#1081 = VECTOR ( 'NONE', #935, 999.9999999999998863 ) ;
#1082 = ORIENTED_EDGE ( 'NONE', *, *, #659, .F. ) ;
#1083 = EDGE_LOOP ( 'NONE', ( #946, #1059 ) ) ;
#1084 = DIRECTION ( 'NONE',  ( -1.000000000000000000, 0.000000000000000000, 0.000000000000000000 ) ) ;
#1085 = EDGE_CURVE ( 'NONE', #1377, #771, #164, .T. ) ;
#1086 = CARTESIAN_POINT ( 'NONE',  ( -25.00000000000000000, 0.000000000000000000, 40.00000000000000000 ) ) ;
#1087 = CIRCLE ( 'NONE', #816, 1.700000000000000178 ) ;
#1088 = CARTESIAN_POINT ( 'NONE',  ( 25.00000000000000000, 0.000000000000000000, 40.00000000000000000 ) ) ;
#1089 = LINE ( 'NONE', #26, #835 ) ;
#1090 = EDGE_CURVE ( 'NONE', #1049, #1073, #1137, .T. ) ;
#1091 = VECTOR ( 'NONE', #1115, 1000.000000000000114 ) ;
#1092 = ADVANCED_FACE ( 'NONE', ( #55 ), #625, .F. ) ;
#1093 = EDGE_LOOP ( 'NONE', ( #881, #518, #169, #342 ) ) ;
#1094 = EDGE_LOOP ( 'NONE', ( #506, #140, #1307, #1321 ) ) ;
#1095 = ORIENTED_EDGE ( 'NONE', *, *, #882, .T. ) ;
#1096 = APPROVAL_ROLE ( '' ) ;
#1097 = VECTOR ( 'NONE', #195, 1000.000000000000000 ) ;
#1098 = DIRECTION ( 'NONE',  ( -0.000000000000000000, -1.000000000000000000, -0.000000000000000000 ) ) ;
#1099 = AXIS2_PLACEMENT_3D ( 'NONE', #234, #709, #117 ) ;
#1100 = EDGE_CURVE ( 'NONE', #1422, #603, #1060, .T. ) ;
#1101 = ORIENTED_EDGE ( 'NONE', *, *, #363, .T. ) ;
#1102 = CC_DESIGN_APPROVAL ( #1442, ( #824 ) ) ;
#1103 = ORIENTED_EDGE ( 'NONE', *, *, #67, .T. ) ;
#1104 = ORIENTED_EDGE ( 'NONE', *, *, #1452, .T. ) ;
#1105 = DATE_AND_TIME ( #1437, #409 ) ;
#1106 = PLANE ( 'NONE',  #1304 ) ;
#1107 = CARTESIAN_POINT ( 'NONE',  ( 22.00000000000000711, -15.00000000000000000, 0.000000000000000000 ) ) ;
#1108 = AXIS2_PLACEMENT_3D ( 'NONE', #494, #1277, #581 ) ;
#1109 = VERTEX_POINT ( 'NONE', #872 ) ;
#1110 = ADVANCED_FACE ( 'NONE', ( #1364 ), #1106, .F. ) ;
#1111 = ORIENTED_EDGE ( 'NONE', *, *, #503, .T. ) ;
#1112 = EDGE_LOOP ( 'NONE', ( #510, #1500, #1233, #627 ) ) ;
#1113 = CALENDAR_DATE ( 2025, 17, 12 ) ;
#1114 = DIRECTION ( 'NONE',  ( -0.000000000000000000, 0.000000000000000000, 1.000000000000000000 ) ) ;
#1115 = DIRECTION ( 'NONE',  ( -0.7071067811865500152, -0.7071067811865451302, -0.000000000000000000 ) ) ;
#1116 = DIRECTION ( 'NONE',  ( -0.7071067811865429098, 0.7071067811865522357, 0.000000000000000000 ) ) ;
#1117 = VECTOR ( 'NONE', #478, 1000.000000000000000 ) ;
#1118 = ORIENTED_EDGE ( 'NONE', *, *, #1506, .F. ) ;
#1119 = VERTEX_POINT ( 'NONE', #647 ) ;
#1120 = ORIENTED_EDGE ( 'NONE', *, *, #1334, .F. ) ;
#1121 = EDGE_CURVE ( 'NONE', #272, #232, #49, .T. ) ;
#1122 = CARTESIAN_POINT ( 'NONE',  ( -25.00000000000000000, -12.00000000000000000, 40.00000000000000000 ) ) ;
#1123 = DIRECTION ( 'NONE',  ( -0.000000000000000000, -0.000000000000000000, -1.000000000000000000 ) ) ;
#1124 = LINE ( 'NONE', #1256, #902 ) ;
#1125 = ORIENTED_EDGE ( 'NONE', *, *, #1167, .F. ) ;
#1126 = EDGE_LOOP ( 'NONE', ( #890, #1386, #1228, #1111 ) ) ;
#1127 = EDGE_LOOP ( 'NONE', ( #1456, #499 ) ) ;
#1128 = AXIS2_PLACEMENT_3D ( 'NONE', #6, #355, #484 ) ;
#1129 = DIRECTION ( 'NONE',  ( -0.000000000000000000, -1.000000000000000000, -0.000000000000000000 ) ) ;
#1130 = CARTESIAN_POINT ( 'NONE',  ( 22.00000000000000711, -15.00000000000000000, 40.00000000000000000 ) ) ;
#1131 = ADVANCED_FACE ( 'NONE', ( #295 ), #784, .F. ) ;
#1132 = CARTESIAN_POINT ( 'NONE',  ( -17.49999999999999645, 0.000000000000000000, 4.800000000000005151 ) ) ;
#1133 = EDGE_LOOP ( 'NONE', ( #396, #12, #739, #1464 ) ) ;
#1134 = PLANE ( 'NONE',  #1250 ) ;
#1135 = ORIENTED_EDGE ( 'NONE', *, *, #367, .T. ) ;
#1136 = VECTOR ( 'NONE', #1399, 1000.000000000000000 ) ;
#1137 = LINE ( 'NONE', #878, #852 ) ;
#1138 = LINE ( 'NONE', #56, #1042 ) ;
#1139 = DIRECTION ( 'NONE',  ( -0.000000000000000000, -1.000000000000000000, -0.000000000000000000 ) ) ;
#1140 = CARTESIAN_POINT ( 'NONE',  ( -17.49999999999999645, -11.60000000000000497, 4.799999999999990941 ) ) ;
#1141 = ORIENTED_EDGE ( 'NONE', *, *, #46, .F. ) ;
#1142 = CARTESIAN_POINT ( 'NONE',  ( -17.49999999999999645, -15.00000000000000533, 31.79999999999999361 ) ) ;
#1143 = EDGE_LOOP ( 'NONE', ( #1206, #919 ) ) ;
#1144 = CIRCLE ( 'NONE', #664, 1.700000000000010614 ) ;
#1145 = CARTESIAN_POINT ( 'NONE',  ( 17.50000000000000355, -11.60000000000000142, 6.500000000000001776 ) ) ;
#1146 = CARTESIAN_POINT ( 'NONE',  ( 9.099999999999999645, -13.95857864376269220, 40.00000000000000000 ) ) ;
#1147 = CYLINDRICAL_SURFACE ( 'NONE', #394, 1.700000000000003508 ) ;
#1148 = CARTESIAN_POINT ( 'NONE',  ( 17.50000000000000355, -11.60000000000000142, 6.500000000000001776 ) ) ;
#1149 = DIRECTION ( 'NONE',  ( 0.000000000000000000, -0.000000000000000000, -1.000000000000000000 ) ) ;
#1150 = EDGE_CURVE ( 'NONE', #1073, #547, #1459, .T. ) ;
#1151 = ORIENTED_EDGE ( 'NONE', *, *, #711, .T. ) ;
#1152 = CIRCLE ( 'NONE', #1359, 1.700000000000013944 ) ;
#1153 = CARTESIAN_POINT ( 'NONE',  ( -7.599999999999997868, -12.45857864376271529, 40.00000000000000000 ) ) ;
#1154 = CARTESIAN_POINT ( 'NONE',  ( 17.50000000000000355, -15.00000000000000178, 3.250000000000005329 ) ) ;
#1155 = DIRECTION ( 'NONE',  ( 0.000000000000000000, 0.000000000000000000, -1.000000000000000000 ) ) ;
#1156 = FACE_BOUND ( 'NONE', #660, .T. ) ;
#1157 = CYLINDRICAL_SURFACE ( 'NONE', #838, 3.249999999999996003 ) ;
#1158 = VERTEX_POINT ( 'NONE', #1238 ) ;
#1159 = DIRECTION ( 'NONE',  ( -1.000000000000000000, 0.000000000000000000, 0.000000000000000000 ) ) ;
#1160 = CARTESIAN_POINT ( 'NONE',  ( -22.00000000000000355, -15.00000000000000533, 0.000000000000000000 ) ) ;
#1161 = ORIENTED_EDGE ( 'NONE', *, *, #1342, .F. ) ;
#1162 = DIRECTION ( 'NONE',  ( 1.000000000000000000, 0.000000000000000000, 0.000000000000000000 ) ) ;
#1163 = DIRECTION ( 'NONE',  ( -0.000000000000000000, -0.000000000000000000, -1.000000000000000000 ) ) ;
#1164 = ORIENTED_EDGE ( 'NONE', *, *, #1009, .T. ) ;
#1165 = CARTESIAN_POINT ( 'NONE',  ( -7.599999999999997868, -12.04436508138961770, 0.000000000000000000 ) ) ;
#1166 = DIRECTION ( 'NONE',  ( -0.000000000000000000, -0.000000000000000000, -1.000000000000000000 ) ) ;
#1167 = EDGE_CURVE ( 'NONE', #1264, #505, #313, .T. ) ;
#1168 = DIRECTION ( 'NONE',  ( -0.000000000000000000, -1.000000000000000000, -0.000000000000000000 ) ) ;
#1169 = AXIS2_PLACEMENT_3D ( 'NONE', #1330, #515, #984 ) ;
#1170 = LINE ( 'NONE', #578, #104 ) ;
#1171 = LINE ( 'NONE', #106, #964 ) ;
#1172 = EDGE_LOOP ( 'NONE', ( #77, #62, #302, #1232 ) ) ;
#1173 = CARTESIAN_POINT ( 'NONE',  ( -25.00000000000000000, -1.000000000000007772, 40.00000000000000000 ) ) ;
#1174 = CARTESIAN_POINT ( 'NONE',  ( -17.49999999999999645, -11.60000000000000497, 33.49999999999999289 ) ) ;
#1175 = CARTESIAN_POINT ( 'NONE',  ( 9.099999999999999645, -13.95857864376269220, 40.00000000000000000 ) ) ;
#1176 = EDGE_CURVE ( 'NONE', #1377, #300, #63, .T. ) ;
#1177 = CARTESIAN_POINT ( 'NONE',  ( -9.099999999999997868, -8.041421356237327345, 0.000000000000000000 ) ) ;
#1178 = ORIENTED_EDGE ( 'NONE', *, *, #1208, .F. ) ;
#1179 = VECTOR ( 'NONE', #534, 1000.000000000000000 ) ;
#1180 = AXIS2_PLACEMENT_3D ( 'NONE', #612, #373, #1303 ) ;
#1181 = FACE_OUTER_BOUND ( 'NONE', #596, .T. ) ;
#1182 = PERSON_AND_ORGANIZATION ( #4, #1269 ) ;
#1183 = LINE ( 'NONE', #818, #1136 ) ;
#1184 = CARTESIAN_POINT ( 'NONE',  ( -17.49999999999999645, -15.00000000000000533, 30.25000000000000000 ) ) ;
#1185 = ORIENTED_EDGE ( 'NONE', *, *, #1323, .F. ) ;
#1186 = EDGE_CURVE ( 'NONE', #1158, #465, #1244, .T. ) ;
#1187 = ORIENTED_EDGE ( 'NONE', *, *, #1495, .F. ) ;
#1188 = CARTESIAN_POINT ( 'NONE',  ( -23.99999999999998579, 0.000000000000000000, 40.00000000000000000 ) ) ;
#1189 = VECTOR ( 'NONE', #1123, 1000.000000000000000 ) ;
#1190 = AXIS2_PLACEMENT_3D ( 'NONE', #1396, #941, #1403 ) ;
#1191 = DIRECTION ( 'NONE',  ( -0.000000000000000000, -1.000000000000000000, -0.000000000000000000 ) ) ;
#1192 = CARTESIAN_POINT ( 'NONE',  ( 0.000000000000000000, 0.000000000000000000, 0.000000000000000000 ) ) ;
#1193 = EDGE_CURVE ( 'NONE', #1293, #152, #156, .T. ) ;
#1194 = MANIFOLD_SOLID_BREP ( 'CBORE for M3 Hex Socket Head Cap Screw1', #989 ) ;
#1195 = PLANE ( 'NONE',  #437 ) ;
#1196 = PLANE ( 'NONE',  #1128 ) ;
#1197 = CARTESIAN_POINT ( 'NONE',  ( 9.099999999999999645, -8.041421356237322016, 0.000000000000000000 ) ) ;
#1198 = AXIS2_PLACEMENT_3D ( 'NONE', #172, #753, #1222 ) ;
#1199 = DIRECTION ( 'NONE',  ( 0.000000000000000000, 1.000000000000000000, 0.000000000000000000 ) ) ;
#1200 = ORIENTED_EDGE ( 'NONE', *, *, #579, .T. ) ;
#1201 = VECTOR ( 'NONE', #57, 1000.000000000000000 ) ;
#1202 = CARTESIAN_POINT ( 'NONE',  ( 7.892893218813453515, -9.248528137423877027, 0.000000000000000000 ) ) ;
#1203 = DIRECTION ( 'NONE',  ( 0.000000000000000000, 0.000000000000000000, -1.000000000000000000 ) ) ;
#1204 = AXIS2_PLACEMENT_3D ( 'NONE', #1054, #910, #222 ) ;
#1205 = EDGE_LOOP ( 'NONE', ( #495, #1465, #790, #661 ) ) ;
#1206 = ORIENTED_EDGE ( 'NONE', *, *, #549, .F. ) ;
#1207 = FACE_OUTER_BOUND ( 'NONE', #47, .T. ) ;
#1208 = EDGE_CURVE ( 'NONE', #1003, #93, #967, .T. ) ;
#1209 = AXIS2_PLACEMENT_3D ( 'NONE', #839, #845, #1292 ) ;
#1210 = DESIGN_CONTEXT ( 'detailed design', #374, 'design' ) ;
#1211 = VERTEX_POINT ( 'NONE', #1339 ) ;
#1212 = ORIENTED_EDGE ( 'NONE', *, *, #965, .T. ) ;
#1213 = PERSON_AND_ORGANIZATION_ROLE ( 'classification_officer' ) ;
#1214 = DIRECTION ( 'NONE',  ( 0.000000000000000000, 0.000000000000000000, -1.000000000000000000 ) ) ;
#1215 = EDGE_CURVE ( 'NONE', #1293, #403, #398, .T. ) ;
#1216 = CIRCLE ( 'NONE', #1265, 1.000000000000000888 ) ;
#1217 = ORIENTED_EDGE ( 'NONE', *, *, #1516, .T. ) ;
#1218 = AXIS2_PLACEMENT_3D ( 'NONE', #554, #103, #1162 ) ;
#1219 = ORIENTED_EDGE ( 'NONE', *, *, #511, .T. ) ;
#1220 = ORIENTED_EDGE ( 'NONE', *, *, #1055, .F. ) ;
#1221 = DIRECTION ( 'NONE',  ( -0.000000000000000000, -1.000000000000000000, -0.000000000000000000 ) ) ;
#1222 = DIRECTION ( 'NONE',  ( 0.000000000000000000, -0.000000000000000000, 1.000000000000000000 ) ) ;
#1223 = ORIENTED_EDGE ( 'NONE', *, *, #947, .T. ) ;
#1224 = DIRECTION ( 'NONE',  ( 0.000000000000000000, 0.000000000000000000, -1.000000000000000000 ) ) ;
#1225 = VERTEX_POINT ( 'NONE', #405 ) ;
#1226 = EDGE_CURVE ( 'NONE', #427, #547, #288, .T. ) ;
#1227 = ADVANCED_FACE ( 'NONE', ( #906 ), #1493, .F. ) ;
#1228 = ORIENTED_EDGE ( 'NONE', *, *, #1485, .F. ) ;
#1229 = CARTESIAN_POINT ( 'NONE',  ( -9.099999999999997868, -13.95857864376269397, 0.000000000000000000 ) ) ;
#1230 = CARTESIAN_POINT ( 'NONE',  ( -25.00000000000000000, -12.00000000000000000, 0.000000000000000000 ) ) ;
#1231 = CARTESIAN_POINT ( 'NONE',  ( -17.49999999999999645, -11.60000000000000497, 6.500000000000001776 ) ) ;
#1232 = ORIENTED_EDGE ( 'NONE', *, *, #148, .F. ) ;
#1233 = ORIENTED_EDGE ( 'NONE', *, *, #1186, .F. ) ;
#1234 = AXIS2_PLACEMENT_3D ( 'NONE', #1368, #318, #789 ) ;
#1235 = ORIENTED_EDGE ( 'NONE', *, *, #940, .T. ) ;
#1236 = EDGE_CURVE ( 'NONE', #52, #1251, #344, .T. ) ;
#1237 = ORIENTED_EDGE ( 'NONE', *, *, #927, .T. ) ;
#1238 = CARTESIAN_POINT ( 'NONE',  ( -25.00000000000000000, -1.000000000000007772, 0.000000000000000000 ) ) ;
#1239 = DIRECTION ( 'NONE',  ( -0.000000000000000000, -1.000000000000000000, -0.000000000000000000 ) ) ;
#1240 = FACE_OUTER_BOUND ( 'NONE', #1172, .T. ) ;
#1241 = AXIS2_PLACEMENT_3D ( 'NONE', #66, #1481, #192 ) ;
#1242 = ORIENTED_EDGE ( 'NONE', *, *, #28, .F. ) ;
#1243 = AXIS2_PLACEMENT_3D ( 'NONE', #923, #337, #808 ) ;
#1244 = LINE ( 'NONE', #1014, #1013 ) ;
#1245 = LINE ( 'NONE', #1130, #1189 ) ;
#1246 = EDGE_CURVE ( 'NONE', #1264, #186, #1479, .T. ) ;
#1247 = CARTESIAN_POINT ( 'NONE',  ( 17.50000000000000355, -15.00000000000000178, 33.49999999999999289 ) ) ;
#1248 = PLANE ( 'NONE',  #1241 ) ;
#1249 = ORIENTED_EDGE ( 'NONE', *, *, #1066, .T. ) ;
#1250 = AXIS2_PLACEMENT_3D ( 'NONE', #1263, #208, #69 ) ;
#1251 = VERTEX_POINT ( 'NONE', #1389 ) ;
#1252 = VERTEX_POINT ( 'NONE', #450 ) ;
#1253 = DIRECTION ( 'NONE',  ( 0.000000000000000000, 0.000000000000000000, -1.000000000000000000 ) ) ;
#1254 = DIRECTION ( 'NONE',  ( -0.000000000000000000, -1.000000000000000000, -0.000000000000000000 ) ) ;
#1255 = LINE ( 'NONE', #1391, #1378 ) ;
#1256 = CARTESIAN_POINT ( 'NONE',  ( 25.00000000000000000, -1.000000000000014655, 40.00000000000000000 ) ) ;
#1257 = EDGE_CURVE ( 'NONE', #884, #1461, #10, .T. ) ;
#1258 = ORIENTED_EDGE ( 'NONE', *, *, #158, .F. ) ;
#1259 = DIRECTION ( 'NONE',  ( 2.430241210013272193E-15, -1.000000000000000000, 0.000000000000000000 ) ) ;
#1260 = CARTESIAN_POINT ( 'NONE',  ( -17.49999999999999645, 0.000000000000000000, 6.500000000000001776 ) ) ;
#1261 = DIRECTION ( 'NONE',  ( -0.7071067811865522357, -0.7071067811865429098, 0.000000000000000000 ) ) ;
#1262 = EDGE_CURVE ( 'NONE', #425, #240, #109, .T. ) ;
#1263 = CARTESIAN_POINT ( 'NONE',  ( 7.600000000000001421, -12.45857864376271174, 0.000000000000000000 ) ) ;
#1264 = VERTEX_POINT ( 'NONE', #1035 ) ;
#1265 = AXIS2_PLACEMENT_3D ( 'NONE', #1294, #483, #1084 ) ;
#1266 = CARTESIAN_POINT ( 'NONE',  ( 17.50000000000000355, -11.60000000000000142, 6.500000000000001776 ) ) ;
#1267 = FACE_OUTER_BOUND ( 'NONE', #972, .T. ) ;
#1268 = DIRECTION ( 'NONE',  ( 2.973311523850618629E-16, 1.000000000000000000, 0.000000000000000000 ) ) ;
#1269 = ORGANIZATION ( 'UNSPECIFIED', 'UNSPECIFIED', '' ) ;
#1270 = CARTESIAN_POINT ( 'NONE',  ( -17.49999999999999645, -15.00000000000000533, 33.49999999999999289 ) ) ;
#1271 = VERTEX_POINT ( 'NONE', #561 ) ;
#1272 = ORIENTED_EDGE ( 'NONE', *, *, #1150, .T. ) ;
#1273 = CARTESIAN_POINT ( 'NONE',  ( -7.892893218813457068, -12.75147186257616916, 0.000000000000000000 ) ) ;
#1274 = DIRECTION ( 'NONE',  ( 0.000000000000000000, 0.000000000000000000, -1.000000000000000000 ) ) ;
#1275 = DIRECTION ( 'NONE',  ( -3.336006684570782608E-16, 1.000000000000000000, 0.000000000000000000 ) ) ;
#1276 = CARTESIAN_POINT ( 'NONE',  ( -7.599999999999998757, -9.955634918610423156, 40.00000000000000000 ) ) ;
#1277 = DIRECTION ( 'NONE',  ( -0.000000000000000000, -1.000000000000000000, -0.000000000000000000 ) ) ;
#1278 = ORIENTED_EDGE ( 'NONE', *, *, #190, .F. ) ;
#1279 = VECTOR ( 'NONE', #575, 1000.000000000000000 ) ;
#1280 = ADVANCED_FACE ( 'NONE', ( #320 ), #474, .F. ) ;
#1281 = FACE_OUTER_BOUND ( 'NONE', #1458, .T. ) ;
#1282 = CARTESIAN_POINT ( 'NONE',  ( -7.892893218813457068, -12.75147186257616916, 0.000000000000000000 ) ) ;
#1283 = PERSON_AND_ORGANIZATION_ROLE ( 'creator' ) ;
#1284 = DIRECTION ( 'NONE',  ( -0.000000000000000000, -1.000000000000000000, -0.000000000000000000 ) ) ;
#1285 = CARTESIAN_POINT ( 'NONE',  ( -17.49999999999999645, -15.00000000000000533, 36.74999999999999289 ) ) ;
#1286 = ORIENTED_EDGE ( 'NONE', *, *, #1443, .T. ) ;
#1287 = CARTESIAN_POINT ( 'NONE',  ( 17.50000000000000355, -11.60000000000000142, 36.74999999999999289 ) ) ;
#1288 = EDGE_CURVE ( 'NONE', #1461, #1328, #353, .T. ) ;
#1289 = FACE_OUTER_BOUND ( 'NONE', #1308, .T. ) ;
#1290 = EDGE_CURVE ( 'NONE', #24, #742, #1144, .T. ) ;
#1291 = CC_DESIGN_APPROVAL ( #773, ( #1511 ) ) ;
#1292 = DIRECTION ( 'NONE',  ( 0.000000000000000000, 0.000000000000000000, -1.000000000000000000 ) ) ;
#1293 = VERTEX_POINT ( 'NONE', #932 ) ;
#1294 = CARTESIAN_POINT ( 'NONE',  ( -8.599999999999999645, -12.04436508138961770, 40.00000000000000000 ) ) ;
#1295 = LINE ( 'NONE', #243, #1081 ) ;
#1296 = FACE_BOUND ( 'NONE', #225, .T. ) ;
#1297 = EDGE_CURVE ( 'NONE', #526, #52, #336, .T. ) ;
#1298 = FACE_OUTER_BOUND ( 'NONE', #1327, .T. ) ;
#1299 = ORIENTED_EDGE ( 'NONE', *, *, #352, .T. ) ;
#1300 = ORIENTED_EDGE ( 'NONE', *, *, #190, .T. ) ;
#1301 = PLANE ( 'NONE',  #868 ) ;
#1302 = CARTESIAN_POINT ( 'NONE',  ( -17.49999999999999645, -15.00000000000000533, 8.200000000000006395 ) ) ;
#1303 = DIRECTION ( 'NONE',  ( -1.000000000000000000, 8.673617379884035472E-15, 0.000000000000000000 ) ) ;
#1304 = AXIS2_PLACEMENT_3D ( 'NONE', #71, #886, #638 ) ;
#1305 = FACE_OUTER_BOUND ( 'NONE', #558, .T. ) ;
#1306 = ADVANCED_FACE ( 'NONE', ( #1281 ), #1043, .T. ) ;
#1307 = ORIENTED_EDGE ( 'NONE', *, *, #1428, .T. ) ;
#1308 = EDGE_LOOP ( 'NONE', ( #1439, #417, #422, #11 ) ) ;
#1309 = VECTOR ( 'NONE', #687, 1000.000000000000000 ) ;
#1310 = CARTESIAN_POINT ( 'NONE',  ( -17.49999999999999645, -15.00000000000000533, 36.74999999999999289 ) ) ;
#1311 = DIRECTION ( 'NONE',  ( 1.000000000000000000, 0.000000000000000000, 0.000000000000000000 ) ) ;
#1312 = FACE_OUTER_BOUND ( 'NONE', #1093, .T. ) ;
#1313 = AXIS2_PLACEMENT_3D ( 'NONE', #50, #1254, #406 ) ;
#1314 = VECTOR ( 'NONE', #252, 1000.000000000000000 ) ;
#1315 = VECTOR ( 'NONE', #1259, 1000.000000000000000 ) ;
#1316 = ORIENTED_EDGE ( 'NONE', *, *, #940, .F. ) ;
#1317 = AXIS2_PLACEMENT_3D ( 'NONE', #1148, #546, #83 ) ;
#1318 = APPROVAL ( #514, 'UNSPECIFIED' ) ;
#1319 = EDGE_CURVE ( 'NONE', #152, #1271, #80, .T. ) ;
#1320 = PLANE ( 'NONE',  #969 ) ;
#1321 = ORIENTED_EDGE ( 'NONE', *, *, #755, .F. ) ;
#1322 = ORIENTED_EDGE ( 'NONE', *, *, #1100, .T. ) ;
#1323 = EDGE_CURVE ( 'NONE', #1474, #901, #914, .T. ) ;
#1324 = PERSON_AND_ORGANIZATION_ROLE ( 'design_supplier' ) ;
#1325 = FACE_BOUND ( 'NONE', #388, .T. ) ;
#1326 = CIRCLE ( 'NONE', #48, 3.249999999999996003 ) ;
#1327 = EDGE_LOOP ( 'NONE', ( #988, #122, #1050, #644, #1212, #370, #33, #286, #32, #1164, #574, #1344, #312, #537, #720, #410, #489, #635, #1120, #1337, #255, #860, #1278, #216 ) ) ;
#1328 = VERTEX_POINT ( 'NONE', #791 ) ;
#1329 = SECURITY_CLASSIFICATION_LEVEL ( 'unclassified' ) ;
#1330 = CARTESIAN_POINT ( 'NONE',  ( 17.50000000000000355, 3.469446951953614189E-15, 6.500000000000001776 ) ) ;
#1331 = EDGE_CURVE ( 'NONE', #1435, #931, #1424, .T. ) ;
#1332 = FACE_OUTER_BOUND ( 'NONE', #1127, .T. ) ;
#1333 = CARTESIAN_POINT ( 'NONE',  ( 9.099999999999999645, -15.00000000000000533, 0.000000000000000000 ) ) ;
#1334 = EDGE_CURVE ( 'NONE', #529, #465, #1061, .T. ) ;
#1335 = EDGE_CURVE ( 'NONE', #861, #1074, #552, .T. ) ;
#1336 = EDGE_LOOP ( 'NONE', ( #820, #1436, #395, #934 ) ) ;
#1337 = ORIENTED_EDGE ( 'NONE', *, *, #269, .T. ) ;
#1338 = ORIENTED_EDGE ( 'NONE', *, *, #1023, .T. ) ;
#1339 = CARTESIAN_POINT ( 'NONE',  ( -17.49999999999999645, -11.60000000000000497, 30.25000000000000000 ) ) ;
#1340 = DIRECTION ( 'NONE',  ( 0.000000000000000000, 0.000000000000000000, -1.000000000000000000 ) ) ;
#1341 = DIRECTION ( 'NONE',  ( 0.000000000000000000, 0.000000000000000000, -1.000000000000000000 ) ) ;
#1342 = EDGE_CURVE ( 'NONE', #1003, #24, #798, .T. ) ;
#1343 = EDGE_LOOP ( 'NONE', ( #840, #419, #149, #79 ) ) ;
#1344 = ORIENTED_EDGE ( 'NONE', *, *, #1384, .T. ) ;
#1345 = VERTEX_POINT ( 'NONE', #1165 ) ;
#1346 = LINE ( 'NONE', #1229, #975 ) ;
#1347 = LINE ( 'NONE', #1230, #1410 ) ;
#1348 = EDGE_LOOP ( 'NONE', ( #620, #1219, #285, #319 ) ) ;
#1349 = CARTESIAN_POINT ( 'NONE',  ( -25.00000000000000000, 0.000000000000000000, 0.000000000000000000 ) ) ;
#1350 = ORIENTED_EDGE ( 'NONE', *, *, #1434, .T. ) ;
#1351 = ADVANCED_FACE ( 'NONE', ( #101 ), #563, .F. ) ;
#1352 = ORIENTED_EDGE ( 'NONE', *, *, #198, .T. ) ;
#1353 = ORIENTED_EDGE ( 'NONE', *, *, #137, .T. ) ;
#1354 = CARTESIAN_POINT ( 'NONE',  ( 9.099999999999999645, 0.000000000000000000, 0.000000000000000000 ) ) ;
#1355 = CARTESIAN_POINT ( 'NONE',  ( -25.00000000000000000, 0.000000000000000000, 40.00000000000000000 ) ) ;
#1356 = CARTESIAN_POINT ( 'NONE',  ( -17.49999999999999645, -11.60000000000000497, 31.79999999999997939 ) ) ;
#1357 = CARTESIAN_POINT ( 'NONE',  ( 25.00000000000000000, -1.000000000000014655, 0.000000000000000000 ) ) ;
#1358 = ORIENTED_EDGE ( 'NONE', *, *, #533, .T. ) ;
#1359 = AXIS2_PLACEMENT_3D ( 'NONE', #328, #1068, #354 ) ;
#1360 = ORIENTED_EDGE ( 'NONE', *, *, #882, .F. ) ;
#1361 = AXIS2_PLACEMENT_3D ( 'NONE', #1027, #1503, #205 ) ;
#1362 = CC_DESIGN_DATE_AND_TIME_ASSIGNMENT ( #41, #142, ( #1511 ) ) ;
#1363 = EDGE_CURVE ( 'NONE', #758, #264, #1255, .T. ) ;
#1364 = FACE_OUTER_BOUND ( 'NONE', #1022, .T. ) ;
#1365 = DIRECTION ( 'NONE',  ( -0.7071067811865517916, 0.7071067811865432429, 0.000000000000000000 ) ) ;
#1366 = CARTESIAN_POINT ( 'NONE',  ( 23.99999999999999289, 0.000000000000000000, 40.00000000000000000 ) ) ;
#1367 = DIRECTION ( 'NONE',  ( -0.000000000000000000, -1.000000000000000000, -0.000000000000000000 ) ) ;
#1368 = CARTESIAN_POINT ( 'NONE',  ( 17.50000000000000355, -11.60000000000000142, 33.49999999999999289 ) ) ;
#1369 = ORIENTED_EDGE ( 'NONE', *, *, #315, .T. ) ;
#1370 = DIRECTION ( 'NONE',  ( 0.000000000000000000, 0.000000000000000000, 1.000000000000000000 ) ) ;
#1371 = CARTESIAN_POINT ( 'NONE',  ( -22.00000000000000355, -15.00000000000000533, 40.00000000000000000 ) ) ;
#1372 = ADVANCED_FACE ( 'NONE', ( #1489 ), #1147, .F. ) ;
#1373 = FACE_BOUND ( 'NONE', #44, .T. ) ;
#1374 = CYLINDRICAL_SURFACE ( 'NONE', #930, 1.700000000000000178 ) ;
#1375 = ORIENTED_EDGE ( 'NONE', *, *, #1335, .F. ) ;
#1376 = AXIS2_PLACEMENT_3D ( 'NONE', #673, #1275, #82 ) ;
#1377 = VERTEX_POINT ( 'NONE', #1053 ) ;
#1378 = VECTOR ( 'NONE', #1268, 1000.000000000000000 ) ;
#1379 = AXIS2_PLACEMENT_3D ( 'NONE', #1450, #171, #531 ) ;
#1380 = CARTESIAN_POINT ( 'NONE',  ( 7.600000000000001421, -12.45857864376271174, 0.000000000000000000 ) ) ;
#1381 = DIRECTION ( 'NONE',  ( 0.7071067811865459074, -0.7071067811865491270, 0.000000000000000000 ) ) ;
#1382 = LINE ( 'NONE', #330, #1028 ) ;
#1383 = DIRECTION ( 'NONE',  ( -0.000000000000000000, -1.000000000000000000, -0.000000000000000000 ) ) ;
#1384 = EDGE_CURVE ( 'NONE', #1345, #526, #1030, .T. ) ;
#1385 = ADVANCED_FACE ( 'NONE', ( #446 ), #577, .F. ) ;
#1386 = ORIENTED_EDGE ( 'NONE', *, *, #1506, .T. ) ;
#1387 = VECTOR ( 'NONE', #1488, 999.9999999999998863 ) ;
#1388 = ORIENTED_EDGE ( 'NONE', *, *, #228, .F. ) ;
#1389 = CARTESIAN_POINT ( 'NONE',  ( -9.099999999999997868, -13.95857864376269397, 40.00000000000000000 ) ) ;
#1390 = DIRECTION ( 'NONE',  ( -0.000000000000000000, -1.000000000000000000, -0.000000000000000000 ) ) ;
#1391 = CARTESIAN_POINT ( 'NONE',  ( 7.600000000000001421, -12.45857864376271174, 40.00000000000000000 ) ) ;
#1392 = CARTESIAN_POINT ( 'NONE',  ( -25.00000000000000000, -12.00000000000000000, 0.000000000000000000 ) ) ;
#1393 = DIRECTION ( 'NONE',  ( -1.000000000000000000, 0.000000000000000000, 0.000000000000000000 ) ) ;
#1394 = EDGE_CURVE ( 'NONE', #643, #982, #998, .T. ) ;
#1395 = VERTEX_POINT ( 'NONE', #1496 ) ;
#1396 = CARTESIAN_POINT ( 'NONE',  ( -25.00000000000000000, 0.000000000000000000, 40.00000000000000000 ) ) ;
#1397 = LINE ( 'NONE', #915, #488 ) ;
#1398 = PERSON_AND_ORGANIZATION ( #4, #1269 ) ;
#1399 = DIRECTION ( 'NONE',  ( -1.000000000000000000, -0.000000000000000000, -0.000000000000000000 ) ) ;
#1400 = CARTESIAN_POINT ( 'NONE',  ( 17.50000000000000355, -11.60000000000000142, 33.49999999999999289 ) ) ;
#1401 = ORIENTED_EDGE ( 'NONE', *, *, #301, .T. ) ;
#1402 = ADVANCED_FACE ( 'NONE', ( #1373, #322, #793 ), #545, .F. ) ;
#1403 = DIRECTION ( 'NONE',  ( -0.000000000000000000, 0.000000000000000000, -1.000000000000000000 ) ) ;
#1404 = CARTESIAN_POINT ( 'NONE',  ( 23.99999999999999289, 0.000000000000000000, 0.000000000000000000 ) ) ;
#1405 = CARTESIAN_POINT ( 'NONE',  ( -9.099999999999997868, -15.00000000000000355, 40.00000000000000000 ) ) ;
#1406 = DIRECTION ( 'NONE',  ( -1.000000000000000000, -1.334402673828312846E-16, 0.000000000000000000 ) ) ;
#1407 = DIRECTION ( 'NONE',  ( 1.000000000000000000, 1.334402673828312846E-16, -0.000000000000000000 ) ) ;
#1408 = VERTEX_POINT ( 'NONE', #1480 ) ;
#1409 = AXIS2_PLACEMENT_3D ( 'NONE', #1487, #458, #584 ) ;
#1410 = VECTOR ( 'NONE', #1468, 999.9999999999998863 ) ;
#1411 = LINE ( 'NONE', #1077, #925 ) ;
#1412 = ADVANCED_FACE ( 'NONE', ( #197 ), #1045, .T. ) ;
#1413 = APPROVAL_DATE_TIME ( #469, #1442 ) ;
#1414 = FACE_BOUND ( 'NONE', #369, .T. ) ;
#1415 = CARTESIAN_POINT ( 'NONE',  ( 17.50000000000000355, -15.00000000000000178, 33.49999999999999289 ) ) ;
#1416 = ORIENTED_EDGE ( 'NONE', *, *, #745, .F. ) ;
#1417 = AXIS2_PLACEMENT_3D ( 'NONE', #1177, #601, #718 ) ;
#1418 = LINE ( 'NONE', #1088, #154 ) ;
#1419 = FACE_OUTER_BOUND ( 'NONE', #430, .T. ) ;
#1420 = ADVANCED_FACE ( 'NONE', ( #569 ), #1016, .F. ) ;
#1421 = CARTESIAN_POINT ( 'NONE',  ( -9.099999999999997868, -13.95857864376269397, 0.000000000000000000 ) ) ;
#1422 = VERTEX_POINT ( 'NONE', #453 ) ;
#1423 = CARTESIAN_POINT ( 'NONE',  ( -25.00000000000000000, -12.00000000000000000, 40.00000000000000000 ) ) ;
#1424 = CIRCLE ( 'NONE', #1409, 1.700000000000013944 ) ;
#1425 =( NAMED_UNIT ( * ) SI_UNIT ( $, .STERADIAN. ) SOLID_ANGLE_UNIT ( ) );
#1426 = CARTESIAN_POINT ( 'NONE',  ( 25.00000000000000000, -11.99999999999999289, 40.00000000000000000 ) ) ;
#1427 = AXIS2_PLACEMENT_3D ( 'NONE', #1507, #892, #557 ) ;
#1428 = EDGE_CURVE ( 'NONE', #982, #643, #284, .T. ) ;
#1429 = ORIENTED_EDGE ( 'NONE', *, *, #850, .F. ) ;
#1430 = PERSON_AND_ORGANIZATION_ROLE ( 'creator' ) ;
#1431 = DIRECTION ( 'NONE',  ( 0.7071067811865459074, 0.7071067811865491270, 0.000000000000000000 ) ) ;
#1432 = AXIS2_PLACEMENT_3D ( 'NONE', #787, #1168, #1155 ) ;
#1433 = VERTEX_POINT ( 'NONE', #460 ) ;
#1434 = EDGE_CURVE ( 'NONE', #159, #1433, #535, .T. ) ;
#1435 = VERTEX_POINT ( 'NONE', #1356 ) ;
#1436 = ORIENTED_EDGE ( 'NONE', *, *, #1246, .F. ) ;
#1437 = CALENDAR_DATE ( 2025, 17, 12 ) ;
#1438 = CARTESIAN_POINT ( 'NONE',  ( -8.599999999999999645, -12.04436508138961770, 0.000000000000000000 ) ) ;
#1439 = ORIENTED_EDGE ( 'NONE', *, *, #1516, .F. ) ;
#1440 = ADVANCED_FACE ( 'NONE', ( #306 ), #778, .F. ) ;
#1441 = VERTEX_POINT ( 'NONE', #1366 ) ;
#1442 = APPROVAL ( #111, 'UNSPECIFIED' ) ;
#1443 = EDGE_CURVE ( 'NONE', #548, #1433, #90, .T. ) ;
#1444 = DIRECTION ( 'NONE',  ( -1.000000000000000000, 0.000000000000000000, -0.000000000000000000 ) ) ;
#1445 = LINE ( 'NONE', #1080, #783 ) ;
#1446 = VECTOR ( 'NONE', #115, 1000.000000000000000 ) ;
#1447 = CARTESIAN_POINT ( 'NONE',  ( 9.099999999999999645, -15.00000000000000178, 40.00000000000000000 ) ) ;
#1448 = ORIENTED_EDGE ( 'NONE', *, *, #1443, .F. ) ;
#1449 = ORIENTED_EDGE ( 'NONE', *, *, #130, .F. ) ;
#1450 = CARTESIAN_POINT ( 'NONE',  ( 17.50000000000000355, 3.469446951953614189E-15, 33.49999999999999289 ) ) ;
#1451 = CARTESIAN_POINT ( 'NONE',  ( -25.00000000000000000, -12.00000000000000000, 40.00000000000000000 ) ) ;
#1452 = EDGE_CURVE ( 'NONE', #249, #987, #1382, .T. ) ;
#1453 = DIRECTION ( 'NONE',  ( 0.000000000000000000, 0.000000000000000000, -1.000000000000000000 ) ) ;
#1454 = ORIENTED_EDGE ( 'NONE', *, *, #237, .F. ) ;
#1455 = VECTOR ( 'NONE', #346, 1000.000000000000000 ) ;
#1456 = ORIENTED_EDGE ( 'NONE', *, *, #130, .T. ) ;
#1457 = VECTOR ( 'NONE', #788, 1000.000000000000000 ) ;
#1458 = EDGE_LOOP ( 'NONE', ( #310, #1316, #536, #1454 ) ) ;
#1459 = LINE ( 'NONE', #767, #145 ) ;
#1460 = DIRECTION ( 'NONE',  ( -0.000000000000000000, -1.000000000000000000, -0.000000000000000000 ) ) ;
#1461 = VERTEX_POINT ( 'NONE', #1520 ) ;
#1462 = LINE ( 'NONE', #667, #1057 ) ;
#1463 = ORIENTED_EDGE ( 'NONE', *, *, #146, .T. ) ;
#1464 = ORIENTED_EDGE ( 'NONE', *, *, #1226, .T. ) ;
#1465 = ORIENTED_EDGE ( 'NONE', *, *, #533, .F. ) ;
#1466 = AXIS2_PLACEMENT_3D ( 'NONE', #1438, #21, #139 ) ;
#1467 = DIRECTION ( 'NONE',  ( 0.000000000000000000, 0.000000000000000000, -1.000000000000000000 ) ) ;
#1468 = DIRECTION ( 'NONE',  ( 0.7071067811865469066, -0.7071067811865482389, 0.000000000000000000 ) ) ;
#1469 = FACE_OUTER_BOUND ( 'NONE', #348, .T. ) ;
#1470 = EDGE_LOOP ( 'NONE', ( #1272, #9, #960, #726 ) ) ;
#1471 = CARTESIAN_POINT ( 'NONE',  ( 17.50000000000000355, -15.00000000000000178, 33.49999999999999289 ) ) ;
#1472 = ADVANCED_FACE ( 'NONE', ( #962 ), #1196, .F. ) ;
#1473 = EDGE_CURVE ( 'NONE', #513, #982, #599, .T. ) ;
#1474 = VERTEX_POINT ( 'NONE', #817 ) ;
#1475 = ORIENTED_EDGE ( 'NONE', *, *, #918, .T. ) ;
#1476 = VECTOR ( 'NONE', #454, 1000.000000000000000 ) ;
#1477 = DIRECTION ( 'NONE',  ( -0.000000000000000000, -0.000000000000000000, 1.000000000000000000 ) ) ;
#1478 = DIRECTION ( 'NONE',  ( 0.000000000000000000, 0.000000000000000000, -1.000000000000000000 ) ) ;
#1479 = CIRCLE ( 'NONE', #822, 3.249999999999996003 ) ;
#1480 = CARTESIAN_POINT ( 'NONE',  ( -17.49999999999999645, -11.60000000000000497, 36.74999999999999289 ) ) ;
#1481 = DIRECTION ( 'NONE',  ( -0.7071067811865500152, -0.7071067811865451302, -0.000000000000000000 ) ) ;
#1482 = ORIENTED_EDGE ( 'NONE', *, *, #416, .F. ) ;
#1483 = EDGE_LOOP ( 'NONE', ( #1517, #1141, #1151, #1463 ) ) ;
#1484 = VERTEX_POINT ( 'NONE', #826 ) ;
#1485 = EDGE_CURVE ( 'NONE', #232, #1067, #20, .T. ) ;
#1486 = VECTOR ( 'NONE', #916, 1000.000000000000000 ) ;
#1487 = CARTESIAN_POINT ( 'NONE',  ( -17.49999999999999645, -11.60000000000000497, 33.49999999999999289 ) ) ;
#1488 = DIRECTION ( 'NONE',  ( 0.7071067811865462405, 0.7071067811865489050, -0.000000000000000000 ) ) ;
#1489 = FACE_OUTER_BOUND ( 'NONE', #1094, .T. ) ;
#1490 = DIRECTION ( 'NONE',  ( 0.7071067811865459074, 0.7071067811865491270, 0.000000000000000000 ) ) ;
#1491 = CARTESIAN_POINT ( 'NONE',  ( 25.00000000000000000, -1.000000000000014655, 40.00000000000000000 ) ) ;
#1492 = ORIENTED_EDGE ( 'NONE', *, *, #755, .T. ) ;
#1493 = PLANE ( 'NONE',  #329 ) ;
#1494 = DIRECTION ( 'NONE',  ( -0.000000000000000000, -1.000000000000000000, -0.000000000000000000 ) ) ;
#1495 = EDGE_CURVE ( 'NONE', #987, #402, #1295, .T. ) ;
#1496 = CARTESIAN_POINT ( 'NONE',  ( 17.50000000000000355, -15.00000000000000178, 9.749999999999998224 ) ) ;
#1497 = CYLINDRICAL_SURFACE ( 'NONE', #1204, 1.700000000000003508 ) ;
#1498 = FACE_OUTER_BOUND ( 'NONE', #76, .T. ) ;
#1499 = PRODUCT_DEFINITION_SHAPE ( 'NONE', 'NONE',  #824 ) ;
#1500 = ORIENTED_EDGE ( 'NONE', *, *, #198, .F. ) ;
#1501 = DIRECTION ( 'NONE',  ( 2.973311523850618629E-16, 1.000000000000000000, 0.000000000000000000 ) ) ;
#1502 = CARTESIAN_POINT ( 'NONE',  ( 25.00000000000000000, -11.99999999999999289, 40.00000000000000000 ) ) ;
#1503 = DIRECTION ( 'NONE',  ( -0.000000000000000000, -1.000000000000000000, -0.000000000000000000 ) ) ;
#1504 = AXIS2_PLACEMENT_3D ( 'NONE', #339, #1521, #1406 ) ;
#1505 = FACE_OUTER_BOUND ( 'NONE', #377, .T. ) ;
#1506 = EDGE_CURVE ( 'NONE', #150, #1067, #943, .T. ) ;
#1507 = CARTESIAN_POINT ( 'NONE',  ( -8.599999999999999645, -9.955634918610423156, 0.000000000000000000 ) ) ;
#1508 = ORIENTED_EDGE ( 'NONE', *, *, #75, .F. ) ;
#1509 = CIRCLE ( 'NONE', #1313, 3.249999999999996003 ) ;
#1510 = DIRECTION ( 'NONE',  ( 0.7071067811865451302, -0.7071067811865500152, 0.000000000000000000 ) ) ;
#1511 = SECURITY_CLASSIFICATION ( '', '', #1329 ) ;
#1512 = CARTESIAN_POINT ( 'NONE',  ( -7.599999999999998757, -9.955634918610423156, 0.000000000000000000 ) ) ;
#1513 = CALENDAR_DATE ( 2025, 17, 12 ) ;
#1514 = CARTESIAN_POINT ( 'NONE',  ( 7.892893218813458844, -12.75147186257616383, 40.00000000000000000 ) ) ;
#1515 = CARTESIAN_POINT ( 'NONE',  ( 22.00000000000000711, -15.00000000000000000, 0.000000000000000000 ) ) ;
#1516 = EDGE_CURVE ( 'NONE', #1252, #995, #211, .T. ) ;
#1517 = ORIENTED_EDGE ( 'NONE', *, *, #1262, .F. ) ;
#1518 = CARTESIAN_POINT ( 'NONE',  ( -25.00000000000000000, 0.000000000000000000, 0.000000000000000000 ) ) ;
#1519 = DIRECTION ( 'NONE',  ( -0.000000000000000000, -1.000000000000000000, -0.000000000000000000 ) ) ;
#1520 = CARTESIAN_POINT ( 'NONE',  ( -7.892893218813451739, -9.248528137423878803, 40.00000000000000000 ) ) ;
#1521 = DIRECTION ( 'NONE',  ( -1.334402673828312846E-16, 1.000000000000000000, 0.000000000000000000 ) ) ;
ENDSEC;
END-ISO-10303-21;
