ISO-10303-21;
HEADER;
FILE_DESCRIPTION (( 'STEP AP203' ),
    '1' );
FILE_NAME ('top_bolster_horiz.STEP',
    '2025-12-17T10:18:14',
    ( '' ),
    ( '' ),
    'SwSTEP 2.0',
    'SolidWorks 2025',
    '' );
FILE_SCHEMA (( 'CONFIG_CONTROL_DESIGN' ));
ENDSEC;

DATA;
#1 = AXIS2_PLACEMENT_3D ( 'NONE', #1363, #1735, #1346 ) ;
#2 = ORIENTED_EDGE ( 'NONE', *, *, #1153, .T. ) ;
#3 = EDGE_CURVE ( 'NONE', #1330, #1719, #1369, .T. ) ;
#4 = FACE_OUTER_BOUND ( 'NONE', #2545, .T. ) ;
#5 = CARTESIAN_POINT ( 'NONE',  ( 69.99999999999998579, 33.99999999999996447, 47.50000000000001421 ) ) ;
#6 = VERTEX_POINT ( 'NONE', #2462 ) ;
#7 = CARTESIAN_POINT ( 'NONE',  ( -34.95000000000001705, 12.00000000000000000, -25.04999999999998295 ) ) ;
#8 = DIRECTION ( 'NONE',  ( -0.000000000000000000, 1.000000000000000000, -0.000000000000000000 ) ) ;
#9 = DIRECTION ( 'NONE',  ( 0.000000000000000000, 0.000000000000000000, 1.000000000000000000 ) ) ;
#10 = FACE_BOUND ( 'NONE', #2128, .T. ) ;
#11 = CARTESIAN_POINT ( 'NONE',  ( -70.00000000000001421, 33.99999999999997868, 67.60000000000000853 ) ) ;
#12 = EDGE_LOOP ( 'NONE', ( #514, #1825, #1456, #1870 ) ) ;
#13 = ADVANCED_FACE ( 'NONE', ( #877 ), #1651, .T. ) ;
#14 = DIRECTION ( 'NONE',  ( -0.000000000000000000, 1.000000000000000000, -0.000000000000000000 ) ) ;
#15 = VERTEX_POINT ( 'NONE', #2239 ) ;
#16 = ORIENTED_EDGE ( 'NONE', *, *, #738, .T. ) ;
#17 = CARTESIAN_POINT ( 'NONE',  ( -70.00000000000001421, 35.00000000000000000, -59.99999999999998579 ) ) ;
#18 = EDGE_CURVE ( 'NONE', #2244, #885, #1988, .T. ) ;
#19 = VECTOR ( 'NONE', #195, 1000.000000000000000 ) ;
#20 = DIRECTION ( 'NONE',  ( 0.000000000000000000, 0.000000000000000000, 1.000000000000000000 ) ) ;
#21 = CARTESIAN_POINT ( 'NONE',  ( 69.99999999999998579, 35.00000000000000000, 48.50000000000002842 ) ) ;
#22 = ORIENTED_EDGE ( 'NONE', *, *, #107, .T. ) ;
#23 = CARTESIAN_POINT ( 'NONE',  ( -70.00000000000001421, 33.99999999999997868, 60.00000000000001421 ) ) ;
#24 = DIRECTION ( 'NONE',  ( 0.000000000000000000, 0.000000000000000000, -1.000000000000000000 ) ) ;
#25 = CALENDAR_DATE ( 2025, 17, 12 ) ;
#26 = DIRECTION ( 'NONE',  ( 0.000000000000000000, 1.000000000000000000, -0.000000000000000000 ) ) ;
#27 = ADVANCED_FACE ( 'NONE', ( #1676 ), #1259, .F. ) ;
#28 = EDGE_LOOP ( 'NONE', ( #1500, #193, #871, #1075 ) ) ;
#29 = LINE ( 'NONE', #1573, #1732 ) ;
#30 = AXIS2_PLACEMENT_3D ( 'NONE', #705, #474, #299 ) ;
#31 = CARTESIAN_POINT ( 'NONE',  ( 84.99999999999998579, 15.00000000000000000, -74.99999999999998579 ) ) ;
#32 = ADVANCED_FACE ( 'NONE', ( #2250, #706 ), #1473, .T. ) ;
#33 = FACE_OUTER_BOUND ( 'NONE', #1175, .T. ) ;
#34 = LINE ( 'NONE', #11, #2295 ) ;
#35 = APPROVAL_DATE_TIME ( #1774, #2014 ) ;
#36 = AXIS2_PLACEMENT_3D ( 'NONE', #1110, #1910, #558 ) ;
#37 = DIRECTION ( 'NONE',  ( 0.000000000000000000, 1.000000000000000000, -0.000000000000000000 ) ) ;
#38 = CARTESIAN_POINT ( 'NONE',  ( -70.00000000000001421, 0.000000000000000000, -52.39999999999999147 ) ) ;
#39 = APPROVAL ( #139, 'UNSPECIFIED' ) ;
#40 = CARTESIAN_POINT ( 'NONE',  ( -39.70000000000000284, 0.000000000000000000, -21.24999999999999645 ) ) ;
#41 = ORIENTED_EDGE ( 'NONE', *, *, #125, .F. ) ;
#42 = FACE_OUTER_BOUND ( 'NONE', #322, .T. ) ;
#43 = EDGE_CURVE ( 'NONE', #743, #2410, #1850, .T. ) ;
#44 = VECTOR ( 'NONE', #1808, 1000.000000000000000 ) ;
#45 = CARTESIAN_POINT ( 'NONE',  ( -33.45000000000001705, 12.00000000000000000, -23.54999999999997939 ) ) ;
#46 = CIRCLE ( 'NONE', #1157, 12.49999999999999645 ) ;
#47 = CARTESIAN_POINT ( 'NONE',  ( -70.00000000000001421, 15.00000000000000000, -47.49999999999998579 ) ) ;
#48 = ORIENTED_EDGE ( 'NONE', *, *, #1962, .F. ) ;
#49 = CIRCLE ( 'NONE', #1476, 7.599999999999996092 ) ;
#50 = CARTESIAN_POINT ( 'NONE',  ( -70.00000000000001421, 0.000000000000000000, -52.39999999999999147 ) ) ;
#51 = CARTESIAN_POINT ( 'NONE',  ( 69.94999999999998863, 15.00000000000000000, -25.04999999999998295 ) ) ;
#52 = VERTEX_POINT ( 'NONE', #488 ) ;
#53 = CIRCLE ( 'NONE', #384, 2.250000000000001776 ) ;
#54 = FACE_OUTER_BOUND ( 'NONE', #1240, .T. ) ;
#55 = AXIS2_PLACEMENT_3D ( 'NONE', #2232, #1451, #1572 ) ;
#56 = ORIENTED_EDGE ( 'NONE', *, *, #648, .F. ) ;
#57 = ADVANCED_FACE ( 'NONE', ( #1271 ), #2056, .F. ) ;
#58 = CARTESIAN_POINT ( 'NONE',  ( 39.69999999999999574, 0.000000000000000000, -21.25000000000001066 ) ) ;
#59 = CIRCLE ( 'NONE', #1078, 1.500000000000001332 ) ;
#60 = VERTEX_POINT ( 'NONE', #541 ) ;
#61 = AXIS2_PLACEMENT_3D ( 'NONE', #386, #561, #1517 ) ;
#62 = EDGE_CURVE ( 'NONE', #1625, #881, #1946, .T. ) ;
#63 = DIRECTION ( 'NONE',  ( 0.000000000000000000, 0.000000000000000000, 1.000000000000000000 ) ) ;
#64 = CIRCLE ( 'NONE', #2443, 8.600000000000024514 ) ;
#65 = LINE ( 'NONE', #1387, #2464 ) ;
#66 = EDGE_LOOP ( 'NONE', ( #340, #1614 ) ) ;
#67 = LINE ( 'NONE', #244, #2150 ) ;
#68 = ORIENTED_EDGE ( 'NONE', *, *, #873, .F. ) ;
#69 = DIRECTION ( 'NONE',  ( 0.000000000000000000, 1.000000000000000000, 0.000000000000000000 ) ) ;
#70 = AXIS2_PLACEMENT_3D ( 'NONE', #2423, #2240, #453 ) ;
#71 = ORIENTED_EDGE ( 'NONE', *, *, #2499, .T. ) ;
#72 = DIRECTION ( 'NONE',  ( 0.000000000000000000, 1.000000000000000000, -0.000000000000000000 ) ) ;
#73 = AXIS2_PLACEMENT_3D ( 'NONE', #2261, #121, #1062 ) ;
#74 = ORIENTED_EDGE ( 'NONE', *, *, #807, .T. ) ;
#75 = CYLINDRICAL_SURFACE ( 'NONE', #618, 7.599999999999996092 ) ;
#76 = CC_DESIGN_PERSON_AND_ORGANIZATION_ASSIGNMENT ( #357, #2090, ( #1264 ) ) ;
#77 = ORIENTED_EDGE ( 'NONE', *, *, #1897, .T. ) ;
#78 = DIRECTION ( 'NONE',  ( 0.000000000000000000, 0.000000000000000000, 1.000000000000000000 ) ) ;
#79 = EDGE_CURVE ( 'NONE', #1547, #15, #1170, .T. ) ;
#80 = CARTESIAN_POINT ( 'NONE',  ( 69.99999999999998579, 33.99999999999997868, 60.00000000000001421 ) ) ;
#81 = CARTESIAN_POINT ( 'NONE',  ( 69.99999999999998579, 15.00000000000000000, -59.99999999999998579 ) ) ;
#82 = ORIENTED_EDGE ( 'NONE', *, *, #2511, .T. ) ;
#83 = FACE_OUTER_BOUND ( 'NONE', #2044, .T. ) ;
#84 = AXIS2_PLACEMENT_3D ( 'NONE', #201, #1747, #1333 ) ;
#85 = EDGE_LOOP ( 'NONE', ( #2237, #1359, #154, #303 ) ) ;
#86 = DIRECTION ( 'NONE',  ( 0.000000000000000000, 0.000000000000000000, 1.000000000000000000 ) ) ;
#87 = VERTEX_POINT ( 'NONE', #1960 ) ;
#88 = FACE_BOUND ( 'NONE', #1288, .T. ) ;
#89 = AXIS2_PLACEMENT_3D ( 'NONE', #1498, #1256, #677 ) ;
#90 = EDGE_CURVE ( 'NONE', #1413, #96, #1729, .T. ) ;
#91 = VERTEX_POINT ( 'NONE', #1174 ) ;
#92 = DIRECTION ( 'NONE',  ( -0.000000000000000000, -1.000000000000000000, -0.000000000000000000 ) ) ;
#93 = VERTEX_POINT ( 'NONE', #199 ) ;
#94 = DIRECTION ( 'NONE',  ( -0.000000000000000000, 1.000000000000000000, -0.000000000000000000 ) ) ;
#95 = EDGE_CURVE ( 'NONE', #491, #1339, #64, .T. ) ;
#96 = VERTEX_POINT ( 'NONE', #2126 ) ;
#97 = CARTESIAN_POINT ( 'NONE',  ( 69.99999999999998579, 33.99999999999996447, 72.50000000000001421 ) ) ;
#98 = CARTESIAN_POINT ( 'NONE',  ( -70.00000000000001421, 33.99999999999997868, 52.40000000000001279 ) ) ;
#99 = DIRECTION ( 'NONE',  ( 0.000000000000000000, 0.000000000000000000, 1.000000000000000000 ) ) ;
#100 = VERTEX_POINT ( 'NONE', #1332 ) ;
#101 = AXIS2_PLACEMENT_3D ( 'NONE', #1171, #1958, #552 ) ;
#102 = CIRCLE ( 'NONE', #2191, 1.500000000000001332 ) ;
#103 = CARTESIAN_POINT ( 'NONE',  ( -68.45000000000001705, 12.00000000000000000, -25.04999999999997939 ) ) ;
#104 = CIRCLE ( 'NONE', #2393, 7.599999999999996092 ) ;
#105 = CARTESIAN_POINT ( 'NONE',  ( -70.00000000000001421, 35.00000000000000000, 60.00000000000001421 ) ) ;
#106 = EDGE_LOOP ( 'NONE', ( #1027, #1915, #1765, #1251 ) ) ;
#107 = EDGE_CURVE ( 'NONE', #363, #833, #1490, .T. ) ;
#108 = LINE ( 'NONE', #883, #2269 ) ;
#109 = VERTEX_POINT ( 'NONE', #737 ) ;
#110 = DIRECTION ( 'NONE',  ( 1.000000000000000000, 0.000000000000000000, 0.000000000000000000 ) ) ;
#111 = EDGE_CURVE ( 'NONE', #795, #1687, #2194, .T. ) ;
#112 = AXIS2_PLACEMENT_3D ( 'NONE', #1260, #2045, #264 ) ;
#113 = ORIENTED_EDGE ( 'NONE', *, *, #1336, .F. ) ;
#114 = CARTESIAN_POINT ( 'NONE',  ( 39.69999999999999574, 12.00000000000000000, -19.00000000000001066 ) ) ;
#115 = ORIENTED_EDGE ( 'NONE', *, *, #2133, .T. ) ;
#116 = DIRECTION ( 'NONE',  ( 0.000000000000000000, 1.000000000000000000, 0.000000000000000000 ) ) ;
#117 = ORIENTED_EDGE ( 'NONE', *, *, #1964, .T. ) ;
#118 = DIRECTION ( 'NONE',  ( 0.000000000000000000, -1.000000000000000000, 0.000000000000000000 ) ) ;
#119 = LINE ( 'NONE', #1268, #534 ) ;
#120 = ORIENTED_EDGE ( 'NONE', *, *, #2062, .F. ) ;
#121 = DIRECTION ( 'NONE',  ( 0.000000000000000000, -1.000000000000000000, 0.000000000000000000 ) ) ;
#122 = ADVANCED_FACE ( 'NONE', ( #367 ), #1693, .F. ) ;
#123 = DIRECTION ( 'NONE',  ( 0.000000000000000000, 0.000000000000000000, 1.000000000000000000 ) ) ;
#124 = DIRECTION ( 'NONE',  ( 0.000000000000000000, 0.000000000000000000, 1.000000000000000000 ) ) ;
#125 = EDGE_CURVE ( 'NONE', #2041, #1515, #2332, .T. ) ;
#126 = ORIENTED_EDGE ( 'NONE', *, *, #2336, .F. ) ;
#127 = APPLICATION_PROTOCOL_DEFINITION ( 'international standard', 'config_control_design', 1994, #754 ) ;
#128 = CIRCLE ( 'NONE', #783, 12.49999999999999645 ) ;
#129 = VERTEX_POINT ( 'NONE', #380 ) ;
#130 = CARTESIAN_POINT ( 'NONE',  ( 69.94999999999998863, 12.00000000000000000, 23.55000000000001492 ) ) ;
#131 = ORIENTED_EDGE ( 'NONE', *, *, #2196, .F. ) ;
#132 = CARTESIAN_POINT ( 'NONE',  ( 39.70000000000001705, 12.00000000000000000, 18.99999999999998579 ) ) ;
#133 = ORIENTED_EDGE ( 'NONE', *, *, #62, .T. ) ;
#134 = DIRECTION ( 'NONE',  ( -0.000000000000000000, 1.000000000000000000, -0.000000000000000000 ) ) ;
#135 = VERTEX_POINT ( 'NONE', #975 ) ;
#136 = CARTESIAN_POINT ( 'NONE',  ( 84.99999999999998579, 0.000000000000000000, 75.00000000000001421 ) ) ;
#137 = VERTEX_POINT ( 'NONE', #1919 ) ;
#138 = EDGE_CURVE ( 'NONE', #1917, #1084, #1404, .T. ) ;
#139 = APPROVAL_STATUS ( 'not_yet_approved' ) ;
#140 = AXIS2_PLACEMENT_3D ( 'NONE', #2254, #1263, #604 ) ;
#141 = ADVANCED_FACE ( 'NONE', ( #963 ), #2152, .F. ) ;
#142 = ORIENTED_EDGE ( 'NONE', *, *, #928, .T. ) ;
#143 = CARTESIAN_POINT ( 'NONE',  ( 0.000000000000000000, 15.00000000000000000, 0.000000000000000000 ) ) ;
#144 = ORIENTED_EDGE ( 'NONE', *, *, #782, .T. ) ;
#145 = DIRECTION ( 'NONE',  ( -0.000000000000000000, 1.000000000000000000, -0.000000000000000000 ) ) ;
#146 = ORIENTED_EDGE ( 'NONE', *, *, #1914, .T. ) ;
#147 = LINE ( 'NONE', #898, #724 ) ;
#148 = VECTOR ( 'NONE', #553, 1000.000000000000000 ) ;
#149 = LINE ( 'NONE', #439, #1777 ) ;
#150 = AXIS2_PLACEMENT_3D ( 'NONE', #1793, #69, #449 ) ;
#151 = DIRECTION ( 'NONE',  ( 0.000000000000000000, 1.000000000000000000, -0.000000000000000000 ) ) ;
#152 = ORIENTED_EDGE ( 'NONE', *, *, #2036, .F. ) ;
#153 = DIRECTION ( 'NONE',  ( 0.000000000000000000, 1.000000000000000000, -0.000000000000000000 ) ) ;
#154 = ORIENTED_EDGE ( 'NONE', *, *, #387, .T. ) ;
#155 = EDGE_CURVE ( 'NONE', #496, #1413, #949, .T. ) ;
#156 = CYLINDRICAL_SURFACE ( 'NONE', #504, 7.599999999999996092 ) ;
#157 = ORIENTED_EDGE ( 'NONE', *, *, #2289, .F. ) ;
#158 = CARTESIAN_POINT ( 'NONE',  ( -63.70000000000000995, 0.000000000000000000, 19.00000000000000000 ) ) ;
#159 = EDGE_LOOP ( 'NONE', ( #177, #1940, #1423, #2213 ) ) ;
#160 = DIRECTION ( 'NONE',  ( 0.000000000000000000, 0.000000000000000000, 1.000000000000000000 ) ) ;
#161 = DIRECTION ( 'NONE',  ( 0.000000000000000000, 1.000000000000000000, -0.000000000000000000 ) ) ;
#162 = DIRECTION ( 'NONE',  ( 0.000000000000000000, -0.000000000000000000, -1.000000000000000000 ) ) ;
#163 = CONICAL_SURFACE ( 'NONE', #1624, 11.50000000000001066, 0.7853981633974405074 ) ;
#164 = ORIENTED_EDGE ( 'NONE', *, *, #992, .T. ) ;
#165 = CARTESIAN_POINT ( 'NONE',  ( 33.44999999999998863, 12.00000000000000000, -25.04999999999998295 ) ) ;
#166 = DIRECTION ( 'NONE',  ( 0.000000000000000000, 0.000000000000000000, 1.000000000000000000 ) ) ;
#167 = VERTEX_POINT ( 'NONE', #2544 ) ;
#168 = CARTESIAN_POINT ( 'NONE',  ( -70.00000000000001421, 35.00000000000000000, 72.50000000000001421 ) ) ;
#169 = EDGE_CURVE ( 'NONE', #1848, #1230, #1553, .T. ) ;
#170 = ORIENTED_EDGE ( 'NONE', *, *, #873, .T. ) ;
#171 = CARTESIAN_POINT ( 'NONE',  ( -68.45000000000001705, 15.00000000000000000, -25.04999999999997939 ) ) ;
#172 = DIRECTION ( 'NONE',  ( -0.000000000000000000, 1.000000000000000000, -0.000000000000000000 ) ) ;
#173 = DIRECTION ( 'NONE',  ( 0.000000000000000000, 0.000000000000000000, 1.000000000000000000 ) ) ;
#174 = EDGE_CURVE ( 'NONE', #2430, #2307, #1821, .T. ) ;
#175 = CARTESIAN_POINT ( 'NONE',  ( 39.70000000000001705, 12.00000000000000000, 18.99999999999998579 ) ) ;
#176 = AXIS2_PLACEMENT_3D ( 'NONE', #2118, #2130, #1695 ) ;
#177 = ORIENTED_EDGE ( 'NONE', *, *, #1545, .F. ) ;
#178 = PLANE ( 'NONE',  #736 ) ;
#179 = VECTOR ( 'NONE', #1872, 1000.000000000000000 ) ;
#180 = CIRCLE ( 'NONE', #462, 12.49999999999999645 ) ;
#181 = LINE ( 'NONE', #1954, #324 ) ;
#182 = VERTEX_POINT ( 'NONE', #936 ) ;
#183 = DIRECTION ( 'NONE',  ( 0.000000000000000000, 0.000000000000000000, 1.000000000000000000 ) ) ;
#184 = EDGE_LOOP ( 'NONE', ( #1302, #2226, #1001, #858 ) ) ;
#185 = DIRECTION ( 'NONE',  ( -0.000000000000000000, -1.000000000000000000, -0.000000000000000000 ) ) ;
#186 = CARTESIAN_POINT ( 'NONE',  ( -85.00000000000001421, 15.00000000000000000, 75.00000000000001421 ) ) ;
#187 = ADVANCED_FACE ( 'NONE', ( #2516 ), #750, .F. ) ;
#188 = CARTESIAN_POINT ( 'NONE',  ( 69.99999999999998579, 33.99999999999997868, -67.59999999999998010 ) ) ;
#189 = CARTESIAN_POINT ( 'NONE',  ( -70.00000000000001421, 35.00000000000000000, -71.50000000000000000 ) ) ;
#190 = EDGE_CURVE ( 'NONE', #1300, #2069, #1373, .T. ) ;
#191 = CARTESIAN_POINT ( 'NONE',  ( -69.95000000000001705, 12.00000000000000000, 26.55000000000001847 ) ) ;
#192 = PERSON_AND_ORGANIZATION_ROLE ( 'design_supplier' ) ;
#193 = ORIENTED_EDGE ( 'NONE', *, *, #2081, .F. ) ;
#194 = CARTESIAN_POINT ( 'NONE',  ( 69.99999999999998579, 33.99999999999997868, -59.99999999999998579 ) ) ;
#195 = DIRECTION ( 'NONE',  ( -0.000000000000000000, 1.000000000000000000, -0.000000000000000000 ) ) ;
#196 = APPLICATION_CONTEXT ( 'configuration controlled 3d designs of mechanical parts and assemblies' ) ;
#197 = CARTESIAN_POINT ( 'NONE',  ( -39.70000000000000284, 12.00000000000000000, 19.00000000000000000 ) ) ;
#198 = CYLINDRICAL_SURFACE ( 'NONE', #548, 2.250000000000001776 ) ;
#199 = CARTESIAN_POINT ( 'NONE',  ( 63.70000000000000995, 12.00000000000000000, 16.74999999999997513 ) ) ;
#200 = AXIS2_PLACEMENT_3D ( 'NONE', #1245, #1660, #1635 ) ;
#201 = CARTESIAN_POINT ( 'NONE',  ( 39.70000000000001705, 0.000000000000000000, 18.99999999999998579 ) ) ;
#202 = EDGE_CURVE ( 'NONE', #2421, #1277, #149, .T. ) ;
#203 = AXIS2_PLACEMENT_3D ( 'NONE', #1337, #1763, #2120 ) ;
#204 = FACE_BOUND ( 'NONE', #1746, .T. ) ;
#205 = COORDINATED_UNIVERSAL_TIME_OFFSET ( 0, 0, .AHEAD. ) ;
#206 = VECTOR ( 'NONE', #2010, 1000.000000000000000 ) ;
#207 = ORIENTED_EDGE ( 'NONE', *, *, #529, .T. ) ;
#208 = CARTESIAN_POINT ( 'NONE',  ( -70.00000000000001421, 35.00000000000000000, -59.99999999999998579 ) ) ;
#209 = ORIENTED_EDGE ( 'NONE', *, *, #1173, .F. ) ;
#210 = VERTEX_POINT ( 'NONE', #1383 ) ;
#211 = LINE ( 'NONE', #1741, #1643 ) ;
#212 = CARTESIAN_POINT ( 'NONE',  ( 69.99999999999998579, 35.00000000000000000, 72.50000000000001421 ) ) ;
#213 = DIRECTION ( 'NONE',  ( 0.000000000000000000, 0.000000000000000000, 1.000000000000000000 ) ) ;
#214 = ORIENTED_EDGE ( 'NONE', *, *, #377, .F. ) ;
#215 = FACE_OUTER_BOUND ( 'NONE', #2121, .T. ) ;
#216 = CARTESIAN_POINT ( 'NONE',  ( -70.00000000000001421, 33.99999999999997868, -67.59999999999998010 ) ) ;
#217 = ADVANCED_FACE ( 'NONE', ( #2225 ), #1034, .F. ) ;
#218 = ORIENTED_EDGE ( 'NONE', *, *, #450, .T. ) ;
#219 = LINE ( 'NONE', #1997, #2002 ) ;
#220 = EDGE_CURVE ( 'NONE', #96, #665, #673, .T. ) ;
#221 = ORIENTED_EDGE ( 'NONE', *, *, #1666, .F. ) ;
#222 = DIRECTION ( 'NONE',  ( 0.000000000000000000, -1.000000000000000000, 0.000000000000000000 ) ) ;
#223 = CARTESIAN_POINT ( 'NONE',  ( -33.45000000000001705, 12.00000000000000000, -23.54999999999997939 ) ) ;
#224 = VECTOR ( 'NONE', #110, 1000.000000000000000 ) ;
#225 = DIRECTION ( 'NONE',  ( 0.000000000000000000, 1.000000000000000000, -0.000000000000000000 ) ) ;
#226 = AXIS2_PLACEMENT_3D ( 'NONE', #335, #919, #1699 ) ;
#227 = VECTOR ( 'NONE', #2328, 1000.000000000000000 ) ;
#228 = DIRECTION ( 'NONE',  ( -0.000000000000000000, 1.000000000000000000, -0.000000000000000000 ) ) ;
#229 = AXIS2_PLACEMENT_3D ( 'NONE', #1405, #1970, #2392 ) ;
#230 = LINE ( 'NONE', #1565, #1669 ) ;
#231 = APPROVAL_ROLE ( '' ) ;
#232 = ADVANCED_FACE ( 'NONE', ( #1822 ), #237, .F. ) ;
#233 = DIRECTION ( 'NONE',  ( 0.000000000000000000, 1.000000000000000000, 0.000000000000000000 ) ) ;
#234 = ADVANCED_FACE ( 'NONE', ( #1621 ), #2370, .F. ) ;
#235 = ORIENTED_EDGE ( 'NONE', *, *, #524, .T. ) ;
#236 = FACE_OUTER_BOUND ( 'NONE', #1722, .T. ) ;
#237 = CYLINDRICAL_SURFACE ( 'NONE', #1003, 2.250000000000001776 ) ;
#238 = DIRECTION ( 'NONE',  ( 0.000000000000000000, 0.000000000000000000, -1.000000000000000000 ) ) ;
#239 = DIRECTION ( 'NONE',  ( -0.000000000000000000, 1.000000000000000000, -0.000000000000000000 ) ) ;
#240 = AXIS2_PLACEMENT_3D ( 'NONE', #983, #14, #1379 ) ;
#241 = DIRECTION ( 'NONE',  ( -0.000000000000000000, 1.000000000000000000, -0.000000000000000000 ) ) ;
#242 = AXIS2_PLACEMENT_3D ( 'NONE', #1016, #1242, #2206 ) ;
#243 = VERTEX_POINT ( 'NONE', #606 ) ;
#244 = CARTESIAN_POINT ( 'NONE',  ( -85.00000000000001421, 0.000000000000000000, 75.00000000000001421 ) ) ;
#245 = EDGE_CURVE ( 'NONE', #1549, #1121, #987, .T. ) ;
#246 = DIRECTION ( 'NONE',  ( -0.000000000000000000, 1.000000000000000000, -0.000000000000000000 ) ) ;
#247 = ORIENTED_EDGE ( 'NONE', *, *, #422, .T. ) ;
#248 = CARTESIAN_POINT ( 'NONE',  ( -63.70000000000000995, 12.00000000000000000, 21.25000000000000000 ) ) ;
#249 = ADVANCED_FACE ( 'NONE', ( #1416 ), #1768, .F. ) ;
#250 = AXIS2_PLACEMENT_3D ( 'NONE', #165, #2520, #2284 ) ;
#251 = CARTESIAN_POINT ( 'NONE',  ( -33.45000000000001705, 15.00000000000000000, 23.55000000000001492 ) ) ;
#252 = ORIENTED_EDGE ( 'NONE', *, *, #392, .T. ) ;
#253 = DIRECTION ( 'NONE',  ( -0.000000000000000000, -1.000000000000000000, -0.000000000000000000 ) ) ;
#254 = VERTEX_POINT ( 'NONE', #1594 ) ;
#255 = EDGE_LOOP ( 'NONE', ( #2110, #1384, #1461, #2088 ) ) ;
#256 = DIRECTION ( 'NONE',  ( 0.000000000000000000, 0.000000000000000000, 1.000000000000000000 ) ) ;
#257 = DIRECTION ( 'NONE',  ( 0.000000000000000000, 0.000000000000000000, 1.000000000000000000 ) ) ;
#258 = ORIENTED_EDGE ( 'NONE', *, *, #1748, .F. ) ;
#259 = CARTESIAN_POINT ( 'NONE',  ( 69.94999999999998863, 12.00000000000000000, 25.05000000000001847 ) ) ;
#260 = EDGE_CURVE ( 'NONE', #52, #137, #921, .T. ) ;
#261 = CIRCLE ( 'NONE', #1438, 7.599999999999996092 ) ;
#262 = AXIS2_PLACEMENT_3D ( 'NONE', #864, #1640, #1219 ) ;
#263 = VERTEX_POINT ( 'NONE', #21 ) ;
#264 = DIRECTION ( 'NONE',  ( 0.000000000000000000, 0.000000000000000000, 1.000000000000000000 ) ) ;
#265 = EDGE_CURVE ( 'NONE', #2107, #2050, #1010, .T. ) ;
#266 = AXIS2_PLACEMENT_3D ( 'NONE', #1548, #944, #1340 ) ;
#267 = ORIENTED_EDGE ( 'NONE', *, *, #1414, .F. ) ;
#268 = DIRECTION ( 'NONE',  ( 0.000000000000000000, 0.000000000000000000, 1.000000000000000000 ) ) ;
#269 = AXIS2_PLACEMENT_3D ( 'NONE', #1864, #694, #1513 ) ;
#270 = LINE ( 'NONE', #2388, #2378 ) ;
#271 = AXIS2_PLACEMENT_3D ( 'NONE', #1574, #2404, #1804 ) ;
#272 = ORIENTED_EDGE ( 'NONE', *, *, #1459, .F. ) ;
#273 = CYLINDRICAL_SURFACE ( 'NONE', #1071, 2.250000000000001776 ) ;
#274 = ORIENTED_EDGE ( 'NONE', *, *, #1159, .T. ) ;
#275 = DIRECTION ( 'NONE',  ( -1.000000000000000000, 0.000000000000000000, -1.035655806553317700E-16 ) ) ;
#276 = ORIENTED_EDGE ( 'NONE', *, *, #1696, .F. ) ;
#277 = DIRECTION ( 'NONE',  ( 0.000000000000000000, -1.000000000000000000, 0.000000000000000000 ) ) ;
#278 = DIRECTION ( 'NONE',  ( -0.000000000000000000, 1.000000000000000000, -0.000000000000000000 ) ) ;
#279 = ORIENTED_EDGE ( 'NONE', *, *, #1679, .F. ) ;
#280 = EDGE_CURVE ( 'NONE', #182, #2445, #2491, .T. ) ;
#281 = FACE_OUTER_BOUND ( 'NONE', #587, .T. ) ;
#282 = EDGE_CURVE ( 'NONE', #1022, #688, #1533, .T. ) ;
#283 = DIRECTION ( 'NONE',  ( 1.000000000000000000, 0.000000000000000000, 0.000000000000000000 ) ) ;
#284 = ORIENTED_EDGE ( 'NONE', *, *, #62, .F. ) ;
#285 = CARTESIAN_POINT ( 'NONE',  ( 33.44999999999998863, 12.00000000000000000, 23.55000000000001492 ) ) ;
#286 = ORIENTED_EDGE ( 'NONE', *, *, #1386, .T. ) ;
#287 = DIRECTION ( 'NONE',  ( -0.000000000000000000, 1.000000000000000000, -0.000000000000000000 ) ) ;
#288 = CIRCLE ( 'NONE', #2422, 2.250000000000001776 ) ;
#289 = ORIENTED_EDGE ( 'NONE', *, *, #2432, .T. ) ;
#290 = CYLINDRICAL_SURFACE ( 'NONE', #262, 1.500000000000001332 ) ;
#291 = VERTEX_POINT ( 'NONE', #652 ) ;
#292 = LINE ( 'NONE', #1656, #465 ) ;
#293 = EDGE_CURVE ( 'NONE', #1081, #167, #1953, .T. ) ;
#294 = AXIS2_PLACEMENT_3D ( 'NONE', #1938, #755, #547 ) ;
#295 = EDGE_CURVE ( 'NONE', #52, #2287, #1608, .T. ) ;
#296 = DIRECTION ( 'NONE',  ( -0.000000000000000000, -0.000000000000000000, 1.000000000000000000 ) ) ;
#297 = CARTESIAN_POINT ( 'NONE',  ( 39.70000000000001705, 0.000000000000000000, 21.25000000000000000 ) ) ;
#298 = ORIENTED_EDGE ( 'NONE', *, *, #43, .T. ) ;
#299 = DIRECTION ( 'NONE',  ( 0.000000000000000000, 0.000000000000000000, -1.000000000000000000 ) ) ;
#300 = VERTEX_POINT ( 'NONE', #820 ) ;
#301 = AXIS2_PLACEMENT_3D ( 'NONE', #2038, #650, #1819 ) ;
#302 = CARTESIAN_POINT ( 'NONE',  ( -85.00000000000001421, 15.00000000000000000, -74.99999999999998579 ) ) ;
#303 = ORIENTED_EDGE ( 'NONE', *, *, #1354, .T. ) ;
#304 = CARTESIAN_POINT ( 'NONE',  ( 69.99999999999998579, 34.00000000000000000, -72.49999999999998579 ) ) ;
#305 = CIRCLE ( 'NONE', #2436, 12.49999999999999645 ) ;
#306 = ORIENTED_EDGE ( 'NONE', *, *, #529, .F. ) ;
#307 = AXIS2_PLACEMENT_3D ( 'NONE', #1715, #1563, #9 ) ;
#308 = CARTESIAN_POINT ( 'NONE',  ( -33.45000000000001705, 15.00000000000000000, 25.05000000000001847 ) ) ;
#309 = VERTEX_POINT ( 'NONE', #1235 ) ;
#310 = LINE ( 'NONE', #2236, #1760 ) ;
#311 = EDGE_CURVE ( 'NONE', #537, #2482, #2015, .T. ) ;
#312 = ORIENTED_EDGE ( 'NONE', *, *, #2068, .T. ) ;
#313 = DIRECTION ( 'NONE',  ( 0.000000000000000000, 0.000000000000000000, 1.000000000000000000 ) ) ;
#314 = AXIS2_PLACEMENT_3D ( 'NONE', #1249, #2034, #99 ) ;
#315 = VERTEX_POINT ( 'NONE', #808 ) ;
#316 = CARTESIAN_POINT ( 'NONE',  ( 34.94999999999998863, 15.00000000000000000, 25.05000000000001847 ) ) ;
#317 = ORIENTED_EDGE ( 'NONE', *, *, #570, .F. ) ;
#318 = DIRECTION ( 'NONE',  ( -0.000000000000000000, 1.000000000000000000, -0.000000000000000000 ) ) ;
#319 = EDGE_LOOP ( 'NONE', ( #1494, #1678 ) ) ;
#320 = VERTEX_POINT ( 'NONE', #1584 ) ;
#321 = FACE_OUTER_BOUND ( 'NONE', #899, .T. ) ;
#322 = EDGE_LOOP ( 'NONE', ( #2026, #2009, #336, #247 ) ) ;
#323 = DIRECTION ( 'NONE',  ( 0.000000000000000000, 0.000000000000000000, -1.000000000000000000 ) ) ;
#324 = VECTOR ( 'NONE', #2167, 1000.000000000000000 ) ;
#325 = VERTEX_POINT ( 'NONE', #2380 ) ;
#326 = CARTESIAN_POINT ( 'NONE',  ( -39.70000000000000284, 0.000000000000000000, -16.74999999999999289 ) ) ;
#327 = EDGE_CURVE ( 'NONE', #300, #1017, #1663, .T. ) ;
#328 = AXIS2_PLACEMENT_3D ( 'NONE', #2156, #610, #802 ) ;
#329 = ORIENTED_EDGE ( 'NONE', *, *, #1596, .T. ) ;
#330 = FACE_OUTER_BOUND ( 'NONE', #1273, .T. ) ;
#331 = EDGE_CURVE ( 'NONE', #680, #2266, #427, .T. ) ;
#332 = ORIENTED_EDGE ( 'NONE', *, *, #95, .T. ) ;
#333 = APPLICATION_PROTOCOL_DEFINITION ( 'international standard', 'config_control_design', 1994, #196 ) ;
#334 = ORIENTED_EDGE ( 'NONE', *, *, #2395, .F. ) ;
#335 = CARTESIAN_POINT ( 'NONE',  ( 69.99999999999998579, 33.99999999999997868, -59.99999999999998579 ) ) ;
#336 = ORIENTED_EDGE ( 'NONE', *, *, #2224, .F. ) ;
#337 = CARTESIAN_POINT ( 'NONE',  ( 34.94999999999998863, 15.00000000000000000, -25.04999999999998295 ) ) ;
#338 = ORIENTED_EDGE ( 'NONE', *, *, #2196, .T. ) ;
#339 = FACE_OUTER_BOUND ( 'NONE', #1130, .T. ) ;
#340 = ORIENTED_EDGE ( 'NONE', *, *, #2208, .F. ) ;
#341 = EDGE_CURVE ( 'NONE', #527, #2435, #1998, .T. ) ;
#342 = DIRECTION ( 'NONE',  ( -0.000000000000000000, 1.000000000000000000, -0.000000000000000000 ) ) ;
#343 = ORIENTED_EDGE ( 'NONE', *, *, #824, .T. ) ;
#344 = ADVANCED_FACE ( 'NONE', ( #2431 ), #2259, .F. ) ;
#345 = CIRCLE ( 'NONE', #1365, 2.250000000000001776 ) ;
#346 = AXIS2_PLACEMENT_3D ( 'NONE', #1854, #492, #2023 ) ;
#347 = ORIENTED_EDGE ( 'NONE', *, *, #508, .F. ) ;
#348 = VECTOR ( 'NONE', #1739, 999.9999999999998863 ) ;
#349 = DIRECTION ( 'NONE',  ( 0.000000000000000000, 0.000000000000000000, -1.000000000000000000 ) ) ;
#350 = ORIENTED_EDGE ( 'NONE', *, *, #1262, .F. ) ;
#351 = DIRECTION ( 'NONE',  ( 0.000000000000000000, 1.000000000000000000, 0.000000000000000000 ) ) ;
#352 = VECTOR ( 'NONE', #406, 1000.000000000000000 ) ;
#353 = LINE ( 'NONE', #2528, #1284 ) ;
#354 = DIRECTION ( 'NONE',  ( 0.000000000000000000, 1.000000000000000000, -0.000000000000000000 ) ) ;
#355 = CYLINDRICAL_SURFACE ( 'NONE', #2180, 12.49999999999999645 ) ;
#356 = ORIENTED_EDGE ( 'NONE', *, *, #2453, .T. ) ;
#357 = PERSON_AND_ORGANIZATION ( #2481, #2137 ) ;
#358 = EDGE_CURVE ( 'NONE', #2266, #2260, #407, .T. ) ;
#359 = DIRECTION ( 'NONE',  ( 0.000000000000000000, 0.000000000000000000, 1.000000000000000000 ) ) ;
#360 = ADVANCED_FACE ( 'NONE', ( #908 ), #664, .F. ) ;
#361 = ORIENTED_EDGE ( 'NONE', *, *, #796, .F. ) ;
#362 = DIRECTION ( 'NONE',  ( 0.000000000000000000, -1.000000000000000000, 0.000000000000000000 ) ) ;
#363 = VERTEX_POINT ( 'NONE', #1101 ) ;
#364 = FACE_OUTER_BOUND ( 'NONE', #879, .T. ) ;
#365 = VECTOR ( 'NONE', #1281, 1000.000000000000000 ) ;
#366 = CARTESIAN_POINT ( 'NONE',  ( 63.70000000000000995, 0.000000000000000000, 18.99999999999997868 ) ) ;
#367 = FACE_OUTER_BOUND ( 'NONE', #1527, .T. ) ;
#368 = DIRECTION ( 'NONE',  ( 0.000000000000000000, 0.000000000000000000, 1.000000000000000000 ) ) ;
#369 = ORIENTED_EDGE ( 'NONE', *, *, #260, .T. ) ;
#370 = LINE ( 'NONE', #1937, #1189 ) ;
#371 = CARTESIAN_POINT ( 'NONE',  ( -70.00000000000001421, 15.00000000000000000, 60.00000000000001421 ) ) ;
#372 = AXIS2_PLACEMENT_3D ( 'NONE', #2127, #1934, #2517 ) ;
#373 = EDGE_CURVE ( 'NONE', #6, #1661, #310, .T. ) ;
#374 = DIRECTION ( 'NONE',  ( 0.000000000000000000, 1.000000000000000000, 0.000000000000000000 ) ) ;
#375 = ORIENTED_EDGE ( 'NONE', *, *, #138, .T. ) ;
#376 = CYLINDRICAL_SURFACE ( 'NONE', #1167, 2.250000000000001776 ) ;
#377 = EDGE_CURVE ( 'NONE', #414, #93, #656, .T. ) ;
#378 = DIRECTION ( 'NONE',  ( 0.000000000000000000, 0.000000000000000000, -1.000000000000000000 ) ) ;
#379 = CARTESIAN_POINT ( 'NONE',  ( -33.45000000000001705, 15.00000000000000000, -23.54999999999997939 ) ) ;
#380 = CARTESIAN_POINT ( 'NONE',  ( -34.95000000000001705, 15.00000000000000000, 25.05000000000001847 ) ) ;
#381 = FACE_BOUND ( 'NONE', #319, .T. ) ;
#382 = LINE ( 'NONE', #1191, #2089 ) ;
#383 = EDGE_LOOP ( 'NONE', ( #1489, #478, #218, #2472 ) ) ;
#384 = AXIS2_PLACEMENT_3D ( 'NONE', #718, #690, #1470 ) ;
#385 = AXIS2_PLACEMENT_3D ( 'NONE', #1472, #2138, #1714 ) ;
#386 = CARTESIAN_POINT ( 'NONE',  ( -69.95000000000001705, 12.00000000000000000, -25.04999999999998295 ) ) ;
#387 = EDGE_CURVE ( 'NONE', #1049, #2307, #119, .T. ) ;
#388 = CARTESIAN_POINT ( 'NONE',  ( -70.00000000000001421, 35.00000000000000000, 47.50000000000001421 ) ) ;
#389 = VECTOR ( 'NONE', #438, 1000.000000000000000 ) ;
#390 = DIRECTION ( 'NONE',  ( -0.000000000000000000, 1.000000000000000000, -0.000000000000000000 ) ) ;
#391 = CARTESIAN_POINT ( 'NONE',  ( 68.44999999999998863, 15.00000000000000000, -25.04999999999997939 ) ) ;
#392 = EDGE_CURVE ( 'NONE', #440, #436, #862, .T. ) ;
#393 = CARTESIAN_POINT ( 'NONE',  ( 69.94999999999998863, 15.00000000000000000, 25.05000000000001847 ) ) ;
#394 = ORIENTED_EDGE ( 'NONE', *, *, #1429, .F. ) ;
#395 = FACE_BOUND ( 'NONE', #1904, .T. ) ;
#396 = AXIS2_PLACEMENT_3D ( 'NONE', #2140, #2502, #1158 ) ;
#397 = CARTESIAN_POINT ( 'NONE',  ( -70.00000000000001421, 35.00000000000000000, 60.00000000000001421 ) ) ;
#398 = COORDINATED_UNIVERSAL_TIME_OFFSET ( 0, 0, .AHEAD. ) ;
#399 = EDGE_LOOP ( 'NONE', ( #2173, #2359, #636, #2184 ) ) ;
#400 = FACE_OUTER_BOUND ( 'NONE', #28, .T. ) ;
#401 = VECTOR ( 'NONE', #1134, 1000.000000000000000 ) ;
#402 = ORIENTED_EDGE ( 'NONE', *, *, #202, .T. ) ;
#403 = ORIENTED_EDGE ( 'NONE', *, *, #2224, .T. ) ;
#404 = CARTESIAN_POINT ( 'NONE',  ( 63.70000000000000995, 12.00000000000000000, -16.75000000000000000 ) ) ;
#405 = CYLINDRICAL_SURFACE ( 'NONE', #505, 7.599999999999996092 ) ;
#406 = DIRECTION ( 'NONE',  ( 8.659560562354858902E-17, -0.7071067811865536790, 0.7071067811865414665 ) ) ;
#407 = CIRCLE ( 'NONE', #2051, 2.250000000000015987 ) ;
#408 = CARTESIAN_POINT ( 'NONE',  ( 69.99999999999998579, 0.000000000000000000, -52.39999999999999147 ) ) ;
#409 = ADVANCED_FACE ( 'NONE', ( #1833 ), #2103, .T. ) ;
#410 = CYLINDRICAL_SURFACE ( 'NONE', #654, 12.49999999999999645 ) ;
#411 = ADVANCED_FACE ( 'NONE', ( #2067 ), #460, .F. ) ;
#412 = EDGE_LOOP ( 'NONE', ( #2508, #602, #651, #146, #1290, #1286, #483, #1783, #1211, #403 ) ) ;
#413 = CYLINDRICAL_SURFACE ( 'NONE', #240, 2.250000000000001776 ) ;
#414 = VERTEX_POINT ( 'NONE', #1060 ) ;
#415 = CARTESIAN_POINT ( 'NONE',  ( -39.70000000000000284, 12.00000000000000000, 19.00000000000000000 ) ) ;
#416 = AXIS2_PLACEMENT_3D ( 'NONE', #2227, #1247, #1784 ) ;
#417 = CARTESIAN_POINT ( 'NONE',  ( 33.44999999999998863, 12.00000000000000000, 25.05000000000001847 ) ) ;
#418 = AXIS2_PLACEMENT_3D ( 'NONE', #114, #1677, #1308 ) ;
#419 = DIRECTION ( 'NONE',  ( -0.000000000000000000, 1.000000000000000000, -0.000000000000000000 ) ) ;
#420 = DIRECTION ( 'NONE',  ( -0.000000000000000000, 1.000000000000000000, -0.000000000000000000 ) ) ;
#421 = DIRECTION ( 'NONE',  ( 0.000000000000000000, 0.000000000000000000, 1.000000000000000000 ) ) ;
#422 = EDGE_CURVE ( 'NONE', #603, #1702, #1685, .T. ) ;
#423 = DIRECTION ( 'NONE',  ( 0.000000000000000000, 0.000000000000000000, -1.000000000000000000 ) ) ;
#424 = ORIENTED_EDGE ( 'NONE', *, *, #2547, .F. ) ;
#425 = DIRECTION ( 'NONE',  ( -0.000000000000000000, 1.000000000000000000, -0.000000000000000000 ) ) ;
#426 = AXIS2_PLACEMENT_3D ( 'NONE', #1979, #116, #1463 ) ;
#427 = LINE ( 'NONE', #1216, #365 ) ;
#428 = LINE ( 'NONE', #1431, #1232 ) ;
#429 = AXIS2_PLACEMENT_3D ( 'NONE', #2455, #222, #685 ) ;
#430 = AXIS2_PLACEMENT_3D ( 'NONE', #1907, #1343, #1320 ) ;
#431 = CARTESIAN_POINT ( 'NONE',  ( -63.70000000000000995, 0.000000000000000000, -16.74999999999999289 ) ) ;
#432 = EDGE_CURVE ( 'NONE', #2016, #2402, #180, .T. ) ;
#433 = DIRECTION ( 'NONE',  ( 0.000000000000000000, 0.000000000000000000, -1.000000000000000000 ) ) ;
#434 = CIRCLE ( 'NONE', #314, 12.49999999999999645 ) ;
#435 = CONICAL_SURFACE ( 'NONE', #36, 7.599999999999996092, 0.7853981633974522758 ) ;
#436 = VERTEX_POINT ( 'NONE', #1048 ) ;
#437 = EDGE_CURVE ( 'NONE', #91, #2260, #497, .T. ) ;
#438 = DIRECTION ( 'NONE',  ( -1.000000000000000000, -0.000000000000000000, -0.000000000000000000 ) ) ;
#439 = CARTESIAN_POINT ( 'NONE',  ( -68.45000000000001705, 12.00000000000000000, 25.05000000000001847 ) ) ;
#440 = VERTEX_POINT ( 'NONE', #512 ) ;
#441 = CARTESIAN_POINT ( 'NONE',  ( 69.99999999999998579, 15.00000000000000000, -47.49999999999998579 ) ) ;
#442 = CARTESIAN_POINT ( 'NONE',  ( -70.00000000000001421, 35.00000000000000000, 60.00000000000001421 ) ) ;
#443 = VERTEX_POINT ( 'NONE', #2447 ) ;
#444 = CIRCLE ( 'NONE', #2043, 1.500000000000001332 ) ;
#445 = CARTESIAN_POINT ( 'NONE',  ( 69.99999999999998579, 35.00000000000000000, -59.99999999999998579 ) ) ;
#446 = ADVANCED_FACE ( 'NONE', ( #2247 ), #1858, .F. ) ;
#447 = EDGE_LOOP ( 'NONE', ( #938, #530 ) ) ;
#448 = DIRECTION ( 'NONE',  ( -0.000000000000000000, 1.000000000000000000, -0.000000000000000000 ) ) ;
#449 = DIRECTION ( 'NONE',  ( 0.000000000000000000, 0.000000000000000000, 1.000000000000000000 ) ) ;
#450 = EDGE_CURVE ( 'NONE', #325, #491, #108, .T. ) ;
#451 = ORIENTED_EDGE ( 'NONE', *, *, #2068, .F. ) ;
#452 = DIRECTION ( 'NONE',  ( 0.000000000000000000, 0.000000000000000000, 1.000000000000000000 ) ) ;
#453 = DIRECTION ( 'NONE',  ( 0.000000000000000000, 0.000000000000000000, 1.000000000000000000 ) ) ;
#454 = ORIENTED_EDGE ( 'NONE', *, *, #138, .F. ) ;
#455 = DIRECTION ( 'NONE',  ( 0.000000000000000000, 0.000000000000000000, 1.000000000000000000 ) ) ;
#456 = DIRECTION ( 'NONE',  ( 0.000000000000000000, 0.000000000000000000, -1.000000000000000000 ) ) ;
#457 = CIRCLE ( 'NONE', #1600, 11.50000000000001066 ) ;
#458 = ORIENTED_EDGE ( 'NONE', *, *, #1617, .F. ) ;
#459 = LINE ( 'NONE', #38, #2316 ) ;
#460 = PLANE ( 'NONE',  #2057 ) ;
#461 = ORIENTED_EDGE ( 'NONE', *, *, #1069, .T. ) ;
#462 = AXIS2_PLACEMENT_3D ( 'NONE', #81, #94, #857 ) ;
#463 = CARTESIAN_POINT ( 'NONE',  ( 69.99999999999998579, 33.99999999999997868, 67.60000000000000853 ) ) ;
#464 = EDGE_CURVE ( 'NONE', #1750, #523, #53, .T. ) ;
#465 = VECTOR ( 'NONE', #1642, 1000.000000000000000 ) ;
#466 = ORIENTED_EDGE ( 'NONE', *, *, #1631, .T. ) ;
#467 = CARTESIAN_POINT ( 'NONE',  ( -63.70000000000000995, 0.000000000000000000, -21.24999999999999645 ) ) ;
#468 = EDGE_LOOP ( 'NONE', ( #252, #1458 ) ) ;
#469 = CARTESIAN_POINT ( 'NONE',  ( -70.00000000000001421, 33.99999999999997868, -59.99999999999998579 ) ) ;
#470 = FACE_OUTER_BOUND ( 'NONE', #2102, .T. ) ;
#471 = ORIENTED_EDGE ( 'NONE', *, *, #698, .T. ) ;
#472 = DIRECTION ( 'NONE',  ( 0.000000000000000000, 1.000000000000000000, -0.000000000000000000 ) ) ;
#473 = ORIENTED_EDGE ( 'NONE', *, *, #2148, .T. ) ;
#474 = DIRECTION ( 'NONE',  ( 0.000000000000000000, 1.000000000000000000, -0.000000000000000000 ) ) ;
#475 = CARTESIAN_POINT ( 'NONE',  ( -70.00000000000001421, 0.000000000000000000, -59.99999999999998579 ) ) ;
#476 = EDGE_CURVE ( 'NONE', #688, #539, #1673, .T. ) ;
#477 = DIRECTION ( 'NONE',  ( 0.000000000000000000, 0.000000000000000000, 1.000000000000000000 ) ) ;
#478 = ORIENTED_EDGE ( 'NONE', *, *, #2386, .F. ) ;
#479 = EDGE_CURVE ( 'NONE', #923, #795, #2512, .T. ) ;
#480 = DIRECTION ( 'NONE',  ( -0.000000000000000000, -1.000000000000000000, -0.000000000000000000 ) ) ;
#481 = ORIENTED_EDGE ( 'NONE', *, *, #1209, .T. ) ;
#482 = FACE_BOUND ( 'NONE', #1641, .T. ) ;
#483 = ORIENTED_EDGE ( 'NONE', *, *, #1336, .T. ) ;
#484 = DIRECTION ( 'NONE',  ( -0.000000000000000000, -1.000000000000000000, -0.000000000000000000 ) ) ;
#485 = EDGE_LOOP ( 'NONE', ( #2541, #1311, #2363, #144 ) ) ;
#486 = FACE_OUTER_BOUND ( 'NONE', #1295, .T. ) ;
#487 = AXIS2_PLACEMENT_3D ( 'NONE', #581, #1147, #2531 ) ;
#488 = CARTESIAN_POINT ( 'NONE',  ( -39.70000000000000284, 0.000000000000000000, -21.24999999999999645 ) ) ;
#489 = AXIS2_PLACEMENT_3D ( 'NONE', #1770, #1385, #162 ) ;
#490 = CARTESIAN_POINT ( 'NONE',  ( 63.70000000000000995, 0.000000000000000000, -19.00000000000001776 ) ) ;
#491 = VERTEX_POINT ( 'NONE', #1701 ) ;
#492 = DIRECTION ( 'NONE',  ( -0.000000000000000000, 1.000000000000000000, -0.000000000000000000 ) ) ;
#493 = EDGE_CURVE ( 'NONE', #1086, #320, #1519, .T. ) ;
#494 = ORIENTED_EDGE ( 'NONE', *, *, #341, .F. ) ;
#495 = FACE_BOUND ( 'NONE', #2313, .T. ) ;
#496 = VERTEX_POINT ( 'NONE', #1152 ) ;
#497 = LINE ( 'NONE', #297, #1397 ) ;
#498 = ORIENTED_EDGE ( 'NONE', *, *, #387, .F. ) ;
#499 = CARTESIAN_POINT ( 'NONE',  ( 39.69999999999999574, 12.00000000000000000, -16.75000000000000711 ) ) ;
#500 = DIRECTION ( 'NONE',  ( -0.000000000000000000, 1.000000000000000000, -0.000000000000000000 ) ) ;
#501 = FACE_OUTER_BOUND ( 'NONE', #2248, .T. ) ;
#502 = ORIENTED_EDGE ( 'NONE', *, *, #155, .T. ) ;
#503 = CIRCLE ( 'NONE', #2189, 2.250000000000001776 ) ;
#504 = AXIS2_PLACEMENT_3D ( 'NONE', #1710, #794, #359 ) ;
#505 = AXIS2_PLACEMENT_3D ( 'NONE', #974, #605, #1184 ) ;
#506 = CYLINDRICAL_SURFACE ( 'NONE', #294, 2.250000000000015987 ) ;
#507 = VECTOR ( 'NONE', #239, 1000.000000000000000 ) ;
#508 = EDGE_CURVE ( 'NONE', #1084, #1917, #345, .T. ) ;
#509 = ORIENTED_EDGE ( 'NONE', *, *, #2383, .F. ) ;
#510 = CYLINDRICAL_SURFACE ( 'NONE', #2060, 7.599999999999996092 ) ;
#511 = VECTOR ( 'NONE', #2172, 1000.000000000000000 ) ;
#512 = CARTESIAN_POINT ( 'NONE',  ( 69.99999999999998579, 35.00000000000000000, 68.60000000000003695 ) ) ;
#513 = EDGE_CURVE ( 'NONE', #60, #87, #1941, .T. ) ;
#514 = ORIENTED_EDGE ( 'NONE', *, *, #2535, .F. ) ;
#515 = CONICAL_SURFACE ( 'NONE', #720, 11.50000000000001066, 0.7853981633974405074 ) ;
#516 = CARTESIAN_POINT ( 'NONE',  ( 69.94999999999998863, 12.00000000000000000, 26.55000000000001847 ) ) ;
#517 = DIRECTION ( 'NONE',  ( 0.000000000000000000, 0.000000000000000000, -1.000000000000000000 ) ) ;
#518 = DIRECTION ( 'NONE',  ( 1.000000000000000000, -0.000000000000000000, -0.000000000000000000 ) ) ;
#519 = ORIENTED_EDGE ( 'NONE', *, *, #358, .T. ) ;
#520 = FACE_OUTER_BOUND ( 'NONE', #945, .T. ) ;
#521 = EDGE_LOOP ( 'NONE', ( #1901, #2064 ) ) ;
#522 = FACE_OUTER_BOUND ( 'NONE', #2020, .T. ) ;
#523 = VERTEX_POINT ( 'NONE', #576 ) ;
#524 = EDGE_CURVE ( 'NONE', #2421, #1466, #1114, .T. ) ;
#525 = DIRECTION ( 'NONE',  ( -1.000000000000000000, 0.000000000000000000, -1.035655806553317823E-16 ) ) ;
#526 = VECTOR ( 'NONE', #1751, 1000.000000000000000 ) ;
#527 = VERTEX_POINT ( 'NONE', #2094 ) ;
#528 = DIRECTION ( 'NONE',  ( 0.000000000000000000, 0.000000000000000000, -1.000000000000000000 ) ) ;
#529 = EDGE_CURVE ( 'NONE', #443, #881, #2314, .T. ) ;
#530 = ORIENTED_EDGE ( 'NONE', *, *, #2463, .F. ) ;
#531 = DIRECTION ( 'NONE',  ( 0.000000000000000000, 0.000000000000000000, -1.000000000000000000 ) ) ;
#532 = ORIENTED_EDGE ( 'NONE', *, *, #2119, .F. ) ;
#533 = DIRECTION ( 'NONE',  ( 0.000000000000000000, 0.000000000000000000, 1.000000000000000000 ) ) ;
#534 = VECTOR ( 'NONE', #2458, 1000.000000000000000 ) ;
#535 = EDGE_LOOP ( 'NONE', ( #2144, #471 ) ) ;
#536 = CARTESIAN_POINT ( 'NONE',  ( 39.70000000000001705, 0.000000000000000000, 18.99999999999998579 ) ) ;
#537 = VERTEX_POINT ( 'NONE', #1303 ) ;
#538 = DIRECTION ( 'NONE',  ( 0.000000000000000000, 1.000000000000000000, 0.000000000000000000 ) ) ;
#539 = VERTEX_POINT ( 'NONE', #337 ) ;
#540 = DIRECTION ( 'NONE',  ( -1.000000000000000000, -0.000000000000000000, 1.035655806553317823E-16 ) ) ;
#541 = CARTESIAN_POINT ( 'NONE',  ( 69.99999999999998579, 33.99999999999997868, -52.39999999999999147 ) ) ;
#542 = CARTESIAN_POINT ( 'NONE',  ( 63.70000000000000995, 0.000000000000000000, 18.99999999999997868 ) ) ;
#543 = EDGE_CURVE ( 'NONE', #1886, #1230, #915, .T. ) ;
#544 = CIRCLE ( 'NONE', #301, 8.600000000000024514 ) ;
#545 = VERTEX_POINT ( 'NONE', #971 ) ;
#546 = ADVANCED_FACE ( 'NONE', ( #1352 ), #2275, .F. ) ;
#547 = DIRECTION ( 'NONE',  ( 0.000000000000000000, 0.000000000000000000, 1.000000000000000000 ) ) ;
#548 = AXIS2_PLACEMENT_3D ( 'NONE', #366, #787, #763 ) ;
#549 = FACE_OUTER_BOUND ( 'NONE', #12, .T. ) ;
#550 = EDGE_LOOP ( 'NONE', ( #1520, #1570, #2278, #1213 ) ) ;
#551 = CARTESIAN_POINT ( 'NONE',  ( -68.45000000000001705, 12.00000000000000000, 25.05000000000001847 ) ) ;
#552 = DIRECTION ( 'NONE',  ( 0.000000000000000000, 0.000000000000000000, 1.000000000000000000 ) ) ;
#553 = DIRECTION ( 'NONE',  ( -0.000000000000000000, 1.000000000000000000, -0.000000000000000000 ) ) ;
#554 = CARTESIAN_POINT ( 'NONE',  ( -70.00000000000001421, 35.00000000000000000, 48.50000000000002842 ) ) ;
#555 = EDGE_LOOP ( 'NONE', ( #82, #852 ) ) ;
#556 = EDGE_CURVE ( 'NONE', #1230, #2341, #1955, .T. ) ;
#557 = DIRECTION ( 'NONE',  ( -0.000000000000000000, 1.000000000000000000, -0.000000000000000000 ) ) ;
#558 = DIRECTION ( 'NONE',  ( 0.000000000000000000, 0.000000000000000000, 1.000000000000000000 ) ) ;
#559 = EDGE_CURVE ( 'NONE', #1549, #100, #1123, .T. ) ;
#560 = UNCERTAINTY_MEASURE_WITH_UNIT (LENGTH_MEASURE( 1.000000000000000082E-05 ), #699, 'distance_accuracy_value', 'NONE');
#561 = DIRECTION ( 'NONE',  ( -0.000000000000000000, 1.000000000000000000, -0.000000000000000000 ) ) ;
#562 = EDGE_LOOP ( 'NONE', ( #317, #133, #600, #451 ) ) ;
#563 = DIRECTION ( 'NONE',  ( 0.000000000000000000, 0.000000000000000000, 1.000000000000000000 ) ) ;
#564 = ORIENTED_EDGE ( 'NONE', *, *, #155, .F. ) ;
#565 = DIRECTION ( 'NONE',  ( -0.000000000000000000, -1.000000000000000000, -0.000000000000000000 ) ) ;
#566 = LINE ( 'NONE', #947, #955 ) ;
#567 = CARTESIAN_POINT ( 'NONE',  ( -69.95000000000001705, 12.00000000000000000, 23.55000000000001492 ) ) ;
#568 = FACE_OUTER_BOUND ( 'NONE', #555, .T. ) ;
#569 = CARTESIAN_POINT ( 'NONE',  ( -69.95000000000001705, 15.00000000000000000, -23.54999999999997939 ) ) ;
#570 = EDGE_CURVE ( 'NONE', #1625, #1585, #1323, .T. ) ;
#571 = ORIENTED_EDGE ( 'NONE', *, *, #1276, .T. ) ;
#572 = VECTOR ( 'NONE', #832, 1000.000000000000000 ) ;
#573 = EDGE_CURVE ( 'NONE', #1886, #1307, #922, .T. ) ;
#574 = CARTESIAN_POINT ( 'NONE',  ( -39.70000000000000284, 0.000000000000000000, 19.00000000000000000 ) ) ;
#575 = ORIENTED_EDGE ( 'NONE', *, *, #752, .T. ) ;
#576 = CARTESIAN_POINT ( 'NONE',  ( -39.70000000000000284, 0.000000000000000000, 21.25000000000000000 ) ) ;
#577 = DIRECTION ( 'NONE',  ( -0.000000000000000000, -1.000000000000000000, -0.000000000000000000 ) ) ;
#578 = DIRECTION ( 'NONE',  ( -1.000000000000000000, 0.000000000000000000, -0.000000000000000000 ) ) ;
#579 = CARTESIAN_POINT ( 'NONE',  ( 63.70000000000000995, 12.00000000000000000, -19.00000000000001776 ) ) ;
#580 = VERTEX_POINT ( 'NONE', #2299 ) ;
#581 = CARTESIAN_POINT ( 'NONE',  ( -70.00000000000001421, 35.00000000000000000, 60.00000000000001421 ) ) ;
#582 = AXIS2_PLACEMENT_3D ( 'NONE', #2221, #480, #455 ) ;
#583 = DIRECTION ( 'NONE',  ( 0.000000000000000000, 0.000000000000000000, 1.000000000000000000 ) ) ;
#584 = ORIENTED_EDGE ( 'NONE', *, *, #1222, .T. ) ;
#585 = AXIS2_PLACEMENT_3D ( 'NONE', #1318, #390, #160 ) ;
#586 = DIRECTION ( 'NONE',  ( 0.000000000000000000, 0.000000000000000000, 1.000000000000000000 ) ) ;
#587 = EDGE_LOOP ( 'NONE', ( #2290, #800, #1436, #1592 ) ) ;
#588 = EDGE_CURVE ( 'NONE', #2401, #496, #2361, .T. ) ;
#589 = ORIENTED_EDGE ( 'NONE', *, *, #2398, .F. ) ;
#590 = CIRCLE ( 'NONE', #2022, 12.49999999999999645 ) ;
#591 = VECTOR ( 'NONE', #999, 1000.000000000000000 ) ;
#592 = CARTESIAN_POINT ( 'NONE',  ( 69.94999999999998863, 12.00000000000000000, 26.55000000000001847 ) ) ;
#593 = FACE_OUTER_BOUND ( 'NONE', #1165, .T. ) ;
#594 = DIRECTION ( 'NONE',  ( 0.000000000000000000, 0.000000000000000000, -1.000000000000000000 ) ) ;
#595 = ORIENTED_EDGE ( 'NONE', *, *, #1843, .F. ) ;
#596 = FACE_BOUND ( 'NONE', #1364, .T. ) ;
#597 = VECTOR ( 'NONE', #1743, 1000.000000000000000 ) ;
#598 = DIRECTION ( 'NONE',  ( 8.659560562354966138E-17, 0.7071067811865446862, -0.7071067811865503483 ) ) ;
#599 = CALENDAR_DATE ( 2025, 17, 12 ) ;
#600 = ORIENTED_EDGE ( 'NONE', *, *, #2369, .T. ) ;
#601 = CARTESIAN_POINT ( 'NONE',  ( 69.99999999999998579, 35.00000000000000000, 60.00000000000001421 ) ) ;
#602 = ORIENTED_EDGE ( 'NONE', *, *, #1987, .T. ) ;
#603 = VERTEX_POINT ( 'NONE', #1316 ) ;
#604 = DIRECTION ( 'NONE',  ( 0.000000000000000000, 0.000000000000000000, 1.000000000000000000 ) ) ;
#605 = DIRECTION ( 'NONE',  ( -0.000000000000000000, 1.000000000000000000, -0.000000000000000000 ) ) ;
#606 = CARTESIAN_POINT ( 'NONE',  ( 69.99999999999998579, 33.99999999999997868, 67.60000000000000853 ) ) ;
#607 = EDGE_LOOP ( 'NONE', ( #1059, #2442, #958, #461 ) ) ;
#608 = PLANE ( 'NONE',  #489 ) ;
#609 = ADVANCED_FACE ( 'NONE', ( #760 ), #376, .F. ) ;
#610 = DIRECTION ( 'NONE',  ( 0.000000000000000000, 1.000000000000000000, -0.000000000000000000 ) ) ;
#611 = PERSON_AND_ORGANIZATION_ROLE ( 'creator' ) ;
#612 = AXIS2_PLACEMENT_3D ( 'NONE', #1389, #2400, #1229 ) ;
#613 = CARTESIAN_POINT ( 'NONE',  ( 33.44999999999998863, 12.00000000000000000, 25.05000000000001847 ) ) ;
#614 = EDGE_LOOP ( 'NONE', ( #1506, #1126, #2157, #2329 ) ) ;
#615 = DIRECTION ( 'NONE',  ( 0.000000000000000000, 1.000000000000000000, -0.000000000000000000 ) ) ;
#616 = CARTESIAN_POINT ( 'NONE',  ( -63.70000000000000995, 0.000000000000000000, 19.00000000000000000 ) ) ;
#617 = PLANE ( 'NONE',  #416 ) ;
#618 = AXIS2_PLACEMENT_3D ( 'NONE', #2203, #278, #86 ) ;
#619 = EDGE_CURVE ( 'NONE', #1277, #254, #1689, .T. ) ;
#620 = FACE_OUTER_BOUND ( 'NONE', #1253, .T. ) ;
#621 = SHAPE_DEFINITION_REPRESENTATION ( #2168, #1095 ) ;
#622 = EDGE_CURVE ( 'NONE', #1827, #1886, #959, .T. ) ;
#623 = CARTESIAN_POINT ( 'NONE',  ( 69.99999999999998579, 35.00000000000000000, 48.50000000000002842 ) ) ;
#624 = VECTOR ( 'NONE', #296, 1000.000000000000000 ) ;
#625 = ORIENTED_EDGE ( 'NONE', *, *, #90, .T. ) ;
#626 = ORIENTED_EDGE ( 'NONE', *, *, #280, .T. ) ;
#627 = DIRECTION ( 'NONE',  ( -0.000000000000000000, 1.000000000000000000, -0.000000000000000000 ) ) ;
#628 = CIRCLE ( 'NONE', #1601, 2.250000000000001776 ) ;
#629 = DIRECTION ( 'NONE',  ( 0.000000000000000000, 0.000000000000000000, -1.000000000000000000 ) ) ;
#630 = VERTEX_POINT ( 'NONE', #5 ) ;
#631 = LINE ( 'NONE', #463, #1971 ) ;
#632 = DIRECTION ( 'NONE',  ( 0.000000000000000000, 1.000000000000000000, 0.000000000000000000 ) ) ;
#633 = ADVANCED_FACE ( 'NONE', ( #2288 ), #1980, .F. ) ;
#634 = CARTESIAN_POINT ( 'NONE',  ( -70.00000000000001421, 35.00000000000000000, -72.49999999999998579 ) ) ;
#635 = ADVANCED_FACE ( 'NONE', ( #1172 ), #2331, .F. ) ;
#636 = ORIENTED_EDGE ( 'NONE', *, *, #2241, .F. ) ;
#637 = CIRCLE ( 'NONE', #2077, 1.500000000000001332 ) ;
#638 = CARTESIAN_POINT ( 'NONE',  ( -70.00000000000001421, 34.00000000000000000, -59.99999999999998579 ) ) ;
#639 = CARTESIAN_POINT ( 'NONE',  ( -63.70000000000000995, 0.000000000000000000, -18.99999999999999645 ) ) ;
#640 = EDGE_LOOP ( 'NONE', ( #1976, #115, #2098, #1117 ) ) ;
#641 = CARTESIAN_POINT ( 'NONE',  ( -70.00000000000001421, 33.99999999999997158, 47.50000000000001421 ) ) ;
#642 = ORIENTED_EDGE ( 'NONE', *, *, #1507, .F. ) ;
#643 = CARTESIAN_POINT ( 'NONE',  ( 69.99999999999998579, 0.000000000000000000, 52.40000000000001279 ) ) ;
#644 = CC_DESIGN_APPROVAL ( #943, ( #2193 ) ) ;
#645 = ORIENTED_EDGE ( 'NONE', *, *, #2241, .T. ) ;
#646 = LINE ( 'NONE', #1043, #2272 ) ;
#647 = CARTESIAN_POINT ( 'NONE',  ( 63.70000000000000995, 0.000000000000000000, -19.00000000000001776 ) ) ;
#648 = EDGE_CURVE ( 'NONE', #527, #243, #1551, .T. ) ;
#649 = EDGE_LOOP ( 'NONE', ( #747, #1711, #1111, #792 ) ) ;
#650 = DIRECTION ( 'NONE',  ( -0.000000000000000000, -1.000000000000000000, -0.000000000000000000 ) ) ;
#651 = ORIENTED_EDGE ( 'NONE', *, *, #712, .T. ) ;
#652 = CARTESIAN_POINT ( 'NONE',  ( 69.94999999999998863, 12.00000000000000000, -23.54999999999997939 ) ) ;
#653 = EDGE_LOOP ( 'NONE', ( #2424, #369 ) ) ;
#654 = AXIS2_PLACEMENT_3D ( 'NONE', #397, #990, #24 ) ;
#655 = PLANE ( 'NONE',  #695 ) ;
#656 = CIRCLE ( 'NONE', #1633, 2.250000000000001776 ) ;
#657 = VERTEX_POINT ( 'NONE', #223 ) ;
#658 = DIRECTION ( 'NONE',  ( 0.000000000000000000, -1.000000000000000000, 0.000000000000000000 ) ) ;
#659 = ORIENTED_EDGE ( 'NONE', *, *, #1845, .T. ) ;
#660 = CARTESIAN_POINT ( 'NONE',  ( 63.70000000000000995, 0.000000000000000000, -21.25000000000003197 ) ) ;
#661 = EDGE_LOOP ( 'NONE', ( #874, #1867, #77, #1724 ) ) ;
#662 = LINE ( 'NONE', #1254, #951 ) ;
#663 = EDGE_CURVE ( 'NONE', #1577, #688, #1932, .T. ) ;
#664 = PLANE ( 'NONE',  #784 ) ;
#665 = VERTEX_POINT ( 'NONE', #2160 ) ;
#666 = PLANE ( 'NONE',  #2425 ) ;
#667 = VECTOR ( 'NONE', #540, 1000.000000000000000 ) ;
#668 = ADVANCED_FACE ( 'NONE', ( #2151 ), #198, .F. ) ;
#669 = ORIENTED_EDGE ( 'NONE', *, *, #464, .T. ) ;
#670 = FACE_OUTER_BOUND ( 'NONE', #1655, .T. ) ;
#671 = AXIS2_PLACEMENT_3D ( 'NONE', #2367, #2125, #1562 ) ;
#672 = ORIENTED_EDGE ( 'NONE', *, *, #2205, .T. ) ;
#673 = CIRCLE ( 'NONE', #229, 1.500000000000001332 ) ;
#674 = CARTESIAN_POINT ( 'NONE',  ( 69.99999999999998579, 0.000000000000000000, 52.40000000000001279 ) ) ;
#675 = ORIENTED_EDGE ( 'NONE', *, *, #2463, .T. ) ;
#676 = DIRECTION ( 'NONE',  ( 1.000000000000000000, 0.000000000000000000, 0.000000000000000000 ) ) ;
#677 = DIRECTION ( 'NONE',  ( 0.000000000000000000, 0.000000000000000000, 1.000000000000000000 ) ) ;
#678 = EDGE_LOOP ( 'NONE', ( #734, #2207, #2035, #1698 ) ) ;
#679 = CARTESIAN_POINT ( 'NONE',  ( -33.45000000000001705, 12.00000000000000000, 23.55000000000001492 ) ) ;
#680 = VERTEX_POINT ( 'NONE', #1156 ) ;
#681 = AXIS2_PLACEMENT_3D ( 'NONE', #542, #926, #725 ) ;
#682 = CARTESIAN_POINT ( 'NONE',  ( 33.44999999999998863, 15.00000000000000000, 25.05000000000001847 ) ) ;
#683 = EDGE_CURVE ( 'NONE', #1805, #2252, #29, .T. ) ;
#684 = ORIENTED_EDGE ( 'NONE', *, *, #377, .T. ) ;
#685 = DIRECTION ( 'NONE',  ( 0.000000000000000000, 0.000000000000000000, 1.000000000000000000 ) ) ;
#686 = ORIENTED_EDGE ( 'NONE', *, *, #331, .F. ) ;
#687 = CARTESIAN_POINT ( 'NONE',  ( 69.94999999999998863, 12.00000000000000000, 25.05000000000001847 ) ) ;
#688 = VERTEX_POINT ( 'NONE', #391 ) ;
#689 = AXIS2_PLACEMENT_3D ( 'NONE', #1789, #37, #433 ) ;
#690 = DIRECTION ( 'NONE',  ( 0.000000000000000000, 1.000000000000000000, 0.000000000000000000 ) ) ;
#691 = VERTEX_POINT ( 'NONE', #379 ) ;
#692 = ORIENTED_EDGE ( 'NONE', *, *, #1108, .T. ) ;
#693 = DIRECTION ( 'NONE',  ( -0.000000000000000000, 1.000000000000000000, -0.000000000000000000 ) ) ;
#694 = DIRECTION ( 'NONE',  ( -0.000000000000000000, 1.000000000000000000, -0.000000000000000000 ) ) ;
#695 = AXIS2_PLACEMENT_3D ( 'NONE', #259, #277, #2420 ) ;
#696 = DIRECTION ( 'NONE',  ( -0.000000000000000000, 1.000000000000000000, -0.000000000000000000 ) ) ;
#697 = ORIENTED_EDGE ( 'NONE', *, *, #1991, .F. ) ;
#698 = EDGE_CURVE ( 'NONE', #1300, #263, #1775, .T. ) ;
#699 =( LENGTH_UNIT ( ) NAMED_UNIT ( * ) SI_UNIT ( .MILLI., .METRE. ) );
#700 = ADVANCED_FACE ( 'NONE', ( #1143 ), #405, .F. ) ;
#701 = ORIENTED_EDGE ( 'NONE', *, *, #1780, .T. ) ;
#702 = FACE_BOUND ( 'NONE', #521, .T. ) ;
#703 = CARTESIAN_POINT ( 'NONE',  ( -68.45000000000001705, 12.00000000000000000, 25.05000000000001847 ) ) ;
#704 = VERTEX_POINT ( 'NONE', #2356 ) ;
#705 = CARTESIAN_POINT ( 'NONE',  ( 63.70000000000000995, 12.00000000000000000, 18.99999999999997868 ) ) ;
#706 = FACE_OUTER_BOUND ( 'NONE', #535, .T. ) ;
#707 = CARTESIAN_POINT ( 'NONE',  ( 69.99999999999998579, 35.00000000000000000, -59.99999999999998579 ) ) ;
#708 = ORIENTED_EDGE ( 'NONE', *, *, #648, .T. ) ;
#709 = VECTOR ( 'NONE', #2437, 1000.000000000000000 ) ;
#710 = VECTOR ( 'NONE', #1619, 999.9999999999998863 ) ;
#711 = CARTESIAN_POINT ( 'NONE',  ( 0.000000000000000000, 0.000000000000000000, 0.000000000000000000 ) ) ;
#712 = EDGE_CURVE ( 'NONE', #1086, #291, #566, .T. ) ;
#713 = CIRCLE ( 'NONE', #2461, 7.599999999999996092 ) ;
#714 = ORIENTED_EDGE ( 'NONE', *, *, #779, .T. ) ;
#715 = EDGE_CURVE ( 'NONE', #1328, #135, #102, .T. ) ;
#716 = DIRECTION ( 'NONE',  ( 0.000000000000000000, 1.000000000000000000, 0.000000000000000000 ) ) ;
#717 = ORIENTED_EDGE ( 'NONE', *, *, #1791, .T. ) ;
#718 = CARTESIAN_POINT ( 'NONE',  ( -39.70000000000000284, 0.000000000000000000, 19.00000000000000000 ) ) ;
#719 = ORIENTED_EDGE ( 'NONE', *, *, #1137, .F. ) ;
#720 = AXIS2_PLACEMENT_3D ( 'NONE', #823, #658, #1040 ) ;
#721 = CARTESIAN_POINT ( 'NONE',  ( -63.70000000000000995, 0.000000000000000000, -18.99999999999999645 ) ) ;
#722 = AXIS2_PLACEMENT_3D ( 'NONE', #2019, #1995, #1065 ) ;
#723 = ORIENTED_EDGE ( 'NONE', *, *, #1713, .F. ) ;
#724 = VECTOR ( 'NONE', #2055, 1000.000000000000000 ) ;
#725 = DIRECTION ( 'NONE',  ( 0.000000000000000000, 0.000000000000000000, -1.000000000000000000 ) ) ;
#726 = EDGE_LOOP ( 'NONE', ( #2246, #1141, #2219, #235 ) ) ;
#727 = CARTESIAN_POINT ( 'NONE',  ( 69.99999999999998579, 35.00000000000000000, -59.99999999999998579 ) ) ;
#728 = EDGE_LOOP ( 'NONE', ( #1334, #1834, #2235, #221, #1113, #1412, #1054, #723, #2256, #1921 ) ) ;
#729 = CARTESIAN_POINT ( 'NONE',  ( -70.00000000000001421, 33.99999999999997158, 60.00000000000001421 ) ) ;
#730 = EDGE_LOOP ( 'NONE', ( #2285, #669 ) ) ;
#731 = DIRECTION ( 'NONE',  ( 0.000000000000000000, 0.000000000000000000, 1.000000000000000000 ) ) ;
#732 = ADVANCED_FACE ( 'NONE', ( #1781 ), #2527, .T. ) ;
#733 = CIRCLE ( 'NONE', #1382, 1.500000000000001332 ) ;
#734 = ORIENTED_EDGE ( 'NONE', *, *, #1911, .T. ) ;
#735 = DIRECTION ( 'NONE',  ( 0.000000000000000000, 0.000000000000000000, 1.000000000000000000 ) ) ;
#736 = AXIS2_PLACEMENT_3D ( 'NONE', #1004, #1786, #1529 ) ;
#737 = CARTESIAN_POINT ( 'NONE',  ( -70.00000000000001421, 34.00000000000000000, -72.49999999999998579 ) ) ;
#738 = EDGE_CURVE ( 'NONE', #580, #2050, #59, .T. ) ;
#739 = CARTESIAN_POINT ( 'NONE',  ( -70.00000000000001421, 15.00000000000000000, -72.49999999999998579 ) ) ;
#740 = ORIENTED_EDGE ( 'NONE', *, *, #2302, .T. ) ;
#741 = VECTOR ( 'NONE', #1586, 1000.000000000000000 ) ;
#742 = CIRCLE ( 'NONE', #1935, 7.599999999999996092 ) ;
#743 = VERTEX_POINT ( 'NONE', #2529 ) ;
#744 = DIRECTION ( 'NONE',  ( 8.659560562354966138E-17, 0.7071067811865446862, -0.7071067811865503483 ) ) ;
#745 = ORIENTED_EDGE ( 'NONE', *, *, #432, .T. ) ;
#746 = DIRECTION ( 'NONE',  ( -0.000000000000000000, 1.000000000000000000, -0.000000000000000000 ) ) ;
#747 = ORIENTED_EDGE ( 'NONE', *, *, #556, .F. ) ;
#748 = DIRECTION ( 'NONE',  ( 0.000000000000000000, 1.000000000000000000, 0.000000000000000000 ) ) ;
#749 = EDGE_CURVE ( 'NONE', #2069, #363, #1342, .T. ) ;
#750 = PLANE ( 'NONE',  #1326 ) ;
#751 = CARTESIAN_POINT ( 'NONE',  ( -70.00000000000001421, 35.00000000000000000, -48.49999999999997158 ) ) ;
#752 = EDGE_CURVE ( 'NONE', #1351, #1041, #2543, .T. ) ;
#753 = ORIENTED_EDGE ( 'NONE', *, *, #2228, .T. ) ;
#754 = APPLICATION_CONTEXT ( 'configuration controlled 3d designs of mechanical parts and assemblies' ) ;
#755 = DIRECTION ( 'NONE',  ( -0.000000000000000000, 1.000000000000000000, -0.000000000000000000 ) ) ;
#756 = CIRCLE ( 'NONE', #2526, 2.250000000000001776 ) ;
#757 = AXIS2_PLACEMENT_3D ( 'NONE', #2139, #172, #1959 ) ;
#758 = CARTESIAN_POINT ( 'NONE',  ( 69.99999999999998579, 35.00000000000000000, -48.49999999999997158 ) ) ;
#759 = ORIENTED_EDGE ( 'NONE', *, *, #1278, .F. ) ;
#760 = FACE_OUTER_BOUND ( 'NONE', #1231, .T. ) ;
#761 = ORIENTED_EDGE ( 'NONE', *, *, #1681, .T. ) ;
#762 = DIRECTION ( 'NONE',  ( 0.000000000000000000, -0.7071067811865531239, -0.7071067811865420216 ) ) ;
#763 = DIRECTION ( 'NONE',  ( 0.000000000000000000, 0.000000000000000000, 1.000000000000000000 ) ) ;
#764 = DIRECTION ( 'NONE',  ( -0.000000000000000000, -1.000000000000000000, -0.000000000000000000 ) ) ;
#765 = DIRECTION ( 'NONE',  ( -0.000000000000000000, -1.000000000000000000, -0.000000000000000000 ) ) ;
#766 = ADVANCED_FACE ( 'NONE', ( #593 ), #1742, .F. ) ;
#767 = LINE ( 'NONE', #2176, #2338 ) ;
#768 = DATE_AND_TIME ( #1192, #2353 ) ;
#769 = VERTEX_POINT ( 'NONE', #1357 ) ;
#770 = DIRECTION ( 'NONE',  ( 0.000000000000000000, 0.000000000000000000, 1.000000000000000000 ) ) ;
#771 = ORIENTED_EDGE ( 'NONE', *, *, #1764, .T. ) ;
#772 = CARTESIAN_POINT ( 'NONE',  ( -63.70000000000000995, 12.00000000000000000, 19.00000000000000000 ) ) ;
#773 = CARTESIAN_POINT ( 'NONE',  ( -39.70000000000000284, 12.00000000000000000, -21.24999999999999645 ) ) ;
#774 = CARTESIAN_POINT ( 'NONE',  ( -85.00000000000001421, 15.00000000000000000, 75.00000000000001421 ) ) ;
#775 = CARTESIAN_POINT ( 'NONE',  ( -70.00000000000001421, 33.99999999999997868, 60.00000000000001421 ) ) ;
#776 = CYLINDRICAL_SURFACE ( 'NONE', #84, 2.250000000000015987 ) ;
#777 = AXIS2_PLACEMENT_3D ( 'NONE', #2522, #2339, #166 ) ;
#778 = DIRECTION ( 'NONE',  ( -0.000000000000000000, -1.000000000000000000, -0.000000000000000000 ) ) ;
#779 = EDGE_CURVE ( 'NONE', #2482, #1672, #1767, .T. ) ;
#780 = ORIENTED_EDGE ( 'NONE', *, *, #838, .T. ) ;
#781 = DIRECTION ( 'NONE',  ( 0.000000000000000000, 0.000000000000000000, -1.000000000000000000 ) ) ;
#782 = EDGE_CURVE ( 'NONE', #2401, #2252, #1058, .T. ) ;
#783 = AXIS2_PLACEMENT_3D ( 'NONE', #1002, #1013, #1806 ) ;
#784 = AXIS2_PLACEMENT_3D ( 'NONE', #1482, #2277, #275 ) ;
#785 = DIRECTION ( 'NONE',  ( 0.000000000000000000, 1.000000000000000000, 0.000000000000000000 ) ) ;
#786 = CYLINDRICAL_SURFACE ( 'NONE', #1983, 12.49999999999999645 ) ;
#787 = DIRECTION ( 'NONE',  ( -0.000000000000000000, 1.000000000000000000, -0.000000000000000000 ) ) ;
#788 = DIRECTION ( 'NONE',  ( -1.000000000000000000, 0.000000000000000000, 1.035655806553317700E-16 ) ) ;
#789 = FACE_OUTER_BOUND ( 'NONE', #1871, .T. ) ;
#790 = FACE_OUTER_BOUND ( 'NONE', #1299, .T. ) ;
#791 = PERSON_AND_ORGANIZATION ( #2481, #2137 ) ;
#792 = ORIENTED_EDGE ( 'NONE', *, *, #2494, .T. ) ;
#793 = CIRCLE ( 'NONE', #1903, 2.250000000000001776 ) ;
#794 = DIRECTION ( 'NONE',  ( -0.000000000000000000, 1.000000000000000000, -0.000000000000000000 ) ) ;
#795 = VERTEX_POINT ( 'NONE', #1605 ) ;
#796 = EDGE_CURVE ( 'NONE', #1202, #182, #2223, .T. ) ;
#797 = CARTESIAN_POINT ( 'NONE',  ( -70.00000000000001421, 0.000000000000000000, -67.59999999999998010 ) ) ;
#798 = CARTESIAN_POINT ( 'NONE',  ( 68.44999999999998863, 12.00000000000000000, -25.04999999999997939 ) ) ;
#799 = CARTESIAN_POINT ( 'NONE',  ( -33.45000000000001705, 12.00000000000000000, 23.55000000000001492 ) ) ;
#800 = ORIENTED_EDGE ( 'NONE', *, *, #2148, .F. ) ;
#801 = DIRECTION ( 'NONE',  ( 0.000000000000000000, 1.000000000000000000, 0.000000000000000000 ) ) ;
#802 = DIRECTION ( 'NONE',  ( 0.000000000000000000, 0.000000000000000000, -1.000000000000000000 ) ) ;
#803 = PERSON_AND_ORGANIZATION ( #2481, #2137 ) ;
#804 = DIRECTION ( 'NONE',  ( 0.000000000000000000, -0.7071067811865512365, -0.7071067811865439090 ) ) ;
#805 = ORIENTED_EDGE ( 'NONE', *, *, #2427, .T. ) ;
#806 = CARTESIAN_POINT ( 'NONE',  ( -70.00000000000001421, 35.00000000000000000, 60.00000000000001421 ) ) ;
#807 = EDGE_CURVE ( 'NONE', #665, #1466, #2155, .T. ) ;
#808 = CARTESIAN_POINT ( 'NONE',  ( 69.99999999999998579, 33.99999999999997868, 52.40000000000001279 ) ) ;
#809 = ORIENTED_EDGE ( 'NONE', *, *, #853, .T. ) ;
#810 = LINE ( 'NONE', #2434, #741 ) ;
#811 = EDGE_CURVE ( 'NONE', #1547, #414, #662, .T. ) ;
#812 = CARTESIAN_POINT ( 'NONE',  ( 69.99999999999998579, 33.99999999999997868, 60.00000000000001421 ) ) ;
#813 = DATE_AND_TIME ( #25, #1105 ) ;
#814 = CIRCLE ( 'NONE', #1144, 2.250000000000015987 ) ;
#815 = CIRCLE ( 'NONE', #1840, 1.500000000000001332 ) ;
#816 =( GEOMETRIC_REPRESENTATION_CONTEXT ( 3 ) GLOBAL_UNCERTAINTY_ASSIGNED_CONTEXT ( ( #560 ) ) GLOBAL_UNIT_ASSIGNED_CONTEXT ( ( #699, #1922, #1668 ) ) REPRESENTATION_CONTEXT ( 'NONE', 'WORKASPACE' ) );
#817 = CARTESIAN_POINT ( 'NONE',  ( -70.00000000000001421, 15.00000000000000000, 60.00000000000001421 ) ) ;
#818 = ORIENTED_EDGE ( 'NONE', *, *, #1042, .F. ) ;
#819 = CARTESIAN_POINT ( 'NONE',  ( 69.99999999999998579, 33.99999999999997868, 60.00000000000001421 ) ) ;
#820 = CARTESIAN_POINT ( 'NONE',  ( -63.70000000000000995, 0.000000000000000000, 21.25000000000000000 ) ) ;
#821 = CARTESIAN_POINT ( 'NONE',  ( 68.44999999999998863, 12.00000000000000000, 25.05000000000001847 ) ) ;
#822 = EDGE_CURVE ( 'NONE', #523, #1762, #2234, .T. ) ;
#823 = CARTESIAN_POINT ( 'NONE',  ( -70.00000000000001421, 35.00000000000000000, -59.99999999999998579 ) ) ;
#824 = EDGE_CURVE ( 'NONE', #1515, #87, #544, .T. ) ;
#825 = CARTESIAN_POINT ( 'NONE',  ( 69.94999999999998863, 12.00000000000000000, -25.04999999999998295 ) ) ;
#826 = CONICAL_SURFACE ( 'NONE', #2267, 11.49999999999998224, 0.7853981633974396193 ) ;
#827 = EDGE_LOOP ( 'NONE', ( #780, #2389 ) ) ;
#828 = CARTESIAN_POINT ( 'NONE',  ( 33.44999999999998863, 15.00000000000000000, -23.54999999999997939 ) ) ;
#829 = CIRCLE ( 'NONE', #55, 1.500000000000001332 ) ;
#830 = CARTESIAN_POINT ( 'NONE',  ( -85.00000000000001421, 15.00000000000000000, 75.00000000000001421 ) ) ;
#831 = ORIENTED_EDGE ( 'NONE', *, *, #90, .F. ) ;
#832 = DIRECTION ( 'NONE',  ( -0.000000000000000000, -0.000000000000000000, 1.000000000000000000 ) ) ;
#833 = VERTEX_POINT ( 'NONE', #1645 ) ;
#834 = CC_DESIGN_PERSON_AND_ORGANIZATION_ASSIGNMENT ( #791, #991, ( #1248 ) ) ;
#835 = AXIS2_PLACEMENT_3D ( 'NONE', #1653, #1079, #2281 ) ;
#836 = LINE ( 'NONE', #643, #2280 ) ;
#837 = EDGE_LOOP ( 'NONE', ( #131, #1812, #2074, #717 ) ) ;
#838 = EDGE_CURVE ( 'NONE', #167, #1081, #1810, .T. ) ;
#839 = CARTESIAN_POINT ( 'NONE',  ( -70.00000000000001421, 33.99999999999997868, -59.99999999999998579 ) ) ;
#840 = LINE ( 'NONE', #1411, #206 ) ;
#841 = CARTESIAN_POINT ( 'NONE',  ( -85.00000000000001421, 0.000000000000000000, -74.99999999999998579 ) ) ;
#842 = DIRECTION ( 'NONE',  ( 1.000000000000000000, 0.000000000000000000, 0.000000000000000000 ) ) ;
#843 = ORIENTED_EDGE ( 'NONE', *, *, #2228, .F. ) ;
#844 = CARTESIAN_POINT ( 'NONE',  ( -70.00000000000001421, 0.000000000000000000, -59.99999999999998579 ) ) ;
#845 = ORIENTED_EDGE ( 'NONE', *, *, #2081, .T. ) ;
#846 = DESIGN_CONTEXT ( 'detailed design', #196, 'design' ) ;
#847 = LINE ( 'NONE', #1408, #507 ) ;
#848 = EDGE_LOOP ( 'NONE', ( #473, #1374 ) ) ;
#849 = DIRECTION ( 'NONE',  ( 0.000000000000000000, 1.000000000000000000, 0.000000000000000000 ) ) ;
#850 = EDGE_CURVE ( 'NONE', #885, #325, #459, .T. ) ;
#851 = AXIS2_PLACEMENT_3D ( 'NONE', #2142, #1984, #421 ) ;
#852 = ORIENTED_EDGE ( 'NONE', *, *, #1294, .T. ) ;
#853 = EDGE_CURVE ( 'NONE', #243, #315, #104, .T. ) ;
#854 = CC_DESIGN_SECURITY_CLASSIFICATION ( #2193, ( #2181 ) ) ;
#855 = DIRECTION ( 'NONE',  ( 0.000000000000000000, -1.000000000000000000, 0.000000000000000000 ) ) ;
#856 = ORIENTED_EDGE ( 'NONE', *, *, #948, .F. ) ;
#857 = DIRECTION ( 'NONE',  ( 0.000000000000000000, 0.000000000000000000, -1.000000000000000000 ) ) ;
#858 = ORIENTED_EDGE ( 'NONE', *, *, #2274, .T. ) ;
#859 = DIRECTION ( 'NONE',  ( -0.000000000000000000, -1.000000000000000000, -0.000000000000000000 ) ) ;
#860 = AXIS2_PLACEMENT_3D ( 'NONE', #711, #1516, #916 ) ;
#861 = AXIS2_PLACEMENT_3D ( 'NONE', #707, #1287, #878 ) ;
#862 = CIRCLE ( 'NONE', #89, 8.600000000000024514 ) ;
#863 = CARTESIAN_POINT ( 'NONE',  ( 69.99999999999998579, 35.00000000000000000, 60.00000000000001421 ) ) ;
#864 = CARTESIAN_POINT ( 'NONE',  ( 69.94999999999998863, 12.00000000000000000, 25.05000000000001847 ) ) ;
#865 = ORIENTED_EDGE ( 'NONE', *, *, #1681, .F. ) ;
#866 = CIRCLE ( 'NONE', #2262, 2.250000000000001776 ) ;
#867 = CYLINDRICAL_SURFACE ( 'NONE', #346, 2.250000000000001776 ) ;
#868 = ORIENTED_EDGE ( 'NONE', *, *, #556, .T. ) ;
#869 = LINE ( 'NONE', #2444, #2441 ) ;
#870 = CIRCLE ( 'NONE', #1726, 8.600000000000024514 ) ;
#871 = ORIENTED_EDGE ( 'NONE', *, *, #2192, .T. ) ;
#872 = DIRECTION ( 'NONE',  ( 1.000000000000000000, 0.000000000000000000, 0.000000000000000000 ) ) ;
#873 = EDGE_CURVE ( 'NONE', #1041, #1661, #67, .T. ) ;
#874 = ORIENTED_EDGE ( 'NONE', *, *, #1087, .F. ) ;
#875 = DIRECTION ( 'NONE',  ( 0.000000000000000000, 1.000000000000000000, 0.000000000000000000 ) ) ;
#876 = CIRCLE ( 'NONE', #1031, 2.250000000000001776 ) ;
#877 = FACE_OUTER_BOUND ( 'NONE', #2477, .T. ) ;
#878 = DIRECTION ( 'NONE',  ( 0.000000000000000000, 0.000000000000000000, -1.000000000000000000 ) ) ;
#879 = EDGE_LOOP ( 'NONE', ( #686, #818, #1657, #2072 ) ) ;
#880 = DIRECTION ( 'NONE',  ( 0.000000000000000000, 0.000000000000000000, 1.000000000000000000 ) ) ;
#881 = VERTEX_POINT ( 'NONE', #1846 ) ;
#882 = CARTESIAN_POINT ( 'NONE',  ( 69.99999999999998579, 0.000000000000000000, 60.00000000000001421 ) ) ;
#883 = CARTESIAN_POINT ( 'NONE',  ( -70.00000000000001421, 33.99999999999997868, -52.39999999999999147 ) ) ;
#884 = ORIENTED_EDGE ( 'NONE', *, *, #265, .F. ) ;
#885 = VERTEX_POINT ( 'NONE', #50 ) ;
#886 = CYLINDRICAL_SURFACE ( 'NONE', #1526, 2.250000000000001776 ) ;
#887 = ADVANCED_FACE ( 'NONE', ( #236 ), #273, .F. ) ;
#888 = ORIENTED_EDGE ( 'NONE', *, *, #1652, .F. ) ;
#889 = DIRECTION ( 'NONE',  ( 0.000000000000000000, 0.000000000000000000, -1.000000000000000000 ) ) ;
#890 = ADVANCED_FACE ( 'NONE', ( #1215 ), #1019, .T. ) ;
#891 = ORIENTED_EDGE ( 'NONE', *, *, #2289, .T. ) ;
#892 = ORIENTED_EDGE ( 'NONE', *, *, #978, .F. ) ;
#893 = DIRECTION ( 'NONE',  ( -0.000000000000000000, -1.000000000000000000, -0.000000000000000000 ) ) ;
#894 = ORIENTED_EDGE ( 'NONE', *, *, #1310, .F. ) ;
#895 = VECTOR ( 'NONE', #1208, 1000.000000000000000 ) ;
#896 = CARTESIAN_POINT ( 'NONE',  ( 69.99999999999998579, 35.00000000000000000, -59.99999999999998579 ) ) ;
#897 = ORIENTED_EDGE ( 'NONE', *, *, #2373, .T. ) ;
#898 = CARTESIAN_POINT ( 'NONE',  ( -63.70000000000000995, 0.000000000000000000, -16.74999999999999289 ) ) ;
#899 = EDGE_LOOP ( 'NONE', ( #897, #1420, #2030, #2059 ) ) ;
#900 = ADVANCED_FACE ( 'NONE', ( #470 ), #1214, .F. ) ;
#901 = CARTESIAN_POINT ( 'NONE',  ( 63.70000000000000995, 0.000000000000000000, -19.00000000000001776 ) ) ;
#902 = ORIENTED_EDGE ( 'NONE', *, *, #1372, .F. ) ;
#903 = EDGE_CURVE ( 'NONE', #109, #545, #305, .T. ) ;
#904 = DIRECTION ( 'NONE',  ( 0.000000000000000000, 0.000000000000000000, -1.000000000000000000 ) ) ;
#905 = ORIENTED_EDGE ( 'NONE', *, *, #1911, .F. ) ;
#906 = DIRECTION ( 'NONE',  ( 0.000000000000000000, 0.000000000000000000, -1.000000000000000000 ) ) ;
#907 = ORIENTED_EDGE ( 'NONE', *, *, #2205, .F. ) ;
#908 = FACE_OUTER_BOUND ( 'NONE', #106, .T. ) ;
#909 = EDGE_LOOP ( 'NONE', ( #1912, #894 ) ) ;
#910 = DIRECTION ( 'NONE',  ( 0.000000000000000000, 0.000000000000000000, 1.000000000000000000 ) ) ;
#911 = APPROVAL_PERSON_ORGANIZATION ( #1205, #943, #1005 ) ;
#912 = ORIENTED_EDGE ( 'NONE', *, *, #779, .F. ) ;
#913 = LINE ( 'NONE', #2503, #1452 ) ;
#914 = EDGE_LOOP ( 'NONE', ( #458, #494, #708, #809 ) ) ;
#915 = CIRCLE ( 'NONE', #1644, 12.49999999999999645 ) ;
#916 = DIRECTION ( 'NONE',  ( 1.000000000000000000, 0.000000000000000000, 0.000000000000000000 ) ) ;
#917 = EDGE_CURVE ( 'NONE', #300, #1917, #2429, .T. ) ;
#918 = VERTEX_POINT ( 'NONE', #828 ) ;
#919 = DIRECTION ( 'NONE',  ( 0.000000000000000000, 1.000000000000000000, 0.000000000000000000 ) ) ;
#920 = ORIENTED_EDGE ( 'NONE', *, *, #190, .F. ) ;
#921 = CIRCLE ( 'NONE', #150, 2.250000000000001776 ) ;
#922 = LINE ( 'NONE', #388, #1568 ) ;
#923 = VERTEX_POINT ( 'NONE', #2391 ) ;
#924 = DIRECTION ( 'NONE',  ( 0.000000000000000000, 0.000000000000000000, 1.000000000000000000 ) ) ;
#925 = DIRECTION ( 'NONE',  ( 8.659560562354866298E-17, -0.7071067811865531239, 0.7071067811865420216 ) ) ;
#926 = DIRECTION ( 'NONE',  ( 0.000000000000000000, 1.000000000000000000, -0.000000000000000000 ) ) ;
#927 = EDGE_LOOP ( 'NONE', ( #1324, #502, #2146, #996, #402, #1558, #2032, #645, #1496, #740 ) ) ;
#928 = EDGE_CURVE ( 'NONE', #1081, #2041, #869, .T. ) ;
#929 = VERTEX_POINT ( 'NONE', #1403 ) ;
#930 = DIRECTION ( 'NONE',  ( 0.000000000000000000, -0.000000000000000000, -1.000000000000000000 ) ) ;
#931 = VERTEX_POINT ( 'NONE', #2403 ) ;
#932 = DIRECTION ( 'NONE',  ( 0.000000000000000000, 1.000000000000000000, 0.000000000000000000 ) ) ;
#933 = ADVANCED_FACE ( 'NONE', ( #1233, #1671, #495, #482, #321, #702, #2079 ), #2052, .F. ) ;
#934 = EDGE_LOOP ( 'NONE', ( #164, #1368, #113, #2470 ) ) ;
#935 = CARTESIAN_POINT ( 'NONE',  ( -63.70000000000000995, 0.000000000000000000, 19.00000000000000000 ) ) ;
#936 = CARTESIAN_POINT ( 'NONE',  ( 69.99999999999998579, 34.00000000000000000, -47.49999999999998579 ) ) ;
#937 = LINE ( 'NONE', #1524, #1799 ) ;
#938 = ORIENTED_EDGE ( 'NONE', *, *, #2274, .F. ) ;
#939 = CARTESIAN_POINT ( 'NONE',  ( 84.99999999999998579, 0.000000000000000000, -74.99999999999998579 ) ) ;
#940 = AXIS2_PLACEMENT_3D ( 'NONE', #1707, #2323, #904 ) ;
#941 = DIRECTION ( 'NONE',  ( 0.000000000000000000, 0.000000000000000000, -1.000000000000000000 ) ) ;
#942 = EDGE_LOOP ( 'NONE', ( #41, #1406, #2204, #2539 ) ) ;
#943 = APPROVAL ( #2375, 'UNSPECIFIED' ) ;
#944 = DIRECTION ( 'NONE',  ( 0.000000000000000000, 1.000000000000000000, -0.000000000000000000 ) ) ;
#945 = EDGE_LOOP ( 'NONE', ( #334, #298, #1313, #394 ) ) ;
#946 = DIRECTION ( 'NONE',  ( 0.000000000000000000, 1.000000000000000000, 0.000000000000000000 ) ) ;
#947 = CARTESIAN_POINT ( 'NONE',  ( 69.94999999999998863, 12.00000000000000000, 23.55000000000001492 ) ) ;
#948 = EDGE_CURVE ( 'NONE', #1230, #1886, #1319, .T. ) ;
#949 = LINE ( 'NONE', #567, #597 ) ;
#950 = CARTESIAN_POINT ( 'NONE',  ( -34.95000000000001705, 15.00000000000000000, -25.04999999999998295 ) ) ;
#951 = VECTOR ( 'NONE', #1415, 1000.000000000000000 ) ;
#952 = ORIENTED_EDGE ( 'NONE', *, *, #1338, .T. ) ;
#953 = CARTESIAN_POINT ( 'NONE',  ( -70.00000000000001421, 0.000000000000000000, 67.60000000000000853 ) ) ;
#954 = COORDINATED_UNIVERSAL_TIME_OFFSET ( 0, 0, .AHEAD. ) ;
#955 = VECTOR ( 'NONE', #2171, 1000.000000000000000 ) ;
#956 = FACE_OUTER_BOUND ( 'NONE', #255, .T. ) ;
#957 = LOCAL_TIME ( 10, 18, 14.00000000000000000, #1758 ) ;
#958 = ORIENTED_EDGE ( 'NONE', *, *, #1807, .T. ) ;
#959 = LINE ( 'NONE', #1169, #348 ) ;
#960 = AXIS2_PLACEMENT_3D ( 'NONE', #863, #2490, #1092 ) ;
#961 = DIRECTION ( 'NONE',  ( 0.000000000000000000, 0.000000000000000000, -1.000000000000000000 ) ) ;
#962 = DIRECTION ( 'NONE',  ( 0.000000000000000000, 0.000000000000000000, -1.000000000000000000 ) ) ;
#963 = FACE_OUTER_BOUND ( 'NONE', #1646, .T. ) ;
#964 = EDGE_LOOP ( 'NONE', ( #1956, #2468 ) ) ;
#965 = FACE_BOUND ( 'NONE', #1682, .T. ) ;
#966 = EDGE_CURVE ( 'NONE', #2410, #1554, #870, .T. ) ;
#967 = DIRECTION ( 'NONE',  ( -0.000000000000000000, 1.000000000000000000, -0.000000000000000000 ) ) ;
#968 = EDGE_CURVE ( 'NONE', #320, #1022, #1267, .T. ) ;
#969 = ORIENTED_EDGE ( 'NONE', *, *, #437, .F. ) ;
#970 = DIRECTION ( 'NONE',  ( 0.000000000000000000, -1.000000000000000000, 0.000000000000000000 ) ) ;
#971 = CARTESIAN_POINT ( 'NONE',  ( -70.00000000000001421, 34.00000000000000000, -47.49999999999998579 ) ) ;
#972 = ORIENTED_EDGE ( 'NONE', *, *, #107, .F. ) ;
#973 = CARTESIAN_POINT ( 'NONE',  ( -69.95000000000001705, 15.00000000000000000, 23.55000000000001492 ) ) ;
#974 = CARTESIAN_POINT ( 'NONE',  ( 69.99999999999998579, 0.000000000000000000, -59.99999999999998579 ) ) ;
#975 = CARTESIAN_POINT ( 'NONE',  ( 33.44999999999998863, 12.00000000000000000, 26.55000000000001847 ) ) ;
#976 = PLANE ( 'NONE',  #1468 ) ;
#977 = VECTOR ( 'NONE', #598, 1000.000000000000114 ) ;
#978 = EDGE_CURVE ( 'NONE', #923, #2216, #2187, .T. ) ;
#979 = FACE_OUTER_BOUND ( 'NONE', #2500, .T. ) ;
#980 = CALENDAR_DATE ( 2025, 17, 12 ) ;
#981 = ADVANCED_FACE ( 'NONE', ( #522 ), #510, .F. ) ;
#982 = AXIS2_PLACEMENT_3D ( 'NONE', #901, #696, #1321 ) ;
#983 = CARTESIAN_POINT ( 'NONE',  ( -39.70000000000000284, 0.000000000000000000, 19.00000000000000000 ) ) ;
#984 = ORIENTED_EDGE ( 'NONE', *, *, #327, .T. ) ;
#985 = CARTESIAN_POINT ( 'NONE',  ( 69.99999999999998579, 35.00000000000000000, 60.00000000000001421 ) ) ;
#986 = DIRECTION ( 'NONE',  ( 0.000000000000000000, 0.000000000000000000, -1.000000000000000000 ) ) ;
#987 = LINE ( 'NONE', #2003, #511 ) ;
#988 = ORIENTED_EDGE ( 'NONE', *, *, #282, .T. ) ;
#989 = DIRECTION ( 'NONE',  ( 0.000000000000000000, 0.000000000000000000, 1.000000000000000000 ) ) ;
#990 = DIRECTION ( 'NONE',  ( -0.000000000000000000, -1.000000000000000000, -0.000000000000000000 ) ) ;
#991 = PERSON_AND_ORGANIZATION_ROLE ( 'creator' ) ;
#992 = EDGE_CURVE ( 'NONE', #918, #2011, #1658, .T. ) ;
#993 = CIRCLE ( 'NONE', #385, 1.500000000000001332 ) ;
#994 = CARTESIAN_POINT ( 'NONE',  ( 69.99999999999998579, 15.00000000000000000, 60.00000000000001421 ) ) ;
#995 = AXIS2_PLACEMENT_3D ( 'NONE', #2524, #2342, #731 ) ;
#996 = ORIENTED_EDGE ( 'NONE', *, *, #1122, .T. ) ;
#997 = CARTESIAN_POINT ( 'NONE',  ( -68.45000000000001705, 12.00000000000000000, 25.05000000000001847 ) ) ;
#998 = EDGE_CURVE ( 'NONE', #129, #580, #1029, .T. ) ;
#999 = DIRECTION ( 'NONE',  ( -0.000000000000000000, 1.000000000000000000, -0.000000000000000000 ) ) ;
#1000 = DIRECTION ( 'NONE',  ( 0.000000000000000000, 0.000000000000000000, -1.000000000000000000 ) ) ;
#1001 = ORIENTED_EDGE ( 'NONE', *, *, #2104, .T. ) ;
#1002 = CARTESIAN_POINT ( 'NONE',  ( 69.99999999999998579, 15.00000000000000000, -59.99999999999998579 ) ) ;
#1003 = AXIS2_PLACEMENT_3D ( 'NONE', #639, #246, #257 ) ;
#1004 = CARTESIAN_POINT ( 'NONE',  ( 84.99999999999998579, 15.00000000000000000, 75.00000000000001421 ) ) ;
#1005 = APPROVAL_ROLE ( '' ) ;
#1006 = AXIS2_PLACEMENT_3D ( 'NONE', #1908, #1474, #124 ) ;
#1007 = DIRECTION ( 'NONE',  ( 0.000000000000000000, 0.000000000000000000, 1.000000000000000000 ) ) ;
#1008 = EDGE_CURVE ( 'NONE', #1577, #931, #1856, .T. ) ;
#1009 = DIRECTION ( 'NONE',  ( -0.000000000000000000, 1.000000000000000000, -0.000000000000000000 ) ) ;
#1010 = LINE ( 'NONE', #799, #1218 ) ;
#1011 = ADVANCED_FACE ( 'NONE', ( #2469 ), #826, .T. ) ;
#1012 = ORIENTED_EDGE ( 'NONE', *, *, #1575, .T. ) ;
#1013 = DIRECTION ( 'NONE',  ( -0.000000000000000000, 1.000000000000000000, -0.000000000000000000 ) ) ;
#1014 = FACE_OUTER_BOUND ( 'NONE', #1802, .T. ) ;
#1015 = CIRCLE ( 'NONE', #689, 1.500000000000001332 ) ;
#1016 = CARTESIAN_POINT ( 'NONE',  ( 69.99999999999998579, 35.00000000000000000, 60.00000000000001421 ) ) ;
#1017 = VERTEX_POINT ( 'NONE', #1495 ) ;
#1018 = AXIS2_PLACEMENT_3D ( 'NONE', #844, #228, #452 ) ;
#1019 = CYLINDRICAL_SURFACE ( 'NONE', #1853, 12.49999999999999645 ) ;
#1020 = ADVANCED_FACE ( 'NONE', ( #1888 ), #2457, .F. ) ;
#1021 = CARTESIAN_POINT ( 'NONE',  ( -33.45000000000001705, 12.00000000000000000, 25.05000000000001847 ) ) ;
#1022 = VERTEX_POINT ( 'NONE', #1453 ) ;
#1023 = PLANE ( 'NONE',  #2384 ) ;
#1024 = ADVANCED_FACE ( 'NONE', ( #1683, #2286 ), #1467, .T. ) ;
#1025 = ORIENTED_EDGE ( 'NONE', *, *, #807, .F. ) ;
#1026 = CARTESIAN_POINT ( 'NONE',  ( -33.45000000000001705, 12.00000000000000000, -25.04999999999998295 ) ) ;
#1027 = ORIENTED_EDGE ( 'NONE', *, *, #476, .T. ) ;
#1028 = CARTESIAN_POINT ( 'NONE',  ( 69.99999999999998579, 35.00000000000000000, 71.50000000000000000 ) ) ;
#1029 = CIRCLE ( 'NONE', #1280, 1.500000000000001332 ) ;
#1030 = EDGE_LOOP ( 'NONE', ( #2497, #1637, #2086, #1882 ) ) ;
#1031 = AXIS2_PLACEMENT_3D ( 'NONE', #1370, #946, #2542 ) ;
#1032 = ORIENTED_EDGE ( 'NONE', *, *, #1613, .F. ) ;
#1033 = DIRECTION ( 'NONE',  ( -0.000000000000000000, 1.000000000000000000, -0.000000000000000000 ) ) ;
#1034 = PLANE ( 'NONE',  #2319 ) ;
#1035 = VECTOR ( 'NONE', #1723, 1000.000000000000114 ) ;
#1036 = ORIENTED_EDGE ( 'NONE', *, *, #18, .T. ) ;
#1037 = DIRECTION ( 'NONE',  ( 0.000000000000000000, 0.7071067811865446862, 0.7071067811865503483 ) ) ;
#1038 = ORIENTED_EDGE ( 'NONE', *, *, #715, .F. ) ;
#1039 = EDGE_CURVE ( 'NONE', #2041, #60, #1773, .T. ) ;
#1040 = DIRECTION ( 'NONE',  ( 0.000000000000000000, 0.000000000000000000, -1.000000000000000000 ) ) ;
#1041 = VERTEX_POINT ( 'NONE', #2297 ) ;
#1042 = EDGE_CURVE ( 'NONE', #91, #680, #2439, .T. ) ;
#1043 = CARTESIAN_POINT ( 'NONE',  ( 84.99999999999998579, 15.00000000000000000, 75.00000000000001421 ) ) ;
#1044 = CYLINDRICAL_SURFACE ( 'NONE', #2215, 1.500000000000001332 ) ;
#1045 = ORIENTED_EDGE ( 'NONE', *, *, #2119, .T. ) ;
#1046 = DIRECTION ( 'NONE',  ( 0.000000000000000000, 0.000000000000000000, 1.000000000000000000 ) ) ;
#1047 = ORIENTED_EDGE ( 'NONE', *, *, #1250, .F. ) ;
#1048 = CARTESIAN_POINT ( 'NONE',  ( 69.99999999999998579, 35.00000000000000000, 51.39999999999998437 ) ) ;
#1049 = VERTEX_POINT ( 'NONE', #1127 ) ;
#1050 = CYLINDRICAL_SURFACE ( 'NONE', #1018, 7.599999999999996092 ) ;
#1051 = ORIENTED_EDGE ( 'NONE', *, *, #573, .F. ) ;
#1052 = CARTESIAN_POINT ( 'NONE',  ( 69.99999999999998579, 35.00000000000000000, -68.60000000000000853 ) ) ;
#1053 = CC_DESIGN_DATE_AND_TIME_ASSIGNMENT ( #2349, #1179, ( #1248 ) ) ;
#1054 = ORIENTED_EDGE ( 'NONE', *, *, #992, .F. ) ;
#1055 = CARTESIAN_POINT ( 'NONE',  ( -63.70000000000000995, 12.00000000000000000, -18.99999999999999645 ) ) ;
#1056 = AXIS2_PLACEMENT_3D ( 'NONE', #1963, #2165, #1772 ) ;
#1057 = ADVANCED_FACE ( 'NONE', ( #1913 ), #156, .F. ) ;
#1058 = LINE ( 'NONE', #1790, #1816 ) ;
#1059 = ORIENTED_EDGE ( 'NONE', *, *, #749, .F. ) ;
#1060 = CARTESIAN_POINT ( 'NONE',  ( 63.70000000000000995, 12.00000000000000000, 21.24999999999998224 ) ) ;
#1061 = ORIENTED_EDGE ( 'NONE', *, *, #1764, .F. ) ;
#1062 = DIRECTION ( 'NONE',  ( 0.000000000000000000, 0.000000000000000000, 1.000000000000000000 ) ) ;
#1063 = AXIS2_PLACEMENT_3D ( 'NONE', #1866, #2465, #2115 ) ;
#1064 = DIRECTION ( 'NONE',  ( -0.000000000000000000, 1.000000000000000000, -0.000000000000000000 ) ) ;
#1065 = DIRECTION ( 'NONE',  ( 0.000000000000000000, 0.000000000000000000, 1.000000000000000000 ) ) ;
#1066 = CIRCLE ( 'NONE', #1434, 12.49999999999999645 ) ;
#1067 = ORIENTED_EDGE ( 'NONE', *, *, #1713, .T. ) ;
#1068 = LINE ( 'NONE', #660, #1212 ) ;
#1069 = EDGE_CURVE ( 'NONE', #833, #363, #590, .T. ) ;
#1070 = DIRECTION ( 'NONE',  ( 0.000000000000000000, -1.000000000000000000, 0.000000000000000000 ) ) ;
#1071 = AXIS2_PLACEMENT_3D ( 'NONE', #1427, #2013, #1046 ) ;
#1072 = ORIENTED_EDGE ( 'NONE', *, *, #1278, .T. ) ;
#1073 = DIRECTION ( 'NONE',  ( -1.000000000000000000, 0.000000000000000000, -0.000000000000000000 ) ) ;
#1074 = EDGE_CURVE ( 'NONE', #523, #1750, #756, .T. ) ;
#1075 = ORIENTED_EDGE ( 'NONE', *, *, #1631, .F. ) ;
#1076 = DIRECTION ( 'NONE',  ( 0.000000000000000000, 1.000000000000000000, -0.000000000000000000 ) ) ;
#1077 = CIRCLE ( 'NONE', #101, 12.49999999999999645 ) ;
#1078 = AXIS2_PLACEMENT_3D ( 'NONE', #1944, #1727, #2379 ) ;
#1079 = DIRECTION ( 'NONE',  ( 0.000000000000000000, 1.000000000000000000, 0.000000000000000000 ) ) ;
#1080 = CYLINDRICAL_SURFACE ( 'NONE', #982, 2.250000000000015987 ) ;
#1081 = VERTEX_POINT ( 'NONE', #2145 ) ;
#1082 = VECTOR ( 'NONE', #1145, 1000.000000000000114 ) ;
#1083 = CARTESIAN_POINT ( 'NONE',  ( -39.70000000000000284, 12.00000000000000000, -18.99999999999999645 ) ) ;
#1084 = VERTEX_POINT ( 'NONE', #2537 ) ;
#1085 = DIRECTION ( 'NONE',  ( 0.000000000000000000, 0.000000000000000000, -1.000000000000000000 ) ) ;
#1086 = VERTEX_POINT ( 'NONE', #1327 ) ;
#1087 = EDGE_CURVE ( 'NONE', #315, #436, #1350, .T. ) ;
#1088 = CARTESIAN_POINT ( 'NONE',  ( -85.00000000000001421, 15.00000000000000000, -74.99999999999998579 ) ) ;
#1089 = ORIENTED_EDGE ( 'NONE', *, *, #2476, .T. ) ;
#1090 = DIRECTION ( 'NONE',  ( -0.000000000000000000, 1.000000000000000000, -0.000000000000000000 ) ) ;
#1091 = ADVANCED_FACE ( 'NONE', ( #2352 ), #2325, .F. ) ;
#1092 = DIRECTION ( 'NONE',  ( 0.000000000000000000, 0.000000000000000000, -1.000000000000000000 ) ) ;
#1093 = CARTESIAN_POINT ( 'NONE',  ( -70.00000000000001421, 33.99999999999997868, -67.59999999999998010 ) ) ;
#1094 = ORIENTED_EDGE ( 'NONE', *, *, #559, .F. ) ;
#1095 = ADVANCED_BREP_SHAPE_REPRESENTATION ( 'top_bolster_horiz', ( #2101, #860 ), #816 ) ;
#1096 = DIRECTION ( 'NONE',  ( 0.000000000000000000, 0.000000000000000000, 1.000000000000000000 ) ) ;
#1097 = CONICAL_SURFACE ( 'NONE', #203, 7.599999999999996092, 0.7853981633974522758 ) ;
#1098 = ORIENTED_EDGE ( 'NONE', *, *, #2535, .T. ) ;
#1099 = DIRECTION ( 'NONE',  ( 0.000000000000000000, 0.000000000000000000, 1.000000000000000000 ) ) ;
#1100 = EDGE_LOOP ( 'NONE', ( #2438, #142, #2292, #1990 ) ) ;
#1101 = CARTESIAN_POINT ( 'NONE',  ( 69.99999999999998579, 15.00000000000000000, 72.50000000000001421 ) ) ;
#1102 = EDGE_LOOP ( 'NONE', ( #306, #1667 ) ) ;
#1103 = CARTESIAN_POINT ( 'NONE',  ( 69.94999999999998863, 12.00000000000000000, 25.05000000000001847 ) ) ;
#1104 = CC_DESIGN_PERSON_AND_ORGANIZATION_ASSIGNMENT ( #1787, #192, ( #2181 ) ) ;
#1105 = LOCAL_TIME ( 10, 18, 14.00000000000000000, #954 ) ;
#1106 = ORIENTED_EDGE ( 'NONE', *, *, #3, .F. ) ;
#1107 = CARTESIAN_POINT ( 'NONE',  ( -85.00000000000001421, 0.000000000000000000, -74.99999999999998579 ) ) ;
#1108 = EDGE_CURVE ( 'NONE', #87, #1515, #1166, .T. ) ;
#1109 = EDGE_LOOP ( 'NONE', ( #1135, #267, #1139, #856 ) ) ;
#1110 = CARTESIAN_POINT ( 'NONE',  ( -70.00000000000001421, 33.99999999999997868, 60.00000000000001421 ) ) ;
#1111 = ORIENTED_EDGE ( 'NONE', *, *, #573, .T. ) ;
#1112 = DIRECTION ( 'NONE',  ( 0.000000000000000000, 0.000000000000000000, 1.000000000000000000 ) ) ;
#1113 = ORIENTED_EDGE ( 'NONE', *, *, #2179, .F. ) ;
#1114 = LINE ( 'NONE', #551, #2483 ) ;
#1115 = ORIENTED_EDGE ( 'NONE', *, *, #2321, .T. ) ;
#1116 = CYLINDRICAL_SURFACE ( 'NONE', #2063, 1.500000000000001332 ) ;
#1117 = ORIENTED_EDGE ( 'NONE', *, *, #822, .F. ) ;
#1118 = CIRCLE ( 'NONE', #250, 1.500000000000001332 ) ;
#1119 = VECTOR ( 'NONE', #746, 1000.000000000000000 ) ;
#1120 = DIRECTION ( 'NONE',  ( 0.000000000000000000, 0.000000000000000000, -1.000000000000000000 ) ) ;
#1121 = VERTEX_POINT ( 'NONE', #1569 ) ;
#1122 = EDGE_CURVE ( 'NONE', #1475, #2421, #444, .T. ) ;
#1123 = CIRCLE ( 'NONE', #266, 2.250000000000001776 ) ;
#1124 = AXIS2_PLACEMENT_3D ( 'NONE', #579, #161, #594 ) ;
#1125 = ADVANCED_FACE ( 'NONE', ( #549 ), #1097, .F. ) ;
#1126 = ORIENTED_EDGE ( 'NONE', *, *, #1596, .F. ) ;
#1127 = CARTESIAN_POINT ( 'NONE',  ( 63.70000000000000995, 0.000000000000000000, -16.75000000000000000 ) ) ;
#1128 = VERTEX_POINT ( 'NONE', #1939 ) ;
#1129 = DIRECTION ( 'NONE',  ( -0.000000000000000000, -1.000000000000000000, -0.000000000000000000 ) ) ;
#1130 = EDGE_LOOP ( 'NONE', ( #532, #892, #1892, #1659 ) ) ;
#1131 = LINE ( 'NONE', #973, #1948 ) ;
#1132 = DIRECTION ( 'NONE',  ( -0.000000000000000000, 1.000000000000000000, -0.000000000000000000 ) ) ;
#1133 = CIRCLE ( 'NONE', #30, 2.250000000000001776 ) ;
#1134 = DIRECTION ( 'NONE',  ( -0.000000000000000000, 1.000000000000000000, -0.000000000000000000 ) ) ;
#1135 = ORIENTED_EDGE ( 'NONE', *, *, #169, .F. ) ;
#1136 = DIRECTION ( 'NONE',  ( 0.000000000000000000, 0.000000000000000000, -1.000000000000000000 ) ) ;
#1137 = EDGE_CURVE ( 'NONE', #263, #1300, #1419, .T. ) ;
#1138 = DIRECTION ( 'NONE',  ( -0.000000000000000000, -1.000000000000000000, -0.000000000000000000 ) ) ;
#1139 = ORIENTED_EDGE ( 'NONE', *, *, #622, .T. ) ;
#1140 = DIRECTION ( 'NONE',  ( 0.000000000000000000, 1.000000000000000000, 0.000000000000000000 ) ) ;
#1141 = ORIENTED_EDGE ( 'NONE', *, *, #1195, .F. ) ;
#1142 = CYLINDRICAL_SURFACE ( 'NONE', #1813, 2.250000000000015987 ) ;
#1143 = FACE_OUTER_BOUND ( 'NONE', #1100, .T. ) ;
#1144 = AXIS2_PLACEMENT_3D ( 'NONE', #647, #1989, #423 ) ;
#1145 = DIRECTION ( 'NONE',  ( 8.659560562354966138E-17, 0.7071067811865446862, -0.7071067811865503483 ) ) ;
#1146 = CIRCLE ( 'NONE', #487, 8.600000000000024514 ) ;
#1147 = DIRECTION ( 'NONE',  ( -0.000000000000000000, -1.000000000000000000, -0.000000000000000000 ) ) ;
#1148 = DIRECTION ( 'NONE',  ( 0.000000000000000000, 0.7071067811865446862, 0.7071067811865503483 ) ) ;
#1149 = DIRECTION ( 'NONE',  ( 0.000000000000000000, 1.000000000000000000, 0.000000000000000000 ) ) ;
#1150 = LINE ( 'NONE', #1737, #526 ) ;
#1151 = ORIENTED_EDGE ( 'NONE', *, *, #2104, .F. ) ;
#1152 = CARTESIAN_POINT ( 'NONE',  ( -69.95000000000001705, 12.00000000000000000, -23.54999999999997939 ) ) ;
#1153 = EDGE_CURVE ( 'NONE', #315, #243, #2376, .T. ) ;
#1154 = VECTOR ( 'NONE', #318, 1000.000000000000000 ) ;
#1155 = FACE_OUTER_BOUND ( 'NONE', #1269, .T. ) ;
#1156 = CARTESIAN_POINT ( 'NONE',  ( 39.70000000000001705, 0.000000000000000000, 16.74999999999996803 ) ) ;
#1157 = AXIS2_PLACEMENT_3D ( 'NONE', #371, #1531, #533 ) ;
#1158 = DIRECTION ( 'NONE',  ( 0.000000000000000000, 0.000000000000000000, -1.000000000000000000 ) ) ;
#1159 = EDGE_CURVE ( 'NONE', #135, #769, #181, .T. ) ;
#1160 = FACE_BOUND ( 'NONE', #848, .T. ) ;
#1161 = AXIS2_PLACEMENT_3D ( 'NONE', #2027, #2211, #2199 ) ;
#1162 = AXIS2_PLACEMENT_3D ( 'NONE', #2249, #693, #313 ) ;
#1163 = LINE ( 'NONE', #216, #977 ) ;
#1164 = VECTOR ( 'NONE', #1090, 1000.000000000000000 ) ;
#1165 = EDGE_LOOP ( 'NONE', ( #170, #1664, #2310, #575 ) ) ;
#1166 = CIRCLE ( 'NONE', #1185, 8.600000000000024514 ) ;
#1167 = AXIS2_PLACEMENT_3D ( 'NONE', #158, #1752, #2108 ) ;
#1168 = DIRECTION ( 'NONE',  ( 0.000000000000000000, 0.000000000000000000, 1.000000000000000000 ) ) ;
#1169 = CARTESIAN_POINT ( 'NONE',  ( -70.00000000000001421, 35.00000000000000000, 48.50000000000002842 ) ) ;
#1170 = CIRCLE ( 'NONE', #430, 2.250000000000001776 ) ;
#1171 = CARTESIAN_POINT ( 'NONE',  ( 69.99999999999998579, 33.99999999999996447, 60.00000000000001421 ) ) ;
#1172 = FACE_OUTER_BOUND ( 'NONE', #2513, .T. ) ;
#1173 = EDGE_CURVE ( 'NONE', #2252, #1471, #1883, .T. ) ;
#1174 = CARTESIAN_POINT ( 'NONE',  ( 39.70000000000001705, 0.000000000000000000, 21.25000000000000000 ) ) ;
#1175 = EDGE_LOOP ( 'NONE', ( #2371, #1967, #1738, #1839 ) ) ;
#1176 = DIRECTION ( 'NONE',  ( 0.000000000000000000, 1.000000000000000000, -0.000000000000000000 ) ) ;
#1177 = ADVANCED_FACE ( 'NONE', ( #956 ), #2210, .F. ) ;
#1178 = CARTESIAN_POINT ( 'NONE',  ( -69.95000000000001705, 12.00000000000000000, 23.55000000000001492 ) ) ;
#1179 = DATE_TIME_ROLE ( 'creation_date' ) ;
#1180 = ORIENTED_EDGE ( 'NONE', *, *, #1294, .F. ) ;
#1181 = DIRECTION ( 'NONE',  ( -0.000000000000000000, 1.000000000000000000, -0.000000000000000000 ) ) ;
#1182 = ORIENTED_EDGE ( 'NONE', *, *, #1069, .F. ) ;
#1183 = DIRECTION ( 'NONE',  ( 0.000000000000000000, 0.000000000000000000, 1.000000000000000000 ) ) ;
#1184 = DIRECTION ( 'NONE',  ( 0.000000000000000000, 0.000000000000000000, 1.000000000000000000 ) ) ;
#1185 = AXIS2_PLACEMENT_3D ( 'NONE', #2309, #1138, #586 ) ;
#1186 = DIRECTION ( 'NONE',  ( 1.000000000000000000, -0.000000000000000000, 0.000000000000000000 ) ) ;
#1187 = EDGE_LOOP ( 'NONE', ( #692, #343 ) ) ;
#1188 = LINE ( 'NONE', #2546, #1344 ) ;
#1189 = VECTOR ( 'NONE', #967, 1000.000000000000000 ) ;
#1190 = ADVANCED_FACE ( 'NONE', ( #400 ), #163, .T. ) ;
#1191 = CARTESIAN_POINT ( 'NONE',  ( 33.44999999999998863, 12.00000000000000000, -23.54999999999997939 ) ) ;
#1192 = CALENDAR_DATE ( 2025, 17, 12 ) ;
#1193 = CIRCLE ( 'NONE', #1842, 1.500000000000001332 ) ;
#1194 = ORIENTED_EDGE ( 'NONE', *, *, #1716, .F. ) ;
#1195 = EDGE_CURVE ( 'NONE', #1277, #129, #1150, .T. ) ;
#1196 = CIRCLE ( 'NONE', #1759, 1.500000000000001332 ) ;
#1197 = LINE ( 'NONE', #1978, #2504 ) ;
#1198 = ORIENTED_EDGE ( 'NONE', *, *, #663, .F. ) ;
#1199 = FACE_BOUND ( 'NONE', #66, .T. ) ;
#1200 = DIRECTION ( 'NONE',  ( 0.000000000000000000, 0.000000000000000000, -1.000000000000000000 ) ) ;
#1201 = DIRECTION ( 'NONE',  ( 0.000000000000000000, 1.000000000000000000, -0.000000000000000000 ) ) ;
#1202 = VERTEX_POINT ( 'NONE', #758 ) ;
#1203 = CARTESIAN_POINT ( 'NONE',  ( -69.95000000000001705, 12.00000000000000000, 25.05000000000001847 ) ) ;
#1204 = DIRECTION ( 'NONE',  ( -0.000000000000000000, 1.000000000000000000, -0.000000000000000000 ) ) ;
#1205 = PERSON_AND_ORGANIZATION ( #2481, #2137 ) ;
#1206 = ADVANCED_FACE ( 'NONE', ( #4 ), #413, .F. ) ;
#1207 = AXIS2_PLACEMENT_3D ( 'NONE', #935, #748, #1183 ) ;
#1208 = DIRECTION ( 'NONE',  ( -0.000000000000000000, 1.000000000000000000, -0.000000000000000000 ) ) ;
#1209 = EDGE_CURVE ( 'NONE', #1818, #545, #1197, .T. ) ;
#1210 = AXIS2_PLACEMENT_3D ( 'NONE', #1916, #538, #1536 ) ;
#1211 = ORIENTED_EDGE ( 'NONE', *, *, #1234, .T. ) ;
#1212 = VECTOR ( 'NONE', #1275, 1000.000000000000000 ) ;
#1213 = ORIENTED_EDGE ( 'NONE', *, *, #1325, .F. ) ;
#1214 = CONICAL_SURFACE ( 'NONE', #2478, 7.599999999999996092, 0.7853981633974522758 ) ;
#1215 = FACE_OUTER_BOUND ( 'NONE', #1246, .T. ) ;
#1216 = CARTESIAN_POINT ( 'NONE',  ( 39.70000000000001705, 0.000000000000000000, 16.74999999999996803 ) ) ;
#1217 = CARTESIAN_POINT ( 'NONE',  ( -33.45000000000001705, 12.00000000000000000, 23.55000000000001492 ) ) ;
#1218 = VECTOR ( 'NONE', #1993, 1000.000000000000000 ) ;
#1219 = DIRECTION ( 'NONE',  ( 0.000000000000000000, 0.000000000000000000, 1.000000000000000000 ) ) ;
#1220 = AXIS2_PLACEMENT_3D ( 'NONE', #2291, #287, #1283 ) ;
#1221 = CARTESIAN_POINT ( 'NONE',  ( -34.95000000000001705, 12.00000000000000000, 25.05000000000001847 ) ) ;
#1222 = EDGE_CURVE ( 'NONE', #931, #539, #219, .T. ) ;
#1223 = ORIENTED_EDGE ( 'NONE', *, *, #280, .F. ) ;
#1224 = DIRECTION ( 'NONE',  ( 0.000000000000000000, 1.000000000000000000, -0.000000000000000000 ) ) ;
#1225 = DIRECTION ( 'NONE',  ( 0.000000000000000000, 0.000000000000000000, 1.000000000000000000 ) ) ;
#1226 = DIRECTION ( 'NONE',  ( 1.000000000000000000, 0.000000000000000000, -0.000000000000000000 ) ) ;
#1227 = CARTESIAN_POINT ( 'NONE',  ( 63.70000000000000995, 0.000000000000000000, 21.24999999999998224 ) ) ;
#1228 = ORIENTED_EDGE ( 'NONE', *, *, #543, .F. ) ;
#1229 = DIRECTION ( 'NONE',  ( 0.000000000000000000, 0.000000000000000000, 1.000000000000000000 ) ) ;
#1230 = VERTEX_POINT ( 'NONE', #1778 ) ;
#1231 = EDGE_LOOP ( 'NONE', ( #1823, #2296, #1874, #375 ) ) ;
#1232 = VECTOR ( 'NONE', #859, 1000.000000000000000 ) ;
#1233 = FACE_BOUND ( 'NONE', #1544, .T. ) ;
#1234 = EDGE_CURVE ( 'NONE', #135, #603, #733, .T. ) ;
#1235 = CARTESIAN_POINT ( 'NONE',  ( -39.70000000000000284, 12.00000000000000000, 16.74999999999999645 ) ) ;
#1236 = ORIENTED_EDGE ( 'NONE', *, *, #2532, .F. ) ;
#1237 = CARTESIAN_POINT ( 'NONE',  ( 69.99999999999998579, 35.00000000000000000, -59.99999999999998579 ) ) ;
#1238 = ADVANCED_FACE ( 'NONE', ( #2024 ), #2377, .T. ) ;
#1239 = LINE ( 'NONE', #45, #44 ) ;
#1240 = EDGE_LOOP ( 'NONE', ( #1094, #2337, #2095, #279 ) ) ;
#1241 = DIRECTION ( 'NONE',  ( 0.000000000000000000, 0.000000000000000000, 1.000000000000000000 ) ) ;
#1242 = DIRECTION ( 'NONE',  ( -0.000000000000000000, -1.000000000000000000, -0.000000000000000000 ) ) ;
#1243 = CARTESIAN_POINT ( 'NONE',  ( 69.99999999999998579, 35.00000000000000000, -48.49999999999997158 ) ) ;
#1244 = EDGE_LOOP ( 'NONE', ( #2294, #1896, #1228, #1535 ) ) ;
#1245 = CARTESIAN_POINT ( 'NONE',  ( 69.99999999999998579, 0.000000000000000000, 60.00000000000001421 ) ) ;
#1246 = EDGE_LOOP ( 'NONE', ( #48, #466, #1378, #771 ) ) ;
#1247 = DIRECTION ( 'NONE',  ( -1.000000000000000000, 0.000000000000000000, -0.000000000000000000 ) ) ;
#1248 = PRODUCT_DEFINITION ( 'UNKNOWN', '', #2181, #846 ) ;
#1249 = CARTESIAN_POINT ( 'NONE',  ( -70.00000000000001421, 34.00000000000000000, -59.99999999999998579 ) ) ;
#1250 = EDGE_CURVE ( 'NONE', #254, #2107, #2006, .T. ) ;
#1251 = ORIENTED_EDGE ( 'NONE', *, *, #663, .T. ) ;
#1252 = DIRECTION ( 'NONE',  ( -0.000000000000000000, 1.000000000000000000, -0.000000000000000000 ) ) ;
#1253 = EDGE_LOOP ( 'NONE', ( #2390, #481, #2046, #1890 ) ) ;
#1254 = CARTESIAN_POINT ( 'NONE',  ( 63.70000000000000995, 0.000000000000000000, 21.24999999999998224 ) ) ;
#1255 = ORIENTED_EDGE ( 'NONE', *, *, #1881, .F. ) ;
#1256 = DIRECTION ( 'NONE',  ( -0.000000000000000000, -1.000000000000000000, -0.000000000000000000 ) ) ;
#1257 = EDGE_LOOP ( 'NONE', ( #865, #805, #2456, #498 ) ) ;
#1258 = CARTESIAN_POINT ( 'NONE',  ( 39.69999999999999574, 0.000000000000000000, -19.00000000000001066 ) ) ;
#1259 = CYLINDRICAL_SURFACE ( 'NONE', #1736, 1.500000000000001332 ) ;
#1260 = CARTESIAN_POINT ( 'NONE',  ( -70.00000000000001421, 35.00000000000000000, -59.99999999999998579 ) ) ;
#1261 = EDGE_LOOP ( 'NONE', ( #843, #272, #625, #1801 ) ) ;
#1262 = EDGE_CURVE ( 'NONE', #1304, #2445, #270, .T. ) ;
#1263 = DIRECTION ( 'NONE',  ( 0.000000000000000000, 1.000000000000000000, 0.000000000000000000 ) ) ;
#1264 = PRODUCT ( 'top_bolster_horiz', 'top_bolster_horiz', '', ( #1491 ) ) ;
#1265 = ADVANCED_FACE ( 'NONE', ( #2182 ), #1044, .F. ) ;
#1266 = CIRCLE ( 'NONE', #1588, 2.250000000000015987 ) ;
#1267 = LINE ( 'NONE', #2245, #2308 ) ;
#1268 = CARTESIAN_POINT ( 'NONE',  ( 63.70000000000000995, 0.000000000000000000, -16.75000000000000000 ) ) ;
#1269 = EDGE_LOOP ( 'NONE', ( #1426, #2093, #22, #1355 ) ) ;
#1270 = CARTESIAN_POINT ( 'NONE',  ( -39.70000000000000284, 0.000000000000000000, 16.74999999999999645 ) ) ;
#1271 = FACE_OUTER_BOUND ( 'NONE', #1604, .T. ) ;
#1272 = DIRECTION ( 'NONE',  ( 0.000000000000000000, 1.000000000000000000, -0.000000000000000000 ) ) ;
#1273 = EDGE_LOOP ( 'NONE', ( #157, #626, #1927, #117 ) ) ;
#1274 = CONICAL_SURFACE ( 'NONE', #1353, 7.599999999999996092, 0.7853981633974522758 ) ;
#1275 = DIRECTION ( 'NONE',  ( -0.000000000000000000, 1.000000000000000000, -0.000000000000000000 ) ) ;
#1276 = EDGE_CURVE ( 'NONE', #1049, #1857, #814, .T. ) ;
#1277 = VERTEX_POINT ( 'NONE', #1221 ) ;
#1278 = EDGE_CURVE ( 'NONE', #263, #630, #2413, .T. ) ;
#1279 = DIRECTION ( 'NONE',  ( 0.000000000000000000, 0.000000000000000000, 1.000000000000000000 ) ) ;
#1280 = AXIS2_PLACEMENT_3D ( 'NONE', #308, #716, #1112 ) ;
#1281 = DIRECTION ( 'NONE',  ( -0.000000000000000000, 1.000000000000000000, -0.000000000000000000 ) ) ;
#1282 = ORIENTED_EDGE ( 'NONE', *, *, #2511, .F. ) ;
#1283 = DIRECTION ( 'NONE',  ( 0.000000000000000000, 0.000000000000000000, 1.000000000000000000 ) ) ;
#1284 = VECTOR ( 'NONE', #762, 999.9999999999998863 ) ;
#1285 = AXIS2_PLACEMENT_3D ( 'NONE', #774, #986, #578 ) ;
#1286 = ORIENTED_EDGE ( 'NONE', *, *, #2532, .T. ) ;
#1287 = DIRECTION ( 'NONE',  ( -0.000000000000000000, -1.000000000000000000, -0.000000000000000000 ) ) ;
#1288 = EDGE_LOOP ( 'NONE', ( #454, #347 ) ) ;
#1289 = EDGE_CURVE ( 'NONE', #1391, #1128, #1399, .T. ) ;
#1290 = ORIENTED_EDGE ( 'NONE', *, *, #1008, .T. ) ;
#1291 = CARTESIAN_POINT ( 'NONE',  ( 69.99999999999998579, 35.00000000000000000, 60.00000000000001421 ) ) ;
#1292 = CIRCLE ( 'NONE', #1497, 2.250000000000001776 ) ;
#1293 = DIRECTION ( 'NONE',  ( 1.000000000000000000, 0.000000000000000000, -0.000000000000000000 ) ) ;
#1294 = EDGE_CURVE ( 'NONE', #1202, #1304, #1464, .T. ) ;
#1295 = EDGE_LOOP ( 'NONE', ( #2105, #1038, #1861, #2495 ) ) ;
#1296 = CARTESIAN_POINT ( 'NONE',  ( -33.45000000000001705, 15.00000000000000000, 23.55000000000001492 ) ) ;
#1297 = ORIENTED_EDGE ( 'NONE', *, *, #220, .F. ) ;
#1298 = CARTESIAN_POINT ( 'NONE',  ( 69.94999999999998863, 15.00000000000000000, 26.55000000000001847 ) ) ;
#1299 = EDGE_LOOP ( 'NONE', ( #845, #1012 ) ) ;
#1300 = VERTEX_POINT ( 'NONE', #1028 ) ;
#1301 = CARTESIAN_POINT ( 'NONE',  ( -70.00000000000001421, 35.00000000000000000, 60.00000000000001421 ) ) ;
#1302 = ORIENTED_EDGE ( 'NONE', *, *, #295, .F. ) ;
#1303 = CARTESIAN_POINT ( 'NONE',  ( 84.99999999999998579, 15.00000000000000000, -74.99999999999998579 ) ) ;
#1304 = VERTEX_POINT ( 'NONE', #1616 ) ;
#1305 = LINE ( 'NONE', #516, #1164 ) ;
#1306 = EDGE_CURVE ( 'NONE', #1687, #320, #1015, .T. ) ;
#1307 = VERTEX_POINT ( 'NONE', #1602 ) ;
#1308 = DIRECTION ( 'NONE',  ( 0.000000000000000000, 0.000000000000000000, -1.000000000000000000 ) ) ;
#1309 = CIRCLE ( 'NONE', #418, 2.250000000000001776 ) ;
#1310 = EDGE_CURVE ( 'NONE', #2341, #1307, #2506, .T. ) ;
#1311 = ORIENTED_EDGE ( 'NONE', *, *, #1398, .F. ) ;
#1312 = CARTESIAN_POINT ( 'NONE',  ( -70.00000000000001421, 0.000000000000000000, 60.00000000000001421 ) ) ;
#1313 = ORIENTED_EDGE ( 'NONE', *, *, #1845, .F. ) ;
#1314 = CARTESIAN_POINT ( 'NONE',  ( 68.44999999999998863, 12.00000000000000000, -25.04999999999997939 ) ) ;
#1315 = ORIENTED_EDGE ( 'NONE', *, *, #2133, .F. ) ;
#1316 = CARTESIAN_POINT ( 'NONE',  ( 34.94999999999998863, 12.00000000000000000, 25.05000000000001847 ) ) ;
#1317 = ORIENTED_EDGE ( 'NONE', *, *, #1791, .F. ) ;
#1318 = CARTESIAN_POINT ( 'NONE',  ( -33.45000000000001705, 12.00000000000000000, -25.04999999999998295 ) ) ;
#1319 = CIRCLE ( 'NONE', #1734, 12.49999999999999645 ) ;
#1320 = DIRECTION ( 'NONE',  ( 0.000000000000000000, 0.000000000000000000, -1.000000000000000000 ) ) ;
#1321 = DIRECTION ( 'NONE',  ( 0.000000000000000000, 0.000000000000000000, 1.000000000000000000 ) ) ;
#1322 = CIRCLE ( 'NONE', #1686, 2.250000000000001776 ) ;
#1323 = CIRCLE ( 'NONE', #995, 2.250000000000001776 ) ;
#1324 = ORIENTED_EDGE ( 'NONE', *, *, #588, .T. ) ;
#1325 = EDGE_CURVE ( 'NONE', #109, #1719, #1591, .T. ) ;
#1326 = AXIS2_PLACEMENT_3D ( 'NONE', #1523, #2317, #788 ) ;
#1327 = CARTESIAN_POINT ( 'NONE',  ( 69.94999999999998863, 12.00000000000000000, 23.55000000000001492 ) ) ;
#1328 = VERTEX_POINT ( 'NONE', #1800 ) ;
#1329 = CARTESIAN_POINT ( 'NONE',  ( 68.44999999999998863, 12.00000000000000000, 25.05000000000001847 ) ) ;
#1330 = VERTEX_POINT ( 'NONE', #47 ) ;
#1331 = DIRECTION ( 'NONE',  ( 1.000000000000000000, -0.000000000000000000, -0.000000000000000000 ) ) ;
#1332 = CARTESIAN_POINT ( 'NONE',  ( 39.69999999999999574, 0.000000000000000000, -16.75000000000000711 ) ) ;
#1333 = DIRECTION ( 'NONE',  ( 0.000000000000000000, 0.000000000000000000, 1.000000000000000000 ) ) ;
#1334 = ORIENTED_EDGE ( 'NONE', *, *, #968, .F. ) ;
#1335 = FACE_OUTER_BOUND ( 'NONE', #1030, .T. ) ;
#1336 = EDGE_CURVE ( 'NONE', #2116, #1328, #840, .T. ) ;
#1337 = CARTESIAN_POINT ( 'NONE',  ( -70.00000000000001421, 33.99999999999997868, -59.99999999999998579 ) ) ;
#1338 = EDGE_CURVE ( 'NONE', #2244, #1706, #65, .T. ) ;
#1339 = VERTEX_POINT ( 'NONE', #1974 ) ;
#1340 = DIRECTION ( 'NONE',  ( 0.000000000000000000, 0.000000000000000000, -1.000000000000000000 ) ) ;
#1341 = CARTESIAN_POINT ( 'NONE',  ( 39.70000000000001705, 12.00000000000000000, 16.74999999999996803 ) ) ;
#1342 = LINE ( 'NONE', #212, #1486 ) ;
#1343 = DIRECTION ( 'NONE',  ( 0.000000000000000000, 1.000000000000000000, -0.000000000000000000 ) ) ;
#1344 = VECTOR ( 'NONE', #765, 1000.000000000000000 ) ;
#1345 = DIRECTION ( 'NONE',  ( 0.000000000000000000, -0.000000000000000000, 1.000000000000000000 ) ) ;
#1346 = DIRECTION ( 'NONE',  ( 0.000000000000000000, -0.000000000000000000, 1.000000000000000000 ) ) ;
#1347 = APPROVAL_DATE_TIME ( #813, #39 ) ;
#1348 = ORIENTED_EDGE ( 'NONE', *, *, #2383, .T. ) ;
#1349 = ADVANCED_FACE ( 'NONE', ( #204, #790 ), #2334, .T. ) ;
#1350 = LINE ( 'NONE', #1560, #1400 ) ;
#1351 = VERTEX_POINT ( 'NONE', #2348 ) ;
#1352 = FACE_OUTER_BOUND ( 'NONE', #942, .T. ) ;
#1353 = AXIS2_PLACEMENT_3D ( 'NONE', #839, #2411, #268 ) ;
#1354 = EDGE_CURVE ( 'NONE', #2307, #2430, #1885, .T. ) ;
#1355 = ORIENTED_EDGE ( 'NONE', *, *, #1807, .F. ) ;
#1356 = CARTESIAN_POINT ( 'NONE',  ( -68.45000000000001705, 12.00000000000000000, -25.04999999999997939 ) ) ;
#1357 = CARTESIAN_POINT ( 'NONE',  ( 33.44999999999998863, 15.00000000000000000, 26.55000000000001847 ) ) ;
#1358 = CARTESIAN_POINT ( 'NONE',  ( -69.95000000000001705, 12.00000000000000000, 23.55000000000001492 ) ) ;
#1359 = ORIENTED_EDGE ( 'NONE', *, *, #1276, .F. ) ;
#1360 = LINE ( 'NONE', #408, #1797 ) ;
#1361 = VECTOR ( 'NONE', #448, 1000.000000000000000 ) ;
#1362 = VECTOR ( 'NONE', #577, 1000.000000000000000 ) ;
#1363 = CARTESIAN_POINT ( 'NONE',  ( -70.00000000000001421, 35.00000000000000000, -59.99999999999998579 ) ) ;
#1364 = EDGE_LOOP ( 'NONE', ( #701, #1036 ) ) ;
#1365 = AXIS2_PLACEMENT_3D ( 'NONE', #772, #1140, #563 ) ;
#1366 = CIRCLE ( 'NONE', #429, 12.49999999999999645 ) ;
#1367 = DIRECTION ( 'NONE',  ( 0.000000000000000000, 1.000000000000000000, 0.000000000000000000 ) ) ;
#1368 = ORIENTED_EDGE ( 'NONE', *, *, #2085, .F. ) ;
#1369 = CIRCLE ( 'NONE', #2489, 12.49999999999999645 ) ;
#1370 = CARTESIAN_POINT ( 'NONE',  ( -39.70000000000000284, 12.00000000000000000, -18.99999999999999645 ) ) ;
#1371 = CARTESIAN_POINT ( 'NONE',  ( 69.99999999999998579, 0.000000000000000000, 60.00000000000001421 ) ) ;
#1372 = EDGE_CURVE ( 'NONE', #2116, #918, #382, .T. ) ;
#1373 = LINE ( 'NONE', #2162, #352 ) ;
#1374 = ORIENTED_EDGE ( 'NONE', *, *, #559, .T. ) ;
#1375 = DIRECTION ( 'NONE',  ( 1.000000000000000000, 0.000000000000000000, 0.000000000000000000 ) ) ;
#1376 = CIRCLE ( 'NONE', #2327, 11.50000000000001066 ) ;
#1377 = FACE_OUTER_BOUND ( 'NONE', #1109, .T. ) ;
#1378 = ORIENTED_EDGE ( 'NONE', *, *, #1325, .T. ) ;
#1379 = DIRECTION ( 'NONE',  ( 0.000000000000000000, 0.000000000000000000, 1.000000000000000000 ) ) ;
#1380 = CARTESIAN_POINT ( 'NONE',  ( -70.00000000000001421, 15.00000000000000000, 72.50000000000001421 ) ) ;
#1381 = CARTESIAN_POINT ( 'NONE',  ( 69.99999999999998579, 0.000000000000000000, 67.60000000000000853 ) ) ;
#1382 = AXIS2_PLACEMENT_3D ( 'NONE', #613, #26, #456 ) ;
#1383 = CARTESIAN_POINT ( 'NONE',  ( -70.00000000000001421, 0.000000000000000000, 52.40000000000001279 ) ) ;
#1384 = ORIENTED_EDGE ( 'NONE', *, *, #125, .T. ) ;
#1385 = DIRECTION ( 'NONE',  ( 0.000000000000000000, -1.000000000000000000, 0.000000000000000000 ) ) ;
#1386 = EDGE_CURVE ( 'NONE', #2229, #1805, #370, .T. ) ;
#1387 = CARTESIAN_POINT ( 'NONE',  ( -70.00000000000001421, 0.000000000000000000, -67.59999999999998010 ) ) ;
#1388 = EDGE_CURVE ( 'NONE', #1706, #1339, #1163, .T. ) ;
#1389 = CARTESIAN_POINT ( 'NONE',  ( -33.45000000000001705, 12.00000000000000000, 25.05000000000001847 ) ) ;
#1390 = APPROVAL_PERSON_ORGANIZATION ( #1985, #2014, #231 ) ;
#1391 = VERTEX_POINT ( 'NONE', #953 ) ;
#1392 = DIRECTION ( 'NONE',  ( 0.000000000000000000, 1.000000000000000000, 0.000000000000000000 ) ) ;
#1393 = DIRECTION ( 'NONE',  ( 0.000000000000000000, 1.000000000000000000, 0.000000000000000000 ) ) ;
#1394 = DIRECTION ( 'NONE',  ( 0.000000000000000000, -1.000000000000000000, 0.000000000000000000 ) ) ;
#1395 = CC_DESIGN_PERSON_AND_ORGANIZATION_ASSIGNMENT ( #803, #1975, ( #2193 ) ) ;
#1396 = FACE_OUTER_BOUND ( 'NONE', #837, .T. ) ;
#1397 = VECTOR ( 'NONE', #2471, 1000.000000000000000 ) ;
#1398 = EDGE_CURVE ( 'NONE', #496, #1471, #230, .T. ) ;
#1399 = LINE ( 'NONE', #1582, #895 ) ;
#1400 = VECTOR ( 'NONE', #744, 1000.000000000000114 ) ;
#1401 = AXIS2_PLACEMENT_3D ( 'NONE', #806, #1583, #962 ) ;
#1402 = ORIENTED_EDGE ( 'NONE', *, *, #2062, .T. ) ;
#1403 = CARTESIAN_POINT ( 'NONE',  ( -85.00000000000001421, 15.00000000000000000, -74.99999999999998579 ) ) ;
#1404 = CIRCLE ( 'NONE', #307, 2.250000000000001776 ) ;
#1405 = CARTESIAN_POINT ( 'NONE',  ( -69.95000000000001705, 15.00000000000000000, 25.05000000000001847 ) ) ;
#1406 = ORIENTED_EDGE ( 'NONE', *, *, #1809, .F. ) ;
#1407 = FACE_BOUND ( 'NONE', #2283, .T. ) ;
#1408 = CARTESIAN_POINT ( 'NONE',  ( 69.94999999999998863, 12.00000000000000000, -23.54999999999997939 ) ) ;
#1409 = CIRCLE ( 'NONE', #1788, 2.250000000000015987 ) ;
#1410 = EDGE_CURVE ( 'NONE', #929, #1351, #767, .T. ) ;
#1411 = CARTESIAN_POINT ( 'NONE',  ( 33.44999999999998863, 12.00000000000000000, 23.55000000000001492 ) ) ;
#1412 = ORIENTED_EDGE ( 'NONE', *, *, #1636, .F. ) ;
#1413 = VERTEX_POINT ( 'NONE', #1178 ) ;
#1414 = EDGE_CURVE ( 'NONE', #1827, #1848, #1552, .T. ) ;
#1415 = DIRECTION ( 'NONE',  ( -0.000000000000000000, 1.000000000000000000, -0.000000000000000000 ) ) ;
#1416 = FACE_OUTER_BOUND ( 'NONE', #159, .T. ) ;
#1417 = EDGE_LOOP ( 'NONE', ( #920, #719, #1072, #126 ) ) ;
#1418 = DIRECTION ( 'NONE',  ( -0.000000000000000000, 1.000000000000000000, -0.000000000000000000 ) ) ;
#1419 = CIRCLE ( 'NONE', #2548, 11.49999999999998224 ) ;
#1420 = ORIENTED_EDGE ( 'NONE', *, *, #1716, .T. ) ;
#1421 = DIRECTION ( 'NONE',  ( -0.000000000000000000, 1.000000000000000000, -0.000000000000000000 ) ) ;
#1422 = VECTOR ( 'NONE', #2222, 1000.000000000000000 ) ;
#1423 = ORIENTED_EDGE ( 'NONE', *, *, #1195, .T. ) ;
#1424 = CARTESIAN_POINT ( 'NONE',  ( -70.00000000000001421, 35.00000000000000000, 51.39999999999998437 ) ) ;
#1425 = DIRECTION ( 'NONE',  ( 0.000000000000000000, 0.000000000000000000, 1.000000000000000000 ) ) ;
#1426 = ORIENTED_EDGE ( 'NONE', *, *, #2415, .T. ) ;
#1427 = CARTESIAN_POINT ( 'NONE',  ( -63.70000000000000995, 0.000000000000000000, -18.99999999999999645 ) ) ;
#1428 = CARTESIAN_POINT ( 'NONE',  ( -70.00000000000001421, 0.000000000000000000, -59.99999999999998579 ) ) ;
#1429 = EDGE_CURVE ( 'NONE', #1128, #1554, #34, .T. ) ;
#1430 = EDGE_LOOP ( 'NONE', ( #659, #1709 ) ) ;
#1431 = CARTESIAN_POINT ( 'NONE',  ( -70.00000000000001421, 35.00000000000000000, -47.49999999999998579 ) ) ;
#1432 = LOCAL_TIME ( 10, 18, 14.00000000000000000, #205 ) ;
#1433 = ORIENTED_EDGE ( 'NONE', *, *, #1310, .T. ) ;
#1434 = AXIS2_PLACEMENT_3D ( 'NONE', #2099, #342, #1120 ) ;
#1435 = LINE ( 'NONE', #251, #1951 ) ;
#1436 = ORIENTED_EDGE ( 'NONE', *, *, #1679, .T. ) ;
#1437 = DIRECTION ( 'NONE',  ( 0.000000000000000000, 1.000000000000000000, 0.000000000000000000 ) ) ;
#1438 = AXIS2_PLACEMENT_3D ( 'NONE', #469, #2170, #2061 ) ;
#1439 = ORIENTED_EDGE ( 'NONE', *, *, #79, .T. ) ;
#1440 = DIRECTION ( 'NONE',  ( 0.000000000000000000, 0.000000000000000000, -1.000000000000000000 ) ) ;
#1441 = ORIENTED_EDGE ( 'NONE', *, *, #1991, .T. ) ;
#1442 = CARTESIAN_POINT ( 'NONE',  ( 63.70000000000000995, 12.00000000000000000, 18.99999999999997868 ) ) ;
#1443 = EDGE_LOOP ( 'NONE', ( #1450, #753, #74, #2078 ) ) ;
#1444 = FACE_OUTER_BOUND ( 'NONE', #1443, .T. ) ;
#1445 = ADVANCED_FACE ( 'NONE', ( #1377 ), #2169, .T. ) ;
#1446 = AXIS2_PLACEMENT_3D ( 'NONE', #775, #1540, #2530 ) ;
#1447 = ORIENTED_EDGE ( 'NONE', *, *, #811, .T. ) ;
#1448 = CARTESIAN_POINT ( 'NONE',  ( -70.00000000000001421, 35.00000000000000000, 68.60000000000003695 ) ) ;
#1449 = ADVANCED_FACE ( 'NONE', ( #979 ), #178, .F. ) ;
#1450 = ORIENTED_EDGE ( 'NONE', *, *, #1122, .F. ) ;
#1451 = DIRECTION ( 'NONE',  ( 0.000000000000000000, 1.000000000000000000, 0.000000000000000000 ) ) ;
#1452 = VECTOR ( 'NONE', #518, 1000.000000000000000 ) ;
#1453 = CARTESIAN_POINT ( 'NONE',  ( 69.94999999999998863, 15.00000000000000000, -23.54999999999997939 ) ) ;
#1454 = EDGE_LOOP ( 'NONE', ( #1348, #1469, #642, #2519 ) ) ;
#1455 = DIRECTION ( 'NONE',  ( 0.000000000000000000, -1.000000000000000000, 0.000000000000000000 ) ) ;
#1456 = ORIENTED_EDGE ( 'NONE', *, *, #95, .F. ) ;
#1457 = CARTESIAN_POINT ( 'NONE',  ( 33.44999999999998863, 12.00000000000000000, -23.54999999999997939 ) ) ;
#1458 = ORIENTED_EDGE ( 'NONE', *, *, #1559, .T. ) ;
#1459 = EDGE_CURVE ( 'NONE', #1413, #1475, #815, .T. ) ;
#1460 = CARTESIAN_POINT ( 'NONE',  ( 33.44999999999998863, 15.00000000000000000, -25.04999999999998295 ) ) ;
#1461 = ORIENTED_EDGE ( 'NONE', *, *, #1108, .F. ) ;
#1462 = ADVANCED_FACE ( 'NONE', ( #1949 ), #410, .T. ) ;
#1463 = DIRECTION ( 'NONE',  ( 0.000000000000000000, -0.000000000000000000, 1.000000000000000000 ) ) ;
#1464 = CIRCLE ( 'NONE', #1795, 11.50000000000001066 ) ;
#1465 = CIRCLE ( 'NONE', #372, 7.599999999999996092 ) ;
#1466 = VERTEX_POINT ( 'NONE', #2322 ) ;
#1467 = PLANE ( 'NONE',  #1480 ) ;
#1468 = AXIS2_PLACEMENT_3D ( 'NONE', #2163, #801, #1345 ) ;
#1469 = ORIENTED_EDGE ( 'NONE', *, *, #1386, .F. ) ;
#1470 = DIRECTION ( 'NONE',  ( 0.000000000000000000, 0.000000000000000000, 1.000000000000000000 ) ) ;
#1471 = VERTEX_POINT ( 'NONE', #569 ) ;
#1472 = CARTESIAN_POINT ( 'NONE',  ( 33.44999999999998863, 15.00000000000000000, 25.05000000000001847 ) ) ;
#1473 = PLANE ( 'NONE',  #835 ) ;
#1474 = DIRECTION ( 'NONE',  ( -0.000000000000000000, 1.000000000000000000, -0.000000000000000000 ) ) ;
#1475 = VERTEX_POINT ( 'NONE', #191 ) ;
#1476 = AXIS2_PLACEMENT_3D ( 'NONE', #1312, #153, #1136 ) ;
#1477 = ADVANCED_FACE ( 'NONE', ( #1335 ), #1580, .F. ) ;
#1478 = ORIENTED_EDGE ( 'NONE', *, *, #79, .F. ) ;
#1479 = DIRECTION ( 'NONE',  ( 0.000000000000000000, 0.000000000000000000, -1.000000000000000000 ) ) ;
#1480 = AXIS2_PLACEMENT_3D ( 'NONE', #1301, #1900, #2092 ) ;
#1481 = ORIENTED_EDGE ( 'NONE', *, *, #998, .F. ) ;
#1482 = CARTESIAN_POINT ( 'NONE',  ( 68.44999999999998863, 12.00000000000000000, -25.04999999999997939 ) ) ;
#1483 = AXIS2_PLACEMENT_3D ( 'NONE', #17, #185, #961 ) ;
#1484 = ORIENTED_EDGE ( 'NONE', *, *, #1429, .T. ) ;
#1485 = CYLINDRICAL_SURFACE ( 'NONE', #1162, 1.500000000000001332 ) ;
#1486 = VECTOR ( 'NONE', #2344, 1000.000000000000000 ) ;
#1487 = CARTESIAN_POINT ( 'NONE',  ( -69.95000000000001705, 12.00000000000000000, 25.05000000000001847 ) ) ;
#1488 = CARTESIAN_POINT ( 'NONE',  ( -39.70000000000000284, 0.000000000000000000, 16.74999999999999645 ) ) ;
#1489 = ORIENTED_EDGE ( 'NONE', *, *, #1388, .F. ) ;
#1490 = CIRCLE ( 'NONE', #396, 12.49999999999999645 ) ;
#1491 = MECHANICAL_CONTEXT ( 'NONE', #754, 'mechanical' ) ;
#1492 = AXIS2_PLACEMENT_3D ( 'NONE', #1021, #419, #1225 ) ;
#1493 = EDGE_CURVE ( 'NONE', #2445, #2402, #2534, .T. ) ;
#1494 = ORIENTED_EDGE ( 'NONE', *, *, #1042, .T. ) ;
#1495 = CARTESIAN_POINT ( 'NONE',  ( -63.70000000000000995, 0.000000000000000000, 16.74999999999999645 ) ) ;
#1496 = ORIENTED_EDGE ( 'NONE', *, *, #1507, .T. ) ;
#1497 = AXIS2_PLACEMENT_3D ( 'NONE', #721, #2460, #735 ) ;
#1498 = CARTESIAN_POINT ( 'NONE',  ( 69.99999999999998579, 35.00000000000000000, 60.00000000000001421 ) ) ;
#1499 = EDGE_CURVE ( 'NONE', #657, #691, #1239, .T. ) ;
#1500 = ORIENTED_EDGE ( 'NONE', *, *, #1209, .F. ) ;
#1501 = LINE ( 'NONE', #1270, #2109 ) ;
#1502 = DIRECTION ( 'NONE',  ( 0.000000000000000000, 1.000000000000000000, 0.000000000000000000 ) ) ;
#1503 = DIRECTION ( 'NONE',  ( 0.000000000000000000, 0.000000000000000000, -1.000000000000000000 ) ) ;
#1504 = EDGE_LOOP ( 'NONE', ( #258, #888 ) ) ;
#1505 = DIRECTION ( 'NONE',  ( 0.000000000000000000, 0.000000000000000000, -1.000000000000000000 ) ) ;
#1506 = ORIENTED_EDGE ( 'NONE', *, *, #968, .T. ) ;
#1507 = EDGE_CURVE ( 'NONE', #657, #2229, #2097, .T. ) ;
#1508 = CIRCLE ( 'NONE', #2007, 7.599999999999996092 ) ;
#1509 = DIRECTION ( 'NONE',  ( 0.000000000000000000, 0.000000000000000000, 1.000000000000000000 ) ) ;
#1510 = ORIENTED_EDGE ( 'NONE', *, *, #2415, .F. ) ;
#1511 = CARTESIAN_POINT ( 'NONE',  ( 39.69999999999999574, 0.000000000000000000, -19.00000000000001066 ) ) ;
#1512 = ADVANCED_FACE ( 'NONE', ( #1396 ), #75, .F. ) ;
#1513 = DIRECTION ( 'NONE',  ( 0.000000000000000000, 0.000000000000000000, 1.000000000000000000 ) ) ;
#1514 = FACE_OUTER_BOUND ( 'NONE', #1257, .T. ) ;
#1515 = VERTEX_POINT ( 'NONE', #1052 ) ;
#1516 = DIRECTION ( 'NONE',  ( 0.000000000000000000, 0.000000000000000000, 1.000000000000000000 ) ) ;
#1517 = DIRECTION ( 'NONE',  ( 0.000000000000000000, 0.000000000000000000, 1.000000000000000000 ) ) ;
#1518 = ORIENTED_EDGE ( 'NONE', *, *, #331, .T. ) ;
#1519 = LINE ( 'NONE', #2540, #19 ) ;
#1520 = ORIENTED_EDGE ( 'NONE', *, *, #903, .T. ) ;
#1521 = FACE_OUTER_BOUND ( 'NONE', #550, .T. ) ;
#1522 = AXIS2_PLACEMENT_3D ( 'NONE', #2185, #1224, #1440 ) ;
#1523 = CARTESIAN_POINT ( 'NONE',  ( -68.45000000000001705, 12.00000000000000000, -25.04999999999997939 ) ) ;
#1524 = CARTESIAN_POINT ( 'NONE',  ( 63.70000000000000995, 0.000000000000000000, 16.74999999999997513 ) ) ;
#1525 = EDGE_CURVE ( 'NONE', #680, #91, #2178, .T. ) ;
#1526 = AXIS2_PLACEMENT_3D ( 'NONE', #1703, #2501, #1662 ) ;
#1527 = EDGE_LOOP ( 'NONE', ( #2000, #1317, #1484, #2135 ) ) ;
#1528 = VECTOR ( 'NONE', #1009, 1000.000000000000000 ) ;
#1529 = DIRECTION ( 'NONE',  ( 0.000000000000000000, 0.000000000000000000, 1.000000000000000000 ) ) ;
#1530 = ADVANCED_FACE ( 'NONE', ( #670 ), #290, .F. ) ;
#1531 = DIRECTION ( 'NONE',  ( 0.000000000000000000, 1.000000000000000000, 0.000000000000000000 ) ) ;
#1532 = VECTOR ( 'NONE', #2114, 1000.000000000000000 ) ;
#1533 = CIRCLE ( 'NONE', #1865, 1.500000000000001332 ) ;
#1534 = DIRECTION ( 'NONE',  ( 0.000000000000000000, 1.000000000000000000, 0.000000000000000000 ) ) ;
#1535 = ORIENTED_EDGE ( 'NONE', *, *, #622, .F. ) ;
#1536 = DIRECTION ( 'NONE',  ( 0.000000000000000000, 0.000000000000000000, 1.000000000000000000 ) ) ;
#1537 = ORIENTED_EDGE ( 'NONE', *, *, #1398, .T. ) ;
#1538 = DIRECTION ( 'NONE',  ( 0.000000000000000000, 1.000000000000000000, 0.000000000000000000 ) ) ;
#1539 = DIRECTION ( 'NONE',  ( -1.000000000000000000, -0.000000000000000000, 1.035655806553317823E-16 ) ) ;
#1540 = DIRECTION ( 'NONE',  ( 0.000000000000000000, 1.000000000000000000, 0.000000000000000000 ) ) ;
#1541 = CARTESIAN_POINT ( 'NONE',  ( -70.00000000000001421, 35.00000000000000000, 71.50000000000000000 ) ) ;
#1542 = ADVANCED_FACE ( 'NONE', ( #620 ), #515, .T. ) ;
#1543 = CARTESIAN_POINT ( 'NONE',  ( -69.95000000000001705, 12.00000000000000000, 25.05000000000001847 ) ) ;
#1544 = EDGE_LOOP ( 'NONE', ( #907, #209, #2242, #509, #1032, #1894, #1481, #595, #1025, #1297 ) ) ;
#1545 = EDGE_CURVE ( 'NONE', #254, #580, #2385, .T. ) ;
#1546 = DIRECTION ( 'NONE',  ( 0.000000000000000000, 0.000000000000000000, 1.000000000000000000 ) ) ;
#1547 = VERTEX_POINT ( 'NONE', #1227 ) ;
#1548 = CARTESIAN_POINT ( 'NONE',  ( 39.69999999999999574, 0.000000000000000000, -19.00000000000001066 ) ) ;
#1549 = VERTEX_POINT ( 'NONE', #58 ) ;
#1550 = DIRECTION ( 'NONE',  ( -0.000000000000000000, -0.000000000000000000, 1.000000000000000000 ) ) ;
#1551 = LINE ( 'NONE', #1381, #2112 ) ;
#1552 = CIRCLE ( 'NONE', #851, 11.49999999999998224 ) ;
#1553 = LINE ( 'NONE', #2345, #2233 ) ;
#1554 = VERTEX_POINT ( 'NONE', #1448 ) ;
#1555 = DIRECTION ( 'NONE',  ( 0.000000000000000000, 0.000000000000000000, 1.000000000000000000 ) ) ;
#1556 = DIRECTION ( 'NONE',  ( -0.000000000000000000, 1.000000000000000000, -0.000000000000000000 ) ) ;
#1557 = CC_DESIGN_DATE_AND_TIME_ASSIGNMENT ( #1590, #2143, ( #2193 ) ) ;
#1558 = ORIENTED_EDGE ( 'NONE', *, *, #619, .T. ) ;
#1559 = EDGE_CURVE ( 'NONE', #436, #440, #1576, .T. ) ;
#1560 = CARTESIAN_POINT ( 'NONE',  ( 69.99999999999998579, 33.99999999999997868, 52.40000000000001279 ) ) ;
#1561 = CARTESIAN_POINT ( 'NONE',  ( -69.95000000000001705, 12.00000000000000000, 26.55000000000001847 ) ) ;
#1562 = DIRECTION ( 'NONE',  ( 0.000000000000000000, 0.000000000000000000, 1.000000000000000000 ) ) ;
#1563 = DIRECTION ( 'NONE',  ( 0.000000000000000000, 1.000000000000000000, 0.000000000000000000 ) ) ;
#1564 = DIRECTION ( 'NONE',  ( 0.000000000000000000, 1.000000000000000000, 0.000000000000000000 ) ) ;
#1565 = CARTESIAN_POINT ( 'NONE',  ( -69.95000000000001705, 12.00000000000000000, -23.54999999999997939 ) ) ;
#1566 = SECURITY_CLASSIFICATION_LEVEL ( 'unclassified' ) ;
#1567 = EDGE_LOOP ( 'NONE', ( #1876, #2209 ) ) ;
#1568 = VECTOR ( 'NONE', #1129, 1000.000000000000000 ) ;
#1569 = CARTESIAN_POINT ( 'NONE',  ( 39.69999999999999574, 12.00000000000000000, -21.25000000000001066 ) ) ;
#1570 = ORIENTED_EDGE ( 'NONE', *, *, #1962, .T. ) ;
#1571 = ADVANCED_FACE ( 'NONE', ( #2218 ), #1589, .F. ) ;
#1572 = DIRECTION ( 'NONE',  ( 0.000000000000000000, 0.000000000000000000, 1.000000000000000000 ) ) ;
#1573 = CARTESIAN_POINT ( 'NONE',  ( -68.45000000000001705, 15.00000000000000000, -25.04999999999997939 ) ) ;
#1574 = CARTESIAN_POINT ( 'NONE',  ( 69.99999999999998579, 34.00000000000000000, -59.99999999999998579 ) ) ;
#1575 = EDGE_CURVE ( 'NONE', #1818, #1852, #2405, .T. ) ;
#1576 = CIRCLE ( 'NONE', #70, 8.600000000000024514 ) ;
#1577 = VERTEX_POINT ( 'NONE', #1851 ) ;
#1578 = CARTESIAN_POINT ( 'NONE',  ( 69.99999999999998579, 33.99999999999997868, -59.99999999999998579 ) ) ;
#1579 = VECTOR ( 'NONE', #2042, 1000.000000000000000 ) ;
#1580 = CYLINDRICAL_SURFACE ( 'NONE', #2220, 2.250000000000001776 ) ;
#1581 = APPROVAL_ROLE ( '' ) ;
#1582 = CARTESIAN_POINT ( 'NONE',  ( -70.00000000000001421, 0.000000000000000000, 67.60000000000000853 ) ) ;
#1583 = DIRECTION ( 'NONE',  ( 0.000000000000000000, -1.000000000000000000, 0.000000000000000000 ) ) ;
#1584 = CARTESIAN_POINT ( 'NONE',  ( 69.94999999999998863, 15.00000000000000000, 23.55000000000001492 ) ) ;
#1585 = VERTEX_POINT ( 'NONE', #431 ) ;
#1586 = DIRECTION ( 'NONE',  ( 0.000000000000000000, 0.000000000000000000, -1.000000000000000000 ) ) ;
#1587 = ADVANCED_FACE ( 'NONE', ( #1826 ), #1606, .F. ) ;
#1588 = AXIS2_PLACEMENT_3D ( 'NONE', #175, #1176, #1947 ) ;
#1589 = CYLINDRICAL_SURFACE ( 'NONE', #722, 2.250000000000001776 ) ;
#1590 = DATE_AND_TIME ( #599, #957 ) ;
#1591 = LINE ( 'NONE', #634, #2132 ) ;
#1592 = ORIENTED_EDGE ( 'NONE', *, *, #1748, .T. ) ;
#1593 = CARTESIAN_POINT ( 'NONE',  ( -63.70000000000000995, 0.000000000000000000, 21.25000000000000000 ) ) ;
#1594 = CARTESIAN_POINT ( 'NONE',  ( -33.45000000000001705, 12.00000000000000000, 26.55000000000001847 ) ) ;
#1595 = FACE_OUTER_BOUND ( 'NONE', #1700, .T. ) ;
#1596 = EDGE_CURVE ( 'NONE', #291, #1022, #847, .T. ) ;
#1597 = DIRECTION ( 'NONE',  ( 0.000000000000000000, 1.000000000000000000, 0.000000000000000000 ) ) ;
#1598 = AXIS2_PLACEMENT_3D ( 'NONE', #130, #676, #906 ) ;
#1599 = ADVANCED_FACE ( 'NONE', ( #1014 ), #2396, .T. ) ;
#1600 = AXIS2_PLACEMENT_3D ( 'NONE', #727, #2268, #1096 ) ;
#1601 = AXIS2_PLACEMENT_3D ( 'NONE', #1055, #2047, #78 ) ;
#1602 = CARTESIAN_POINT ( 'NONE',  ( -70.00000000000001421, 15.00000000000000000, 47.50000000000001421 ) ) ;
#1603 = AXIS2_PLACEMENT_3D ( 'NONE', #1902, #785, #2147 ) ;
#1604 = EDGE_LOOP ( 'NONE', ( #1067, #902, #1236, #584 ) ) ;
#1605 = CARTESIAN_POINT ( 'NONE',  ( 68.44999999999998863, 15.00000000000000000, 25.05000000000001847 ) ) ;
#1606 = CONICAL_SURFACE ( 'NONE', #2324, 7.599999999999996092, 0.7853981633974522758 ) ;
#1607 = AXIS2_PLACEMENT_3D ( 'NONE', #475, #1502, #123 ) ;
#1608 = LINE ( 'NONE', #40, #1697 ) ;
#1609 = ORIENTED_EDGE ( 'NONE', *, *, #2100, .T. ) ;
#1610 = FACE_BOUND ( 'NONE', #964, .T. ) ;
#1611 = EDGE_LOOP ( 'NONE', ( #1836, #2448, #675, #1151 ) ) ;
#1612 = DIRECTION ( 'NONE',  ( -0.000000000000000000, -1.000000000000000000, -0.000000000000000000 ) ) ;
#1613 = EDGE_CURVE ( 'NONE', #2050, #691, #1435, .T. ) ;
#1614 = ORIENTED_EDGE ( 'NONE', *, *, #2412, .F. ) ;
#1615 = FACE_BOUND ( 'NONE', #1102, .T. ) ;
#1616 = CARTESIAN_POINT ( 'NONE',  ( 69.99999999999998579, 35.00000000000000000, -71.50000000000000000 ) ) ;
#1617 = EDGE_CURVE ( 'NONE', #2435, #315, #836, .T. ) ;
#1618 = EDGE_LOOP ( 'NONE', ( #2201, #274, #2326, #2091 ) ) ;
#1619 = DIRECTION ( 'NONE',  ( 8.659560562354888485E-17, -0.7071067811865512365, 0.7071067811865439090 ) ) ;
#1620 = AXIS2_PLACEMENT_3D ( 'NONE', #703, #1891, #872 ) ;
#1621 = FACE_OUTER_BOUND ( 'NONE', #2523, .T. ) ;
#1622 = ORIENTED_EDGE ( 'NONE', *, *, #1414, .T. ) ;
#1623 = CYLINDRICAL_SURFACE ( 'NONE', #1931, 1.500000000000001332 ) ;
#1624 = AXIS2_PLACEMENT_3D ( 'NONE', #208, #970, #941 ) ;
#1625 = VERTEX_POINT ( 'NONE', #467 ) ;
#1626 = AXIS2_PLACEMENT_3D ( 'NONE', #817, #1815, #2195 ) ;
#1627 = CARTESIAN_POINT ( 'NONE',  ( -33.45000000000001705, 12.00000000000000000, 26.55000000000001847 ) ) ;
#1628 = ORIENTED_EDGE ( 'NONE', *, *, #341, .T. ) ;
#1629 = DIRECTION ( 'NONE',  ( 0.000000000000000000, 0.000000000000000000, 1.000000000000000000 ) ) ;
#1630 = VECTOR ( 'NONE', #1375, 1000.000000000000000 ) ;
#1631 = EDGE_CURVE ( 'NONE', #545, #109, #434, .T. ) ;
#1632 = CONICAL_SURFACE ( 'NONE', #2049, 11.50000000000001066, 0.7853981633974430610 ) ;
#1633 = AXIS2_PLACEMENT_3D ( 'NONE', #1442, #472, #1648 ) ;
#1634 = DIRECTION ( 'NONE',  ( 0.000000000000000000, 0.000000000000000000, 1.000000000000000000 ) ) ;
#1635 = DIRECTION ( 'NONE',  ( 0.000000000000000000, 0.000000000000000000, 1.000000000000000000 ) ) ;
#1636 = EDGE_CURVE ( 'NONE', #2011, #769, #2075, .T. ) ;
#1637 = ORIENTED_EDGE ( 'NONE', *, *, #2480, .T. ) ;
#1638 = CARTESIAN_POINT ( 'NONE',  ( 69.94999999999998863, 12.00000000000000000, 25.05000000000001847 ) ) ;
#1639 = ORIENTED_EDGE ( 'NONE', *, *, #1262, .T. ) ;
#1640 = DIRECTION ( 'NONE',  ( -0.000000000000000000, 1.000000000000000000, -0.000000000000000000 ) ) ;
#1641 = EDGE_LOOP ( 'NONE', ( #1061, #1106 ) ) ;
#1642 = DIRECTION ( 'NONE',  ( -0.000000000000000000, -1.000000000000000000, -0.000000000000000000 ) ) ;
#1643 = VECTOR ( 'NONE', #1331, 1000.000000000000000 ) ;
#1644 = AXIS2_PLACEMENT_3D ( 'NONE', #2122, #362, #1509 ) ;
#1645 = CARTESIAN_POINT ( 'NONE',  ( 69.99999999999998579, 15.00000000000000000, 47.50000000000001421 ) ) ;
#1646 = EDGE_LOOP ( 'NONE', ( #1255, #1478, #1447, #684 ) ) ;
#1647 = ADVANCED_FACE ( 'NONE', ( #501 ), #2251, .F. ) ;
#1648 = DIRECTION ( 'NONE',  ( 0.000000000000000000, 0.000000000000000000, -1.000000000000000000 ) ) ;
#1649 = EDGE_LOOP ( 'NONE', ( #361, #1282, #1639, #1223 ) ) ;
#1650 = DIRECTION ( 'NONE',  ( 0.000000000000000000, 0.000000000000000000, 1.000000000000000000 ) ) ;
#1651 = CONICAL_SURFACE ( 'NONE', #960, 11.49999999999998224, 0.7853981633974396193 ) ;
#1652 = EDGE_CURVE ( 'NONE', #1121, #2039, #1957, .T. ) ;
#1653 = CARTESIAN_POINT ( 'NONE',  ( 69.99999999999998579, 35.00000000000000000, 60.00000000000001421 ) ) ;
#1654 = DIRECTION ( 'NONE',  ( -0.000000000000000000, -1.000000000000000000, -0.000000000000000000 ) ) ;
#1655 = EDGE_LOOP ( 'NONE', ( #2417, #1045, #2273, #1817 ) ) ;
#1656 = CARTESIAN_POINT ( 'NONE',  ( -85.00000000000001421, 15.00000000000000000, -74.99999999999998579 ) ) ;
#1657 = ORIENTED_EDGE ( 'NONE', *, *, #437, .T. ) ;
#1658 = LINE ( 'NONE', #2065, #624 ) ;
#1659 = ORIENTED_EDGE ( 'NONE', *, *, #111, .T. ) ;
#1660 = DIRECTION ( 'NONE',  ( 0.000000000000000000, 1.000000000000000000, 0.000000000000000000 ) ) ;
#1661 = VERTEX_POINT ( 'NONE', #136 ) ;
#1662 = DIRECTION ( 'NONE',  ( 0.000000000000000000, 0.000000000000000000, 1.000000000000000000 ) ) ;
#1663 = CIRCLE ( 'NONE', #1996, 2.250000000000001776 ) ;
#1664 = ORIENTED_EDGE ( 'NONE', *, *, #373, .F. ) ;
#1665 = LINE ( 'NONE', #2073, #401 ) ;
#1666 = EDGE_CURVE ( 'NONE', #1702, #795, #913, .T. ) ;
#1667 = ORIENTED_EDGE ( 'NONE', *, *, #2369, .F. ) ;
#1668 =( NAMED_UNIT ( * ) SI_UNIT ( $, .STERADIAN. ) SOLID_ANGLE_UNIT ( ) );
#1669 = VECTOR ( 'NONE', #1204, 1000.000000000000000 ) ;
#1670 = ORIENTED_EDGE ( 'NONE', *, *, #570, .T. ) ;
#1671 = FACE_BOUND ( 'NONE', #728, .T. ) ;
#1672 = VERTEX_POINT ( 'NONE', #1107 ) ;
#1673 = LINE ( 'NONE', #1712, #1811 ) ;
#1674 = EDGE_LOOP ( 'NONE', ( #424, #338, #2066, #2346 ) ) ;
#1675 = DIRECTION ( 'NONE',  ( -0.000000000000000000, 1.000000000000000000, -0.000000000000000000 ) ) ;
#1676 = FACE_OUTER_BOUND ( 'NONE', #1261, .T. ) ;
#1677 = DIRECTION ( 'NONE',  ( 0.000000000000000000, 1.000000000000000000, -0.000000000000000000 ) ) ;
#1678 = ORIENTED_EDGE ( 'NONE', *, *, #1525, .T. ) ;
#1679 = EDGE_CURVE ( 'NONE', #100, #2039, #1665, .T. ) ;
#1680 = CIRCLE ( 'NONE', #582, 8.600000000000024514 ) ;
#1681 = EDGE_CURVE ( 'NONE', #1857, #1049, #1409, .T. ) ;
#1682 = EDGE_LOOP ( 'NONE', ( #71, #2433 ) ) ;
#1683 = FACE_BOUND ( 'NONE', #1430, .T. ) ;
#1684 = ORIENTED_EDGE ( 'NONE', *, *, #392, .F. ) ;
#1685 = LINE ( 'NONE', #1847, #2264 ) ;
#1686 = AXIS2_PLACEMENT_3D ( 'NONE', #197, #1538, #2330 ) ;
#1687 = VERTEX_POINT ( 'NONE', #1298 ) ;
#1688 = LINE ( 'NONE', #1862, #224 ) ;
#1689 = CIRCLE ( 'NONE', #1986, 1.500000000000001332 ) ;
#1690 = EDGE_LOOP ( 'NONE', ( #276, #2231, #1609, #1733 ) ) ;
#1691 = FACE_OUTER_BOUND ( 'NONE', #1925, .T. ) ;
#1692 = ORIENTED_EDGE ( 'NONE', *, *, #1493, .F. ) ;
#1693 = CONICAL_SURFACE ( 'NONE', #1446, 7.599999999999996092, 0.7853981633974522758 ) ;
#1694 = LOCAL_TIME ( 10, 18, 14.00000000000000000, #2536 ) ;
#1695 = DIRECTION ( 'NONE',  ( 0.000000000000000000, 0.000000000000000000, 1.000000000000000000 ) ) ;
#1696 = EDGE_CURVE ( 'NONE', #15, #1547, #1744, .T. ) ;
#1697 = VECTOR ( 'NONE', #2212, 1000.000000000000000 ) ;
#1698 = ORIENTED_EDGE ( 'NONE', *, *, #2398, .T. ) ;
#1699 = DIRECTION ( 'NONE',  ( 0.000000000000000000, 0.000000000000000000, 1.000000000000000000 ) ) ;
#1700 = EDGE_LOOP ( 'NONE', ( #1180, #2428, #152, #350 ) ) ;
#1701 = CARTESIAN_POINT ( 'NONE',  ( -70.00000000000001421, 35.00000000000000000, -51.39999999999996305 ) ) ;
#1702 = VERTEX_POINT ( 'NONE', #316 ) ;
#1703 = CARTESIAN_POINT ( 'NONE',  ( -39.70000000000000284, 0.000000000000000000, 19.00000000000000000 ) ) ;
#1704 = DIRECTION ( 'NONE',  ( 0.000000000000000000, 0.000000000000000000, 1.000000000000000000 ) ) ;
#1705 = DIRECTION ( 'NONE',  ( 0.000000000000000000, 0.000000000000000000, -1.000000000000000000 ) ) ;
#1706 = VERTEX_POINT ( 'NONE', #1093 ) ;
#1707 = CARTESIAN_POINT ( 'NONE',  ( -70.00000000000001421, 0.000000000000000000, 60.00000000000001421 ) ) ;
#1708 = AXIS2_PLACEMENT_3D ( 'NONE', #194, #2134, #1966 ) ;
#1709 = ORIENTED_EDGE ( 'NONE', *, *, #966, .T. ) ;
#1710 = CARTESIAN_POINT ( 'NONE',  ( -70.00000000000001421, 0.000000000000000000, 60.00000000000001421 ) ) ;
#1711 = ORIENTED_EDGE ( 'NONE', *, *, #948, .T. ) ;
#1712 = CARTESIAN_POINT ( 'NONE',  ( 68.44999999999998863, 15.00000000000000000, -25.04999999999997939 ) ) ;
#1713 = EDGE_CURVE ( 'NONE', #539, #918, #637, .T. ) ;
#1714 = DIRECTION ( 'NONE',  ( 0.000000000000000000, 0.000000000000000000, -1.000000000000000000 ) ) ;
#1715 = CARTESIAN_POINT ( 'NONE',  ( -63.70000000000000995, 12.00000000000000000, 19.00000000000000000 ) ) ;
#1716 = EDGE_CURVE ( 'NONE', #537, #929, #2058, .T. ) ;
#1717 = FACE_BOUND ( 'NONE', #2466, .T. ) ;
#1718 = CIRCLE ( 'NONE', #940, 7.599999999999996092 ) ;
#1719 = VERTEX_POINT ( 'NONE', #739 ) ;
#1720 = DIRECTION ( 'NONE',  ( 0.000000000000000000, 0.000000000000000000, 1.000000000000000000 ) ) ;
#1721 = DIRECTION ( 'NONE',  ( 8.659560562354866298E-17, -0.7071067811865531239, 0.7071067811865420216 ) ) ;
#1722 = EDGE_LOOP ( 'NONE', ( #284, #120, #312, #207 ) ) ;
#1723 = DIRECTION ( 'NONE',  ( 0.000000000000000000, 0.7071067811865446862, 0.7071067811865503483 ) ) ;
#1724 = ORIENTED_EDGE ( 'NONE', *, *, #1559, .F. ) ;
#1725 = CYLINDRICAL_SURFACE ( 'NONE', #1483, 12.49999999999999645 ) ;
#1726 = AXIS2_PLACEMENT_3D ( 'NONE', #105, #893, #1279 ) ;
#1727 = DIRECTION ( 'NONE',  ( 0.000000000000000000, 1.000000000000000000, 0.000000000000000000 ) ) ;
#1728 = ADVANCED_FACE ( 'NONE', ( #1514 ), #1080, .F. ) ;
#1729 = LINE ( 'NONE', #1358, #1532 ) ;
#1730 = CARTESIAN_POINT ( 'NONE',  ( -68.45000000000001705, 15.00000000000000000, 25.05000000000001847 ) ) ;
#1731 = ADVANCED_FACE ( 'NONE', ( #2087 ), #2475, .F. ) ;
#1732 = VECTOR ( 'NONE', #1539, 1000.000000000000000 ) ;
#1733 = ORIENTED_EDGE ( 'NONE', *, *, #811, .F. ) ;
#1734 = AXIS2_PLACEMENT_3D ( 'NONE', #729, #1070, #2257 ) ;
#1735 = DIRECTION ( 'NONE',  ( 0.000000000000000000, 1.000000000000000000, 0.000000000000000000 ) ) ;
#1736 = AXIS2_PLACEMENT_3D ( 'NONE', #1487, #1064, #2474 ) ;
#1737 = CARTESIAN_POINT ( 'NONE',  ( -34.95000000000001705, 12.00000000000000000, 25.05000000000001847 ) ) ;
#1738 = ORIENTED_EDGE ( 'NONE', *, *, #850, .T. ) ;
#1739 = DIRECTION ( 'NONE',  ( 0.000000000000000000, -0.7071067811865531239, -0.7071067811865420216 ) ) ;
#1740 = AXIS2_PLACEMENT_3D ( 'NONE', #682, #2282, #1895 ) ;
#1741 = CARTESIAN_POINT ( 'NONE',  ( 68.44999999999998863, 12.00000000000000000, 25.05000000000001847 ) ) ;
#1742 = PLANE ( 'NONE',  #1285 ) ;
#1743 = DIRECTION ( 'NONE',  ( -0.000000000000000000, -0.000000000000000000, 1.000000000000000000 ) ) ;
#1744 = CIRCLE ( 'NONE', #681, 2.250000000000001776 ) ;
#1745 = ADVANCED_FACE ( 'NONE', ( #1691 ), #2265, .T. ) ;
#1746 = EDGE_LOOP ( 'NONE', ( #332, #356 ) ) ;
#1747 = DIRECTION ( 'NONE',  ( -0.000000000000000000, 1.000000000000000000, -0.000000000000000000 ) ) ;
#1748 = EDGE_CURVE ( 'NONE', #2039, #1121, #1309, .T. ) ;
#1749 = DIRECTION ( 'NONE',  ( 0.000000000000000000, 0.000000000000000000, 1.000000000000000000 ) ) ;
#1750 = VERTEX_POINT ( 'NONE', #1488 ) ;
#1751 = DIRECTION ( 'NONE',  ( -0.000000000000000000, 1.000000000000000000, -0.000000000000000000 ) ) ;
#1752 = DIRECTION ( 'NONE',  ( -0.000000000000000000, 1.000000000000000000, -0.000000000000000000 ) ) ;
#1753 = LINE ( 'NONE', #1561, #2271 ) ;
#1754 = DIRECTION ( 'NONE',  ( -0.000000000000000000, -1.000000000000000000, -0.000000000000000000 ) ) ;
#1755 = CARTESIAN_POINT ( 'NONE',  ( 63.70000000000000995, 0.000000000000000000, 18.99999999999997868 ) ) ;
#1756 = FACE_BOUND ( 'NONE', #1952, .T. ) ;
#1757 = DIRECTION ( 'NONE',  ( -0.000000000000000000, -0.000000000000000000, 1.000000000000000000 ) ) ;
#1758 = COORDINATED_UNIVERSAL_TIME_OFFSET ( 0, 0, .AHEAD. ) ;
#1759 = AXIS2_PLACEMENT_3D ( 'NONE', #1638, #72, #2407 ) ;
#1760 = VECTOR ( 'NONE', #484, 1000.000000000000000 ) ;
#1761 = ADVANCED_FACE ( 'NONE', ( #330 ), #355, .T. ) ;
#1762 = VERTEX_POINT ( 'NONE', #2293 ) ;
#1763 = DIRECTION ( 'NONE',  ( 0.000000000000000000, 1.000000000000000000, 0.000000000000000000 ) ) ;
#1764 = EDGE_CURVE ( 'NONE', #1719, #1330, #1066, .T. ) ;
#1765 = ORIENTED_EDGE ( 'NONE', *, *, #1008, .F. ) ;
#1766 = FACE_OUTER_BOUND ( 'NONE', #1454, .T. ) ;
#1767 = LINE ( 'NONE', #841, #389 ) ;
#1768 = CYLINDRICAL_SURFACE ( 'NONE', #1492, 1.500000000000001332 ) ;
#1769 = ORIENTED_EDGE ( 'NONE', *, *, #311, .F. ) ;
#1770 = CARTESIAN_POINT ( 'NONE',  ( 0.000000000000000000, 0.000000000000000000, 0.000000000000000000 ) ) ;
#1771 = VECTOR ( 'NONE', #1918, 1000.000000000000000 ) ;
#1772 = DIRECTION ( 'NONE',  ( 0.000000000000000000, 0.000000000000000000, -1.000000000000000000 ) ) ;
#1773 = CIRCLE ( 'NONE', #226, 7.599999999999996092 ) ;
#1774 = DATE_AND_TIME ( #980, #1694 ) ;
#1775 = CIRCLE ( 'NONE', #671, 11.49999999999998224 ) ;
#1776 = ADVANCED_FACE ( 'NONE', ( #789 ), #776, .F. ) ;
#1777 = VECTOR ( 'NONE', #842, 1000.000000000000000 ) ;
#1778 = CARTESIAN_POINT ( 'NONE',  ( -70.00000000000001421, 33.99999999999997158, 72.50000000000001421 ) ) ;
#1779 = ORIENTED_EDGE ( 'NONE', *, *, #683, .T. ) ;
#1780 = EDGE_CURVE ( 'NONE', #885, #2244, #1465, .T. ) ;
#1781 = FACE_OUTER_BOUND ( 'NONE', #1244, .T. ) ;
#1782 = DIRECTION ( 'NONE',  ( 0.000000000000000000, 0.000000000000000000, -1.000000000000000000 ) ) ;
#1783 = ORIENTED_EDGE ( 'NONE', *, *, #715, .T. ) ;
#1784 = DIRECTION ( 'NONE',  ( -0.000000000000000000, 0.000000000000000000, 1.000000000000000000 ) ) ;
#1785 = VECTOR ( 'NONE', #1877, 1000.000000000000000 ) ;
#1786 = DIRECTION ( 'NONE',  ( -1.000000000000000000, 0.000000000000000000, 0.000000000000000000 ) ) ;
#1787 = PERSON_AND_ORGANIZATION ( #2481, #2137 ) ;
#1788 = AXIS2_PLACEMENT_3D ( 'NONE', #490, #1272, #1503 ) ;
#1789 = CARTESIAN_POINT ( 'NONE',  ( 69.94999999999998863, 15.00000000000000000, 25.05000000000001847 ) ) ;
#1790 = CARTESIAN_POINT ( 'NONE',  ( -68.45000000000001705, 12.00000000000000000, -25.04999999999997939 ) ) ;
#1791 = EDGE_CURVE ( 'NONE', #1128, #743, #1508, .T. ) ;
#1792 = AXIS2_PLACEMENT_3D ( 'NONE', #2158, #1924, #1546 ) ;
#1793 = CARTESIAN_POINT ( 'NONE',  ( -39.70000000000000284, 0.000000000000000000, -18.99999999999999645 ) ) ;
#1794 = CARTESIAN_POINT ( 'NONE',  ( 33.44999999999998863, 15.00000000000000000, 23.55000000000001492 ) ) ;
#1795 = AXIS2_PLACEMENT_3D ( 'NONE', #445, #233, #1007 ) ;
#1796 = EDGE_CURVE ( 'NONE', #2260, #2266, #1266, .T. ) ;
#1797 = VECTOR ( 'NONE', #420, 1000.000000000000000 ) ;
#1798 = CARTESIAN_POINT ( 'NONE',  ( 39.70000000000001705, 0.000000000000000000, 18.99999999999998579 ) ) ;
#1799 = VECTOR ( 'NONE', #2318, 1000.000000000000000 ) ;
#1800 = CARTESIAN_POINT ( 'NONE',  ( 33.44999999999998863, 12.00000000000000000, 23.55000000000001492 ) ) ;
#1801 = ORIENTED_EDGE ( 'NONE', *, *, #220, .T. ) ;
#1802 = EDGE_LOOP ( 'NONE', ( #1936, #868, #1433, #1051 ) ) ;
#1803 = DIRECTION ( 'NONE',  ( 0.000000000000000000, 0.000000000000000000, 1.000000000000000000 ) ) ;
#1804 = DIRECTION ( 'NONE',  ( 0.000000000000000000, 0.000000000000000000, 1.000000000000000000 ) ) ;
#1805 = VERTEX_POINT ( 'NONE', #950 ) ;
#1806 = DIRECTION ( 'NONE',  ( 0.000000000000000000, 0.000000000000000000, -1.000000000000000000 ) ) ;
#1807 = EDGE_CURVE ( 'NONE', #630, #833, #1188, .T. ) ;
#1808 = DIRECTION ( 'NONE',  ( -0.000000000000000000, 1.000000000000000000, -0.000000000000000000 ) ) ;
#1809 = EDGE_CURVE ( 'NONE', #60, #2041, #2217, .T. ) ;
#1810 = CIRCLE ( 'NONE', #1522, 7.599999999999996092 ) ;
#1811 = VECTOR ( 'NONE', #525, 1000.000000000000000 ) ;
#1812 = ORIENTED_EDGE ( 'NONE', *, *, #2499, .F. ) ;
#1813 = AXIS2_PLACEMENT_3D ( 'NONE', #1930, #1252, #1629 ) ;
#1814 = CARTESIAN_POINT ( 'NONE',  ( 69.99999999999998579, 0.000000000000000000, 60.00000000000001421 ) ) ;
#1815 = DIRECTION ( 'NONE',  ( 0.000000000000000000, 1.000000000000000000, 0.000000000000000000 ) ) ;
#1816 = VECTOR ( 'NONE', #1033, 1000.000000000000000 ) ;
#1817 = ORIENTED_EDGE ( 'NONE', *, *, #493, .F. ) ;
#1818 = VERTEX_POINT ( 'NONE', #751 ) ;
#1819 = DIRECTION ( 'NONE',  ( 0.000000000000000000, 0.000000000000000000, 1.000000000000000000 ) ) ;
#1820 = ORIENTED_EDGE ( 'NONE', *, *, #822, .T. ) ;
#1821 = CIRCLE ( 'NONE', #1124, 2.250000000000015987 ) ;
#1822 = FACE_OUTER_BOUND ( 'NONE', #562, .T. ) ;
#1823 = ORIENTED_EDGE ( 'NONE', *, *, #2480, .F. ) ;
#1824 = CARTESIAN_POINT ( 'NONE',  ( 69.94999999999998863, 12.00000000000000000, -25.04999999999998295 ) ) ;
#1825 = ORIENTED_EDGE ( 'NONE', *, *, #1388, .T. ) ;
#1826 = FACE_OUTER_BOUND ( 'NONE', #661, .T. ) ;
#1827 = VERTEX_POINT ( 'NONE', #554 ) ;
#1828 = EDGE_CURVE ( 'NONE', #137, #52, #288, .T. ) ;
#1829 = CARTESIAN_POINT ( 'NONE',  ( 63.70000000000000995, 12.00000000000000000, -21.25000000000003197 ) ) ;
#1830 = DIRECTION ( 'NONE',  ( -0.000000000000000000, 1.000000000000000000, -0.000000000000000000 ) ) ;
#1831 = ORIENTED_EDGE ( 'NONE', *, *, #850, .F. ) ;
#1832 = DIRECTION ( 'NONE',  ( 0.000000000000000000, 0.000000000000000000, -1.000000000000000000 ) ) ;
#1833 = FACE_OUTER_BOUND ( 'NONE', #1649, .T. ) ;
#1834 = ORIENTED_EDGE ( 'NONE', *, *, #1306, .F. ) ;
#1835 = LINE ( 'NONE', #2382, #572 ) ;
#1836 = ORIENTED_EDGE ( 'NONE', *, *, #260, .F. ) ;
#1837 = DIRECTION ( 'NONE',  ( 0.000000000000000000, 0.000000000000000000, -1.000000000000000000 ) ) ;
#1838 = AXIS2_PLACEMENT_3D ( 'NONE', #1578, #2347, #989 ) ;
#1839 = ORIENTED_EDGE ( 'NONE', *, *, #2386, .T. ) ;
#1840 = AXIS2_PLACEMENT_3D ( 'NONE', #1543, #2129, #583 ) ;
#1841 = DIRECTION ( 'NONE',  ( 0.000000000000000000, 0.000000000000000000, -1.000000000000000000 ) ) ;
#1842 = AXIS2_PLACEMENT_3D ( 'NONE', #1824, #2005, #1994 ) ;
#1843 = EDGE_CURVE ( 'NONE', #1466, #129, #1961, .T. ) ;
#1844 = ORIENTED_EDGE ( 'NONE', *, *, #838, .F. ) ;
#1845 = EDGE_CURVE ( 'NONE', #1554, #2410, #1146, .T. ) ;
#1846 = CARTESIAN_POINT ( 'NONE',  ( -63.70000000000000995, 12.00000000000000000, -21.24999999999999645 ) ) ;
#1847 = CARTESIAN_POINT ( 'NONE',  ( 34.94999999999998863, 12.00000000000000000, 25.05000000000001847 ) ) ;
#1848 = VERTEX_POINT ( 'NONE', #1541 ) ;
#1849 = CARTESIAN_POINT ( 'NONE',  ( 69.99999999999998579, 33.99999999999997868, -67.59999999999998010 ) ) ;
#1850 = LINE ( 'NONE', #98, #1863 ) ;
#1851 = CARTESIAN_POINT ( 'NONE',  ( 68.44999999999998863, 12.00000000000000000, -25.04999999999997939 ) ) ;
#1852 = VERTEX_POINT ( 'NONE', #189 ) ;
#1853 = AXIS2_PLACEMENT_3D ( 'NONE', #1992, #92, #1832 ) ;
#1854 = CARTESIAN_POINT ( 'NONE',  ( 39.69999999999999574, 0.000000000000000000, -19.00000000000001066 ) ) ;
#1855 = EDGE_CURVE ( 'NONE', #167, #60, #1360, .T. ) ;
#1856 = LINE ( 'NONE', #1314, #179 ) ;
#1857 = VERTEX_POINT ( 'NONE', #2154 ) ;
#1858 = PLANE ( 'NONE',  #1943 ) ;
#1859 = ADVANCED_FACE ( 'NONE', ( #2333, #568 ), #976, .T. ) ;
#1860 = AXIS2_PLACEMENT_3D ( 'NONE', #143, #118, #930 ) ;
#1861 = ORIENTED_EDGE ( 'NONE', *, *, #2085, .T. ) ;
#1862 = CARTESIAN_POINT ( 'NONE',  ( -85.00000000000001421, 15.00000000000000000, 75.00000000000001421 ) ) ;
#1863 = VECTOR ( 'NONE', #2451, 1000.000000000000114 ) ;
#1864 = CARTESIAN_POINT ( 'NONE',  ( 33.44999999999998863, 12.00000000000000000, -25.04999999999998295 ) ) ;
#1865 = AXIS2_PLACEMENT_3D ( 'NONE', #51, #1201, #1000 ) ;
#1866 = CARTESIAN_POINT ( 'NONE',  ( 33.44999999999998863, 12.00000000000000000, 25.05000000000001847 ) ) ;
#1867 = ORIENTED_EDGE ( 'NONE', *, *, #853, .F. ) ;
#1868 = AXIS2_PLACEMENT_3D ( 'NONE', #442, #1612, #2008 ) ;
#1869 = DIRECTION ( 'NONE',  ( 0.000000000000000000, 1.000000000000000000, 0.000000000000000000 ) ) ;
#1870 = ORIENTED_EDGE ( 'NONE', *, *, #450, .F. ) ;
#1871 = EDGE_LOOP ( 'NONE', ( #2510, #1518, #519, #969 ) ) ;
#1872 = DIRECTION ( 'NONE',  ( -1.000000000000000000, 0.000000000000000000, -1.035655806553317823E-16 ) ) ;
#1874 = ORIENTED_EDGE ( 'NONE', *, *, #917, .T. ) ;
#1873 = VECTOR ( 'NONE', #2418, 1000.000000000000000 ) ;
#1875 = DIRECTION ( 'NONE',  ( 0.000000000000000000, 0.000000000000000000, 1.000000000000000000 ) ) ;
#1876 = ORIENTED_EDGE ( 'NONE', *, *, #1796, .F. ) ;
#1877 = DIRECTION ( 'NONE',  ( -0.000000000000000000, 1.000000000000000000, -0.000000000000000000 ) ) ;
#1878 = ADVANCED_FACE ( 'NONE', ( #1756, #1920, #2360, #2141, #381, #1160, #1717, #395, #965, #10, #1972, #596, #215 ), #608, .T. ) ;
#1879 = CARTESIAN_POINT ( 'NONE',  ( -70.00000000000001421, 15.00000000000000000, -59.99999999999998579 ) ) ;
#1880 = DIRECTION ( 'NONE',  ( -1.000000000000000000, -0.000000000000000000, -0.000000000000000000 ) ) ;
#1881 = EDGE_CURVE ( 'NONE', #15, #93, #937, .T. ) ;
#1882 = ORIENTED_EDGE ( 'NONE', *, *, #917, .F. ) ;
#1883 = CIRCLE ( 'NONE', #777, 1.500000000000001332 ) ;
#1884 = CARTESIAN_POINT ( 'NONE',  ( -70.00000000000001421, 33.99999999999997868, -59.99999999999998579 ) ) ;
#1885 = CIRCLE ( 'NONE', #328, 2.250000000000015987 ) ;
#1886 = VERTEX_POINT ( 'NONE', #641 ) ;
#1887 = APPROVAL_PERSON_ORGANIZATION ( #1898, #39, #1581 ) ;
#1888 = FACE_OUTER_BOUND ( 'NONE', #614, .T. ) ;
#1889 = VECTOR ( 'NONE', #778, 1000.000000000000000 ) ;
#1890 = ORIENTED_EDGE ( 'NONE', *, *, #2192, .F. ) ;
#1891 = DIRECTION ( 'NONE',  ( -0.000000000000000000, 0.000000000000000000, 1.000000000000000000 ) ) ;
#1892 = ORIENTED_EDGE ( 'NONE', *, *, #479, .T. ) ;
#1893 = CARTESIAN_POINT ( 'NONE',  ( 33.44999999999998863, 12.00000000000000000, 23.55000000000001492 ) ) ;
#1894 = ORIENTED_EDGE ( 'NONE', *, *, #738, .F. ) ;
#1895 = DIRECTION ( 'NONE',  ( 0.000000000000000000, 0.000000000000000000, -1.000000000000000000 ) ) ;
#1896 = ORIENTED_EDGE ( 'NONE', *, *, #169, .T. ) ;
#1897 = EDGE_CURVE ( 'NONE', #243, #440, #631, .T. ) ;
#1898 = PERSON_AND_ORGANIZATION ( #2481, #2137 ) ;
#1899 = ORIENTED_EDGE ( 'NONE', *, *, #2302, .F. ) ;
#1900 = DIRECTION ( 'NONE',  ( 0.000000000000000000, 1.000000000000000000, 0.000000000000000000 ) ) ;
#1901 = ORIENTED_EDGE ( 'NONE', *, *, #1964, .F. ) ;
#1902 = CARTESIAN_POINT ( 'NONE',  ( 69.99999999999998579, 33.99999999999997868, -59.99999999999998579 ) ) ;
#1903 = AXIS2_PLACEMENT_3D ( 'NONE', #415, #849, #880 ) ;
#1904 = EDGE_LOOP ( 'NONE', ( #1402, #1670 ) ) ;
#1905 = FACE_OUTER_BOUND ( 'NONE', #640, .T. ) ;
#1906 = AXIS2_PLACEMENT_3D ( 'NONE', #1371, #8, #20 ) ;
#1907 = CARTESIAN_POINT ( 'NONE',  ( 63.70000000000000995, 0.000000000000000000, 18.99999999999997868 ) ) ;
#1908 = CARTESIAN_POINT ( 'NONE',  ( 69.99999999999998579, 0.000000000000000000, -59.99999999999998579 ) ) ;
#1909 = ORIENTED_EDGE ( 'NONE', *, *, #1696, .T. ) ;
#1910 = DIRECTION ( 'NONE',  ( 0.000000000000000000, 1.000000000000000000, 0.000000000000000000 ) ) ;
#1911 = EDGE_CURVE ( 'NONE', #1672, #1041, #1835, .T. ) ;
#1912 = ORIENTED_EDGE ( 'NONE', *, *, #2494, .F. ) ;
#1913 = FACE_OUTER_BOUND ( 'NONE', #1674, .T. ) ;
#1914 = EDGE_CURVE ( 'NONE', #291, #1577, #1193, .T. ) ;
#1915 = ORIENTED_EDGE ( 'NONE', *, *, #1222, .F. ) ;
#1916 = CARTESIAN_POINT ( 'NONE',  ( -69.95000000000001705, 12.00000000000000000, -25.04999999999998295 ) ) ;
#1917 = VERTEX_POINT ( 'NONE', #248 ) ;
#1918 = DIRECTION ( 'NONE',  ( -0.000000000000000000, 1.000000000000000000, -0.000000000000000000 ) ) ;
#1919 = CARTESIAN_POINT ( 'NONE',  ( -39.70000000000000284, 0.000000000000000000, -16.74999999999999289 ) ) ;
#1920 = FACE_BOUND ( 'NONE', #2505, .T. ) ;
#1921 = ORIENTED_EDGE ( 'NONE', *, *, #282, .F. ) ;
#1922 =( NAMED_UNIT ( * ) PLANE_ANGLE_UNIT ( ) SI_UNIT ( $, .RADIAN. ) );
#1923 = ADVANCED_FACE ( 'NONE', ( #1444 ), #1623, .F. ) ;
#1924 = DIRECTION ( 'NONE',  ( 0.000000000000000000, 1.000000000000000000, 0.000000000000000000 ) ) ;
#1925 = EDGE_LOOP ( 'NONE', ( #2533, #891, #745, #1692 ) ) ;
#1926 = DIRECTION ( 'NONE',  ( 0.000000000000000000, 0.000000000000000000, 1.000000000000000000 ) ) ;
#1927 = ORIENTED_EDGE ( 'NONE', *, *, #1493, .T. ) ;
#1928 = ADVANCED_FACE ( 'NONE', ( #1407, #2031, #1982, #1610, #2214 ), #655, .F. ) ;
#1929 = ORIENTED_EDGE ( 'NONE', *, *, #311, .T. ) ;
#1930 = CARTESIAN_POINT ( 'NONE',  ( 39.70000000000001705, 0.000000000000000000, 18.99999999999998579 ) ) ;
#1931 = AXIS2_PLACEMENT_3D ( 'NONE', #1203, #1418, #2238 ) ;
#1932 = LINE ( 'NONE', #798, #591 ) ;
#1933 = CARTESIAN_POINT ( 'NONE',  ( -70.00000000000001421, 35.00000000000000000, -59.99999999999998579 ) ) ;
#1934 = DIRECTION ( 'NONE',  ( 0.000000000000000000, 1.000000000000000000, 0.000000000000000000 ) ) ;
#1935 = AXIS2_PLACEMENT_3D ( 'NONE', #1884, #1149, #1720 ) ;
#1936 = ORIENTED_EDGE ( 'NONE', *, *, #543, .T. ) ;
#1937 = CARTESIAN_POINT ( 'NONE',  ( -34.95000000000001705, 12.00000000000000000, -25.04999999999998295 ) ) ;
#1938 = CARTESIAN_POINT ( 'NONE',  ( 63.70000000000000995, 0.000000000000000000, -19.00000000000001776 ) ) ;
#1939 = CARTESIAN_POINT ( 'NONE',  ( -70.00000000000001421, 33.99999999999997868, 67.60000000000000853 ) ) ;
#1940 = ORIENTED_EDGE ( 'NONE', *, *, #619, .F. ) ;
#1941 = LINE ( 'NONE', #2311, #1035 ) ;
#1942 = LINE ( 'NONE', #2301, #2357 ) ;
#1943 = AXIS2_PLACEMENT_3D ( 'NONE', #1088, #1875, #1293 ) ;
#1944 = CARTESIAN_POINT ( 'NONE',  ( -33.45000000000001705, 15.00000000000000000, 25.05000000000001847 ) ) ;
#1945 = ADVANCED_FACE ( 'NONE', ( #33 ), #1050, .F. ) ;
#1946 = LINE ( 'NONE', #2358, #148 ) ;
#1947 = DIRECTION ( 'NONE',  ( 0.000000000000000000, 0.000000000000000000, -1.000000000000000000 ) ) ;
#1948 = VECTOR ( 'NONE', #1550, 1000.000000000000000 ) ;
#1949 = FACE_OUTER_BOUND ( 'NONE', #649, .T. ) ;
#1950 = PERSON_AND_ORGANIZATION ( #2481, #2137 ) ;
#1951 = VECTOR ( 'NONE', #2230, 1000.000000000000000 ) ;
#1952 = EDGE_LOOP ( 'NONE', ( #1439, #1909 ) ) ;
#1953 = CIRCLE ( 'NONE', #2197, 7.599999999999996092 ) ;
#1954 = CARTESIAN_POINT ( 'NONE',  ( 33.44999999999998863, 12.00000000000000000, 26.55000000000001847 ) ) ;
#1955 = LINE ( 'NONE', #168, #227 ) ;
#1956 = ORIENTED_EDGE ( 'NONE', *, *, #1354, .F. ) ;
#1957 = CIRCLE ( 'NONE', #2538, 2.250000000000001776 ) ;
#1958 = DIRECTION ( 'NONE',  ( 0.000000000000000000, -1.000000000000000000, 0.000000000000000000 ) ) ;
#1959 = DIRECTION ( 'NONE',  ( 0.000000000000000000, 0.000000000000000000, 1.000000000000000000 ) ) ;
#1960 = CARTESIAN_POINT ( 'NONE',  ( 69.99999999999998579, 35.00000000000000000, -51.39999999999996305 ) ) ;
#1961 = LINE ( 'NONE', #1730, #1630 ) ;
#1962 = EDGE_CURVE ( 'NONE', #545, #1330, #428, .T. ) ;
#1963 = CARTESIAN_POINT ( 'NONE',  ( -70.00000000000001421, 35.00000000000000000, 60.00000000000001421 ) ) ;
#1964 = EDGE_CURVE ( 'NONE', #2402, #2016, #128, .T. ) ;
#1965 = EDGE_LOOP ( 'NONE', ( #988, #1198, #2485, #329 ) ) ;
#1966 = DIRECTION ( 'NONE',  ( 0.000000000000000000, 0.000000000000000000, 1.000000000000000000 ) ) ;
#1967 = ORIENTED_EDGE ( 'NONE', *, *, #1780, .F. ) ;
#1968 = DIRECTION ( 'NONE',  ( 0.000000000000000000, 0.000000000000000000, -1.000000000000000000 ) ) ;
#1969 = DIRECTION ( 'NONE',  ( -0.000000000000000000, 1.000000000000000000, -0.000000000000000000 ) ) ;
#1970 = DIRECTION ( 'NONE',  ( 0.000000000000000000, 1.000000000000000000, 0.000000000000000000 ) ) ;
#1971 = VECTOR ( 'NONE', #1037, 1000.000000000000114 ) ;
#1972 = FACE_BOUND ( 'NONE', #827, .T. ) ;
#1973 = CC_DESIGN_APPROVAL ( #39, ( #1248 ) ) ;
#1974 = CARTESIAN_POINT ( 'NONE',  ( -70.00000000000001421, 35.00000000000000000, -68.60000000000000853 ) ) ;
#1975 = PERSON_AND_ORGANIZATION_ROLE ( 'classification_officer' ) ;
#1976 = ORIENTED_EDGE ( 'NONE', *, *, #464, .F. ) ;
#1977 = ADVANCED_FACE ( 'NONE', ( #83 ), #617, .F. ) ;
#1978 = CARTESIAN_POINT ( 'NONE',  ( -70.00000000000001421, 35.00000000000000000, -48.49999999999997158 ) ) ;
#1979 = CARTESIAN_POINT ( 'NONE',  ( -69.95000000000001705, 12.00000000000000000, -25.04999999999998295 ) ) ;
#1980 = CYLINDRICAL_SURFACE ( 'NONE', #1906, 7.599999999999996092 ) ;
#1981 = CARTESIAN_POINT ( 'NONE',  ( 69.99999999999998579, 0.000000000000000000, -59.99999999999998579 ) ) ;
#1982 = FACE_BOUND ( 'NONE', #1504, .T. ) ;
#1983 = AXIS2_PLACEMENT_3D ( 'NONE', #985, #565, #1968 ) ;
#1984 = DIRECTION ( 'NONE',  ( 0.000000000000000000, 1.000000000000000000, 0.000000000000000000 ) ) ;
#1985 = PERSON_AND_ORGANIZATION ( #2481, #2137 ) ;
#1986 = AXIS2_PLACEMENT_3D ( 'NONE', #2136, #932, #183 ) ;
#1987 = EDGE_CURVE ( 'NONE', #2216, #1086, #1196, .T. ) ;
#1988 = CIRCLE ( 'NONE', #1607, 7.599999999999996092 ) ;
#1989 = DIRECTION ( 'NONE',  ( 0.000000000000000000, 1.000000000000000000, -0.000000000000000000 ) ) ;
#1990 = ORIENTED_EDGE ( 'NONE', *, *, #1855, .F. ) ;
#1991 = EDGE_CURVE ( 'NONE', #1661, #2482, #810, .T. ) ;
#1992 = CARTESIAN_POINT ( 'NONE',  ( -70.00000000000001421, 35.00000000000000000, -59.99999999999998579 ) ) ;
#1993 = DIRECTION ( 'NONE',  ( -0.000000000000000000, 1.000000000000000000, -0.000000000000000000 ) ) ;
#1994 = DIRECTION ( 'NONE',  ( 0.000000000000000000, 0.000000000000000000, -1.000000000000000000 ) ) ;
#1995 = DIRECTION ( 'NONE',  ( -0.000000000000000000, 1.000000000000000000, -0.000000000000000000 ) ) ;
#1996 = AXIS2_PLACEMENT_3D ( 'NONE', #616, #1393, #2186 ) ;
#1997 = CARTESIAN_POINT ( 'NONE',  ( 34.94999999999998863, 12.00000000000000000, -25.04999999999998295 ) ) ;
#1998 = CIRCLE ( 'NONE', #200, 7.599999999999996092 ) ;
#1999 = ADVANCED_FACE ( 'NONE', ( #1595 ), #1632, .T. ) ;
#2000 = ORIENTED_EDGE ( 'NONE', *, *, #43, .F. ) ;
#2001 = DIRECTION ( 'NONE',  ( 0.000000000000000000, 1.000000000000000000, 0.000000000000000000 ) ) ;
#2002 = VECTOR ( 'NONE', #241, 1000.000000000000000 ) ;
#2003 = CARTESIAN_POINT ( 'NONE',  ( 39.69999999999999574, 0.000000000000000000, -21.25000000000001066 ) ) ;
#2004 = ADVANCED_FACE ( 'NONE', ( #2188 ), #666, .F. ) ;
#2005 = DIRECTION ( 'NONE',  ( 0.000000000000000000, 1.000000000000000000, -0.000000000000000000 ) ) ;
#2006 = CIRCLE ( 'NONE', #612, 1.500000000000001332 ) ;
#2007 = AXIS2_PLACEMENT_3D ( 'NONE', #23, #1564, #1555 ) ;
#2008 = DIRECTION ( 'NONE',  ( 0.000000000000000000, 0.000000000000000000, -1.000000000000000000 ) ) ;
#2009 = ORIENTED_EDGE ( 'NONE', *, *, #479, .F. ) ;
#2010 = DIRECTION ( 'NONE',  ( -0.000000000000000000, -0.000000000000000000, 1.000000000000000000 ) ) ;
#2011 = VERTEX_POINT ( 'NONE', #1794 ) ;
#2012 = ORIENTED_EDGE ( 'NONE', *, *, #2100, .F. ) ;
#2013 = DIRECTION ( 'NONE',  ( -0.000000000000000000, 1.000000000000000000, -0.000000000000000000 ) ) ;
#2014 = APPROVAL ( #2177, 'UNSPECIFIED' ) ;
#2015 = LINE ( 'NONE', #31, #1873 ) ;
#2016 = VERTEX_POINT ( 'NONE', #441 ) ;
#2017 = DIRECTION ( 'NONE',  ( 0.000000000000000000, 0.000000000000000000, -1.000000000000000000 ) ) ;
#2018 = ADVANCED_FACE ( 'NONE', ( #42 ), #1023, .F. ) ;
#2019 = CARTESIAN_POINT ( 'NONE',  ( -39.70000000000000284, 0.000000000000000000, -18.99999999999999645 ) ) ;
#2020 = EDGE_LOOP ( 'NONE', ( #2459, #2166, #2, #56 ) ) ;
#2021 = CIRCLE ( 'NONE', #140, 7.599999999999996092 ) ;
#2022 = AXIS2_PLACEMENT_3D ( 'NONE', #994, #1181, #781 ) ;
#2023 = DIRECTION ( 'NONE',  ( 0.000000000000000000, 0.000000000000000000, 1.000000000000000000 ) ) ;
#2024 = FACE_OUTER_BOUND ( 'NONE', #607, .T. ) ;
#2025 = AXIS2_PLACEMENT_3D ( 'NONE', #2498, #351, #1926 ) ;
#2026 = ORIENTED_EDGE ( 'NONE', *, *, #1666, .T. ) ;
#2027 = CARTESIAN_POINT ( 'NONE',  ( -69.95000000000001705, 15.00000000000000000, 25.05000000000001847 ) ) ;
#2028 = AXIS2_PLACEMENT_3D ( 'NONE', #1755, #1132, #173 ) ;
#2029 = DIRECTION ( 'NONE',  ( -0.000000000000000000, 1.000000000000000000, -0.000000000000000000 ) ) ;
#2030 = ORIENTED_EDGE ( 'NONE', *, *, #1410, .T. ) ;
#2031 = FACE_BOUND ( 'NONE', #1567, .T. ) ;
#2032 = ORIENTED_EDGE ( 'NONE', *, *, #1250, .T. ) ;
#2033 = ADVANCED_FACE ( 'NONE', ( #54 ), #2070, .F. ) ;
#2034 = DIRECTION ( 'NONE',  ( 0.000000000000000000, -1.000000000000000000, 0.000000000000000000 ) ) ;
#2035 = ORIENTED_EDGE ( 'NONE', *, *, #1410, .F. ) ;
#2036 = EDGE_CURVE ( 'NONE', #2445, #182, #2368, .T. ) ;
#2037 = PLANE ( 'NONE',  #426 ) ;
#2038 = CARTESIAN_POINT ( 'NONE',  ( 69.99999999999998579, 35.00000000000000000, -59.99999999999998579 ) ) ;
#2039 = VERTEX_POINT ( 'NONE', #499 ) ;
#2040 = DIRECTION ( 'NONE',  ( -0.000000000000000000, 0.000000000000000000, 1.000000000000000000 ) ) ;
#2041 = VERTEX_POINT ( 'NONE', #1849 ) ;
#2042 = DIRECTION ( 'NONE',  ( -0.000000000000000000, 1.000000000000000000, -0.000000000000000000 ) ) ;
#2043 = AXIS2_PLACEMENT_3D ( 'NONE', #2364, #1367, #770 ) ;
#2044 = EDGE_LOOP ( 'NONE', ( #672, #831, #564, #1537 ) ) ;
#2045 = DIRECTION ( 'NONE',  ( 0.000000000000000000, 1.000000000000000000, 0.000000000000000000 ) ) ;
#2046 = ORIENTED_EDGE ( 'NONE', *, *, #903, .F. ) ;
#2047 = DIRECTION ( 'NONE',  ( 0.000000000000000000, 1.000000000000000000, 0.000000000000000000 ) ) ;
#2048 = ADVANCED_FACE ( 'NONE', ( #2279 ), #2488, .F. ) ;
#2049 = AXIS2_PLACEMENT_3D ( 'NONE', #1237, #1394, #2017 ) ;
#2050 = VERTEX_POINT ( 'NONE', #1296 ) ;
#2051 = AXIS2_PLACEMENT_3D ( 'NONE', #132, #2082, #323 ) ;
#2052 = PLANE ( 'NONE',  #1860 ) ;
#2053 = DIRECTION ( 'NONE',  ( 0.000000000000000000, 0.000000000000000000, -1.000000000000000000 ) ) ;
#2054 = ORIENTED_EDGE ( 'NONE', *, *, #928, .F. ) ;
#2055 = DIRECTION ( 'NONE',  ( -0.000000000000000000, 1.000000000000000000, -0.000000000000000000 ) ) ;
#2056 = CYLINDRICAL_SURFACE ( 'NONE', #269, 1.500000000000001332 ) ;
#2057 = AXIS2_PLACEMENT_3D ( 'NONE', #285, #1073, #2040 ) ;
#2058 = LINE ( 'NONE', #302, #2255 ) ;
#2059 = ORIENTED_EDGE ( 'NONE', *, *, #2164, .T. ) ;
#2060 = AXIS2_PLACEMENT_3D ( 'NONE', #882, #2276, #1099 ) ;
#2061 = DIRECTION ( 'NONE',  ( 0.000000000000000000, 0.000000000000000000, 1.000000000000000000 ) ) ;
#2062 = EDGE_CURVE ( 'NONE', #1585, #1625, #1292, .T. ) ;
#2063 = AXIS2_PLACEMENT_3D ( 'NONE', #1103, #134, #910 ) ;
#2064 = ORIENTED_EDGE ( 'NONE', *, *, #432, .F. ) ;
#2065 = CARTESIAN_POINT ( 'NONE',  ( 33.44999999999998863, 15.00000000000000000, 23.55000000000001492 ) ) ;
#2066 = ORIENTED_EDGE ( 'NONE', *, *, #2395, .T. ) ;
#2067 = FACE_OUTER_BOUND ( 'NONE', #934, .T. ) ;
#2068 = EDGE_CURVE ( 'NONE', #1585, #443, #147, .T. ) ;
#2069 = VERTEX_POINT ( 'NONE', #97 ) ;
#2070 = CYLINDRICAL_SURFACE ( 'NONE', #2076, 2.250000000000001776 ) ;
#2071 = AXIS2_PLACEMENT_3D ( 'NONE', #393, #354, #2304 ) ;
#2072 = ORIENTED_EDGE ( 'NONE', *, *, #1796, .T. ) ;
#2073 = CARTESIAN_POINT ( 'NONE',  ( 39.69999999999999574, 0.000000000000000000, -16.75000000000000711 ) ) ;
#2074 = ORIENTED_EDGE ( 'NONE', *, *, #1289, .T. ) ;
#2075 = CIRCLE ( 'NONE', #1740, 1.500000000000001332 ) ;
#2076 = AXIS2_PLACEMENT_3D ( 'NONE', #1258, #1675, #1650 ) ;
#2077 = AXIS2_PLACEMENT_3D ( 'NONE', #1460, #2305, #1705 ) ;
#2078 = ORIENTED_EDGE ( 'NONE', *, *, #524, .F. ) ;
#2079 = FACE_BOUND ( 'NONE', #909, .T. ) ;
#2080 = ORIENTED_EDGE ( 'NONE', *, *, #1855, .T. ) ;
#2081 = EDGE_CURVE ( 'NONE', #1852, #1818, #1376, .T. ) ;
#2082 = DIRECTION ( 'NONE',  ( 0.000000000000000000, 1.000000000000000000, -0.000000000000000000 ) ) ;
#2083 = ORIENTED_EDGE ( 'NONE', *, *, #782, .F. ) ;
#2084 = DIRECTION ( 'NONE',  ( -0.000000000000000000, 1.000000000000000000, -0.000000000000000000 ) ) ;
#2085 = EDGE_CURVE ( 'NONE', #1328, #2011, #2449, .T. ) ;
#2086 = ORIENTED_EDGE ( 'NONE', *, *, #508, .T. ) ;
#2087 = FACE_OUTER_BOUND ( 'NONE', #1618, .T. ) ;
#2088 = ORIENTED_EDGE ( 'NONE', *, *, #513, .F. ) ;
#2089 = VECTOR ( 'NONE', #2362, 1000.000000000000000 ) ;
#2090 = PERSON_AND_ORGANIZATION_ROLE ( 'design_owner' ) ;
#2091 = ORIENTED_EDGE ( 'NONE', *, *, #422, .F. ) ;
#2092 = DIRECTION ( 'NONE',  ( 0.000000000000000000, -0.000000000000000000, 1.000000000000000000 ) ) ;
#2093 = ORIENTED_EDGE ( 'NONE', *, *, #749, .T. ) ;
#2094 = CARTESIAN_POINT ( 'NONE',  ( 69.99999999999998579, 0.000000000000000000, 67.60000000000000853 ) ) ;
#2095 = ORIENTED_EDGE ( 'NONE', *, *, #1652, .T. ) ;
#2096 = LINE ( 'NONE', #326, #1785 ) ;
#2097 = CIRCLE ( 'NONE', #2303, 1.500000000000001332 ) ;
#2098 = ORIENTED_EDGE ( 'NONE', *, *, #2412, .T. ) ;
#2099 = CARTESIAN_POINT ( 'NONE',  ( -70.00000000000001421, 15.00000000000000000, -59.99999999999998579 ) ) ;
#2100 = EDGE_CURVE ( 'NONE', #93, #414, #1133, .T. ) ;
#2101 = MANIFOLD_SOLID_BREP ( 'Cut-Extrude3', #2399 ) ;
#2102 = EDGE_LOOP ( 'NONE', ( #2487, #2406, #1684, #2408 ) ) ;
#2103 = CONICAL_SURFACE ( 'NONE', #2183, 11.50000000000001066, 0.7853981633974430610 ) ;
#2104 = EDGE_CURVE ( 'NONE', #137, #704, #2096, .T. ) ;
#2105 = ORIENTED_EDGE ( 'NONE', *, *, #1159, .F. ) ;
#2106 = DIRECTION ( 'NONE',  ( 0.000000000000000000, 1.000000000000000000, -0.000000000000000000 ) ) ;
#2107 = VERTEX_POINT ( 'NONE', #679 ) ;
#2108 = DIRECTION ( 'NONE',  ( 0.000000000000000000, 0.000000000000000000, 1.000000000000000000 ) ) ;
#2109 = VECTOR ( 'NONE', #2084, 1000.000000000000000 ) ;
#2110 = ORIENTED_EDGE ( 'NONE', *, *, #1039, .F. ) ;
#2111 = AXIS2_PLACEMENT_3D ( 'NONE', #536, #2106, #349 ) ;
#2112 = VECTOR ( 'NONE', #1969, 1000.000000000000000 ) ;
#2113 = DIRECTION ( 'NONE',  ( -0.000000000000000000, 1.000000000000000000, -0.000000000000000000 ) ) ;
#2114 = DIRECTION ( 'NONE',  ( -0.000000000000000000, 1.000000000000000000, -0.000000000000000000 ) ) ;
#2115 = DIRECTION ( 'NONE',  ( 0.000000000000000000, 0.000000000000000000, 1.000000000000000000 ) ) ;
#2116 = VERTEX_POINT ( 'NONE', #1457 ) ;
#2117 = ADVANCED_FACE ( 'NONE', ( #486 ), #1485, .F. ) ;
#2118 = CARTESIAN_POINT ( 'NONE',  ( -70.00000000000001421, 35.00000000000000000, 60.00000000000001421 ) ) ;
#2119 = EDGE_CURVE ( 'NONE', #2216, #1687, #1305, .T. ) ;
#2120 = DIRECTION ( 'NONE',  ( 0.000000000000000000, 0.000000000000000000, 1.000000000000000000 ) ) ;
#2121 = EDGE_LOOP ( 'NONE', ( #697, #68, #905, #912 ) ) ;
#2122 = CARTESIAN_POINT ( 'NONE',  ( -70.00000000000001421, 33.99999999999997158, 60.00000000000001421 ) ) ;
#2123 = EDGE_LOOP ( 'NONE', ( #1779, #2083, #1899, #286 ) ) ;
#2124 = LINE ( 'NONE', #1356, #667 ) ;
#2125 = DIRECTION ( 'NONE',  ( 0.000000000000000000, 1.000000000000000000, 0.000000000000000000 ) ) ;
#2126 = CARTESIAN_POINT ( 'NONE',  ( -69.95000000000001705, 15.00000000000000000, 23.55000000000001492 ) ) ;
#2127 = CARTESIAN_POINT ( 'NONE',  ( -70.00000000000001421, 0.000000000000000000, -59.99999999999998579 ) ) ;
#2128 = EDGE_LOOP ( 'NONE', ( #1628, #289 ) ) ;
#2129 = DIRECTION ( 'NONE',  ( 0.000000000000000000, 1.000000000000000000, 0.000000000000000000 ) ) ;
#2130 = DIRECTION ( 'NONE',  ( 0.000000000000000000, 1.000000000000000000, 0.000000000000000000 ) ) ;
#2131 = PRODUCT_RELATED_PRODUCT_CATEGORY ( 'detail', '', ( #1264 ) ) ;
#2132 = VECTOR ( 'NONE', #253, 1000.000000000000000 ) ;
#2133 = EDGE_CURVE ( 'NONE', #1750, #309, #1501, .T. ) ;
#2134 = DIRECTION ( 'NONE',  ( 0.000000000000000000, 1.000000000000000000, 0.000000000000000000 ) ) ;
#2135 = ORIENTED_EDGE ( 'NONE', *, *, #966, .F. ) ;
#2136 = CARTESIAN_POINT ( 'NONE',  ( -33.45000000000001705, 12.00000000000000000, 25.05000000000001847 ) ) ;
#2137 = ORGANIZATION ( 'UNSPECIFIED', 'UNSPECIFIED', '' ) ;
#2138 = DIRECTION ( 'NONE',  ( 0.000000000000000000, 1.000000000000000000, -0.000000000000000000 ) ) ;
#2139 = CARTESIAN_POINT ( 'NONE',  ( -33.45000000000001705, 12.00000000000000000, 25.05000000000001847 ) ) ;
#2140 = CARTESIAN_POINT ( 'NONE',  ( 69.99999999999998579, 15.00000000000000000, 60.00000000000001421 ) ) ;
#2141 = FACE_BOUND ( 'NONE', #653, .T. ) ;
#2142 = CARTESIAN_POINT ( 'NONE',  ( -70.00000000000001421, 35.00000000000000000, 60.00000000000001421 ) ) ;
#2143 = DATE_TIME_ROLE ( 'classification_date' ) ;
#2144 = ORIENTED_EDGE ( 'NONE', *, *, #1137, .T. ) ;
#2145 = CARTESIAN_POINT ( 'NONE',  ( 69.99999999999998579, 0.000000000000000000, -67.59999999999998010 ) ) ;
#2146 = ORIENTED_EDGE ( 'NONE', *, *, #1459, .T. ) ;
#2147 = DIRECTION ( 'NONE',  ( 0.000000000000000000, 0.000000000000000000, 1.000000000000000000 ) ) ;
#2148 = EDGE_CURVE ( 'NONE', #100, #1549, #503, .T. ) ;
#2149 = CYLINDRICAL_SURFACE ( 'NONE', #585, 1.500000000000001332 ) ;
#2150 = VECTOR ( 'NONE', #283, 1000.000000000000000 ) ;
#2151 = FACE_OUTER_BOUND ( 'NONE', #1690, .T. ) ;
#2152 = CYLINDRICAL_SURFACE ( 'NONE', #2028, 2.250000000000001776 ) ;
#2153 = ADVANCED_FACE ( 'NONE', ( #339 ), #1116, .F. ) ;
#2154 = CARTESIAN_POINT ( 'NONE',  ( 63.70000000000000995, 0.000000000000000000, -21.25000000000003197 ) ) ;
#2155 = CIRCLE ( 'NONE', #1161, 1.500000000000001332 ) ;
#2156 = CARTESIAN_POINT ( 'NONE',  ( 63.70000000000000995, 12.00000000000000000, -19.00000000000001776 ) ) ;
#2157 = ORIENTED_EDGE ( 'NONE', *, *, #712, .F. ) ;
#2158 = CARTESIAN_POINT ( 'NONE',  ( 69.99999999999998579, 33.99999999999997868, 60.00000000000001421 ) ) ;
#2159 = LINE ( 'NONE', #2315, #1771 ) ;
#2160 = CARTESIAN_POINT ( 'NONE',  ( -69.95000000000001705, 15.00000000000000000, 26.55000000000001847 ) ) ;
#2161 = CC_DESIGN_PERSON_AND_ORGANIZATION_ASSIGNMENT ( #1950, #611, ( #2181 ) ) ;
#2162 = CARTESIAN_POINT ( 'NONE',  ( 69.99999999999998579, 35.00000000000000000, 71.50000000000000000 ) ) ;
#2163 = CARTESIAN_POINT ( 'NONE',  ( 69.99999999999998579, 35.00000000000000000, -59.99999999999998579 ) ) ;
#2164 = EDGE_CURVE ( 'NONE', #1351, #6, #1688, .T. ) ;
#2165 = DIRECTION ( 'NONE',  ( 0.000000000000000000, -1.000000000000000000, 0.000000000000000000 ) ) ;
#2166 = ORIENTED_EDGE ( 'NONE', *, *, #1617, .T. ) ;
#2167 = DIRECTION ( 'NONE',  ( -0.000000000000000000, 1.000000000000000000, -0.000000000000000000 ) ) ;
#2168 = PRODUCT_DEFINITION_SHAPE ( 'NONE', 'NONE',  #1248 ) ;
#2169 = CONICAL_SURFACE ( 'NONE', #1056, 11.49999999999998224, 0.7853981633974405074 ) ;
#2170 = DIRECTION ( 'NONE',  ( 0.000000000000000000, 1.000000000000000000, 0.000000000000000000 ) ) ;
#2171 = DIRECTION ( 'NONE',  ( 0.000000000000000000, 0.000000000000000000, -1.000000000000000000 ) ) ;
#2172 = DIRECTION ( 'NONE',  ( -0.000000000000000000, 1.000000000000000000, -0.000000000000000000 ) ) ;
#2173 = ORIENTED_EDGE ( 'NONE', *, *, #1613, .T. ) ;
#2174 = DIRECTION ( 'NONE',  ( 0.000000000000000000, 1.000000000000000000, 0.000000000000000000 ) ) ;
#2175 = ADVANCED_FACE ( 'NONE', ( #1905 ), #886, .F. ) ;
#2176 = CARTESIAN_POINT ( 'NONE',  ( -85.00000000000001421, 15.00000000000000000, 75.00000000000001421 ) ) ;
#2177 = APPROVAL_STATUS ( 'not_yet_approved' ) ;
#2178 = CIRCLE ( 'NONE', #2258, 2.250000000000015987 ) ;
#2179 = EDGE_CURVE ( 'NONE', #769, #1702, #993, .T. ) ;
#2180 = AXIS2_PLACEMENT_3D ( 'NONE', #2492, #1654, #889 ) ;
#2181 = PRODUCT_DEFINITION_FORMATION_WITH_SPECIFIED_SOURCE ( 'ANY', '', #1264, .NOT_KNOWN. ) ;
#2182 = FACE_OUTER_BOUND ( 'NONE', #1965, .T. ) ;
#2183 = AXIS2_PLACEMENT_3D ( 'NONE', #896, #1455, #2053 ) ;
#2184 = ORIENTED_EDGE ( 'NONE', *, *, #265, .T. ) ;
#2185 = CARTESIAN_POINT ( 'NONE',  ( 69.99999999999998579, 0.000000000000000000, -59.99999999999998579 ) ) ;
#2186 = DIRECTION ( 'NONE',  ( 0.000000000000000000, 0.000000000000000000, 1.000000000000000000 ) ) ;
#2187 = CIRCLE ( 'NONE', #2521, 1.500000000000001332 ) ;
#2188 = FACE_OUTER_BOUND ( 'NONE', #399, .T. ) ;
#2189 = AXIS2_PLACEMENT_3D ( 'NONE', #1511, #1076, #528 ) ;
#2190 = DIRECTION ( 'NONE',  ( 0.000000000000000000, 1.000000000000000000, -0.000000000000000000 ) ) ;
#2191 = AXIS2_PLACEMENT_3D ( 'NONE', #417, #615, #1200 ) ;
#2192 = EDGE_CURVE ( 'NONE', #1852, #109, #353, .T. ) ;
#2193 = SECURITY_CLASSIFICATION ( '', '', #1566 ) ;
#2194 = CIRCLE ( 'NONE', #2071, 1.500000000000001332 ) ;
#2195 = DIRECTION ( 'NONE',  ( 0.000000000000000000, 0.000000000000000000, 1.000000000000000000 ) ) ;
#2196 = EDGE_CURVE ( 'NONE', #210, #743, #2159, .T. ) ;
#2197 = AXIS2_PLACEMENT_3D ( 'NONE', #1981, #225, #1782 ) ;
#2198 = CC_DESIGN_APPROVAL ( #2014, ( #2181 ) ) ;
#2199 = DIRECTION ( 'NONE',  ( 0.000000000000000000, 0.000000000000000000, 1.000000000000000000 ) ) ;
#2200 = DIRECTION ( 'NONE',  ( -0.000000000000000000, 1.000000000000000000, -0.000000000000000000 ) ) ;
#2201 = ORIENTED_EDGE ( 'NONE', *, *, #1234, .F. ) ;
#2202 = DIRECTION ( 'NONE',  ( 1.000000000000000000, 0.000000000000000000, 0.000000000000000000 ) ) ;
#2203 = CARTESIAN_POINT ( 'NONE',  ( -70.00000000000001421, 0.000000000000000000, 60.00000000000001421 ) ) ;
#2204 = ORIENTED_EDGE ( 'NONE', *, *, #513, .T. ) ;
#2205 = EDGE_CURVE ( 'NONE', #1471, #96, #1131, .T. ) ;
#2206 = DIRECTION ( 'NONE',  ( 0.000000000000000000, 0.000000000000000000, -1.000000000000000000 ) ) ;
#2207 = ORIENTED_EDGE ( 'NONE', *, *, #752, .F. ) ;
#2208 = EDGE_CURVE ( 'NONE', #1762, #309, #1322, .T. ) ;
#2209 = ORIENTED_EDGE ( 'NONE', *, *, #358, .F. ) ;
#2210 = CONICAL_SURFACE ( 'NONE', #1708, 7.599999999999996092, 0.7853981633974522758 ) ;
#2211 = DIRECTION ( 'NONE',  ( 0.000000000000000000, 1.000000000000000000, 0.000000000000000000 ) ) ;
#2212 = DIRECTION ( 'NONE',  ( -0.000000000000000000, 1.000000000000000000, -0.000000000000000000 ) ) ;
#2213 = ORIENTED_EDGE ( 'NONE', *, *, #998, .T. ) ;
#2214 = FACE_OUTER_BOUND ( 'NONE', #412, .T. ) ;
#2215 = AXIS2_PLACEMENT_3D ( 'NONE', #825, #1830, #1425 ) ;
#2216 = VERTEX_POINT ( 'NONE', #592 ) ;
#2217 = CIRCLE ( 'NONE', #1838, 7.599999999999996092 ) ;
#2218 = FACE_OUTER_BOUND ( 'NONE', #184, .T. ) ;
#2219 = ORIENTED_EDGE ( 'NONE', *, *, #202, .F. ) ;
#2220 = AXIS2_PLACEMENT_3D ( 'NONE', #2374, #557, #1749 ) ;
#2221 = CARTESIAN_POINT ( 'NONE',  ( -70.00000000000001421, 35.00000000000000000, -59.99999999999998579 ) ) ;
#2222 = DIRECTION ( 'NONE',  ( 0.000000000000000000, -0.7071067811865536790, -0.7071067811865414665 ) ) ;
#2223 = LINE ( 'NONE', #1243, #710 ) ;
#2224 = EDGE_CURVE ( 'NONE', #603, #923, #211, .T. ) ;
#2225 = FACE_OUTER_BOUND ( 'NONE', #678, .T. ) ;
#2226 = ORIENTED_EDGE ( 'NONE', *, *, #1828, .F. ) ;
#2227 = CARTESIAN_POINT ( 'NONE',  ( -69.95000000000001705, 12.00000000000000000, 23.55000000000001492 ) ) ;
#2228 = EDGE_CURVE ( 'NONE', #1475, #665, #1753, .T. ) ;
#2229 = VERTEX_POINT ( 'NONE', #7 ) ;
#2230 = DIRECTION ( 'NONE',  ( 0.000000000000000000, 0.000000000000000000, -1.000000000000000000 ) ) ;
#2231 = ORIENTED_EDGE ( 'NONE', *, *, #1881, .T. ) ;
#2232 = CARTESIAN_POINT ( 'NONE',  ( -33.45000000000001705, 15.00000000000000000, -25.04999999999998295 ) ) ;
#2233 = VECTOR ( 'NONE', #925, 999.9999999999998863 ) ;
#2234 = LINE ( 'NONE', #2416, #1361 ) ;
#2235 = ORIENTED_EDGE ( 'NONE', *, *, #111, .F. ) ;
#2236 = CARTESIAN_POINT ( 'NONE',  ( 84.99999999999998579, 15.00000000000000000, 75.00000000000001421 ) ) ;
#2237 = ORIENTED_EDGE ( 'NONE', *, *, #2427, .F. ) ;
#2238 = DIRECTION ( 'NONE',  ( 0.000000000000000000, 0.000000000000000000, 1.000000000000000000 ) ) ;
#2239 = CARTESIAN_POINT ( 'NONE',  ( 63.70000000000000995, 0.000000000000000000, 16.74999999999997513 ) ) ;
#2240 = DIRECTION ( 'NONE',  ( -0.000000000000000000, -1.000000000000000000, -0.000000000000000000 ) ) ;
#2241 = EDGE_CURVE ( 'NONE', #2107, #657, #1942, .T. ) ;
#2242 = ORIENTED_EDGE ( 'NONE', *, *, #683, .F. ) ;
#2243 = FACE_OUTER_BOUND ( 'NONE', #383, .T. ) ;
#2244 = VERTEX_POINT ( 'NONE', #797 ) ;
#2245 = CARTESIAN_POINT ( 'NONE',  ( 69.94999999999998863, 15.00000000000000000, 23.55000000000001492 ) ) ;
#2246 = ORIENTED_EDGE ( 'NONE', *, *, #1843, .T. ) ;
#2247 = FACE_OUTER_BOUND ( 'NONE', #2365, .T. ) ;
#2248 = EDGE_LOOP ( 'NONE', ( #2054, #1844, #2080, #2454 ) ) ;
#2249 = CARTESIAN_POINT ( 'NONE',  ( 33.44999999999998863, 12.00000000000000000, 25.05000000000001847 ) ) ;
#2250 = FACE_BOUND ( 'NONE', #468, .T. ) ;
#2251 = CYLINDRICAL_SURFACE ( 'NONE', #1006, 7.599999999999996092 ) ;
#2252 = VERTEX_POINT ( 'NONE', #171 ) ;
#2253 = ADVANCED_FACE ( 'NONE', ( #1155 ), #786, .T. ) ;
#2254 = CARTESIAN_POINT ( 'NONE',  ( -70.00000000000001421, 33.99999999999997868, 60.00000000000001421 ) ) ;
#2255 = VECTOR ( 'NONE', #1880, 1000.000000000000000 ) ;
#2256 = ORIENTED_EDGE ( 'NONE', *, *, #476, .F. ) ;
#2257 = DIRECTION ( 'NONE',  ( 0.000000000000000000, 0.000000000000000000, 1.000000000000000000 ) ) ;
#2258 = AXIS2_PLACEMENT_3D ( 'NONE', #1798, #2190, #1837 ) ;
#2259 = PLANE ( 'NONE',  #1620 ) ;
#2260 = VERTEX_POINT ( 'NONE', #2355 ) ;
#2261 = CARTESIAN_POINT ( 'NONE',  ( 69.99999999999998579, 34.00000000000000000, -59.99999999999998579 ) ) ;
#2262 = AXIS2_PLACEMENT_3D ( 'NONE', #1083, #1869, #1241 ) ;
#2263 = ORIENTED_EDGE ( 'NONE', *, *, #1074, .F. ) ;
#2264 = VECTOR ( 'NONE', #2029, 1000.000000000000000 ) ;
#2265 = CYLINDRICAL_SURFACE ( 'NONE', #861, 12.49999999999999645 ) ;
#2266 = VERTEX_POINT ( 'NONE', #1341 ) ;
#2267 = AXIS2_PLACEMENT_3D ( 'NONE', #1291, #2496, #1505 ) ;
#2268 = DIRECTION ( 'NONE',  ( 0.000000000000000000, 1.000000000000000000, 0.000000000000000000 ) ) ;
#2269 = VECTOR ( 'NONE', #2486, 1000.000000000000114 ) ;
#2270 = ADVANCED_FACE ( 'NONE', ( #1521 ), #1725, .T. ) ;
#2271 = VECTOR ( 'NONE', #2113, 1000.000000000000000 ) ;
#2272 = VECTOR ( 'NONE', #1841, 1000.000000000000000 ) ;
#2273 = ORIENTED_EDGE ( 'NONE', *, *, #1306, .T. ) ;
#2274 = EDGE_CURVE ( 'NONE', #704, #2287, #876, .T. ) ;
#2275 = CONICAL_SURFACE ( 'NONE', #1603, 7.599999999999996092, 0.7853981633974522758 ) ;
#2276 = DIRECTION ( 'NONE',  ( -0.000000000000000000, 1.000000000000000000, -0.000000000000000000 ) ) ;
#2277 = DIRECTION ( 'NONE',  ( 1.035655806553317700E-16, 0.000000000000000000, -1.000000000000000000 ) ) ;
#2278 = ORIENTED_EDGE ( 'NONE', *, *, #3, .T. ) ;
#2279 = FACE_OUTER_BOUND ( 'NONE', #1611, .T. ) ;
#2280 = VECTOR ( 'NONE', #1421, 1000.000000000000000 ) ;
#2281 = DIRECTION ( 'NONE',  ( 0.000000000000000000, -0.000000000000000000, 1.000000000000000000 ) ) ;
#2282 = DIRECTION ( 'NONE',  ( 0.000000000000000000, 1.000000000000000000, -0.000000000000000000 ) ) ;
#2283 = EDGE_LOOP ( 'NONE', ( #214, #2012 ) ) ;
#2284 = DIRECTION ( 'NONE',  ( 0.000000000000000000, 0.000000000000000000, -1.000000000000000000 ) ) ;
#2285 = ORIENTED_EDGE ( 'NONE', *, *, #1074, .T. ) ;
#2286 = FACE_OUTER_BOUND ( 'NONE', #2320, .T. ) ;
#2287 = VERTEX_POINT ( 'NONE', #773 ) ;
#2288 = FACE_OUTER_BOUND ( 'NONE', #914, .T. ) ;
#2289 = EDGE_CURVE ( 'NONE', #182, #2016, #2343, .T. ) ;
#2290 = ORIENTED_EDGE ( 'NONE', *, *, #245, .F. ) ;
#2291 = CARTESIAN_POINT ( 'NONE',  ( -39.70000000000000284, 0.000000000000000000, -18.99999999999999645 ) ) ;
#2292 = ORIENTED_EDGE ( 'NONE', *, *, #1039, .T. ) ;
#2293 = CARTESIAN_POINT ( 'NONE',  ( -39.70000000000000284, 12.00000000000000000, 21.25000000000000000 ) ) ;
#2294 = ORIENTED_EDGE ( 'NONE', *, *, #2476, .F. ) ;
#2295 = VECTOR ( 'NONE', #1148, 1000.000000000000114 ) ;
#2296 = ORIENTED_EDGE ( 'NONE', *, *, #327, .F. ) ;
#2297 = CARTESIAN_POINT ( 'NONE',  ( -85.00000000000001421, 0.000000000000000000, 75.00000000000001421 ) ) ;
#2298 = ORIENTED_EDGE ( 'NONE', *, *, #190, .T. ) ;
#2299 = CARTESIAN_POINT ( 'NONE',  ( -33.45000000000001705, 15.00000000000000000, 26.55000000000001847 ) ) ;
#2300 = ORIENTED_EDGE ( 'NONE', *, *, #698, .F. ) ;
#2301 = CARTESIAN_POINT ( 'NONE',  ( -33.45000000000001705, 12.00000000000000000, 23.55000000000001492 ) ) ;
#2302 = EDGE_CURVE ( 'NONE', #2229, #2401, #2124, .T. ) ;
#2303 = AXIS2_PLACEMENT_3D ( 'NONE', #1026, #632, #477 ) ;
#2304 = DIRECTION ( 'NONE',  ( 0.000000000000000000, 0.000000000000000000, -1.000000000000000000 ) ) ;
#2305 = DIRECTION ( 'NONE',  ( 0.000000000000000000, 1.000000000000000000, -0.000000000000000000 ) ) ;
#2306 = ADVANCED_FACE ( 'NONE', ( #1766 ), #2149, .F. ) ;
#2307 = VERTEX_POINT ( 'NONE', #404 ) ;
#2308 = VECTOR ( 'NONE', #1085, 1000.000000000000000 ) ;
#2309 = CARTESIAN_POINT ( 'NONE',  ( 69.99999999999998579, 35.00000000000000000, -59.99999999999998579 ) ) ;
#2310 = ORIENTED_EDGE ( 'NONE', *, *, #2164, .F. ) ;
#2311 = CARTESIAN_POINT ( 'NONE',  ( 69.99999999999998579, 33.99999999999997868, -52.39999999999999147 ) ) ;
#2312 = CIRCLE ( 'NONE', #1207, 2.250000000000001776 ) ;
#2313 = EDGE_LOOP ( 'NONE', ( #1182, #972 ) ) ;
#2314 = CIRCLE ( 'NONE', #2025, 2.250000000000001776 ) ;
#2315 = CARTESIAN_POINT ( 'NONE',  ( -70.00000000000001421, 0.000000000000000000, 52.40000000000001279 ) ) ;
#2316 = VECTOR ( 'NONE', #425, 1000.000000000000000 ) ;
#2317 = DIRECTION ( 'NONE',  ( -1.035655806553317700E-16, 0.000000000000000000, -1.000000000000000000 ) ) ;
#2318 = DIRECTION ( 'NONE',  ( -0.000000000000000000, 1.000000000000000000, -0.000000000000000000 ) ) ;
#2319 = AXIS2_PLACEMENT_3D ( 'NONE', #830, #1186, #629 ) ;
#2320 = EDGE_LOOP ( 'NONE', ( #1622, #1089 ) ) ;
#2321 = EDGE_CURVE ( 'NONE', #1017, #300, #2312, .T. ) ;
#2322 = CARTESIAN_POINT ( 'NONE',  ( -68.45000000000001705, 15.00000000000000000, 25.05000000000001847 ) ) ;
#2323 = DIRECTION ( 'NONE',  ( 0.000000000000000000, 1.000000000000000000, -0.000000000000000000 ) ) ;
#2324 = AXIS2_PLACEMENT_3D ( 'NONE', #812, #1597, #2409 ) ;
#2325 = CYLINDRICAL_SURFACE ( 'NONE', #61, 1.500000000000001332 ) ;
#2326 = ORIENTED_EDGE ( 'NONE', *, *, #2179, .T. ) ;
#2327 = AXIS2_PLACEMENT_3D ( 'NONE', #2473, #875, #924 ) ;
#2328 = DIRECTION ( 'NONE',  ( -0.000000000000000000, -1.000000000000000000, -0.000000000000000000 ) ) ;
#2329 = ORIENTED_EDGE ( 'NONE', *, *, #493, .T. ) ;
#2330 = DIRECTION ( 'NONE',  ( 0.000000000000000000, 0.000000000000000000, 1.000000000000000000 ) ) ;
#2331 = CYLINDRICAL_SURFACE ( 'NONE', #757, 1.500000000000001332 ) ;
#2332 = LINE ( 'NONE', #188, #1082 ) ;
#2333 = FACE_BOUND ( 'NONE', #1187, .T. ) ;
#2334 = PLANE ( 'NONE',  #1 ) ;
#2335 = CALENDAR_DATE ( 2025, 17, 12 ) ;
#2336 = EDGE_CURVE ( 'NONE', #2069, #630, #1077, .T. ) ;
#2337 = ORIENTED_EDGE ( 'NONE', *, *, #245, .T. ) ;
#2338 = VECTOR ( 'NONE', #1757, 1000.000000000000000 ) ;
#2339 = DIRECTION ( 'NONE',  ( 0.000000000000000000, 1.000000000000000000, 0.000000000000000000 ) ) ;
#2340 = ADVANCED_FACE ( 'NONE', ( #364 ), #1142, .F. ) ;
#2341 = VERTEX_POINT ( 'NONE', #1380 ) ;
#2342 = DIRECTION ( 'NONE',  ( 0.000000000000000000, 1.000000000000000000, 0.000000000000000000 ) ) ;
#2343 = LINE ( 'NONE', #2514, #1362 ) ;
#2344 = DIRECTION ( 'NONE',  ( -0.000000000000000000, -1.000000000000000000, -0.000000000000000000 ) ) ;
#2345 = CARTESIAN_POINT ( 'NONE',  ( -70.00000000000001421, 35.00000000000000000, 71.50000000000000000 ) ) ;
#2346 = ORIENTED_EDGE ( 'NONE', *, *, #1289, .F. ) ;
#2347 = DIRECTION ( 'NONE',  ( 0.000000000000000000, 1.000000000000000000, 0.000000000000000000 ) ) ;
#2348 = CARTESIAN_POINT ( 'NONE',  ( -85.00000000000001421, 15.00000000000000000, 75.00000000000001421 ) ) ;
#2349 = DATE_AND_TIME ( #2335, #1432 ) ;
#2350 = ORIENTED_EDGE ( 'NONE', *, *, #2208, .T. ) ;
#2351 = ADVANCED_FACE ( 'NONE', ( #88, #1199, #2426, #1615, #2366 ), #2037, .T. ) ;
#2352 = FACE_OUTER_BOUND ( 'NONE', #485, .T. ) ;
#2353 = LOCAL_TIME ( 10, 18, 14.00000000000000000, #398 ) ;
#2354 = ADVANCED_FACE ( 'NONE', ( #281 ), #867, .F. ) ;
#2355 = CARTESIAN_POINT ( 'NONE',  ( 39.70000000000001705, 12.00000000000000000, 21.25000000000000000 ) ) ;
#2356 = CARTESIAN_POINT ( 'NONE',  ( -39.70000000000000284, 12.00000000000000000, -16.74999999999999289 ) ) ;
#2357 = VECTOR ( 'NONE', #378, 1000.000000000000000 ) ;
#2358 = CARTESIAN_POINT ( 'NONE',  ( -63.70000000000000995, 0.000000000000000000, -21.24999999999999645 ) ) ;
#2359 = ORIENTED_EDGE ( 'NONE', *, *, #1499, .F. ) ;
#2360 = FACE_BOUND ( 'NONE', #730, .T. ) ;
#2361 = CIRCLE ( 'NONE', #1210, 1.500000000000001332 ) ;
#2362 = DIRECTION ( 'NONE',  ( -0.000000000000000000, 1.000000000000000000, -0.000000000000000000 ) ) ;
#2363 = ORIENTED_EDGE ( 'NONE', *, *, #588, .F. ) ;
#2364 = CARTESIAN_POINT ( 'NONE',  ( -69.95000000000001705, 12.00000000000000000, 25.05000000000001847 ) ) ;
#2365 = EDGE_LOOP ( 'NONE', ( #714, #589, #1194, #1929 ) ) ;
#2366 = FACE_OUTER_BOUND ( 'NONE', #927, .T. ) ;
#2367 = CARTESIAN_POINT ( 'NONE',  ( 69.99999999999998579, 35.00000000000000000, 60.00000000000001421 ) ) ;
#2368 = CIRCLE ( 'NONE', #73, 12.49999999999999645 ) ;
#2369 = EDGE_CURVE ( 'NONE', #881, #443, #628, .T. ) ;
#2370 = CYLINDRICAL_SURFACE ( 'NONE', #2446, 7.599999999999996092 ) ;
#2371 = ORIENTED_EDGE ( 'NONE', *, *, #1338, .F. ) ;
#2372 = CARTESIAN_POINT ( 'NONE',  ( -39.70000000000000284, 0.000000000000000000, -18.99999999999999645 ) ) ;
#2373 = EDGE_CURVE ( 'NONE', #6, #537, #646, .T. ) ;
#2374 = CARTESIAN_POINT ( 'NONE',  ( -63.70000000000000995, 0.000000000000000000, 19.00000000000000000 ) ) ;
#2375 = APPROVAL_STATUS ( 'not_yet_approved' ) ;
#2376 = CIRCLE ( 'NONE', #1792, 7.599999999999996092 ) ;
#2377 = CYLINDRICAL_SURFACE ( 'NONE', #242, 12.49999999999999645 ) ;
#2378 = VECTOR ( 'NONE', #804, 999.9999999999998863 ) ;
#2379 = DIRECTION ( 'NONE',  ( 0.000000000000000000, 0.000000000000000000, 1.000000000000000000 ) ) ;
#2380 = CARTESIAN_POINT ( 'NONE',  ( -70.00000000000001421, 33.99999999999997868, -52.39999999999999147 ) ) ;
#2381 = ORIENTED_EDGE ( 'NONE', *, *, #373, .T. ) ;
#2382 = CARTESIAN_POINT ( 'NONE',  ( -85.00000000000001421, 0.000000000000000000, 75.00000000000001421 ) ) ;
#2383 = EDGE_CURVE ( 'NONE', #691, #1805, #829, .T. ) ;
#2384 = AXIS2_PLACEMENT_3D ( 'NONE', #821, #2394, #1226 ) ;
#2385 = LINE ( 'NONE', #1627, #709 ) ;
#2386 = EDGE_CURVE ( 'NONE', #325, #1706, #261, .T. ) ;
#2387 = APPROVAL_DATE_TIME ( #768, #943 ) ;
#2388 = CARTESIAN_POINT ( 'NONE',  ( 69.99999999999998579, 35.00000000000000000, -71.50000000000000000 ) ) ;
#2389 = ORIENTED_EDGE ( 'NONE', *, *, #293, .T. ) ;
#2390 = ORIENTED_EDGE ( 'NONE', *, *, #1575, .F. ) ;
#2391 = CARTESIAN_POINT ( 'NONE',  ( 68.44999999999998863, 12.00000000000000000, 25.05000000000001847 ) ) ;
#2392 = DIRECTION ( 'NONE',  ( 0.000000000000000000, 0.000000000000000000, 1.000000000000000000 ) ) ;
#2393 = AXIS2_PLACEMENT_3D ( 'NONE', #819, #2001, #256 ) ;
#2394 = DIRECTION ( 'NONE',  ( 0.000000000000000000, 0.000000000000000000, 1.000000000000000000 ) ) ;
#2395 = EDGE_CURVE ( 'NONE', #743, #1128, #2021, .T. ) ;
#2396 = CYLINDRICAL_SURFACE ( 'NONE', #1868, 12.49999999999999645 ) ;
#2397 = VECTOR ( 'NONE', #1754, 1000.000000000000000 ) ;
#2398 = EDGE_CURVE ( 'NONE', #929, #1672, #292, .T. ) ;
#2399 = CLOSED_SHELL ( 'NONE', ( #668, #1776, #2033, #1728, #1477, #2175, #2048, #232, #1923, #635, #1731, #1530, #1542, #1125, #1999, #1177, #13, #900, #732, #2515, #1599, #2270, #1745, #2253, #1057, #981, #700, #234, #933, #1449, #446, #217, #766, #1878, #1945, #1647, #633, #1512, #32, #1238, #1859, #1761, #1349, #890, #1024, #1462, #122, #1445, #1587, #1011, #546, #409, #2450, #1190, #2153, #2018, #2117, #411, #57, #360, #1265, #1020, #1928, #1091, #187, #2306, #2004, #249, #344, #27, #1977, #2351, #887, #1571, #1206, #609, #2467, #2354, #2340, #141 ) ) ;
#2400 = DIRECTION ( 'NONE',  ( 0.000000000000000000, 1.000000000000000000, 0.000000000000000000 ) ) ;
#2401 = VERTEX_POINT ( 'NONE', #103 ) ;
#2402 = VERTEX_POINT ( 'NONE', #2440 ) ;
#2403 = CARTESIAN_POINT ( 'NONE',  ( 34.94999999999998863, 12.00000000000000000, -25.04999999999998295 ) ) ;
#2404 = DIRECTION ( 'NONE',  ( 0.000000000000000000, -1.000000000000000000, 0.000000000000000000 ) ) ;
#2405 = CIRCLE ( 'NONE', #112, 11.50000000000001066 ) ;
#2406 = ORIENTED_EDGE ( 'NONE', *, *, #1087, .T. ) ;
#2407 = DIRECTION ( 'NONE',  ( 0.000000000000000000, 0.000000000000000000, -1.000000000000000000 ) ) ;
#2408 = ORIENTED_EDGE ( 'NONE', *, *, #1897, .F. ) ;
#2409 = DIRECTION ( 'NONE',  ( 0.000000000000000000, 0.000000000000000000, 1.000000000000000000 ) ) ;
#2410 = VERTEX_POINT ( 'NONE', #1424 ) ;
#2411 = DIRECTION ( 'NONE',  ( 0.000000000000000000, 1.000000000000000000, 0.000000000000000000 ) ) ;
#2412 = EDGE_CURVE ( 'NONE', #309, #1762, #793, .T. ) ;
#2413 = LINE ( 'NONE', #623, #1422 ) ;
#2414 = ORIENTED_EDGE ( 'NONE', *, *, #1545, .T. ) ;
#2415 = EDGE_CURVE ( 'NONE', #630, #2069, #1366, .T. ) ;
#2416 = CARTESIAN_POINT ( 'NONE',  ( -39.70000000000000284, 0.000000000000000000, 21.25000000000000000 ) ) ;
#2417 = ORIENTED_EDGE ( 'NONE', *, *, #1987, .F. ) ;
#2418 = DIRECTION ( 'NONE',  ( -0.000000000000000000, -1.000000000000000000, -0.000000000000000000 ) ) ;
#2419 = ORIENTED_EDGE ( 'NONE', *, *, #2373, .F. ) ;
#2420 = DIRECTION ( 'NONE',  ( 0.000000000000000000, -0.000000000000000000, -1.000000000000000000 ) ) ;
#2421 = VERTEX_POINT ( 'NONE', #997 ) ;
#2422 = AXIS2_PLACEMENT_3D ( 'NONE', #2372, #2174, #368 ) ;
#2423 = CARTESIAN_POINT ( 'NONE',  ( 69.99999999999998579, 35.00000000000000000, 60.00000000000001421 ) ) ;
#2424 = ORIENTED_EDGE ( 'NONE', *, *, #1828, .T. ) ;
#2425 = AXIS2_PLACEMENT_3D ( 'NONE', #1217, #2202, #238 ) ;
#2426 = FACE_BOUND ( 'NONE', #447, .T. ) ;
#2427 = EDGE_CURVE ( 'NONE', #1857, #2430, #1068, .T. ) ;
#2428 = ORIENTED_EDGE ( 'NONE', *, *, #796, .T. ) ;
#2429 = LINE ( 'NONE', #1593, #1528 ) ;
#2430 = VERTEX_POINT ( 'NONE', #1829 ) ;
#2431 = FACE_OUTER_BOUND ( 'NONE', #726, .T. ) ;
#2432 = EDGE_CURVE ( 'NONE', #2435, #527, #713, .T. ) ;
#2433 = ORIENTED_EDGE ( 'NONE', *, *, #2547, .T. ) ;
#2434 = CARTESIAN_POINT ( 'NONE',  ( 84.99999999999998579, 0.000000000000000000, 75.00000000000001421 ) ) ;
#2435 = VERTEX_POINT ( 'NONE', #674 ) ;
#2436 = AXIS2_PLACEMENT_3D ( 'NONE', #638, #855, #1634 ) ;
#2437 = DIRECTION ( 'NONE',  ( -0.000000000000000000, 1.000000000000000000, -0.000000000000000000 ) ) ;
#2438 = ORIENTED_EDGE ( 'NONE', *, *, #293, .F. ) ;
#2439 = CIRCLE ( 'NONE', #2111, 2.250000000000015987 ) ;
#2440 = CARTESIAN_POINT ( 'NONE',  ( 69.99999999999998579, 15.00000000000000000, -72.49999999999998579 ) ) ;
#2441 = VECTOR ( 'NONE', #627, 1000.000000000000000 ) ;
#2442 = ORIENTED_EDGE ( 'NONE', *, *, #2336, .T. ) ;
#2443 = AXIS2_PLACEMENT_3D ( 'NONE', #1933, #764, #1704 ) ;
#2444 = CARTESIAN_POINT ( 'NONE',  ( 69.99999999999998579, 0.000000000000000000, -67.59999999999998010 ) ) ;
#2445 = VERTEX_POINT ( 'NONE', #304 ) ;
#2446 = AXIS2_PLACEMENT_3D ( 'NONE', #1428, #2200, #213 ) ;
#2447 = CARTESIAN_POINT ( 'NONE',  ( -63.70000000000000995, 12.00000000000000000, -16.74999999999999289 ) ) ;
#2448 = ORIENTED_EDGE ( 'NONE', *, *, #295, .T. ) ;
#2449 = LINE ( 'NONE', #1893, #1579 ) ;
#2450 = ADVANCED_FACE ( 'NONE', ( #2243 ), #1274, .F. ) ;
#2451 = DIRECTION ( 'NONE',  ( 8.659560562354966138E-17, 0.7071067811865446862, -0.7071067811865503483 ) ) ;
#2452 = CARTESIAN_POINT ( 'NONE',  ( 39.69999999999999574, 12.00000000000000000, -19.00000000000001066 ) ) ;
#2453 = EDGE_CURVE ( 'NONE', #1339, #491, #1680, .T. ) ;
#2454 = ORIENTED_EDGE ( 'NONE', *, *, #1809, .T. ) ;
#2455 = CARTESIAN_POINT ( 'NONE',  ( 69.99999999999998579, 33.99999999999996447, 60.00000000000001421 ) ) ;
#2456 = ORIENTED_EDGE ( 'NONE', *, *, #174, .T. ) ;
#2457 = PLANE ( 'NONE',  #1598 ) ;
#2458 = DIRECTION ( 'NONE',  ( -0.000000000000000000, 1.000000000000000000, -0.000000000000000000 ) ) ;
#2459 = ORIENTED_EDGE ( 'NONE', *, *, #2432, .F. ) ;
#2460 = DIRECTION ( 'NONE',  ( 0.000000000000000000, 1.000000000000000000, 0.000000000000000000 ) ) ;
#2461 = AXIS2_PLACEMENT_3D ( 'NONE', #1814, #1437, #63 ) ;
#2462 = CARTESIAN_POINT ( 'NONE',  ( 84.99999999999998579, 15.00000000000000000, 75.00000000000001421 ) ) ;
#2463 = EDGE_CURVE ( 'NONE', #2287, #704, #866, .T. ) ;
#2464 = VECTOR ( 'NONE', #1556, 1000.000000000000000 ) ;
#2465 = DIRECTION ( 'NONE',  ( -0.000000000000000000, 1.000000000000000000, -0.000000000000000000 ) ) ;
#2466 = EDGE_LOOP ( 'NONE', ( #571, #761 ) ) ;
#2467 = ADVANCED_FACE ( 'NONE', ( #2479 ), #506, .F. ) ;
#2468 = ORIENTED_EDGE ( 'NONE', *, *, #174, .F. ) ;
#2469 = FACE_OUTER_BOUND ( 'NONE', #1417, .T. ) ;
#2470 = ORIENTED_EDGE ( 'NONE', *, *, #1372, .T. ) ;
#2471 = DIRECTION ( 'NONE',  ( -0.000000000000000000, 1.000000000000000000, -0.000000000000000000 ) ) ;
#2472 = ORIENTED_EDGE ( 'NONE', *, *, #2453, .F. ) ;
#2473 = CARTESIAN_POINT ( 'NONE',  ( -70.00000000000001421, 35.00000000000000000, -59.99999999999998579 ) ) ;
#2474 = DIRECTION ( 'NONE',  ( 0.000000000000000000, 0.000000000000000000, 1.000000000000000000 ) ) ;
#2475 = CYLINDRICAL_SURFACE ( 'NONE', #1063, 1.500000000000001332 ) ;
#2476 = EDGE_CURVE ( 'NONE', #1848, #1827, #2518, .T. ) ;
#2477 = EDGE_LOOP ( 'NONE', ( #2300, #2298, #1510, #759 ) ) ;
#2478 = AXIS2_PLACEMENT_3D ( 'NONE', #80, #1392, #1803 ) ;
#2479 = FACE_OUTER_BOUND ( 'NONE', #85, .T. ) ;
#2480 = EDGE_CURVE ( 'NONE', #1017, #1084, #2493, .T. ) ;
#2481 = PERSON ( 'UNSPECIFIED', 'UNSPECIFIED', 'UNSPECIFIED', ('UNSPECIFIED'), ('UNSPECIFIED'), ('UNSPECIFIED') ) ;
#2482 = VERTEX_POINT ( 'NONE', #939 ) ;
#2483 = VECTOR ( 'NONE', #145, 1000.000000000000000 ) ;
#2484 = DIRECTION ( 'NONE',  ( 0.000000000000000000, 1.000000000000000000, -0.000000000000000000 ) ) ;
#2485 = ORIENTED_EDGE ( 'NONE', *, *, #1914, .F. ) ;
#2486 = DIRECTION ( 'NONE',  ( 0.000000000000000000, 0.7071067811865446862, 0.7071067811865503483 ) ) ;
#2487 = ORIENTED_EDGE ( 'NONE', *, *, #1153, .F. ) ;
#2488 = CYLINDRICAL_SURFACE ( 'NONE', #1220, 2.250000000000001776 ) ;
#2489 = AXIS2_PLACEMENT_3D ( 'NONE', #1879, #500, #517 ) ;
#2490 = DIRECTION ( 'NONE',  ( 0.000000000000000000, -1.000000000000000000, 0.000000000000000000 ) ) ;
#2491 = CIRCLE ( 'NONE', #271, 12.49999999999999645 ) ;
#2492 = CARTESIAN_POINT ( 'NONE',  ( 69.99999999999998579, 35.00000000000000000, -59.99999999999998579 ) ) ;
#2493 = LINE ( 'NONE', #2507, #1154 ) ;
#2494 = EDGE_CURVE ( 'NONE', #1307, #2341, #46, .T. ) ;
#2495 = ORIENTED_EDGE ( 'NONE', *, *, #1636, .T. ) ;
#2496 = DIRECTION ( 'NONE',  ( 0.000000000000000000, -1.000000000000000000, 0.000000000000000000 ) ) ;
#2497 = ORIENTED_EDGE ( 'NONE', *, *, #2321, .F. ) ;
#2498 = CARTESIAN_POINT ( 'NONE',  ( -63.70000000000000995, 12.00000000000000000, -18.99999999999999645 ) ) ;
#2499 = EDGE_CURVE ( 'NONE', #1391, #210, #49, .T. ) ;
#2500 = EDGE_LOOP ( 'NONE', ( #1441, #1769, #2419, #2381 ) ) ;
#2501 = DIRECTION ( 'NONE',  ( -0.000000000000000000, 1.000000000000000000, -0.000000000000000000 ) ) ;
#2502 = DIRECTION ( 'NONE',  ( -0.000000000000000000, 1.000000000000000000, -0.000000000000000000 ) ) ;
#2503 = CARTESIAN_POINT ( 'NONE',  ( 68.44999999999998863, 15.00000000000000000, 25.05000000000001847 ) ) ;
#2504 = VECTOR ( 'NONE', #1721, 999.9999999999998863 ) ;
#2505 = EDGE_LOOP ( 'NONE', ( #984, #1115 ) ) ;
#2506 = CIRCLE ( 'NONE', #1626, 12.49999999999999645 ) ;
#2507 = CARTESIAN_POINT ( 'NONE',  ( -63.70000000000000995, 0.000000000000000000, 16.74999999999999645 ) ) ;
#2508 = ORIENTED_EDGE ( 'NONE', *, *, #978, .T. ) ;
#2509 = DIRECTION ( 'NONE',  ( 0.000000000000000000, 0.000000000000000000, 1.000000000000000000 ) ) ;
#2510 = ORIENTED_EDGE ( 'NONE', *, *, #1525, .F. ) ;
#2511 = EDGE_CURVE ( 'NONE', #1304, #1202, #457, .T. ) ;
#2512 = LINE ( 'NONE', #1329, #1119 ) ;
#2513 = EDGE_LOOP ( 'NONE', ( #1047, #2414, #16, #884 ) ) ;
#2514 = CARTESIAN_POINT ( 'NONE',  ( 69.99999999999998579, 35.00000000000000000, -47.49999999999998579 ) ) ;
#2515 = ADVANCED_FACE ( 'NONE', ( #520 ), #435, .F. ) ;
#2516 = FACE_OUTER_BOUND ( 'NONE', #2123, .T. ) ;
#2517 = DIRECTION ( 'NONE',  ( 0.000000000000000000, 0.000000000000000000, 1.000000000000000000 ) ) ;
#2518 = CIRCLE ( 'NONE', #176, 11.49999999999998224 ) ;
#2519 = ORIENTED_EDGE ( 'NONE', *, *, #1499, .T. ) ;
#2520 = DIRECTION ( 'NONE',  ( 0.000000000000000000, 1.000000000000000000, -0.000000000000000000 ) ) ;
#2521 = AXIS2_PLACEMENT_3D ( 'NONE', #687, #2484, #1479 ) ;
#2522 = CARTESIAN_POINT ( 'NONE',  ( -69.95000000000001705, 15.00000000000000000, -25.04999999999998295 ) ) ;
#2523 = EDGE_LOOP ( 'NONE', ( #2525, #952, #1098, #1831 ) ) ;
#2524 = CARTESIAN_POINT ( 'NONE',  ( -63.70000000000000995, 0.000000000000000000, -18.99999999999999645 ) ) ;
#2525 = ORIENTED_EDGE ( 'NONE', *, *, #18, .F. ) ;
#2526 = AXIS2_PLACEMENT_3D ( 'NONE', #574, #1534, #2509 ) ;
#2527 = CONICAL_SURFACE ( 'NONE', #1401, 11.49999999999998224, 0.7853981633974405074 ) ;
#2528 = CARTESIAN_POINT ( 'NONE',  ( -70.00000000000001421, 35.00000000000000000, -71.50000000000000000 ) ) ;
#2529 = CARTESIAN_POINT ( 'NONE',  ( -70.00000000000001421, 33.99999999999997868, 52.40000000000001279 ) ) ;
#2530 = DIRECTION ( 'NONE',  ( 0.000000000000000000, 0.000000000000000000, 1.000000000000000000 ) ) ;
#2531 = DIRECTION ( 'NONE',  ( 0.000000000000000000, 0.000000000000000000, 1.000000000000000000 ) ) ;
#2532 = EDGE_CURVE ( 'NONE', #931, #2116, #1118, .T. ) ;
#2533 = ORIENTED_EDGE ( 'NONE', *, *, #2036, .T. ) ;
#2534 = LINE ( 'NONE', #2549, #1889 ) ;
#2535 = EDGE_CURVE ( 'NONE', #1706, #325, #742, .T. ) ;
#2536 = COORDINATED_UNIVERSAL_TIME_OFFSET ( 0, 0, .AHEAD. ) ;
#2537 = CARTESIAN_POINT ( 'NONE',  ( -63.70000000000000995, 12.00000000000000000, 16.74999999999999645 ) ) ;
#2538 = AXIS2_PLACEMENT_3D ( 'NONE', #2452, #151, #531 ) ;
#2539 = ORIENTED_EDGE ( 'NONE', *, *, #824, .F. ) ;
#2540 = CARTESIAN_POINT ( 'NONE',  ( 69.94999999999998863, 12.00000000000000000, 23.55000000000001492 ) ) ;
#2541 = ORIENTED_EDGE ( 'NONE', *, *, #1173, .T. ) ;
#2542 = DIRECTION ( 'NONE',  ( 0.000000000000000000, 0.000000000000000000, 1.000000000000000000 ) ) ;
#2543 = LINE ( 'NONE', #186, #2397 ) ;
#2544 = CARTESIAN_POINT ( 'NONE',  ( 69.99999999999998579, 0.000000000000000000, -52.39999999999999147 ) ) ;
#2545 = EDGE_LOOP ( 'NONE', ( #1315, #2263, #1820, #2350 ) ) ;
#2546 = CARTESIAN_POINT ( 'NONE',  ( 69.99999999999998579, 35.00000000000000000, 47.50000000000001421 ) ) ;
#2547 = EDGE_CURVE ( 'NONE', #210, #1391, #1718, .T. ) ;
#2548 = AXIS2_PLACEMENT_3D ( 'NONE', #601, #374, #1168 ) ;
#2549 = CARTESIAN_POINT ( 'NONE',  ( 69.99999999999998579, 35.00000000000000000, -72.49999999999998579 ) ) ;
ENDSEC;
END-ISO-10303-21;
