ISO-10303-21;
HEADER;
FILE_DESCRIPTION (( 'STEP AP203' ),
    '1' );
FILE_NAME ('cut_punch_holder.STEP',
    '2025-12-12T10:19:29',
    ( '' ),
    ( '' ),
    '',
    '',
    '' );
FILE_SCHEMA (( 'CONFIG_CONTROL_DESIGN' ));
ENDSEC;

DATA;
#1 = CARTESIAN_POINT ( 'NONE',  ( 5.140100140095499093, 10.04866662471402883, 14.11299885186826764 ) ) ;
#2 = VERTEX_POINT ( 'NONE', #2294 ) ;
#3 = CARTESIAN_POINT ( 'NONE',  ( -25.71806044570588767, -5.452333375285972394, -5.993829239942333409 ) ) ;
#4 = EDGE_CURVE ( 'NONE', #198, #1929, #1287, .T. ) ;
#5 = DIRECTION ( 'NONE',  ( 0.000000000000000000, 0.000000000000000000, 1.000000000000000000 ) ) ;
#6 = EDGE_LOOP ( 'NONE', ( #1744, #1904, #1184, #887 ) ) ;
#7 = DIRECTION ( 'NONE',  ( 0.000000000000000000, 1.000000000000000000, 0.000000000000000000 ) ) ;
#8 = DIRECTION ( 'NONE',  ( 1.000000000000000000, 0.000000000000000000, -4.718235082676052479E-17 ) ) ;
#9 = ORIENTED_EDGE ( 'NONE', *, *, #4, .F. ) ;
#10 = LINE ( 'NONE', #2116, #2417 ) ;
#11 = ORIENTED_EDGE ( 'NONE', *, *, #669, .T. ) ;
#12 = DIRECTION ( 'NONE',  ( -0.000000000000000000, 1.000000000000000000, -0.000000000000000000 ) ) ;
#13 = EDGE_CURVE ( 'NONE', #221, #1182, #930, .T. ) ;
#14 = PERSON ( 'UNSPECIFIED', 'UNSPECIFIED', 'UNSPECIFIED', ('UNSPECIFIED'), ('UNSPECIFIED'), ('UNSPECIFIED') ) ;
#15 = VECTOR ( 'NONE', #1750, 1000.000000000000227 ) ;
#16 = DIRECTION ( 'NONE',  ( -0.000000000000000000, 1.000000000000000000, -0.000000000000000000 ) ) ;
#17 = ADVANCED_FACE ( 'NONE', ( #1701 ), #97, .T. ) ;
#18 = VECTOR ( 'NONE', #2266, 1000.000000000000227 ) ;
#19 = VECTOR ( 'NONE', #761, 1000.000000000000000 ) ;
#20 = EDGE_LOOP ( 'NONE', ( #615, #2492, #2517, #2318 ) ) ;
#21 = CARTESIAN_POINT ( 'NONE',  ( -28.82626367136850121, 11.04866662471402883, -8.187001148131733075 ) ) ;
#22 = CARTESIAN_POINT ( 'NONE',  ( 5.140100140095499093, 9.548666624714027051, 12.11299885186826586 ) ) ;
#23 = EDGE_LOOP ( 'NONE', ( #2246, #748, #754, #737 ) ) ;
#24 = CIRCLE ( 'NONE', #2470, 0.5500000000000010436 ) ;
#25 = DATE_AND_TIME ( #59, #2154 ) ;
#26 = FACE_OUTER_BOUND ( 'NONE', #1678, .T. ) ;
#27 = VERTEX_POINT ( 'NONE', #511 ) ;
#28 = PLANE ( 'NONE',  #2071 ) ;
#29 = FACE_OUTER_BOUND ( 'NONE', #150, .T. ) ;
#30 = EDGE_CURVE ( 'NONE', #428, #1641, #484, .T. ) ;
#31 = ORIENTED_EDGE ( 'NONE', *, *, #2132, .T. ) ;
#32 = DIRECTION ( 'NONE',  ( -0.000000000000000000, 1.000000000000000000, -0.000000000000000000 ) ) ;
#33 = CARTESIAN_POINT ( 'NONE',  ( -31.62626367136851258, 9.048666624714027051, -9.987001148131733785 ) ) ;
#34 = AXIS2_PLACEMENT_3D ( 'NONE', #1049, #1640, #711 ) ;
#35 = ORIENTED_EDGE ( 'NONE', *, *, #865, .F. ) ;
#36 = AXIS2_PLACEMENT_3D ( 'NONE', #777, #1319, #728 ) ;
#37 = CARTESIAN_POINT ( 'NONE',  ( 0.000000000000000000, 0.000000000000000000, 0.000000000000000000 ) ) ;
#38 = CARTESIAN_POINT ( 'NONE',  ( -34.62626367136851258, 14.04866662471402883, -14.18700114813173307 ) ) ;
#39 = ORIENTED_EDGE ( 'NONE', *, *, #406, .F. ) ;
#40 = DIRECTION ( 'NONE',  ( -1.000000000000000000, 0.000000000000000000, 0.000000000000000000 ) ) ;
#41 = PLANE ( 'NONE',  #1754 ) ;
#42 = DIRECTION ( 'NONE',  ( -1.000000000000000000, 0.000000000000000000, -0.000000000000000000 ) ) ;
#43 = EDGE_CURVE ( 'NONE', #1749, #1354, #1455, .T. ) ;
#44 = ORIENTED_EDGE ( 'NONE', *, *, #547, .T. ) ;
#45 = CARTESIAN_POINT ( 'NONE',  ( 5.140100140095499093, 9.048666624714027051, -8.487001148131733785 ) ) ;
#46 = DIRECTION ( 'NONE',  ( -0.000000000000000000, 1.000000000000000000, 0.000000000000000000 ) ) ;
#47 = ORIENTED_EDGE ( 'NONE', *, *, #1612, .T. ) ;
#48 = PERSON_AND_ORGANIZATION_ROLE ( 'design_owner' ) ;
#49 = CARTESIAN_POINT ( 'NONE',  ( -28.82626367136850121, 26.04866662471402705, 11.81299885186826693 ) ) ;
#50 = ORIENTED_EDGE ( 'NONE', *, *, #1252, .F. ) ;
#51 = DIRECTION ( 'NONE',  ( 0.000000000000000000, 0.000000000000000000, 1.000000000000000000 ) ) ;
#52 = DIRECTION ( 'NONE',  ( 0.000000000000000000, 0.000000000000000000, 1.000000000000000000 ) ) ;
#53 = ORIENTED_EDGE ( 'NONE', *, *, #1234, .F. ) ;
#54 = AXIS2_PLACEMENT_3D ( 'NONE', #1867, #721, #2090 ) ;
#55 = CARTESIAN_POINT ( 'NONE',  ( 5.140100140095499093, 9.548666624714027051, -8.487001148131733785 ) ) ;
#56 = EDGE_CURVE ( 'NONE', #1994, #844, #905, .T. ) ;
#57 = EDGE_CURVE ( 'NONE', #210, #385, #2252, .T. ) ;
#58 = ORIENTED_EDGE ( 'NONE', *, *, #949, .F. ) ;
#59 = CALENDAR_DATE ( 2025, 12, 12 ) ;
#60 = CARTESIAN_POINT ( 'NONE',  ( 2.190100140095498471, 14.04866662471402883, -2.637001148131732364 ) ) ;
#61 = EDGE_CURVE ( 'NONE', #194, #607, #497, .T. ) ;
#62 = ORIENTED_EDGE ( 'NONE', *, *, #1639, .F. ) ;
#63 = AXIS2_PLACEMENT_3D ( 'NONE', #1948, #1757, #1355 ) ;
#64 = EDGE_CURVE ( 'NONE', #2431, #2315, #2059, .T. ) ;
#65 = CARTESIAN_POINT ( 'NONE',  ( -2.259624277268603709, 9.048666624714027051, -2.637001148131731920 ) ) ;
#66 = CARTESIAN_POINT ( 'NONE',  ( -26.26806044570586351, 14.04866662471402883, 6.812998851868266925 ) ) ;
#67 = CARTESIAN_POINT ( 'NONE',  ( -31.62626367136851258, 9.548666624714027051, 14.11299885186826764 ) ) ;
#68 = VERTEX_POINT ( 'NONE', #306 ) ;
#69 = DIRECTION ( 'NONE',  ( 0.000000000000000000, -1.000000000000000000, 0.000000000000000000 ) ) ;
#70 = ORIENTED_EDGE ( 'NONE', *, *, #1719, .T. ) ;
#71 = APPROVAL ( #1193, 'UNSPECIFIED' ) ;
#72 = DATE_AND_TIME ( #2215, #678 ) ;
#73 = PLANE ( 'NONE',  #2344 ) ;
#74 = ORIENTED_EDGE ( 'NONE', *, *, #2066, .F. ) ;
#75 = EDGE_CURVE ( 'NONE', #1721, #1972, #2348, .T. ) ;
#76 = AXIS2_PLACEMENT_3D ( 'NONE', #1220, #1999, #451 ) ;
#77 = EDGE_CURVE ( 'NONE', #1528, #1040, #2269, .T. ) ;
#78 = DIRECTION ( 'NONE',  ( 1.000000000000000000, 0.000000000000000000, -9.436470165352104959E-17 ) ) ;
#79 = DIRECTION ( 'NONE',  ( -0.000000000000000000, -1.000000000000000000, -0.000000000000000000 ) ) ;
#80 = EDGE_CURVE ( 'NONE', #2045, #1216, #1568, .T. ) ;
#81 = CARTESIAN_POINT ( 'NONE',  ( -3.861500443820547801, 14.04866662471402883, -6.326676565517269424 ) ) ;
#82 = ORIENTED_EDGE ( 'NONE', *, *, #1551, .F. ) ;
#83 = PLANE ( 'NONE',  #1504 ) ;
#84 = VERTEX_POINT ( 'NONE', #134 ) ;
#85 = DIRECTION ( 'NONE',  ( 0.000000000000000000, 0.000000000000000000, 1.000000000000000000 ) ) ;
#86 = CARTESIAN_POINT ( 'NONE',  ( -26.26806044570588483, 14.04866662471402883, -3.187001148131733519 ) ) ;
#87 = PLANE ( 'NONE',  #1485 ) ;
#88 = DIRECTION ( 'NONE',  ( 0.000000000000000000, 1.000000000000000000, 0.000000000000000000 ) ) ;
#89 = DIRECTION ( 'NONE',  ( 0.000000000000000000, 1.000000000000000000, 0.000000000000000000 ) ) ;
#90 = CARTESIAN_POINT ( 'NONE',  ( 2.173736328631493020, 26.04866662471402705, 13.71299885186826728 ) ) ;
#91 = VECTOR ( 'NONE', #499, 1000.000000000000000 ) ;
#92 = ORIENTED_EDGE ( 'NONE', *, *, #137, .F. ) ;
#93 = LINE ( 'NONE', #1997, #725 ) ;
#94 = AXIS2_PLACEMENT_3D ( 'NONE', #1263, #2047, #110 ) ;
#95 = VERTEX_POINT ( 'NONE', #771 ) ;
#96 = DIRECTION ( 'NONE',  ( 0.000000000000000000, 1.000000000000000000, 0.000000000000000000 ) ) ;
#97 = CYLINDRICAL_SURFACE ( 'NONE', #138, 1.900000000000000577 ) ;
#98 = DIRECTION ( 'NONE',  ( -1.000000000000000000, 0.000000000000000000, 9.436470165352104959E-17 ) ) ;
#99 = ORIENTED_EDGE ( 'NONE', *, *, #234, .T. ) ;
#100 = CARTESIAN_POINT ( 'NONE',  ( -16.82749871060619995, 14.04866662471402883, 13.65501423379591905 ) ) ;
#101 = VECTOR ( 'NONE', #2378, 1000.000000000000000 ) ;
#102 = LINE ( 'NONE', #896, #1110 ) ;
#103 = EDGE_LOOP ( 'NONE', ( #50, #1921, #1931, #2384 ) ) ;
#104 = EDGE_CURVE ( 'NONE', #147, #2141, #2503, .T. ) ;
#105 = CARTESIAN_POINT ( 'NONE',  ( -25.71806044570588767, 14.04866662471402883, -5.993829239942333409 ) ) ;
#106 = CARTESIAN_POINT ( 'NONE',  ( -26.26806044570588483, 9.048666624714027051, 6.262998851868263550 ) ) ;
#107 = ORIENTED_EDGE ( 'NONE', *, *, #564, .T. ) ;
#108 = ADVANCED_FACE ( 'NONE', ( #201 ), #173, .F. ) ;
#109 = DIRECTION ( 'NONE',  ( -0.000000000000000000, -1.000000000000000000, -0.000000000000000000 ) ) ;
#110 = DIRECTION ( 'NONE',  ( 1.794541526872554915E-15, 0.000000000000000000, 1.000000000000000000 ) ) ;
#111 = CARTESIAN_POINT ( 'NONE',  ( -31.62626367136851258, 9.048666624714027051, 13.61299885186826764 ) ) ;
#112 = EDGE_LOOP ( 'NONE', ( #928, #1150, #481, #2485 ) ) ;
#113 = DIRECTION ( 'NONE',  ( 0.000000000000000000, 1.000000000000000000, 0.000000000000000000 ) ) ;
#114 = VECTOR ( 'NONE', #2032, 1000.000000000000000 ) ;
#115 = DIRECTION ( 'NONE',  ( -0.000000000000000000, -1.000000000000000000, -0.000000000000000000 ) ) ;
#116 = FACE_OUTER_BOUND ( 'NONE', #2121, .T. ) ;
#117 = DIRECTION ( 'NONE',  ( -0.000000000000000000, -1.000000000000000000, -0.000000000000000000 ) ) ;
#118 = ORIENTED_EDGE ( 'NONE', *, *, #669, .F. ) ;
#119 = CARTESIAN_POINT ( 'NONE',  ( -28.84262748283250488, -5.452333375285972394, 6.262998851868261774 ) ) ;
#120 = CARTESIAN_POINT ( 'NONE',  ( -28.82626367136850121, 11.04866662471402883, -5.187001148131739292 ) ) ;
#121 = ADVANCED_FACE ( 'NONE', ( #2339 ), #2510, .T. ) ;
#122 = CARTESIAN_POINT ( 'NONE',  ( -25.71806044570588767, 14.04866662471402883, -5.993829239942333409 ) ) ;
#123 = VERTEX_POINT ( 'NONE', #1530 ) ;
#124 = DIRECTION ( 'NONE',  ( -1.000000000000000000, 0.000000000000000000, 1.084202172485504434E-16 ) ) ;
#125 = FACE_OUTER_BOUND ( 'NONE', #1277, .T. ) ;
#126 = EDGE_LOOP ( 'NONE', ( #679, #831, #2325, #538 ) ) ;
#127 = FACE_OUTER_BOUND ( 'NONE', #1729, .T. ) ;
#128 = VECTOR ( 'NONE', #2251, 1000.000000000000000 ) ;
#129 = LINE ( 'NONE', #900, #889 ) ;
#130 = ORIENTED_EDGE ( 'NONE', *, *, #1537, .F. ) ;
#131 = AXIS2_PLACEMENT_3D ( 'NONE', #1846, #1681, #2247 ) ;
#132 = EDGE_CURVE ( 'NONE', #2451, #1528, #190, .T. ) ;
#133 = DIRECTION ( 'NONE',  ( 1.000000000000000000, 0.000000000000000000, 0.000000000000000000 ) ) ;
#134 = CARTESIAN_POINT ( 'NONE',  ( 4.640100140095499093, 9.048666624714027051, -0.1870011481317330193 ) ) ;
#135 = AXIS2_PLACEMENT_3D ( 'NONE', #1190, #1966, #2172 ) ;
#136 = ORIENTED_EDGE ( 'NONE', *, *, #1661, .T. ) ;
#137 = EDGE_CURVE ( 'NONE', #2175, #1822, #1128, .T. ) ;
#138 = AXIS2_PLACEMENT_3D ( 'NONE', #1468, #1866, #890 ) ;
#139 = LINE ( 'NONE', #111, #2465 ) ;
#140 = ORIENTED_EDGE ( 'NONE', *, *, #1233, .T. ) ;
#141 = DIRECTION ( 'NONE',  ( 0.000000000000000000, 0.000000000000000000, 1.000000000000000000 ) ) ;
#142 = CARTESIAN_POINT ( 'NONE',  ( -28.82626367136850121, 26.04866662471402705, -10.08700114813173165 ) ) ;
#143 = VECTOR ( 'NONE', #341, 1000.000000000000114 ) ;
#144 = CARTESIAN_POINT ( 'NONE',  ( 5.140100140095499093, 9.048666624714027051, 13.61299885186826408 ) ) ;
#145 = VECTOR ( 'NONE', #1282, 1000.000000000000000 ) ;
#146 = DIRECTION ( 'NONE',  ( 0.000000000000000000, 0.000000000000000000, 1.000000000000000000 ) ) ;
#147 = VERTEX_POINT ( 'NONE', #1363 ) ;
#148 = DIRECTION ( 'NONE',  ( -0.000000000000000000, -1.000000000000000000, -0.000000000000000000 ) ) ;
#149 = DIRECTION ( 'NONE',  ( -0.000000000000000000, -1.000000000000000000, -0.000000000000000000 ) ) ;
#150 = EDGE_LOOP ( 'NONE', ( #398, #1824, #746, #1486 ) ) ;
#151 = PRODUCT_DEFINITION ( 'UNKNOWN', '', #2069, #319 ) ;
#152 = CARTESIAN_POINT ( 'NONE',  ( -2.809624277268600867, -5.452333375285972394, 8.558401192256107848 ) ) ;
#153 = VERTEX_POINT ( 'NONE', #357 ) ;
#154 = DIRECTION ( 'NONE',  ( 0.000000000000000000, -0.7071067811865474617, -0.7071067811865474617 ) ) ;
#155 = CARTESIAN_POINT ( 'NONE',  ( 2.173736328631492576, 26.04866662471402705, -8.187001148131733075 ) ) ;
#156 = EDGE_CURVE ( 'NONE', #2156, #1354, #562, .T. ) ;
#157 = ORIENTED_EDGE ( 'NONE', *, *, #1990, .T. ) ;
#158 = AXIS2_PLACEMENT_3D ( 'NONE', #1235, #1680, #260 ) ;
#159 = FACE_OUTER_BOUND ( 'NONE', #1380, .T. ) ;
#160 = CARTESIAN_POINT ( 'NONE',  ( 7.140100140095498205, 9.548666624714027051, -8.487001148131733785 ) ) ;
#161 = VERTEX_POINT ( 'NONE', #745 ) ;
#162 = CARTESIAN_POINT ( 'NONE',  ( -28.82626367136850121, 11.04866662471402883, 11.81299885186826693 ) ) ;
#163 = DIRECTION ( 'NONE',  ( -0.000000000000000000, -1.000000000000000000, -0.000000000000000000 ) ) ;
#164 = ORIENTED_EDGE ( 'NONE', *, *, #1267, .F. ) ;
#165 = CARTESIAN_POINT ( 'NONE',  ( -17.44153007113532539, 9.164044285827392500, -10.10237880924509746 ) ) ;
#166 = ORIENTED_EDGE ( 'NONE', *, *, #2033, .T. ) ;
#167 = CARTESIAN_POINT ( 'NONE',  ( -28.82626367136850121, 14.04866662471402883, -8.187001148131733075 ) ) ;
#168 = EDGE_CURVE ( 'NONE', #1822, #2175, #1444, .T. ) ;
#169 = CARTESIAN_POINT ( 'NONE',  ( -22.90663240975008108, 14.04866662471402883, -22.90663240975013792 ) ) ;
#170 = LINE ( 'NONE', #1539, #2324 ) ;
#171 = ORIENTED_EDGE ( 'NONE', *, *, #1656, .F. ) ;
#172 = LINE ( 'NONE', #954, #15 ) ;
#173 = PLANE ( 'NONE',  #2107 ) ;
#174 = CIRCLE ( 'NONE', #1439, 1.900000000000000577 ) ;
#175 = ORIENTED_EDGE ( 'NONE', *, *, #1990, .F. ) ;
#176 = CARTESIAN_POINT ( 'NONE',  ( -2.259624277268603709, -5.452333375285972394, -2.637001148131731920 ) ) ;
#177 = ORIENTED_EDGE ( 'NONE', *, *, #1661, .F. ) ;
#178 = CIRCLE ( 'NONE', #1400, 3.000000000000000888 ) ;
#179 = DIRECTION ( 'NONE',  ( 0.000000000000000000, 1.000000000000000000, 0.000000000000000000 ) ) ;
#180 = VECTOR ( 'NONE', #2239, 1000.000000000000000 ) ;
#181 = CARTESIAN_POINT ( 'NONE',  ( 2.173736328631492576, 26.04866662471402705, -10.08700114813173343 ) ) ;
#182 = APPROVAL ( #835, 'UNSPECIFIED' ) ;
#183 = DIRECTION ( 'NONE',  ( -2.484704294013007647E-16, 0.000000000000000000, -1.000000000000000000 ) ) ;
#184 = CIRCLE ( 'NONE', #515, 2.000000000000000000 ) ;
#185 = AXIS2_PLACEMENT_3D ( 'NONE', #2044, #1078, #288 ) ;
#186 = EDGE_CURVE ( 'NONE', #1021, #1868, #783, .T. ) ;
#187 = VERTEX_POINT ( 'NONE', #1942 ) ;
#188 = VECTOR ( 'NONE', #1161, 1000.000000000000000 ) ;
#189 = DIRECTION ( 'NONE',  ( 0.000000000000000000, 1.000000000000000000, 0.000000000000000000 ) ) ;
#190 = LINE ( 'NONE', #2328, #1733 ) ;
#191 = EDGE_CURVE ( 'NONE', #1740, #1698, #2311, .T. ) ;
#192 = ORIENTED_EDGE ( 'NONE', *, *, #2250, .T. ) ;
#193 = LINE ( 'NONE', #2307, #1130 ) ;
#194 = VERTEX_POINT ( 'NONE', #1714 ) ;
#195 = CYLINDRICAL_SURFACE ( 'NONE', #937, 1.899999999999999023 ) ;
#196 = CARTESIAN_POINT ( 'NONE',  ( -28.82626367136850121, 26.04866662471402705, -8.187001148131733075 ) ) ;
#197 = CIRCLE ( 'NONE', #1188, 3.000000000000000888 ) ;
#198 = VERTEX_POINT ( 'NONE', #2138 ) ;
#199 = CARTESIAN_POINT ( 'NONE',  ( -28.82626367136850121, 11.04866662471402883, 11.81299885186826693 ) ) ;
#200 = AXIS2_PLACEMENT_3D ( 'NONE', #477, #2067, #1484 ) ;
#201 = FACE_OUTER_BOUND ( 'NONE', #23, .T. ) ;
#202 = ORIENTED_EDGE ( 'NONE', *, *, #43, .F. ) ;
#203 = DIRECTION ( 'NONE',  ( -0.9615676393087542184, 0.000000000000000000, -0.2745681609986661553 ) ) ;
#204 = ORIENTED_EDGE ( 'NONE', *, *, #75, .T. ) ;
#205 = PLANE ( 'NONE',  #63 ) ;
#206 = DIRECTION ( 'NONE',  ( 0.000000000000000000, 1.000000000000000000, 0.000000000000000000 ) ) ;
#207 = VERTEX_POINT ( 'NONE', #1918 ) ;
#208 = FACE_OUTER_BOUND ( 'NONE', #996, .T. ) ;
#209 = LINE ( 'NONE', #1004, #671 ) ;
#210 = VERTEX_POINT ( 'NONE', #794 ) ;
#211 = APPROVAL_ROLE ( '' ) ;
#212 = PLANE ( 'NONE',  #1447 ) ;
#213 = ORIENTED_EDGE ( 'NONE', *, *, #1060, .F. ) ;
#214 = DIRECTION ( 'NONE',  ( -0.000000000000000000, 1.000000000000000000, -0.000000000000000000 ) ) ;
#215 = VECTOR ( 'NONE', #1390, 1000.000000000000000 ) ;
#216 = EDGE_CURVE ( 'NONE', #1430, #473, #2061, .T. ) ;
#217 = VECTOR ( 'NONE', #1555, 1000.000000000000000 ) ;
#218 = DIRECTION ( 'NONE',  ( 0.000000000000000000, 1.000000000000000000, 0.000000000000000000 ) ) ;
#219 = VECTOR ( 'NONE', #2425, 1000.000000000000000 ) ;
#220 = ADVANCED_FACE ( 'NONE', ( #370 ), #1907, .F. ) ;
#221 = VERTEX_POINT ( 'NONE', #1761 ) ;
#222 = DIRECTION ( 'NONE',  ( -0.000000000000000000, 1.000000000000000000, -0.000000000000000000 ) ) ;
#223 = DIRECTION ( 'NONE',  ( -1.263148162119034378E-16, 0.000000000000000000, -1.000000000000000000 ) ) ;
#224 = SECURITY_CLASSIFICATION ( '', '', #849 ) ;
#225 = ORIENTED_EDGE ( 'NONE', *, *, #1359, .F. ) ;
#226 = VECTOR ( 'NONE', #2012, 1000.000000000000000 ) ;
#227 = DIRECTION ( 'NONE',  ( 1.000000000000000000, 0.000000000000000000, 0.000000000000000000 ) ) ;
#228 = DIRECTION ( 'NONE',  ( 0.000000000000000000, -1.000000000000000000, 0.000000000000000000 ) ) ;
#229 = ORIENTED_EDGE ( 'NONE', *, *, #269, .T. ) ;
#230 = FACE_BOUND ( 'NONE', #1481, .T. ) ;
#231 = FACE_OUTER_BOUND ( 'NONE', #2280, .T. ) ;
#232 = LINE ( 'NONE', #1356, #680 ) ;
#233 = EDGE_CURVE ( 'NONE', #385, #1641, #1133, .T. ) ;
#234 = EDGE_CURVE ( 'NONE', #544, #1868, #1377, .T. ) ;
#235 = ORIENTED_EDGE ( 'NONE', *, *, #252, .F. ) ;
#236 = CARTESIAN_POINT ( 'NONE',  ( 2.190100140095498027, 9.048666624714027051, -0.1870011481317334634 ) ) ;
#237 = DIRECTION ( 'NONE',  ( -0.000000000000000000, 1.000000000000000000, -0.000000000000000000 ) ) ;
#238 = VECTOR ( 'NONE', #559, 1000.000000000000000 ) ;
#239 = EDGE_LOOP ( 'NONE', ( #1269, #1968, #2152, #1762 ) ) ;
#240 = VECTOR ( 'NONE', #1497, 1000.000000000000000 ) ;
#241 = DATE_TIME_ROLE ( 'creation_date' ) ;
#242 = DIRECTION ( 'NONE',  ( -0.000000000000000000, 1.000000000000000000, -0.000000000000000000 ) ) ;
#243 = ORIENTED_EDGE ( 'NONE', *, *, #1091, .F. ) ;
#244 = PLANE ( 'NONE',  #311 ) ;
#245 = CARTESIAN_POINT ( 'NONE',  ( -31.62626367136851258, 10.04866662471402883, -10.48700114813173379 ) ) ;
#246 = CARTESIAN_POINT ( 'NONE',  ( 4.640100140095499093, 9.048666624714027051, 3.812998851868266925 ) ) ;
#247 = ADVANCED_FACE ( 'NONE', ( #1168 ), #1327, .T. ) ;
#248 = ADVANCED_FACE ( 'NONE', ( #955 ), #1752, .F. ) ;
#249 = ORIENTED_EDGE ( 'NONE', *, *, #547, .F. ) ;
#250 = DIRECTION ( 'NONE',  ( 0.9363291775690445462, 0.000000000000000000, -0.3511234415883917603 ) ) ;
#251 = ORIENTED_EDGE ( 'NONE', *, *, #564, .F. ) ;
#252 = EDGE_CURVE ( 'NONE', #1952, #1021, #1191, .T. ) ;
#253 = DIRECTION ( 'NONE',  ( 0.000000000000000000, 0.000000000000000000, 1.000000000000000000 ) ) ;
#254 = CARTESIAN_POINT ( 'NONE',  ( -31.62626367136850547, 10.04866662471402883, 17.81299885186826515 ) ) ;
#255 = VERTEX_POINT ( 'NONE', #1785 ) ;
#256 = CARTESIAN_POINT ( 'NONE',  ( -17.22562254405425719, -5.452333375285972394, -8.634743453061693330 ) ) ;
#257 = CARTESIAN_POINT ( 'NONE',  ( -24.26806044570588128, -5.452333375285972394, -5.993829239942333409 ) ) ;
#258 = CIRCLE ( 'NONE', #796, 2.000000000000000000 ) ;
#259 = ADVANCED_BREP_SHAPE_REPRESENTATION ( 'cut_punch_holder', ( #1977, #2354 ), #2472 ) ;
#260 = DIRECTION ( 'NONE',  ( 0.000000000000000000, 0.000000000000000000, 1.000000000000000000 ) ) ;
#261 = ORIENTED_EDGE ( 'NONE', *, *, #1751, .F. ) ;
#262 = VECTOR ( 'NONE', #1494, 1000.000000000000000 ) ;
#263 = CARTESIAN_POINT ( 'NONE',  ( 2.173736328631493020, 11.04866662471402883, -11.18700114813173485 ) ) ;
#264 = EDGE_CURVE ( 'NONE', #2366, #2528, #1993, .T. ) ;
#265 = ORIENTED_EDGE ( 'NONE', *, *, #2119, .F. ) ;
#266 = APPLICATION_PROTOCOL_DEFINITION ( 'international standard', 'config_control_design', 1994, #2505 ) ;
#267 = FACE_OUTER_BOUND ( 'NONE', #112, .T. ) ;
#268 = ORIENTED_EDGE ( 'NONE', *, *, #1676, .T. ) ;
#269 = EDGE_CURVE ( 'NONE', #1577, #2423, #1030, .T. ) ;
#270 = CIRCLE ( 'NONE', #1247, 2.449999999999996625 ) ;
#271 = VECTOR ( 'NONE', #1745, 1000.000000000000000 ) ;
#272 = DIRECTION ( 'NONE',  ( 0.000000000000000000, 0.000000000000000000, 1.000000000000000000 ) ) ;
#273 = DIRECTION ( 'NONE',  ( -0.000000000000000000, 1.000000000000000000, -0.000000000000000000 ) ) ;
#274 = CARTESIAN_POINT ( 'NONE',  ( -28.82626367136850121, 11.04866662471402883, 11.81299885186826693 ) ) ;
#275 = ORIENTED_EDGE ( 'NONE', *, *, #1879, .T. ) ;
#276 = DIRECTION ( 'NONE',  ( -0.000000000000000000, 1.000000000000000000, -0.000000000000000000 ) ) ;
#277 = ORIENTED_EDGE ( 'NONE', *, *, #1347, .F. ) ;
#278 = CARTESIAN_POINT ( 'NONE',  ( -28.82626367136850121, 11.04866662471402883, -8.187001148131733075 ) ) ;
#279 = ORIENTED_EDGE ( 'NONE', *, *, #901, .T. ) ;
#280 = AXIS2_PLACEMENT_3D ( 'NONE', #665, #1445, #2231 ) ;
#281 = EDGE_CURVE ( 'NONE', #294, #2423, #1773, .T. ) ;
#282 = FACE_OUTER_BOUND ( 'NONE', #239, .T. ) ;
#283 = DIRECTION ( 'NONE',  ( -0.000000000000000000, -1.000000000000000000, -0.000000000000000000 ) ) ;
#284 = DIRECTION ( 'NONE',  ( 0.000000000000000000, 0.000000000000000000, 1.000000000000000000 ) ) ;
#285 = DIRECTION ( 'NONE',  ( 0.000000000000000000, 1.000000000000000000, 0.000000000000000000 ) ) ;
#286 = ORIENTED_EDGE ( 'NONE', *, *, #233, .F. ) ;
#287 = CARTESIAN_POINT ( 'NONE',  ( 8.140100140095505310, 14.04866662471402883, 14.81299885186827048 ) ) ;
#288 = DIRECTION ( 'NONE',  ( 0.000000000000000000, 0.000000000000000000, 1.000000000000000000 ) ) ;
#289 = ORIENTED_EDGE ( 'NONE', *, *, #1028, .F. ) ;
#290 = CARTESIAN_POINT ( 'NONE',  ( -28.84262748283250488, 9.048666624714027051, 3.812998851868266481 ) ) ;
#291 = ORIENTED_EDGE ( 'NONE', *, *, #77, .F. ) ;
#292 = EDGE_CURVE ( 'NONE', #2418, #1417, #416, .T. ) ;
#293 = CARTESIAN_POINT ( 'NONE',  ( -4.259624277268604153, -5.452333375285972394, 8.558401192256107848 ) ) ;
#294 = VERTEX_POINT ( 'NONE', #1967 ) ;
#295 = CARTESIAN_POINT ( 'NONE',  ( 5.140100140095499093, 10.04866662471402883, -8.487001148131733785 ) ) ;
#296 = EDGE_CURVE ( 'NONE', #123, #698, #209, .T. ) ;
#297 = DIRECTION ( 'NONE',  ( 0.000000000000000000, 1.000000000000000000, 0.000000000000000000 ) ) ;
#298 = EDGE_CURVE ( 'NONE', #1544, #1021, #716, .T. ) ;
#299 = VECTOR ( 'NONE', #971, 1000.000000000000000 ) ;
#300 = ORIENTED_EDGE ( 'NONE', *, *, #880, .T. ) ;
#301 = CIRCLE ( 'NONE', #2508, 3.000000000000000888 ) ;
#302 = DIRECTION ( 'NONE',  ( -1.000000000000000000, -0.000000000000000000, -0.000000000000000000 ) ) ;
#303 = LINE ( 'NONE', #2248, #1945 ) ;
#304 = ORIENTED_EDGE ( 'NONE', *, *, #1248, .T. ) ;
#305 = CARTESIAN_POINT ( 'NONE',  ( -17.09075276937046439, 9.146408929643984109, 13.71074115679822292 ) ) ;
#306 = CARTESIAN_POINT ( 'NONE',  ( -31.29262748283250062, 9.048666624714027051, -0.1870011481317334634 ) ) ;
#307 = FACE_OUTER_BOUND ( 'NONE', #646, .T. ) ;
#308 = ORIENTED_EDGE ( 'NONE', *, *, #2131, .T. ) ;
#309 = LINE ( 'NONE', #100, #807 ) ;
#310 = AXIS2_PLACEMENT_3D ( 'NONE', #1482, #1305, #141 ) ;
#311 = AXIS2_PLACEMENT_3D ( 'NONE', #2055, #926, #1697 ) ;
#312 = DIRECTION ( 'NONE',  ( 0.000000000000000000, 1.000000000000000000, 0.000000000000000000 ) ) ;
#313 = EDGE_CURVE ( 'NONE', #1583, #1304, #610, .T. ) ;
#314 = PLANE ( 'NONE',  #1565 ) ;
#315 = DIRECTION ( 'NONE',  ( 0.7071067811865475727, 0.7071067811865475727, 2.381815016207183615E-16 ) ) ;
#316 = ORIENTED_EDGE ( 'NONE', *, *, #1359, .T. ) ;
#317 = DIRECTION ( 'NONE',  ( 0.000000000000000000, 0.000000000000000000, 1.000000000000000000 ) ) ;
#318 = CARTESIAN_POINT ( 'NONE',  ( -28.28739687782270806, 5.096844233319623996, -6.035178756737328065 ) ) ;
#319 = DESIGN_CONTEXT ( 'detailed design', #2505, 'design' ) ;
#320 = CARTESIAN_POINT ( 'NONE',  ( 2.190100140095498027, -5.452333375285972394, -2.637001148131731032 ) ) ;
#321 = EDGE_LOOP ( 'NONE', ( #2077, #525, #1321, #461 ) ) ;
#322 = DIRECTION ( 'NONE',  ( 0.000000000000000000, -0.000000000000000000, 1.000000000000000000 ) ) ;
#323 = CIRCLE ( 'NONE', #36, 1.899999999999999023 ) ;
#324 = LINE ( 'NONE', #1934, #2531 ) ;
#325 = EDGE_CURVE ( 'NONE', #2431, #760, #2382, .T. ) ;
#326 = ORIENTED_EDGE ( 'NONE', *, *, #75, .F. ) ;
#327 = CARTESIAN_POINT ( 'NONE',  ( 2.173736328631492576, 11.04866662471402883, 11.81299885186826693 ) ) ;
#328 = DIRECTION ( 'NONE',  ( 0.000000000000000000, 0.000000000000000000, 1.000000000000000000 ) ) ;
#329 = EDGE_CURVE ( 'NONE', #2451, #513, #1982, .T. ) ;
#330 = ORIENTED_EDGE ( 'NONE', *, *, #498, .F. ) ;
#331 = CARTESIAN_POINT ( 'NONE',  ( -34.62626367136850547, 10.04866662471402883, 17.81299885186826515 ) ) ;
#332 = DIRECTION ( 'NONE',  ( -6.180369510473977582E-15, 0.000000000000000000, 1.000000000000000000 ) ) ;
#333 = ADVANCED_FACE ( 'NONE', ( #1470, #1507 ), #694, .F. ) ;
#334 = EDGE_LOOP ( 'NONE', ( #2398, #44, #1112, #2020 ) ) ;
#335 = FACE_BOUND ( 'NONE', #396, .T. ) ;
#336 = VERTEX_POINT ( 'NONE', #122 ) ;
#337 = FACE_OUTER_BOUND ( 'NONE', #653, .T. ) ;
#338 = FACE_OUTER_BOUND ( 'NONE', #1015, .T. ) ;
#339 = CYLINDRICAL_SURFACE ( 'NONE', #1461, 1.899999999999999023 ) ;
#340 = AXIS2_PLACEMENT_3D ( 'NONE', #2522, #577, #565 ) ;
#341 = DIRECTION ( 'NONE',  ( -0.7071067811865474617, -0.7071067811865474617, 0.000000000000000000 ) ) ;
#342 = EDGE_LOOP ( 'NONE', ( #2191, #1532, #1034, #1557 ) ) ;
#343 = PLANE ( 'NONE',  #2146 ) ;
#344 = ADVANCED_FACE ( 'NONE', ( #1071 ), #736, .F. ) ;
#345 = ORIENTED_EDGE ( 'NONE', *, *, #2534, .F. ) ;
#346 = AXIS2_PLACEMENT_3D ( 'NONE', #2174, #1399, #622 ) ;
#347 = ORIENTED_EDGE ( 'NONE', *, *, #1233, .F. ) ;
#348 = DIRECTION ( 'NONE',  ( -0.000000000000000000, 1.000000000000000000, -0.000000000000000000 ) ) ;
#349 = ADVANCED_FACE ( 'NONE', ( #282 ), #87, .F. ) ;
#350 = ORIENTED_EDGE ( 'NONE', *, *, #2173, .T. ) ;
#351 = LINE ( 'NONE', #1291, #1175 ) ;
#352 = CARTESIAN_POINT ( 'NONE',  ( 8.140100140095501757, 10.04866662471402883, -14.18700114813173307 ) ) ;
#353 = CIRCLE ( 'NONE', #1987, 1.450000000000003286 ) ;
#354 = CARTESIAN_POINT ( 'NONE',  ( 2.173736328631492576, 26.04866662471402705, -10.08700114813173343 ) ) ;
#355 = ORIENTED_EDGE ( 'NONE', *, *, #2289, .T. ) ;
#356 = DIRECTION ( 'NONE',  ( 1.000000000000000000, 0.000000000000000000, 0.000000000000000000 ) ) ;
#357 = CARTESIAN_POINT ( 'NONE',  ( 2.173736328631492576, 11.04866662471402883, 9.912998851868266570 ) ) ;
#358 = VERTEX_POINT ( 'NONE', #2296 ) ;
#359 = CARTESIAN_POINT ( 'NONE',  ( -2.809624277268600867, 14.04866662471402883, 6.812998851868266925 ) ) ;
#360 = ORIENTED_EDGE ( 'NONE', *, *, #906, .T. ) ;
#361 = DIRECTION ( 'NONE',  ( -0.000000000000000000, 1.000000000000000000, -0.000000000000000000 ) ) ;
#362 = ADVANCED_FACE ( 'NONE', ( #907, #1704, #2479, #1880, #335, #1894 ), #1839, .T. ) ;
#363 = DIRECTION ( 'NONE',  ( -0.000000000000000000, 1.000000000000000000, -0.000000000000000000 ) ) ;
#364 = CIRCLE ( 'NONE', #1341, 1.449999999999999512 ) ;
#365 = EDGE_CURVE ( 'NONE', #626, #1304, #1315, .T. ) ;
#366 = CIRCLE ( 'NONE', #571, 2.000000000000000000 ) ;
#367 = CARTESIAN_POINT ( 'NONE',  ( -34.62626367136851258, 10.04866662471402883, -11.18700114813173130 ) ) ;
#368 = ORIENTED_EDGE ( 'NONE', *, *, #1588, .F. ) ;
#369 = FACE_OUTER_BOUND ( 'NONE', #672, .T. ) ;
#370 = FACE_OUTER_BOUND ( 'NONE', #407, .T. ) ;
#371 = ORIENTED_EDGE ( 'NONE', *, *, #498, .T. ) ;
#372 = CYLINDRICAL_SURFACE ( 'NONE', #1397, 3.000000000000000888 ) ;
#373 = ORIENTED_EDGE ( 'NONE', *, *, #2250, .F. ) ;
#374 = FACE_OUTER_BOUND ( 'NONE', #2127, .T. ) ;
#375 = DIRECTION ( 'NONE',  ( 0.000000000000000000, 1.000000000000000000, 0.000000000000000000 ) ) ;
#376 = EDGE_CURVE ( 'NONE', #1339, #221, #139, .T. ) ;
#377 = LINE ( 'NONE', #1914, #238 ) ;
#378 = EDGE_CURVE ( 'NONE', #704, #1929, #2426, .T. ) ;
#379 = ORIENTED_EDGE ( 'NONE', *, *, #77, .T. ) ;
#380 = DIRECTION ( 'NONE',  ( -0.7071067811865489050, -0.000000000000000000, 0.7071067811865462405 ) ) ;
#381 = CARTESIAN_POINT ( 'NONE',  ( -28.82626367136850121, 26.04866662471402705, 11.81299885186826693 ) ) ;
#382 = AXIS2_PLACEMENT_3D ( 'NONE', #278, #1068, #1836 ) ;
#383 = ORIENTED_EDGE ( 'NONE', *, *, #2003, .F. ) ;
#384 = LINE ( 'NONE', #2103, #299 ) ;
#385 = VERTEX_POINT ( 'NONE', #2062 ) ;
#386 = CIRCLE ( 'NONE', #1809, 2.000000000000000000 ) ;
#387 = CARTESIAN_POINT ( 'NONE',  ( -25.71806044570588767, 9.048666624714027051, -5.993829239942333409 ) ) ;
#388 = AXIS2_PLACEMENT_3D ( 'NONE', #1726, #2532, #223 ) ;
#389 = LINE ( 'NONE', #2198, #2514 ) ;
#390 = EDGE_CURVE ( 'NONE', #1430, #1089, #1275, .T. ) ;
#391 = ORIENTED_EDGE ( 'NONE', *, *, #1452, .T. ) ;
#392 = ADVANCED_FACE ( 'NONE', ( #1289 ), #2076, .F. ) ;
#393 = CIRCLE ( 'NONE', #597, 2.000000000000000000 ) ;
#394 = DIRECTION ( 'NONE',  ( -0.000000000000000000, -1.000000000000000000, -0.000000000000000000 ) ) ;
#395 = DIRECTION ( 'NONE',  ( -0.7071067811865462405, -0.000000000000000000, -0.7071067811865489050 ) ) ;
#396 = EDGE_LOOP ( 'NONE', ( #1367, #2168, #326, #743, #943, #1081, #1571, #1983, #58, #1218, #130, #2184, #2303, #934, #265, #660, #1265, #118, #950, #2171, #2249, #1654, #548, #1115, #9, #383, #2260, #1477, #2497 ) ) ;
#397 = CARTESIAN_POINT ( 'NONE',  ( -28.82626367136850121, 14.04866662471402883, 8.812998851868265149 ) ) ;
#398 = ORIENTED_EDGE ( 'NONE', *, *, #216, .F. ) ;
#399 = CARTESIAN_POINT ( 'NONE',  ( -2.259624277268603709, 9.048666624714027051, 6.262998851868267103 ) ) ;
#400 = FACE_OUTER_BOUND ( 'NONE', #1427, .T. ) ;
#401 = EDGE_CURVE ( 'NONE', #1896, #95, #918, .T. ) ;
#402 = AXIS2_PLACEMENT_3D ( 'NONE', #256, #1036, #463 ) ;
#403 = ORIENTED_EDGE ( 'NONE', *, *, #1719, .F. ) ;
#404 = CYLINDRICAL_SURFACE ( 'NONE', #135, 2.000000000000005329 ) ;
#405 = CARTESIAN_POINT ( 'NONE',  ( -26.26806044570588483, -5.452333375285972394, 6.262998851868263550 ) ) ;
#406 = EDGE_CURVE ( 'NONE', #428, #2423, #1111, .T. ) ;
#407 = EDGE_LOOP ( 'NONE', ( #1709, #873, #1859, #39, #1848, #286, #410, #956 ) ) ;
#408 = APPROVAL_DATE_TIME ( #72, #182 ) ;
#409 = DIRECTION ( 'NONE',  ( 1.000000000000000000, 0.000000000000000000, -0.000000000000000000 ) ) ;
#410 = ORIENTED_EDGE ( 'NONE', *, *, #57, .F. ) ;
#411 = FACE_OUTER_BOUND ( 'NONE', #2235, .T. ) ;
#412 = CARTESIAN_POINT ( 'NONE',  ( -3.861500443820547801, 9.048666624714027051, -6.326676565517269424 ) ) ;
#413 = ORIENTED_EDGE ( 'NONE', *, *, #1512, .F. ) ;
#414 = DIRECTION ( 'NONE',  ( 0.000000000000000000, 0.000000000000000000, 1.000000000000000000 ) ) ;
#415 = EDGE_CURVE ( 'NONE', #834, #2340, #1854, .T. ) ;
#416 = LINE ( 'NONE', #405, #1937 ) ;
#417 = VERTEX_POINT ( 'NONE', #707 ) ;
#418 = ADVANCED_FACE ( 'NONE', ( #307 ), #2284, .F. ) ;
#419 = CALENDAR_DATE ( 2025, 12, 12 ) ;
#420 = CARTESIAN_POINT ( 'NONE',  ( -31.62626367136851258, 9.548666624714027051, -8.487001148131733785 ) ) ;
#421 = ORIENTED_EDGE ( 'NONE', *, *, #488, .F. ) ;
#422 = DIRECTION ( 'NONE',  ( 1.000000000000000000, -0.000000000000000000, 3.368961559285844060E-16 ) ) ;
#423 = VECTOR ( 'NONE', #2048, 1000.000000000000000 ) ;
#424 = EDGE_CURVE ( 'NONE', #844, #210, #998, .T. ) ;
#425 = CIRCLE ( 'NONE', #1732, 1.499999999999999556 ) ;
#426 = CARTESIAN_POINT ( 'NONE',  ( 5.140100140095499093, 9.548666624714027051, 14.11299885186826764 ) ) ;
#427 = CYLINDRICAL_SURFACE ( 'NONE', #936, 0.5500000000000010436 ) ;
#428 = VERTEX_POINT ( 'NONE', #2270 ) ;
#429 = CARTESIAN_POINT ( 'NONE',  ( 2.173736328631492576, 26.04866662471402705, 9.912998851868266570 ) ) ;
#430 = CIRCLE ( 'NONE', #310, 1.900000000000000577 ) ;
#431 = CARTESIAN_POINT ( 'NONE',  ( -31.62626367136850547, 14.04866662471402883, -14.18700114813173307 ) ) ;
#432 = VECTOR ( 'NONE', #1847, 1000.000000000000000 ) ;
#433 = ORIENTED_EDGE ( 'NONE', *, *, #1294, .T. ) ;
#434 = AXIS2_PLACEMENT_3D ( 'NONE', #1370, #1575, #989 ) ;
#435 = PERSON_AND_ORGANIZATION ( #14, #1329 ) ;
#436 = FACE_OUTER_BOUND ( 'NONE', #2016, .T. ) ;
#437 = ORIENTED_EDGE ( 'NONE', *, *, #2033, .F. ) ;
#438 = CARTESIAN_POINT ( 'NONE',  ( 5.140100140095499093, 9.548666624714027051, 12.11299885186826586 ) ) ;
#439 = EDGE_CURVE ( 'NONE', #675, #2237, #1687, .T. ) ;
#440 = FACE_OUTER_BOUND ( 'NONE', #1093, .T. ) ;
#441 = DIRECTION ( 'NONE',  ( -0.000000000000000000, -1.000000000000000000, -0.000000000000000000 ) ) ;
#442 = EDGE_CURVE ( 'NONE', #1460, #732, #193, .T. ) ;
#443 = ORIENTED_EDGE ( 'NONE', *, *, #1688, .T. ) ;
#444 = FACE_OUTER_BOUND ( 'NONE', #1312, .T. ) ;
#445 = VECTOR ( 'NONE', #69, 1000.000000000000000 ) ;
#446 = ORIENTED_EDGE ( 'NONE', *, *, #1467, .F. ) ;
#447 = VECTOR ( 'NONE', #656, 1000.000000000000000 ) ;
#448 = APPROVAL_ROLE ( '' ) ;
#449 = CARTESIAN_POINT ( 'NONE',  ( 2.173736328631493020, 11.04866662471402883, -11.18700114813173485 ) ) ;
#450 = ORIENTED_EDGE ( 'NONE', *, *, #1028, .T. ) ;
#451 = DIRECTION ( 'NONE',  ( 0.000000000000000000, -0.000000000000000000, 1.000000000000000000 ) ) ;
#452 = DIRECTION ( 'NONE',  ( 0.000000000000000000, 0.000000000000000000, 1.000000000000000000 ) ) ;
#453 = ADVANCED_FACE ( 'NONE', ( #554 ), #944, .F. ) ;
#454 = FACE_OUTER_BOUND ( 'NONE', #863, .T. ) ;
#455 = ORIENTED_EDGE ( 'NONE', *, *, #1223, .T. ) ;
#456 = EDGE_CURVE ( 'NONE', #2418, #1169, #1716, .T. ) ;
#457 = DIRECTION ( 'NONE',  ( 0.000000000000000000, 1.000000000000000000, 0.000000000000000000 ) ) ;
#458 = VERTEX_POINT ( 'NONE', #957 ) ;
#459 = SHAPE_DEFINITION_REPRESENTATION ( #795, #259 ) ;
#460 = FACE_OUTER_BOUND ( 'NONE', #1569, .T. ) ;
#461 = ORIENTED_EDGE ( 'NONE', *, *, #1971, .F. ) ;
#462 = CIRCLE ( 'NONE', #2101, 1.449999999999996403 ) ;
#463 = DIRECTION ( 'NONE',  ( 0.000000000000000000, 0.000000000000000000, 1.000000000000000000 ) ) ;
#464 = CARTESIAN_POINT ( 'NONE',  ( 2.190100140095498027, 9.048666624714027051, 3.812998851868266481 ) ) ;
#465 = DIRECTION ( 'NONE',  ( 0.000000000000000000, 0.000000000000000000, 1.000000000000000000 ) ) ;
#466 = VECTOR ( 'NONE', #149, 1000.000000000000000 ) ;
#467 = ORIENTED_EDGE ( 'NONE', *, *, #1895, .F. ) ;
#468 = CLOSED_SHELL ( 'NONE', ( #1603, #839, #1531, #1961, #1815, #884, #533, #676, #344, #1782, #1152, #594, #247, #1375, #2037, #1177, #1592, #608, #2164, #333, #980, #2392, #2160, #657, #362, #1419, #1280, #2065, #2372, #2115, #1313, #1498, #453, #1951, #2406, #1974, #418, #1578, #2254, #804, #785, #2487, #2195, #392, #1739, #1309, #1011, #1684, #2188, #1860, #1480, #611, #349, #1140, #2401, #121, #248, #2498, #2330, #605, #220, #621, #2051, #108, #1781, #1070, #916, #1166, #2334, #2501, #668, #820, #1576, #2346, #693, #1340, #2258, #17, #1842, #1387, #1924 ) ) ;
#469 = CARTESIAN_POINT ( 'NONE',  ( -31.29262748283250062, 14.04866662471402883, -0.1870011481317334634 ) ) ;
#470 = EDGE_CURVE ( 'NONE', #1764, #704, #583, .T. ) ;
#471 = EDGE_LOOP ( 'NONE', ( #1160, #1631, #641, #2478 ) ) ;
#472 = CARTESIAN_POINT ( 'NONE',  ( 2.173736328631492576, 11.04866662471402883, -8.187001148131733075 ) ) ;
#473 = VERTEX_POINT ( 'NONE', #2506 ) ;
#474 = AXIS2_PLACEMENT_3D ( 'NONE', #257, #273, #1047 ) ;
#475 = DIRECTION ( 'NONE',  ( 0.000000000000000000, 0.000000000000000000, 1.000000000000000000 ) ) ;
#476 = CARTESIAN_POINT ( 'NONE',  ( 5.140100140095506198, 10.04866662471402883, -14.18700114813173307 ) ) ;
#477 = CARTESIAN_POINT ( 'NONE',  ( 2.173736328631492576, 11.04866662471402883, 11.81299885186826693 ) ) ;
#478 = EDGE_LOOP ( 'NONE', ( #450, #2435, #1396, #945 ) ) ;
#479 = FACE_OUTER_BOUND ( 'NONE', #1225, .T. ) ;
#480 = DIRECTION ( 'NONE',  ( 0.000000000000000000, 0.000000000000000000, 1.000000000000000000 ) ) ;
#481 = ORIENTED_EDGE ( 'NONE', *, *, #2100, .F. ) ;
#482 = DIRECTION ( 'NONE',  ( 0.000000000000000000, 0.000000000000000000, 1.000000000000000000 ) ) ;
#483 = EDGE_CURVE ( 'NONE', #458, #1544, #773, .T. ) ;
#484 = LINE ( 'NONE', #1663, #1322 ) ;
#485 = ORIENTED_EDGE ( 'NONE', *, *, #1223, .F. ) ;
#486 = AXIS2_PLACEMENT_3D ( 'NONE', #1255, #115, #910 ) ;
#487 = DIRECTION ( 'NONE',  ( 0.000000000000000000, 0.000000000000000000, 1.000000000000000000 ) ) ;
#488 = EDGE_CURVE ( 'NONE', #607, #2228, #2319, .T. ) ;
#489 = ORIENTED_EDGE ( 'NONE', *, *, #1940, .F. ) ;
#490 = DIRECTION ( 'NONE',  ( 0.000000000000000000, 0.000000000000000000, 1.000000000000000000 ) ) ;
#491 = CARTESIAN_POINT ( 'NONE',  ( 2.173736328631493020, 11.04866662471402883, 13.71299885186826728 ) ) ;
#492 = VERTEX_POINT ( 'NONE', #397 ) ;
#493 = DIRECTION ( 'NONE',  ( 1.000000000000000000, 0.000000000000000000, -4.718235082676052479E-17 ) ) ;
#494 = CARTESIAN_POINT ( 'NONE',  ( -17.57150969333707735, 9.115301927501729295, 13.67963415465596810 ) ) ;
#495 = ORIENTED_EDGE ( 'NONE', *, *, #470, .T. ) ;
#496 = FACE_OUTER_BOUND ( 'NONE', #2202, .T. ) ;
#497 = LINE ( 'NONE', #2463, #843 ) ;
#498 = EDGE_CURVE ( 'NONE', #207, #194, #1136, .T. ) ;
#499 = DIRECTION ( 'NONE',  ( 0.000000000000000000, 1.000000000000000000, 0.000000000000000000 ) ) ;
#500 = ORIENTED_EDGE ( 'NONE', *, *, #2018, .T. ) ;
#501 = CYLINDRICAL_SURFACE ( 'NONE', #2027, 2.000000000000000000 ) ;
#502 = EDGE_CURVE ( 'NONE', #1064, #358, #174, .T. ) ;
#503 = CARTESIAN_POINT ( 'NONE',  ( -25.71806044570588767, 14.04866662471402883, -3.187001148131733519 ) ) ;
#504 = AXIS2_PLACEMENT_3D ( 'NONE', #420, #836, #813 ) ;
#505 = EDGE_LOOP ( 'NONE', ( #166, #1008, #1018, #1520, #681 ) ) ;
#506 = CARTESIAN_POINT ( 'NONE',  ( 9.663550644113630739, 14.04866662471402883, -9.663550644113586330 ) ) ;
#507 = CARTESIAN_POINT ( 'NONE',  ( -2.259624277268603709, -5.452333375285972394, 6.812998851868266925 ) ) ;
#508 = VECTOR ( 'NONE', #1878, 1000.000000000000000 ) ;
#509 = ORIENTED_EDGE ( 'NONE', *, *, #216, .T. ) ;
#510 = DIRECTION ( 'NONE',  ( 0.000000000000000000, 0.000000000000000000, 1.000000000000000000 ) ) ;
#511 = CARTESIAN_POINT ( 'NONE',  ( -25.71806044570588767, 9.048666624714027051, -3.187001148131733519 ) ) ;
#512 = CARTESIAN_POINT ( 'NONE',  ( -17.73475153435742513, 9.054086237119106428, -9.992420760536811386 ) ) ;
#513 = VERTEX_POINT ( 'NONE', #359 ) ;
#514 = LINE ( 'NONE', #1922, #846 ) ;
#515 = AXIS2_PLACEMENT_3D ( 'NONE', #1459, #2243, #1472 ) ;
#516 = EDGE_CURVE ( 'NONE', #2156, #294, #1083, .T. ) ;
#517 = CONICAL_SURFACE ( 'NONE', #1492, 2.000000000000000000, 0.7853981633974479459 ) ;
#518 = CARTESIAN_POINT ( 'NONE',  ( 2.173736328631492576, 14.04866662471402883, -5.187001148131733075 ) ) ;
#519 = LINE ( 'NONE', #1295, #2244 ) ;
#520 = EDGE_CURVE ( 'NONE', #473, #602, #10, .T. ) ;
#521 = CARTESIAN_POINT ( 'NONE',  ( 4.640100140095499093, -5.452333375285972394, -0.1870011481317330193 ) ) ;
#522 = EDGE_LOOP ( 'NONE', ( #2063, #1142 ) ) ;
#523 = CARTESIAN_POINT ( 'NONE',  ( -28.82626367136850121, 11.04866662471402883, -11.18700114813172775 ) ) ;
#524 = DIRECTION ( 'NONE',  ( 0.000000000000000000, 1.000000000000000000, 0.000000000000000000 ) ) ;
#525 = ORIENTED_EDGE ( 'NONE', *, *, #1420, .T. ) ;
#526 = DIRECTION ( 'NONE',  ( -0.000000000000000000, 1.000000000000000000, -0.000000000000000000 ) ) ;
#527 = ORIENTED_EDGE ( 'NONE', *, *, #80, .F. ) ;
#528 = DIRECTION ( 'NONE',  ( 2.168404344971008868E-16, 0.000000000000000000, 1.000000000000000000 ) ) ;
#529 = VECTOR ( 'NONE', #2301, 1000.000000000000000 ) ;
#530 = CIRCLE ( 'NONE', #200, 3.000000000000000888 ) ;
#531 = DIRECTION ( 'NONE',  ( 0.000000000000000000, 0.7071067811865474617, 0.7071067811865474617 ) ) ;
#532 = ORIENTED_EDGE ( 'NONE', *, *, #1545, .F. ) ;
#533 = ADVANCED_FACE ( 'NONE', ( #1342 ), #372, .F. ) ;
#534 = CARTESIAN_POINT ( 'NONE',  ( -26.26806044570588483, 9.048666624714027051, -3.187001148131733519 ) ) ;
#535 = CARTESIAN_POINT ( 'NONE',  ( -28.84262748283250488, 9.048666624714027051, -0.1870011481317334634 ) ) ;
#536 = ORIENTED_EDGE ( 'NONE', *, *, #1620, .F. ) ;
#537 = CARTESIAN_POINT ( 'NONE',  ( -28.84262748283250488, 14.04866662471402883, 6.262998851868261774 ) ) ;
#538 = ORIENTED_EDGE ( 'NONE', *, *, #2407, .F. ) ;
#539 = VERTEX_POINT ( 'NONE', #2155 ) ;
#540 = DIRECTION ( 'NONE',  ( -1.000000000000000000, 0.000000000000000000, 0.000000000000000000 ) ) ;
#541 = ORIENTED_EDGE ( 'NONE', *, *, #2385, .F. ) ;
#542 = CARTESIAN_POINT ( 'NONE',  ( 5.140100140095506198, 14.04866662471402883, -14.18700114813173307 ) ) ;
#543 = CARTESIAN_POINT ( 'NONE',  ( -17.22562254405426074, 14.04866662471402883, 13.71074115679822292 ) ) ;
#544 = VERTEX_POINT ( 'NONE', #1149 ) ;
#545 = DIRECTION ( 'NONE',  ( 0.000000000000000000, 0.000000000000000000, 1.000000000000000000 ) ) ;
#546 = AXIS2_PLACEMENT_3D ( 'NONE', #290, #888, #1107 ) ;
#547 = EDGE_CURVE ( 'NONE', #1505, #1374, #1930, .T. ) ;
#548 = ORIENTED_EDGE ( 'NONE', *, *, #365, .F. ) ;
#549 = CIRCLE ( 'NONE', #629, 2.449999999999998845 ) ;
#550 = DIRECTION ( 'NONE',  ( -0.000000000000000000, 1.000000000000000000, -0.000000000000000000 ) ) ;
#551 = CARTESIAN_POINT ( 'NONE',  ( -31.62626367136851258, 9.048666624714027051, -9.987001148131735562 ) ) ;
#552 = VECTOR ( 'NONE', #332, 1000.000000000000000 ) ;
#553 = ORIENTED_EDGE ( 'NONE', *, *, #1768, .T. ) ;
#554 = FACE_OUTER_BOUND ( 'NONE', #970, .T. ) ;
#555 = ORIENTED_EDGE ( 'NONE', *, *, #806, .F. ) ;
#556 = CARTESIAN_POINT ( 'NONE',  ( 2.173736328631492576, 26.04866662471402705, 11.81299885186826693 ) ) ;
#557 = DIRECTION ( 'NONE',  ( 0.000000000000000000, -0.000000000000000000, 1.000000000000000000 ) ) ;
#558 = CIRCLE ( 'NONE', #2193, 0.5499999999999992673 ) ;
#559 = DIRECTION ( 'NONE',  ( -0.000000000000000000, 1.000000000000000000, -0.000000000000000000 ) ) ;
#560 = ORIENTED_EDGE ( 'NONE', *, *, #2450, .T. ) ;
#561 = DIRECTION ( 'NONE',  ( 0.000000000000000000, -0.000000000000000000, 1.000000000000000000 ) ) ;
#562 = LINE ( 'NONE', #983, #2227 ) ;
#563 = ORIENTED_EDGE ( 'NONE', *, *, #2066, .T. ) ;
#564 = EDGE_CURVE ( 'NONE', #844, #1835, #384, .T. ) ;
#565 = DIRECTION ( 'NONE',  ( 0.000000000000000000, 0.000000000000000000, 1.000000000000000000 ) ) ;
#566 = ORIENTED_EDGE ( 'NONE', *, *, #2100, .T. ) ;
#567 = DIRECTION ( 'NONE',  ( -0.000000000000000000, 1.000000000000000000, -0.000000000000000000 ) ) ;
#568 = EDGE_CURVE ( 'NONE', #1528, #2129, #601, .T. ) ;
#569 = DIRECTION ( 'NONE',  ( 0.000000000000000000, 0.000000000000000000, 1.000000000000000000 ) ) ;
#570 = VECTOR ( 'NONE', #1487, 1000.000000000000000 ) ;
#571 = AXIS2_PLACEMENT_3D ( 'NONE', #960, #1883, #569 ) ;
#572 = DIRECTION ( 'NONE',  ( -0.9363291775690445462, 0.000000000000000000, 0.3511234415883917048 ) ) ;
#573 = ORIENTED_EDGE ( 'NONE', *, *, #233, .T. ) ;
#574 = DIRECTION ( 'NONE',  ( -0.000000000000000000, -1.000000000000000000, -0.000000000000000000 ) ) ;
#575 = DIRECTION ( 'NONE',  ( 0.000000000000000000, 0.000000000000000000, 1.000000000000000000 ) ) ;
#576 = EDGE_LOOP ( 'NONE', ( #2504, #735, #1147, #908 ) ) ;
#577 = DIRECTION ( 'NONE',  ( -0.000000000000000000, -1.000000000000000000, -0.000000000000000000 ) ) ;
#578 = ORIENTED_EDGE ( 'NONE', *, *, #264, .F. ) ;
#579 = DIRECTION ( 'NONE',  ( -0.000000000000000000, 1.000000000000000000, -0.000000000000000000 ) ) ;
#580 = CARTESIAN_POINT ( 'NONE',  ( -17.74920383410428215, 9.048666624714027051, -9.987001148131737338 ) ) ;
#581 = EDGE_CURVE ( 'NONE', #582, #1314, #1519, .T. ) ;
#582 = VERTEX_POINT ( 'NONE', #1558 ) ;
#583 = CIRCLE ( 'NONE', #922, 1.449999999999999956 ) ;
#584 = DIRECTION ( 'NONE',  ( 0.000000000000000000, 1.000000000000000000, 0.000000000000000000 ) ) ;
#585 = CARTESIAN_POINT ( 'NONE',  ( 2.173736328631492576, 14.04866662471402883, -8.187001148131733075 ) ) ;
#586 = ORIENTED_EDGE ( 'NONE', *, *, #1879, .F. ) ;
#587 = DIRECTION ( 'NONE',  ( 0.000000000000000000, 0.000000000000000000, 1.000000000000000000 ) ) ;
#588 = ORIENTED_EDGE ( 'NONE', *, *, #516, .F. ) ;
#589 = AXIS2_PLACEMENT_3D ( 'NONE', #793, #1579, #2351 ) ;
#590 = CARTESIAN_POINT ( 'NONE',  ( -28.82626367136850121, 14.04866662471402883, -5.187001148131739292 ) ) ;
#591 = AXIS2_PLACEMENT_3D ( 'NONE', #1351, #2305, #1180 ) ;
#592 = EDGE_CURVE ( 'NONE', #1683, #2228, #1570, .T. ) ;
#593 = CARTESIAN_POINT ( 'NONE',  ( -25.71806044570588412, 14.04866662471402883, 9.619826943678864595 ) ) ;
#594 = ADVANCED_FACE ( 'NONE', ( #1229 ), #1057, .F. ) ;
#595 = APPLICATION_CONTEXT ( 'configuration controlled 3d designs of mechanical parts and assemblies' ) ;
#596 = ORIENTED_EDGE ( 'NONE', *, *, #1795, .F. ) ;
#597 = AXIS2_PLACEMENT_3D ( 'NONE', #1549, #2343, #815 ) ;
#598 = FACE_OUTER_BOUND ( 'NONE', #1864, .T. ) ;
#599 = DIRECTION ( 'NONE',  ( 0.000000000000000000, 0.000000000000000000, 1.000000000000000000 ) ) ;
#600 = VERTEX_POINT ( 'NONE', #2399 ) ;
#601 = LINE ( 'NONE', #152, #1769 ) ;
#602 = VERTEX_POINT ( 'NONE', #2365 ) ;
#603 = FACE_OUTER_BOUND ( 'NONE', #902, .T. ) ;
#604 = CARTESIAN_POINT ( 'NONE',  ( -17.22562254405425719, 14.04866662471402883, -8.634743453061693330 ) ) ;
#605 = ADVANCED_FACE ( 'NONE', ( #26 ), #628, .T. ) ;
#606 = CIRCLE ( 'NONE', #1299, 3.000000000000000888 ) ;
#607 = VERTEX_POINT ( 'NONE', #254 ) ;
#608 = ADVANCED_FACE ( 'NONE', ( #436 ), #1429, .F. ) ;
#609 = CARTESIAN_POINT ( 'NONE',  ( 2.173736328631492576, 14.04866662471402883, 11.81299885186826693 ) ) ;
#610 = LINE ( 'NONE', #1386, #969 ) ;
#611 = ADVANCED_FACE ( 'NONE', ( #460 ), #2009, .F. ) ;
#612 = ORIENTED_EDGE ( 'NONE', *, *, #456, .T. ) ;
#613 = PERSON_AND_ORGANIZATION ( #14, #1329 ) ;
#614 = FACE_OUTER_BOUND ( 'NONE', #1435, .T. ) ;
#615 = ORIENTED_EDGE ( 'NONE', *, *, #1624, .T. ) ;
#616 = PLANE ( 'NONE',  #2358 ) ;
#617 = DIRECTION ( 'NONE',  ( -0.000000000000000000, 1.000000000000000000, -0.000000000000000000 ) ) ;
#618 = CARTESIAN_POINT ( 'NONE',  ( 6.640100140095500869, 9.048666624714027051, 12.11299885186826231 ) ) ;
#619 = ORIENTED_EDGE ( 'NONE', *, *, #2432, .T. ) ;
#620 = CARTESIAN_POINT ( 'NONE',  ( -17.22562254405426074, 14.04866662471402883, 12.26074115679822540 ) ) ;
#621 = ADVANCED_FACE ( 'NONE', ( #267 ), #73, .F. ) ;
#622 = DIRECTION ( 'NONE',  ( 0.000000000000000000, 0.000000000000000000, 1.000000000000000000 ) ) ;
#623 = ORIENTED_EDGE ( 'NONE', *, *, #1433, .T. ) ;
#624 = DIRECTION ( 'NONE',  ( 0.000000000000000000, 1.000000000000000000, 0.000000000000000000 ) ) ;
#625 = EDGE_CURVE ( 'NONE', #210, #2136, #1020, .T. ) ;
#626 = VERTEX_POINT ( 'NONE', #862 ) ;
#627 = DIRECTION ( 'NONE',  ( -1.000000000000000000, 0.000000000000000000, -0.000000000000000000 ) ) ;
#628 = CONICAL_SURFACE ( 'NONE', #504, 2.000000000000000000, 0.7853981633974482790 ) ;
#629 = AXIS2_PLACEMENT_3D ( 'NONE', #236, #2017, #2397 ) ;
#630 = DIRECTION ( 'NONE',  ( -0.000000000000000000, -1.000000000000000000, -0.000000000000000000 ) ) ;
#631 = LINE ( 'NONE', #618, #1536 ) ;
#632 = VECTOR ( 'NONE', #2491, 1000.000000000000000 ) ;
#633 = ORIENTED_EDGE ( 'NONE', *, *, #898, .T. ) ;
#634 = CARTESIAN_POINT ( 'NONE',  ( -34.62626367136851258, 14.04866662471402883, -11.18700114813173130 ) ) ;
#635 = AXIS2_PLACEMENT_3D ( 'NONE', #2481, #1317, #322 ) ;
#636 = AXIS2_PLACEMENT_3D ( 'NONE', #838, #315, #1105 ) ;
#637 = VERTEX_POINT ( 'NONE', #60 ) ;
#638 = CIRCLE ( 'NONE', #2030, 1.900000000000000577 ) ;
#639 = CC_DESIGN_PERSON_AND_ORGANIZATION_ASSIGNMENT ( #1825, #2386, ( #151 ) ) ;
#640 = DIRECTION ( 'NONE',  ( 0.000000000000000000, 1.000000000000000000, 0.000000000000000000 ) ) ;
#641 = ORIENTED_EDGE ( 'NONE', *, *, #2096, .T. ) ;
#642 = LINE ( 'NONE', #2434, #847 ) ;
#643 = CARTESIAN_POINT ( 'NONE',  ( 2.190100140095498027, -5.452333375285972394, -0.1870011481317334634 ) ) ;
#644 = DIRECTION ( 'NONE',  ( -0.9615676393087545515, 0.000000000000000000, 0.2745681609986652116 ) ) ;
#645 = EDGE_CURVE ( 'NONE', #2340, #1307, #1635, .T. ) ;
#646 = EDGE_LOOP ( 'NONE', ( #772, #304, #1872, #249 ) ) ;
#647 = CARTESIAN_POINT ( 'NONE',  ( -34.62626367136851258, 14.04866662471402883, -14.18700114813173307 ) ) ;
#648 = CIRCLE ( 'NONE', #1222, 1.449999999999999956 ) ;
#649 = ORIENTED_EDGE ( 'NONE', *, *, #805, .F. ) ;
#650 = VECTOR ( 'NONE', #948, 1000.000000000000000 ) ;
#651 = DATE_AND_TIME ( #419, #808 ) ;
#652 = DIRECTION ( 'NONE',  ( 1.000000000000000000, -0.000000000000000000, 3.368395098984092168E-16 ) ) ;
#653 = EDGE_LOOP ( 'NONE', ( #1943, #2004, #11, #1031 ) ) ;
#654 = FACE_BOUND ( 'NONE', #1499, .T. ) ;
#655 = DIRECTION ( 'NONE',  ( 0.000000000000000000, 1.000000000000000000, 0.000000000000000000 ) ) ;
#656 = DIRECTION ( 'NONE',  ( 0.000000000000000000, 1.000000000000000000, 0.000000000000000000 ) ) ;
#657 = ADVANCED_FACE ( 'NONE', ( #1379 ), #2167, .F. ) ;
#658 = ORIENTED_EDGE ( 'NONE', *, *, #1890, .T. ) ;
#659 = FACE_OUTER_BOUND ( 'NONE', #2263, .T. ) ;
#660 = ORIENTED_EDGE ( 'NONE', *, *, #2447, .F. ) ;
#661 = APPROVAL_STATUS ( 'not_yet_approved' ) ;
#662 = CARTESIAN_POINT ( 'NONE',  ( -16.95718512146299872, 9.127712952650913536, 13.69204517980515412 ) ) ;
#663 = ORIENTED_EDGE ( 'NONE', *, *, #568, .F. ) ;
#664 = AXIS2_PLACEMENT_3D ( 'NONE', #2128, #1958, #203 ) ;
#665 = CARTESIAN_POINT ( 'NONE',  ( -31.62626367136851258, 10.04866662471402883, -8.487001148131733785 ) ) ;
#666 = DIRECTION ( 'NONE',  ( 0.000000000000000000, -1.000000000000000000, 0.000000000000000000 ) ) ;
#667 = VECTOR ( 'NONE', #380, 999.9999999999998863 ) ;
#668 = ADVANCED_FACE ( 'NONE', ( #1194, #614 ), #212, .T. ) ;
#669 = EDGE_CURVE ( 'NONE', #2129, #513, #1595, .T. ) ;
#670 = CARTESIAN_POINT ( 'NONE',  ( -28.82626367136850121, 11.04866662471402883, 8.812998851868265149 ) ) ;
#671 = VECTOR ( 'NONE', #237, 1000.000000000000000 ) ;
#672 = EDGE_LOOP ( 'NONE', ( #1458, #809 ) ) ;
#673 = EDGE_CURVE ( 'NONE', #1304, #1783, #462, .T. ) ;
#674 = LINE ( 'NONE', #1671, #2527 ) ;
#675 = VERTEX_POINT ( 'NONE', #2190 ) ;
#676 = ADVANCED_FACE ( 'NONE', ( #1217 ), #1995, .F. ) ;
#677 = DIRECTION ( 'NONE',  ( 0.000000000000000000, 1.000000000000000000, 0.000000000000000000 ) ) ;
#678 = LOCAL_TIME ( 10, 19, 29.00000000000000000, #1440 ) ;
#679 = ORIENTED_EDGE ( 'NONE', *, *, #1895, .T. ) ;
#680 = VECTOR ( 'NONE', #2158, 1000.000000000000000 ) ;
#681 = ORIENTED_EDGE ( 'NONE', *, *, #759, .F. ) ;
#682 = DIRECTION ( 'NONE',  ( -0.000000000000000000, -1.000000000000000000, -0.000000000000000000 ) ) ;
#683 = DIRECTION ( 'NONE',  ( 0.000000000000000000, 1.000000000000000000, 0.000000000000000000 ) ) ;
#684 = DIRECTION ( 'NONE',  ( -0.000000000000000000, -1.000000000000000000, -0.000000000000000000 ) ) ;
#685 = CARTESIAN_POINT ( 'NONE',  ( 5.140100140095499093, 9.048666624714027051, -9.987001148131733785 ) ) ;
#686 = ORIENTED_EDGE ( 'NONE', *, *, #833, .F. ) ;
#687 = CYLINDRICAL_SURFACE ( 'NONE', #2442, 1.449999999999996403 ) ;
#688 = CYLINDRICAL_SURFACE ( 'NONE', #1371, 3.000000000000000888 ) ;
#689 = VERTEX_POINT ( 'NONE', #449 ) ;
#690 = DIRECTION ( 'NONE',  ( 0.000000000000000000, 1.000000000000000000, 0.000000000000000000 ) ) ;
#691 = VECTOR ( 'NONE', #1500, 1000.000000000000227 ) ;
#692 = ORIENTED_EDGE ( 'NONE', *, *, #932, .T. ) ;
#693 = ADVANCED_FACE ( 'NONE', ( #1033 ), #1800, .T. ) ;
#694 = PLANE ( 'NONE',  #1814 ) ;
#695 = ORIENTED_EDGE ( 'NONE', *, *, #2144, .T. ) ;
#696 = DIRECTION ( 'NONE',  ( 0.000000000000000000, 0.000000000000000000, -1.000000000000000000 ) ) ;
#697 = LINE ( 'NONE', #1870, #2084 ) ;
#698 = VERTEX_POINT ( 'NONE', #1454 ) ;
#699 = CARTESIAN_POINT ( 'NONE',  ( -2.259624277268603709, -5.452333375285972394, 6.262998851868267103 ) ) ;
#700 = FACE_OUTER_BOUND ( 'NONE', #2117, .T. ) ;
#701 = ORIENTED_EDGE ( 'NONE', *, *, #61, .F. ) ;
#702 = EDGE_CURVE ( 'NONE', #1169, #2034, #1002, .T. ) ;
#703 = LINE ( 'NONE', #2087, #1562 ) ;
#704 = VERTEX_POINT ( 'NONE', #2462 ) ;
#705 = UNCERTAINTY_MEASURE_WITH_UNIT (LENGTH_MEASURE( 1.000000000000000082E-05 ), #2095, 'distance_accuracy_value', 'NONE');
#706 = EDGE_CURVE ( 'NONE', #1489, #428, #703, .T. ) ;
#707 = CARTESIAN_POINT ( 'NONE',  ( 2.190100140095498027, 9.048666624714027051, 6.262998851868265326 ) ) ;
#708 = ORIENTED_EDGE ( 'NONE', *, *, #1624, .F. ) ;
#709 = CARTESIAN_POINT ( 'NONE',  ( -28.82626367136850121, 11.04866662471402883, -11.18700114813172775 ) ) ;
#710 = AXIS2_PLACEMENT_3D ( 'NONE', #1080, #1662, #1674 ) ;
#711 = DIRECTION ( 'NONE',  ( 0.000000000000000000, 0.000000000000000000, 1.000000000000000000 ) ) ;
#712 = AXIS2_PLACEMENT_3D ( 'NONE', #472, #2424, #1250 ) ;
#713 = ORIENTED_EDGE ( 'NONE', *, *, #296, .F. ) ;
#714 = DIRECTION ( 'NONE',  ( 4.718235082676052479E-17, -0.000000000000000000, 1.000000000000000000 ) ) ;
#715 = DIRECTION ( 'NONE',  ( 0.000000000000000000, 0.000000000000000000, 1.000000000000000000 ) ) ;
#716 = CIRCLE ( 'NONE', #1404, 2.000000000000000000 ) ;
#717 = ORIENTED_EDGE ( 'NONE', *, *, #132, .F. ) ;
#718 = FACE_OUTER_BOUND ( 'NONE', #2114, .T. ) ;
#719 = DIRECTION ( 'NONE',  ( 0.000000000000000000, 0.000000000000000000, 1.000000000000000000 ) ) ;
#720 = CC_DESIGN_PERSON_AND_ORGANIZATION_ASSIGNMENT ( #2008, #1415, ( #224 ) ) ;
#721 = DIRECTION ( 'NONE',  ( -0.000000000000000000, 1.000000000000000000, -0.000000000000000000 ) ) ;
#722 = EDGE_LOOP ( 'NONE', ( #1038, #920, #235, #1646 ) ) ;
#723 = CARTESIAN_POINT ( 'NONE',  ( 2.173736328631492576, 11.04866662471402883, -5.187001148131733075 ) ) ;
#724 = CIRCLE ( 'NONE', #2111, 2.449999999999996625 ) ;
#725 = VECTOR ( 'NONE', #1886, 1000.000000000000000 ) ;
#726 = EDGE_CURVE ( 'NONE', #607, #834, #1095, .T. ) ;
#727 = AXIS2_PLACEMENT_3D ( 'NONE', #3, #40, #2157 ) ;
#728 = DIRECTION ( 'NONE',  ( 0.000000000000000000, 0.000000000000000000, 1.000000000000000000 ) ) ;
#729 = EDGE_CURVE ( 'NONE', #539, #2139, #929, .T. ) ;
#730 = CARTESIAN_POINT ( 'NONE',  ( -3.861500443820547801, 14.04866662471402883, -6.326676565517269424 ) ) ;
#731 = CARTESIAN_POINT ( 'NONE',  ( 2.173736328631493020, 26.04866662471402705, 13.71299885186826728 ) ) ;
#732 = VERTEX_POINT ( 'NONE', #1119 ) ;
#733 = LINE ( 'NONE', #1516, #1524 ) ;
#734 = ORIENTED_EDGE ( 'NONE', *, *, #292, .F. ) ;
#735 = ORIENTED_EDGE ( 'NONE', *, *, #984, .F. ) ;
#736 = CYLINDRICAL_SURFACE ( 'NONE', #54, 1.449999999999996403 ) ;
#737 = ORIENTED_EDGE ( 'NONE', *, *, #1294, .F. ) ;
#738 = FACE_OUTER_BOUND ( 'NONE', #1534, .T. ) ;
#739 = AXIS2_PLACEMENT_3D ( 'NONE', #742, #939, #1335 ) ;
#740 = LINE ( 'NONE', #352, #240 ) ;
#741 = EDGE_LOOP ( 'NONE', ( #972, #769, #1301, #2412 ) ) ;
#742 = CARTESIAN_POINT ( 'NONE',  ( 7.140100140095498205, 10.04866662471402883, -8.487001148131733785 ) ) ;
#743 = ORIENTED_EDGE ( 'NONE', *, *, #1181, .F. ) ;
#744 = CARTESIAN_POINT ( 'NONE',  ( 8.140100140095505310, 10.04866662471402883, 14.81299885186827048 ) ) ;
#745 = CARTESIAN_POINT ( 'NONE',  ( -31.29262748283250062, 14.04866662471402883, 3.812998851868266481 ) ) ;
#746 = ORIENTED_EDGE ( 'NONE', *, *, #1627, .T. ) ;
#747 = DIRECTION ( 'NONE',  ( 0.000000000000000000, 1.000000000000000000, 0.000000000000000000 ) ) ;
#748 = ORIENTED_EDGE ( 'NONE', *, *, #415, .F. ) ;
#749 = DIRECTION ( 'NONE',  ( -1.000000000000000000, 0.000000000000000000, -6.180369510473978370E-15 ) ) ;
#750 = CYLINDRICAL_SURFACE ( 'NONE', #2153, 0.5500000000000010436 ) ;
#751 = LINE ( 'NONE', #2290, #1108 ) ;
#752 = VECTOR ( 'NONE', #986, 1000.000000000000000 ) ;
#753 = EDGE_CURVE ( 'NONE', #1609, #1469, #2264, .T. ) ;
#754 = ORIENTED_EDGE ( 'NONE', *, *, #870, .F. ) ;
#755 = CIRCLE ( 'NONE', #1604, 1.449999999999996403 ) ;
#756 = CYLINDRICAL_SURFACE ( 'NONE', #2060, 1.900000000000000577 ) ;
#757 = DIRECTION ( 'NONE',  ( 0.000000000000000000, -1.000000000000000000, 0.000000000000000000 ) ) ;
#758 = VECTOR ( 'NONE', #1215, 1000.000000000000000 ) ;
#759 = EDGE_CURVE ( 'NONE', #1040, #1891, #2436, .T. ) ;
#760 = VERTEX_POINT ( 'NONE', #523 ) ;
#761 = DIRECTION ( 'NONE',  ( -0.000000000000000000, -1.000000000000000000, -0.000000000000000000 ) ) ;
#762 = ORIENTED_EDGE ( 'NONE', *, *, #57, .T. ) ;
#763 = LINE ( 'NONE', #2298, #2393 ) ;
#764 = AXIS2_PLACEMENT_3D ( 'NONE', #2064, #1073, #452 ) ;
#765 = CARTESIAN_POINT ( 'NONE',  ( -31.62626367136851258, 9.048666624714027051, 12.11299885186826586 ) ) ;
#766 = AXIS2_PLACEMENT_3D ( 'NONE', #507, #2474, #715 ) ;
#767 = CONICAL_SURFACE ( 'NONE', #1097, 2.000000000000000000, 0.7853981633974482790 ) ;
#768 = DIRECTION ( 'NONE',  ( 0.000000000000000000, 0.000000000000000000, 1.000000000000000000 ) ) ;
#769 = ORIENTED_EDGE ( 'NONE', *, *, #1969, .T. ) ;
#770 = DIRECTION ( 'NONE',  ( 0.000000000000000000, 0.000000000000000000, 1.000000000000000000 ) ) ;
#771 = CARTESIAN_POINT ( 'NONE',  ( -28.84262748283250488, 14.04866662471402883, -2.637001148131732808 ) ) ;
#772 = ORIENTED_EDGE ( 'NONE', *, *, #2516, .T. ) ;
#773 = LINE ( 'NONE', #1, #19 ) ;
#774 = EDGE_CURVE ( 'NONE', #161, #911, #792, .T. ) ;
#775 = ORIENTED_EDGE ( 'NONE', *, *, #2447, .T. ) ;
#776 = CARTESIAN_POINT ( 'NONE',  ( 2.173736328631492576, 26.04866662471402705, 11.81299885186826693 ) ) ;
#777 = CARTESIAN_POINT ( 'NONE',  ( -28.82626367136850121, 11.04866662471402883, 11.81299885186826693 ) ) ;
#778 = CIRCLE ( 'NONE', #2081, 0.5500000000000001554 ) ;
#779 = AXIS2_PLACEMENT_3D ( 'NONE', #1629, #1243, #1843 ) ;
#780 = CARTESIAN_POINT ( 'NONE',  ( -26.26806044570588483, 14.04866662471402883, 6.262998851868263550 ) ) ;
#781 = ORIENTED_EDGE ( 'NONE', *, *, #13, .F. ) ;
#782 = PLANE ( 'NONE',  #2464 ) ;
#783 = LINE ( 'NONE', #968, #632 ) ;
#784 = ORIENTED_EDGE ( 'NONE', *, *, #2516, .F. ) ;
#785 = ADVANCED_FACE ( 'NONE', ( #1285 ), #1466, .F. ) ;
#786 = CARTESIAN_POINT ( 'NONE',  ( -28.82626367136850121, 11.04866662471402883, 11.81299885186826693 ) ) ;
#787 = ORIENTED_EDGE ( 'NONE', *, *, #1751, .T. ) ;
#788 = CARTESIAN_POINT ( 'NONE',  ( -33.12626367136851968, 9.048666624714027051, 12.11299885186826586 ) ) ;
#789 = LINE ( 'NONE', #1561, #101 ) ;
#790 = EDGE_CURVE ( 'NONE', #1169, #911, #1877, .T. ) ;
#791 = EDGE_LOOP ( 'NONE', ( #446, #2500, #455, #1837 ) ) ;
#792 = CIRCLE ( 'NONE', #2222, 2.449999999999994849 ) ;
#793 = CARTESIAN_POINT ( 'NONE',  ( -31.62626367136851258, 9.548666624714027051, 14.11299885186826764 ) ) ;
#794 = CARTESIAN_POINT ( 'NONE',  ( -16.82749871060619640, 9.090682006641689128, -10.02901653005939409 ) ) ;
#795 = PRODUCT_DEFINITION_SHAPE ( 'NONE', 'NONE',  #151 ) ;
#796 = AXIS2_PLACEMENT_3D ( 'NONE', #874, #677, #482 ) ;
#797 = VERTEX_POINT ( 'NONE', #2449 ) ;
#798 = CARTESIAN_POINT ( 'NONE',  ( -24.71963126161842439, 14.04866662471402883, 24.71963126161836399 ) ) ;
#799 = ORIENTED_EDGE ( 'NONE', *, *, #456, .F. ) ;
#800 = VECTOR ( 'NONE', #1300, 1000.000000000000000 ) ;
#801 = LINE ( 'NONE', #2179, #1821 ) ;
#802 = AXIS2_PLACEMENT_3D ( 'NONE', #915, #690, #2046 ) ;
#803 = LINE ( 'NONE', #2359, #1052 ) ;
#804 = ADVANCED_FACE ( 'NONE', ( #496 ), #1700, .F. ) ;
#805 = EDGE_CURVE ( 'NONE', #698, #492, #2143, .T. ) ;
#806 = EDGE_CURVE ( 'NONE', #1182, #1442, #2299, .T. ) ;
#807 = VECTOR ( 'NONE', #2232, 1000.000000000000000 ) ;
#808 = LOCAL_TIME ( 10, 19, 29.00000000000000000, #1621 ) ;
#809 = ORIENTED_EDGE ( 'NONE', *, *, #1639, .T. ) ;
#810 = DIRECTION ( 'NONE',  ( 1.000000000000000000, 0.000000000000000000, -2.168404344971008868E-16 ) ) ;
#811 = DIRECTION ( 'NONE',  ( 0.000000000000000000, 0.7071067811865474617, -0.7071067811865474617 ) ) ;
#812 = ORIENTED_EDGE ( 'NONE', *, *, #702, .T. ) ;
#813 = DIRECTION ( 'NONE',  ( 0.000000000000000000, 0.000000000000000000, 1.000000000000000000 ) ) ;
#814 = VERTEX_POINT ( 'NONE', #2238 ) ;
#815 = DIRECTION ( 'NONE',  ( 0.000000000000000000, 0.000000000000000000, 1.000000000000000000 ) ) ;
#816 = DIRECTION ( 'NONE',  ( -0.000000000000000000, 1.000000000000000000, -0.000000000000000000 ) ) ;
#817 = EDGE_CURVE ( 'NONE', #358, #1064, #1041, .T. ) ;
#818 = AXIS2_PLACEMENT_3D ( 'NONE', #1988, #1840, #1023 ) ;
#819 = VERTEX_POINT ( 'NONE', #1685 ) ;
#820 = ADVANCED_FACE ( 'NONE', ( #718 ), #2229, .F. ) ;
#821 = LINE ( 'NONE', #1003, #1483 ) ;
#822 = DIRECTION ( 'NONE',  ( -0.000000000000000000, 1.000000000000000000, -0.000000000000000000 ) ) ;
#823 = ORIENTED_EDGE ( 'NONE', *, *, #1940, .T. ) ;
#824 = EDGE_CURVE ( 'NONE', #814, #1596, #1690, .T. ) ;
#825 = PERSON_AND_ORGANIZATION ( #14, #1329 ) ;
#826 = DIRECTION ( 'NONE',  ( 0.000000000000000000, -0.000000000000000000, 1.000000000000000000 ) ) ;
#827 = ORIENTED_EDGE ( 'NONE', *, *, #1766, .F. ) ;
#828 = DIRECTION ( 'NONE',  ( 1.000000000000000000, 0.000000000000000000, 0.000000000000000000 ) ) ;
#829 = CARTESIAN_POINT ( 'NONE',  ( -28.82626367136850121, 14.04866662471402883, 11.81299885186826693 ) ) ;
#830 = CARTESIAN_POINT ( 'NONE',  ( 5.140100140095506198, 14.04866662471402883, -14.18700114813173307 ) ) ;
#831 = ORIENTED_EDGE ( 'NONE', *, *, #442, .T. ) ;
#832 = DIRECTION ( 'NONE',  ( 0.000000000000000000, 0.000000000000000000, 1.000000000000000000 ) ) ;
#833 = EDGE_CURVE ( 'NONE', #1577, #1749, #258, .T. ) ;
#834 = VERTEX_POINT ( 'NONE', #1953 ) ;
#835 = APPROVAL_STATUS ( 'not_yet_approved' ) ;
#836 = DIRECTION ( 'NONE',  ( -0.000000000000000000, 1.000000000000000000, -0.000000000000000000 ) ) ;
#837 = ORIENTED_EDGE ( 'NONE', *, *, #1467, .T. ) ;
#838 = CARTESIAN_POINT ( 'NONE',  ( -33.62626367136851258, 9.548666624714027051, -8.487001148131733785 ) ) ;
#839 = ADVANCED_FACE ( 'NONE', ( #1337 ), #756, .T. ) ;
#840 = VECTOR ( 'NONE', #348, 1000.000000000000000 ) ;
#841 = FACE_OUTER_BOUND ( 'NONE', #2410, .T. ) ;
#842 = DIRECTION ( 'NONE',  ( 0.000000000000000000, 1.000000000000000000, 0.000000000000000000 ) ) ;
#843 = VECTOR ( 'NONE', #1274, 1000.000000000000000 ) ;
#844 = VERTEX_POINT ( 'NONE', #1145 ) ;
#845 = DIRECTION ( 'NONE',  ( 0.000000000000000000, 0.000000000000000000, 1.000000000000000000 ) ) ;
#846 = VECTOR ( 'NONE', #528, 1000.000000000000000 ) ;
#847 = VECTOR ( 'NONE', #1463, 1000.000000000000000 ) ;
#848 = ORIENTED_EDGE ( 'NONE', *, *, #516, .T. ) ;
#849 = SECURITY_CLASSIFICATION_LEVEL ( 'unclassified' ) ;
#850 = CARTESIAN_POINT ( 'NONE',  ( -2.809624277268601311, 14.04866662471402883, 8.558401192256107848 ) ) ;
#851 = ORIENTED_EDGE ( 'NONE', *, *, #581, .T. ) ;
#852 = EDGE_CURVE ( 'NONE', #732, #255, #733, .T. ) ;
#853 = CYLINDRICAL_SURFACE ( 'NONE', #402, 1.450000000000004174 ) ;
#854 = DIRECTION ( 'NONE',  ( 0.7071067811865466846, 0.000000000000000000, 0.7071067811865483499 ) ) ;
#855 = FACE_OUTER_BOUND ( 'NONE', #1412, .T. ) ;
#856 = ORIENTED_EDGE ( 'NONE', *, *, #984, .T. ) ;
#857 = CARTESIAN_POINT ( 'NONE',  ( -17.73475153435742513, 14.04866662471402883, 13.61841846427333635 ) ) ;
#858 = CIRCLE ( 'NONE', #1586, 1.450000000000002398 ) ;
#859 = ORIENTED_EDGE ( 'NONE', *, *, #2453, .F. ) ;
#860 = AXIS2_PLACEMENT_3D ( 'NONE', #938, #363, #2093 ) ;
#861 = PERSON_AND_ORGANIZATION ( #14, #1329 ) ;
#862 = CARTESIAN_POINT ( 'NONE',  ( -24.77718943600903856, 14.04866662471402883, 10.97750425115398620 ) ) ;
#863 = EDGE_LOOP ( 'NONE', ( #495, #1059, #1343, #35 ) ) ;
#864 = EDGE_CURVE ( 'NONE', #1310, #161, #2124, .T. ) ;
#865 = EDGE_CURVE ( 'NONE', #1764, #626, #941, .T. ) ;
#866 = FACE_OUTER_BOUND ( 'NONE', #1540, .T. ) ;
#867 = CARTESIAN_POINT ( 'NONE',  ( -16.82749871060619995, 9.048666624714027051, 13.65501423379591905 ) ) ;
#868 = EDGE_CURVE ( 'NONE', #1691, #123, #2380, .T. ) ;
#869 = DIRECTION ( 'NONE',  ( 0.000000000000000000, 0.000000000000000000, 1.000000000000000000 ) ) ;
#870 = EDGE_CURVE ( 'NONE', #2217, #834, #2476, .T. ) ;
#871 = ORIENTED_EDGE ( 'NONE', *, *, #2035, .F. ) ;
#872 = CARTESIAN_POINT ( 'NONE',  ( -17.73475153435742513, -5.452333375285972394, -9.992420760536809610 ) ) ;
#873 = ORIENTED_EDGE ( 'NONE', *, *, #1452, .F. ) ;
#874 = CARTESIAN_POINT ( 'NONE',  ( -31.62626367136851258, 10.04866662471402883, -8.487001148131733785 ) ) ;
#875 = CARTESIAN_POINT ( 'NONE',  ( -33.62626367136851258, 10.04866662471402883, -8.487001148131733785 ) ) ;
#876 = CARTESIAN_POINT ( 'NONE',  ( 0.000000000000000000, 10.04866662471402883, 0.000000000000000000 ) ) ;
#877 = VECTOR ( 'NONE', #2058, 1000.000000000000000 ) ;
#878 = DIRECTION ( 'NONE',  ( 0.000000000000000000, 0.000000000000000000, 1.000000000000000000 ) ) ;
#879 = CARTESIAN_POINT ( 'NONE',  ( -2.809624277268600867, 14.04866662471402883, 8.558401192256107848 ) ) ;
#880 = EDGE_CURVE ( 'NONE', #194, #2340, #2112, .T. ) ;
#881 = CARTESIAN_POINT ( 'NONE',  ( -34.62626367136850547, 14.04866662471402883, 14.81299885186825804 ) ) ;
#882 = VECTOR ( 'NONE', #2317, 1000.000000000000000 ) ;
#883 = ORIENTED_EDGE ( 'NONE', *, *, #865, .T. ) ;
#884 = ADVANCED_FACE ( 'NONE', ( #2338 ), #1712, .F. ) ;
#885 = DIRECTION ( 'NONE',  ( -1.000000000000000000, 0.000000000000000000, -3.368961559285844060E-16 ) ) ;
#886 = FACE_OUTER_BOUND ( 'NONE', #2053, .T. ) ;
#887 = ORIENTED_EDGE ( 'NONE', *, *, #1735, .F. ) ;
#888 = DIRECTION ( 'NONE',  ( -0.000000000000000000, -1.000000000000000000, -0.000000000000000000 ) ) ;
#889 = VECTOR ( 'NONE', #2262, 1000.000000000000000 ) ;
#890 = DIRECTION ( 'NONE',  ( 0.000000000000000000, 0.000000000000000000, -1.000000000000000000 ) ) ;
#891 = AXIS2_PLACEMENT_3D ( 'NONE', #1232, #89, #1085 ) ;
#892 = ORIENTED_EDGE ( 'NONE', *, *, #156, .T. ) ;
#893 = CARTESIAN_POINT ( 'NONE',  ( -25.71806044570588412, -5.452333375285972394, 9.619826943678864595 ) ) ;
#894 = ORIENTED_EDGE ( 'NONE', *, *, #906, .F. ) ;
#895 = CARTESIAN_POINT ( 'NONE',  ( -33.12626367136851968, 9.048666624714027051, 12.11299885186826586 ) ) ;
#896 = CARTESIAN_POINT ( 'NONE',  ( 2.190100140095498027, 14.04866662471402883, -2.637001148131731032 ) ) ;
#897 = ORIENTED_EDGE ( 'NONE', *, *, #1936, .T. ) ;
#898 = EDGE_CURVE ( 'NONE', #2373, #2451, #1935, .T. ) ;
#899 = CARTESIAN_POINT ( 'NONE',  ( 5.140100140095506198, 10.04866662471402883, -14.18700114813173307 ) ) ;
#900 = CARTESIAN_POINT ( 'NONE',  ( -34.62626367136851258, 14.04866662471402883, -11.18700114813173130 ) ) ;
#901 = EDGE_CURVE ( 'NONE', #1740, #1596, #1503, .T. ) ;
#902 = EDGE_LOOP ( 'NONE', ( #1756, #1414, #1753, #1391 ) ) ;
#903 = CARTESIAN_POINT ( 'NONE',  ( -28.82626367136850121, 14.04866662471402883, 11.81299885186826693 ) ) ;
#904 = VECTOR ( 'NONE', #1394, 1000.000000000000000 ) ;
#905 = LINE ( 'NONE', #318, #180 ) ;
#906 = EDGE_CURVE ( 'NONE', #123, #1691, #301, .T. ) ;
#907 = FACE_BOUND ( 'NONE', #2099, .T. ) ;
#908 = ORIENTED_EDGE ( 'NONE', *, *, #298, .F. ) ;
#909 = LINE ( 'NONE', #542, #1372 ) ;
#910 = DIRECTION ( 'NONE',  ( 0.000000000000000000, 0.000000000000000000, -1.000000000000000000 ) ) ;
#911 = VERTEX_POINT ( 'NONE', #537 ) ;
#912 = LINE ( 'NONE', #1873, #570 ) ;
#913 = CARTESIAN_POINT ( 'NONE',  ( -2.809624277268600867, 9.048666624714027051, 6.812998851868266925 ) ) ;
#914 = ORIENTED_EDGE ( 'NONE', *, *, #2415, .F. ) ;
#915 = CARTESIAN_POINT ( 'NONE',  ( 2.173736328631492576, 26.04866662471402705, 11.81299885186826693 ) ) ;
#916 = ADVANCED_FACE ( 'NONE', ( #2304, #369 ), #343, .T. ) ;
#917 = DIRECTION ( 'NONE',  ( -0.000000000000000000, -1.000000000000000000, -0.000000000000000000 ) ) ;
#918 = LINE ( 'NONE', #2241, #1899 ) ;
#919 = EDGE_CURVE ( 'NONE', #1192, #198, #1156, .T. ) ;
#920 = ORIENTED_EDGE ( 'NONE', *, *, #298, .T. ) ;
#921 = CARTESIAN_POINT ( 'NONE',  ( -2.259624277268603709, 14.04866662471402883, 6.812998851868266925 ) ) ;
#922 = AXIS2_PLACEMENT_3D ( 'NONE', #1366, #1743, #995 ) ;
#923 = FACE_OUTER_BOUND ( 'NONE', #1099, .T. ) ;
#924 = VERTEX_POINT ( 'NONE', #1167 ) ;
#925 = CARTESIAN_POINT ( 'NONE',  ( 2.173736328631492576, 26.04866662471402705, 11.81299885186826693 ) ) ;
#926 = DIRECTION ( 'NONE',  ( 1.000000000000000000, 0.000000000000000000, -2.484704294013008140E-16 ) ) ;
#927 = VECTOR ( 'NONE', #682, 1000.000000000000000 ) ;
#928 = ORIENTED_EDGE ( 'NONE', *, *, #1209, .F. ) ;
#929 = LINE ( 'NONE', #1262, #1976 ) ;
#930 = LINE ( 'NONE', #2075, #18 ) ;
#931 = ORIENTED_EDGE ( 'NONE', *, *, #2432, .F. ) ;
#932 = EDGE_CURVE ( 'NONE', #1583, #2073, #172, .T. ) ;
#933 = DIRECTION ( 'NONE',  ( 0.000000000000000000, 1.000000000000000000, 0.000000000000000000 ) ) ;
#934 = ORIENTED_EDGE ( 'NONE', *, *, #852, .F. ) ;
#935 = LINE ( 'NONE', #1679, #2068 ) ;
#936 = AXIS2_PLACEMENT_3D ( 'NONE', #1211, #16, #52 ) ;
#937 = AXIS2_PLACEMENT_3D ( 'NONE', #988, #1196, #1584 ) ;
#938 = CARTESIAN_POINT ( 'NONE',  ( 2.173736328631492576, 11.04866662471402883, -8.187001148131733075 ) ) ;
#939 = DIRECTION ( 'NONE',  ( -1.000000000000000000, 0.000000000000000000, 1.263148162119034378E-16 ) ) ;
#940 = EDGE_LOOP ( 'NONE', ( #2467, #619, #1328, #1636 ) ) ;
#941 = LINE ( 'NONE', #1179, #2309 ) ;
#942 = DIRECTION ( 'NONE',  ( -0.000000000000000000, 1.000000000000000000, -0.000000000000000000 ) ) ;
#943 = ORIENTED_EDGE ( 'NONE', *, *, #2018, .F. ) ;
#944 = PLANE ( 'NONE',  #664 ) ;
#945 = ORIENTED_EDGE ( 'NONE', *, *, #378, .F. ) ;
#946 = CARTESIAN_POINT ( 'NONE',  ( 8.140100140095505310, 10.04866662471402883, 14.81299885186827048 ) ) ;
#947 = AXIS2_PLACEMENT_3D ( 'NONE', #1154, #1734, #1925 ) ;
#948 = DIRECTION ( 'NONE',  ( 1.000000000000000000, 0.000000000000000000, -9.436470165352104959E-17 ) ) ;
#949 = EDGE_CURVE ( 'NONE', #1548, #1623, #1086, .T. ) ;
#950 = ORIENTED_EDGE ( 'NONE', *, *, #1871, .F. ) ;
#951 = DIRECTION ( 'NONE',  ( 1.000000000000000000, 0.000000000000000000, -4.718235082676052479E-17 ) ) ;
#952 = DIRECTION ( 'NONE',  ( -0.000000000000000000, -1.000000000000000000, -0.000000000000000000 ) ) ;
#953 = ORIENTED_EDGE ( 'NONE', *, *, #774, .T. ) ;
#954 = CARTESIAN_POINT ( 'NONE',  ( -28.28739687782270806, 5.096844233319621331, 9.661176460473861027 ) ) ;
#955 = FACE_OUTER_BOUND ( 'NONE', #2031, .T. ) ;
#956 = ORIENTED_EDGE ( 'NONE', *, *, #424, .F. ) ;
#957 = CARTESIAN_POINT ( 'NONE',  ( 5.140100140095499093, 10.04866662471402883, 14.11299885186826764 ) ) ;
#958 = ORIENTED_EDGE ( 'NONE', *, *, #2438, .F. ) ;
#959 = PLANE ( 'NONE',  #635 ) ;
#960 = CARTESIAN_POINT ( 'NONE',  ( -31.62626367136851258, 9.548666624714027051, -8.487001148131733785 ) ) ;
#961 = ORIENTED_EDGE ( 'NONE', *, *, #1652, .F. ) ;
#962 = FACE_OUTER_BOUND ( 'NONE', #2212, .T. ) ;
#963 = AXIS2_PLACEMENT_3D ( 'NONE', #2216, #652, #1812 ) ;
#964 = EDGE_LOOP ( 'NONE', ( #62, #2396, #1813, #1786 ) ) ;
#965 = EDGE_CURVE ( 'NONE', #600, #2271, #2420, .T. ) ;
#966 = VECTOR ( 'NONE', #2162, 1000.000000000000000 ) ;
#967 = CARTESIAN_POINT ( 'NONE',  ( -4.259624277268604153, 14.04866662471402883, -4.932403488519573109 ) ) ;
#968 = CARTESIAN_POINT ( 'NONE',  ( 7.140100140095498205, 9.548666624714027051, -8.487001148131733785 ) ) ;
#969 = VECTOR ( 'NONE', #822, 1000.000000000000000 ) ;
#970 = EDGE_LOOP ( 'NONE', ( #2200, #762, #787, #2165, #991 ) ) ;
#971 = DIRECTION ( 'NONE',  ( -0.000000000000000000, 1.000000000000000000, -0.000000000000000000 ) ) ;
#972 = ORIENTED_EDGE ( 'NONE', *, *, #806, .T. ) ;
#973 = DIRECTION ( 'NONE',  ( 0.000000000000000000, 0.000000000000000000, -1.000000000000000000 ) ) ;
#974 = CIRCLE ( 'NONE', #2233, 1.900000000000000577 ) ;
#975 = DIRECTION ( 'NONE',  ( 0.9615676393087543294, -0.000000000000000000, 0.2745681609986661553 ) ) ;
#976 = APPROVAL_PERSON_ORGANIZATION ( #613, #182, #211 ) ;
#977 = AXIS2_PLACEMENT_3D ( 'NONE', #1138, #1692, #2509 ) ;
#978 = CYLINDRICAL_SURFACE ( 'NONE', #1628, 1.900000000000000577 ) ;
#979 = EDGE_CURVE ( 'NONE', #2214, #689, #1361, .T. ) ;
#980 = ADVANCED_FACE ( 'NONE', ( #2529 ), #782, .F. ) ;
#981 = ORIENTED_EDGE ( 'NONE', *, *, #2035, .T. ) ;
#982 = DIRECTION ( 'NONE',  ( 0.000000000000000000, 0.000000000000000000, 1.000000000000000000 ) ) ;
#983 = CARTESIAN_POINT ( 'NONE',  ( -33.12626367136851258, 9.048666624714027051, -8.487001148131733785 ) ) ;
#984 = EDGE_CURVE ( 'NONE', #187, #1339, #2267, .T. ) ;
#985 = ORIENTED_EDGE ( 'NONE', *, *, #999, .T. ) ;
#986 = DIRECTION ( 'NONE',  ( -0.7071067811865466846, 0.000000000000000000, -0.7071067811865483499 ) ) ;
#987 = ORIENTED_EDGE ( 'NONE', *, *, #376, .T. ) ;
#988 = CARTESIAN_POINT ( 'NONE',  ( -28.82626367136850121, 26.04866662471402705, 11.81299885186826693 ) ) ;
#989 = DIRECTION ( 'NONE',  ( 0.000000000000000000, 0.000000000000000000, 1.000000000000000000 ) ) ;
#990 = VECTOR ( 'NONE', #1126, 1000.000000000000000 ) ;
#991 = ORIENTED_EDGE ( 'NONE', *, *, #1393, .T. ) ;
#992 = CARTESIAN_POINT ( 'NONE',  ( -31.29262748283250062, 14.04866662471402883, -0.1870011481317334634 ) ) ;
#993 = DIRECTION ( 'NONE',  ( -1.000000000000000000, 0.000000000000000000, 4.718235082676052479E-17 ) ) ;
#994 = EDGE_LOOP ( 'NONE', ( #536, #2408 ) ) ;
#995 = DIRECTION ( 'NONE',  ( 0.000000000000000000, 0.000000000000000000, 1.000000000000000000 ) ) ;
#996 = EDGE_LOOP ( 'NONE', ( #1508, #894, #2471, #1384 ) ) ;
#997 = LINE ( 'NONE', #1022, #1616 ) ;
#998 =( BOUNDED_CURVE ( )  B_SPLINE_CURVE ( 3, ( #512, #165, #1159, #1728 ),
 .UNSPECIFIED., .F., .T. ) 
 B_SPLINE_CURVE_WITH_KNOTS ( ( 4, 4 ),
 ( 5.924414636909013154, 6.561325881823420580 ),
 .UNSPECIFIED. ) 
 CURVE ( )  GEOMETRIC_REPRESENTATION_ITEM ( )  RATIONAL_B_SPLINE_CURVE ( ( 1.000000000000000000, 0.9664800636065559170, 0.9664800636065559170, 1.000000000000000000 ) ) 
 REPRESENTATION_ITEM ( '' )  );
#999 = EDGE_CURVE ( 'NONE', #924, #84, #549, .T. ) ;
#1000 = DIRECTION ( 'NONE',  ( -0.000000000000000000, 1.000000000000000000, -0.000000000000000000 ) ) ;
#1001 = ORIENTED_EDGE ( 'NONE', *, *, #1608, .F. ) ;
#1002 = CIRCLE ( 'NONE', #546, 2.449999999999994849 ) ;
#1003 = CARTESIAN_POINT ( 'NONE',  ( -25.71806044570586636, 9.048666624714027051, 6.812998851868266925 ) ) ;
#1004 = CARTESIAN_POINT ( 'NONE',  ( -28.82626367136850121, 11.04866662471402883, 14.81299885186826693 ) ) ;
#1005 = AXIS2_PLACEMENT_3D ( 'NONE', #967, #1737, #2519 ) ;
#1006 = VERTEX_POINT ( 'NONE', #1398 ) ;
#1007 = CARTESIAN_POINT ( 'NONE',  ( 2.173736328631492576, 11.04866662471402883, 11.81299885186826693 ) ) ;
#1008 = ORIENTED_EDGE ( 'NONE', *, *, #13, .T. ) ;
#1009 = AXIS2_PLACEMENT_3D ( 'NONE', #1543, #942, #599 ) ;
#1010 = CARTESIAN_POINT ( 'NONE',  ( 5.140100140095499093, 9.548666624714027051, -8.487001148131733785 ) ) ;
#1011 = ADVANCED_FACE ( 'NONE', ( #1566 ), #2185, .F. ) ;
#1012 = LINE ( 'NONE', #246, #1212 ) ;
#1013 = CC_DESIGN_APPROVAL ( #182, ( #2069 ) ) ;
#1014 = CIRCLE ( 'NONE', #1094, 1.450000000000004174 ) ;
#1015 = EDGE_LOOP ( 'NONE', ( #1044, #1453, #1425, #1195 ) ) ;
#1016 = PLANE ( 'NONE',  #589 ) ;
#1017 = DIRECTION ( 'NONE',  ( -0.000000000000000000, 1.000000000000000000, -0.000000000000000000 ) ) ;
#1018 = ORIENTED_EDGE ( 'NONE', *, *, #1135, .T. ) ;
#1019 = CALENDAR_DATE ( 2025, 12, 12 ) ;
#1020 = LINE ( 'NONE', #1043, #1892 ) ;
#1021 = VERTEX_POINT ( 'NONE', #1426 ) ;
#1022 = CARTESIAN_POINT ( 'NONE',  ( -33.62626367136851968, 10.04866662471402883, 12.11299885186826586 ) ) ;
#1023 = DIRECTION ( 'NONE',  ( 0.000000000000000000, 0.000000000000000000, -1.000000000000000000 ) ) ;
#1024 = DIRECTION ( 'NONE',  ( 1.263148162119034378E-16, 0.000000000000000000, 1.000000000000000000 ) ) ;
#1025 = EDGE_CURVE ( 'NONE', #689, #2175, #2213, .T. ) ;
#1026 = AXIS2_PLACEMENT_3D ( 'NONE', #155, #2287, #2469 ) ;
#1027 = ORIENTED_EDGE ( 'NONE', *, *, #1573, .F. ) ;
#1028 = EDGE_CURVE ( 'NONE', #704, #1192, #821, .T. ) ;
#1029 = LINE ( 'NONE', #2383, #1897 ) ;
#1030 = LINE ( 'NONE', #1201, #758 ) ;
#1031 = ORIENTED_EDGE ( 'NONE', *, *, #329, .F. ) ;
#1032 = MECHANICAL_CONTEXT ( 'NONE', #595, 'mechanical' ) ;
#1033 = FACE_OUTER_BOUND ( 'NONE', #1711, .T. ) ;
#1034 = ORIENTED_EDGE ( 'NONE', *, *, #1722, .T. ) ;
#1035 = CARTESIAN_POINT ( 'NONE',  ( -31.62626367136851258, 9.548666624714027051, -10.48700114813173379 ) ) ;
#1036 = DIRECTION ( 'NONE',  ( -0.000000000000000000, 1.000000000000000000, -0.000000000000000000 ) ) ;
#1037 = LINE ( 'NONE', #1975, #1615 ) ;
#1038 = ORIENTED_EDGE ( 'NONE', *, *, #483, .T. ) ;
#1039 = DIRECTION ( 'NONE',  ( 0.000000000000000000, 0.000000000000000000, 1.000000000000000000 ) ) ;
#1040 = VERTEX_POINT ( 'NONE', #1376 ) ;
#1041 = CIRCLE ( 'NONE', #1358, 1.900000000000000577 ) ;
#1042 = DATE_AND_TIME ( #1019, #2515 ) ;
#1043 = CARTESIAN_POINT ( 'NONE',  ( -16.82749871060619640, -5.452333375285972394, -10.02901653005939409 ) ) ;
#1044 = ORIENTED_EDGE ( 'NONE', *, *, #1511, .T. ) ;
#1045 = AXIS2_PLACEMENT_3D ( 'NONE', #1541, #1362, #2098 ) ;
#1046 = CARTESIAN_POINT ( 'NONE',  ( -28.84262748283250488, -5.452333375285972394, 6.262998851868262662 ) ) ;
#1047 = DIRECTION ( 'NONE',  ( 0.000000000000000000, 0.000000000000000000, 1.000000000000000000 ) ) ;
#1048 = VECTOR ( 'NONE', #1649, 1000.000000000000000 ) ;
#1049 = CARTESIAN_POINT ( 'NONE',  ( -28.82626367136850121, 11.04866662471402883, -8.187001148131733075 ) ) ;
#1050 = ORIENTED_EDGE ( 'NONE', *, *, #234, .F. ) ;
#1051 = PLANE ( 'NONE',  #1670 ) ;
#1052 = VECTOR ( 'NONE', #2219, 1000.000000000000000 ) ;
#1053 = APPROVAL_PERSON_ORGANIZATION ( #1594, #71, #1811 ) ;
#1054 = ORIENTED_EDGE ( 'NONE', *, *, #1074, .T. ) ;
#1055 = CIRCLE ( 'NONE', #1411, 2.000000000000005329 ) ;
#1056 = APPROVAL_DATE_TIME ( #1042, #1542 ) ;
#1057 = PLANE ( 'NONE',  #1601 ) ;
#1058 = EDGE_CURVE ( 'NONE', #1469, #153, #1590, .T. ) ;
#1059 = ORIENTED_EDGE ( 'NONE', *, *, #378, .T. ) ;
#1060 = EDGE_CURVE ( 'NONE', #2237, #675, #178, .T. ) ;
#1061 = LINE ( 'NONE', #1829, #1831 ) ;
#1062 = CARTESIAN_POINT ( 'NONE',  ( -26.26806044570588483, 9.048666624714027051, -2.637001148131733252 ) ) ;
#1063 = DIRECTION ( 'NONE',  ( 0.000000000000000000, 0.000000000000000000, 1.000000000000000000 ) ) ;
#1064 = VERTEX_POINT ( 'NONE', #1772 ) ;
#1065 = CARTESIAN_POINT ( 'NONE',  ( 2.190100140095498027, -5.452333375285972394, 6.262998851868265326 ) ) ;
#1066 = ORIENTED_EDGE ( 'NONE', *, *, #1248, .F. ) ;
#1067 = CC_DESIGN_PERSON_AND_ORGANIZATION_ASSIGNMENT ( #825, #48, ( #1186 ) ) ;
#1068 = DIRECTION ( 'NONE',  ( 0.000000000000000000, 1.000000000000000000, 0.000000000000000000 ) ) ;
#1069 = ORIENTED_EDGE ( 'NONE', *, *, #932, .F. ) ;
#1070 = ADVANCED_FACE ( 'NONE', ( #2201 ), #1797, .F. ) ;
#1071 = FACE_OUTER_BOUND ( 'NONE', #741, .T. ) ;
#1072 = DIRECTION ( 'NONE',  ( -6.737923118571688121E-16, 0.000000000000000000, 1.000000000000000000 ) ) ;
#1073 = DIRECTION ( 'NONE',  ( -0.000000000000000000, 1.000000000000000000, -0.000000000000000000 ) ) ;
#1074 = EDGE_CURVE ( 'NONE', #582, #1994, #1029, .T. ) ;
#1075 = CYLINDRICAL_SURFACE ( 'NONE', #779, 1.449999999999999956 ) ;
#1076 = EDGE_LOOP ( 'NONE', ( #2308, #1559, #1293, #1807, #2297, #2444, #136, #2489 ) ) ;
#1077 = DIRECTION ( 'NONE',  ( -0.000000000000000000, -1.000000000000000000, -0.000000000000000000 ) ) ;
#1078 = DIRECTION ( 'NONE',  ( 0.000000000000000000, 1.000000000000000000, 0.000000000000000000 ) ) ;
#1079 = ORIENTED_EDGE ( 'NONE', *, *, #824, .T. ) ;
#1080 = CARTESIAN_POINT ( 'NONE',  ( 2.190100140095498027, -5.452333375285972394, 3.812998851868266481 ) ) ;
#1081 = ORIENTED_EDGE ( 'NONE', *, *, #1688, .F. ) ;
#1082 = DIRECTION ( 'NONE',  ( 0.000000000000000000, 1.000000000000000000, 0.000000000000000000 ) ) ;
#1083 = CIRCLE ( 'NONE', #340, 1.499999999999999556 ) ;
#1084 = ORIENTED_EDGE ( 'NONE', *, *, #1871, .T. ) ;
#1085 = DIRECTION ( 'NONE',  ( 0.000000000000000000, 0.000000000000000000, 1.000000000000000000 ) ) ;
#1086 = CIRCLE ( 'NONE', #1005, 1.449999999999999512 ) ;
#1087 = DIRECTION ( 'NONE',  ( 0.000000000000000000, 0.000000000000000000, 1.000000000000000000 ) ) ;
#1088 = VECTOR ( 'NONE', #46, 1000.000000000000000 ) ;
#1089 = VERTEX_POINT ( 'NONE', #1214 ) ;
#1090 = LINE ( 'NONE', #1861, #114 ) ;
#1091 = EDGE_CURVE ( 'NONE', #1641, #2329, #425, .T. ) ;
#1092 = LINE ( 'NONE', #1418, #1779 ) ;
#1093 = EDGE_LOOP ( 'NONE', ( #2369, #2332 ) ) ;
#1094 = AXIS2_PLACEMENT_3D ( 'NONE', #604, #218, #1758 ) ;
#1095 = LINE ( 'NONE', #331, #128 ) ;
#1096 = ORIENTED_EDGE ( 'NONE', *, *, #2385, .T. ) ;
#1097 = AXIS2_PLACEMENT_3D ( 'NONE', #438, #2279, #1219 ) ;
#1098 = DIRECTION ( 'NONE',  ( 1.949248215470848096E-16, 0.000000000000000000, -1.000000000000000000 ) ) ;
#1099 = EDGE_LOOP ( 'NONE', ( #261, #573, #1801, #823, #856, #987, #437, #291, #717, #1465, #586, #1474, #467, #1164, #784, #1001, #2388, #708 ) ) ;
#1100 = CARTESIAN_POINT ( 'NONE',  ( -17.74920383410427860, 9.048666624714027051, 13.61299885186826764 ) ) ;
#1101 = EDGE_CURVE ( 'NONE', #1783, #1959, #755, .T. ) ;
#1102 = DIRECTION ( 'NONE',  ( 0.000000000000000000, 0.000000000000000000, 1.000000000000000000 ) ) ;
#1103 = EDGE_CURVE ( 'NONE', #1868, #428, #386, .T. ) ;
#1104 = LINE ( 'NONE', #1065, #1713 ) ;
#1105 = DIRECTION ( 'NONE',  ( -3.368395098984092168E-16, 0.000000000000000000, 1.000000000000000000 ) ) ;
#1106 = ORIENTED_EDGE ( 'NONE', *, *, #965, .T. ) ;
#1107 = DIRECTION ( 'NONE',  ( 0.000000000000000000, 0.000000000000000000, 1.000000000000000000 ) ) ;
#1108 = VECTOR ( 'NONE', #617, 1000.000000000000000 ) ;
#1109 = ORIENTED_EDGE ( 'NONE', *, *, #2149, .T. ) ;
#1110 = VECTOR ( 'NONE', #1668, 1000.000000000000000 ) ;
#1111 = LINE ( 'NONE', #1264, #423 ) ;
#1112 = ORIENTED_EDGE ( 'NONE', *, *, #1537, .T. ) ;
#1113 = CARTESIAN_POINT ( 'NONE',  ( -34.62626367136850547, 10.04866662471402883, 14.81299885186825804 ) ) ;
#1114 = PLANE ( 'NONE',  #2327 ) ;
#1115 = ORIENTED_EDGE ( 'NONE', *, *, #1515, .F. ) ;
#1116 = CARTESIAN_POINT ( 'NONE',  ( -33.62626367136851968, 9.548666624714027051, 12.11299885186826586 ) ) ;
#1117 = LINE ( 'NONE', #2446, #432 ) ;
#1118 = ORIENTED_EDGE ( 'NONE', *, *, #2415, .T. ) ;
#1119 = CARTESIAN_POINT ( 'NONE',  ( 4.640100140095498205, 14.04866662471402883, 3.812998851868267369 ) ) ;
#1120 = DIRECTION ( 'NONE',  ( 0.000000000000000000, 0.000000000000000000, 1.000000000000000000 ) ) ;
#1121 = ORIENTED_EDGE ( 'NONE', *, *, #43, .T. ) ;
#1122 = CARTESIAN_POINT ( 'NONE',  ( 0.000000000000000000, 14.04866662471402883, 0.000000000000000000 ) ) ;
#1123 = ORIENTED_EDGE ( 'NONE', *, *, #1204, .T. ) ;
#1124 = CARTESIAN_POINT ( 'NONE',  ( -25.71806044570586636, -5.452333375285972394, 6.812998851868266925 ) ) ;
#1125 = AXIS2_PLACEMENT_3D ( 'NONE', #1298, #1889, #133 ) ;
#1126 = DIRECTION ( 'NONE',  ( -0.000000000000000000, -1.000000000000000000, -0.000000000000000000 ) ) ;
#1127 = VECTOR ( 'NONE', #1642, 1000.000000000000000 ) ;
#1128 = CIRCLE ( 'NONE', #1980, 3.000000000000000888 ) ;
#1129 = FACE_OUTER_BOUND ( 'NONE', #471, .T. ) ;
#1130 = VECTOR ( 'NONE', #2355, 1000.000000000000000 ) ;
#1131 = ORIENTED_EDGE ( 'NONE', *, *, #2530, .T. ) ;
#1132 = CARTESIAN_POINT ( 'NONE',  ( -28.82626367136850121, 11.04866662471402883, -8.187001148131733075 ) ) ;
#1133 = LINE ( 'NONE', #551, #1526 ) ;
#1134 = EDGE_LOOP ( 'NONE', ( #1947, #851, #500, #403 ) ) ;
#1135 = EDGE_CURVE ( 'NONE', #1182, #1959, #1602, .T. ) ;
#1136 = LINE ( 'NONE', #798, #1644 ) ;
#1137 = VERTEX_POINT ( 'NONE', #634 ) ;
#1138 = CARTESIAN_POINT ( 'NONE',  ( -2.809624277268601311, -5.452333375285972394, 8.558401192256107848 ) ) ;
#1139 = AXIS2_PLACEMENT_3D ( 'NONE', #2404, #1432, #284 ) ;
#1140 = ADVANCED_FACE ( 'NONE', ( #444 ), #1016, .F. ) ;
#1141 = FACE_OUTER_BOUND ( 'NONE', #1619, .T. ) ;
#1142 = ORIENTED_EDGE ( 'NONE', *, *, #753, .T. ) ;
#1143 = CARTESIAN_POINT ( 'NONE',  ( -33.62626367136851258, 9.548666624714027051, -8.487001148131733785 ) ) ;
#1144 = ORIENTED_EDGE ( 'NONE', *, *, #1209, .T. ) ;
#1145 = CARTESIAN_POINT ( 'NONE',  ( -17.73475153435742513, 9.054086237119106428, -9.992420760536811386 ) ) ;
#1146 = CARTESIAN_POINT ( 'NONE',  ( 5.140100140095499093, 10.04866662471402883, 12.11299885186826586 ) ) ;
#1147 = ORIENTED_EDGE ( 'NONE', *, *, #2450, .F. ) ;
#1148 = CIRCLE ( 'NONE', #1957, 1.900000000000000577 ) ;
#1149 = CARTESIAN_POINT ( 'NONE',  ( 7.140100140095499093, 10.04866662471402883, -8.487001148131733785 ) ) ;
#1150 = ORIENTED_EDGE ( 'NONE', *, *, #729, .F. ) ;
#1151 = CARTESIAN_POINT ( 'NONE',  ( 8.140100140095501757, 14.04866662471402883, -11.18700114813172419 ) ) ;
#1152 = ADVANCED_FACE ( 'NONE', ( #598 ), #404, .T. ) ;
#1153 = DIRECTION ( 'NONE',  ( -0.7071067811865483499, -0.000000000000000000, 0.7071067811865466846 ) ) ;
#1154 = CARTESIAN_POINT ( 'NONE',  ( -28.84262748283250488, -5.452333375285972394, -0.1870011481317334634 ) ) ;
#1155 = ORIENTED_EDGE ( 'NONE', *, *, #56, .T. ) ;
#1156 = LINE ( 'NONE', #1927, #2105 ) ;
#1157 = DIRECTION ( 'NONE',  ( 3.336296022192507836E-17, 0.7071067811865475727, 0.7071067811865475727 ) ) ;
#1158 = ORIENTED_EDGE ( 'NONE', *, *, #424, .T. ) ;
#1159 = CARTESIAN_POINT ( 'NONE',  ( -17.12862386716401630, 9.176665953154229172, -10.11500047657193413 ) ) ;
#1160 = ORIENTED_EDGE ( 'NONE', *, *, #2534, .T. ) ;
#1161 = DIRECTION ( 'NONE',  ( -1.000000000000000000, 0.000000000000000000, 9.436470165352104959E-17 ) ) ;
#1162 = DIRECTION ( 'NONE',  ( 0.000000000000000000, 0.000000000000000000, 1.000000000000000000 ) ) ;
#1163 = CARTESIAN_POINT ( 'NONE',  ( -28.82626367136850121, 26.04866662471402705, -8.187001148131733075 ) ) ;
#1164 = ORIENTED_EDGE ( 'NONE', *, *, #999, .F. ) ;
#1165 = AXIS2_PLACEMENT_3D ( 'NONE', #1200, #1413, #1226 ) ;
#1166 = ADVANCED_FACE ( 'NONE', ( #208 ), #2361, .F. ) ;
#1167 = CARTESIAN_POINT ( 'NONE',  ( 2.190100140095498471, 9.048666624714027051, -2.637001148131732364 ) ) ;
#1168 = FACE_OUTER_BOUND ( 'NONE', #722, .T. ) ;
#1169 = VERTEX_POINT ( 'NONE', #2277 ) ;
#1170 = DIRECTION ( 'NONE',  ( -0.000000000000000000, 1.000000000000000000, -0.000000000000000000 ) ) ;
#1171 = EDGE_LOOP ( 'NONE', ( #1855, #1956, #1297, #368 ) ) ;
#1172 = FACE_OUTER_BOUND ( 'NONE', #1991, .T. ) ;
#1173 = CARTESIAN_POINT ( 'NONE',  ( -16.82749871060619995, 14.04866662471402883, 13.65501423379591905 ) ) ;
#1174 = CC_DESIGN_SECURITY_CLASSIFICATION ( #224, ( #2069 ) ) ;
#1175 = VECTOR ( 'NONE', #361, 1000.000000000000000 ) ;
#1176 = CC_DESIGN_DATE_AND_TIME_ASSIGNMENT ( #25, #241, ( #151 ) ) ;
#1177 = ADVANCED_FACE ( 'NONE', ( #116 ), #314, .F. ) ;
#1178 = ORIENTED_EDGE ( 'NONE', *, *, #2005, .T. ) ;
#1179 = CARTESIAN_POINT ( 'NONE',  ( -24.77718943600903856, -5.452333375285972394, 10.97750425115398620 ) ) ;
#1180 = DIRECTION ( 'NONE',  ( 0.000000000000000000, 0.000000000000000000, 1.000000000000000000 ) ) ;
#1181 = EDGE_CURVE ( 'NONE', #336, #1721, #1270, .T. ) ;
#1182 = VERTEX_POINT ( 'NONE', #1475 ) ;
#1183 = DIRECTION ( 'NONE',  ( -0.000000000000000000, 1.000000000000000000, -0.000000000000000000 ) ) ;
#1184 = ORIENTED_EDGE ( 'NONE', *, *, #817, .T. ) ;
#1185 = CARTESIAN_POINT ( 'NONE',  ( -31.62626367136851258, 9.548666624714027051, 12.11299885186826586 ) ) ;
#1186 = PRODUCT ( 'cut_punch_holder', 'cut_punch_holder', '', ( #1032 ) ) ;
#1187 = CARTESIAN_POINT ( 'NONE',  ( 7.140100140095500869, 10.04866662471402883, 12.11299885186826586 ) ) ;
#1188 = AXIS2_PLACEMENT_3D ( 'NONE', #829, #1598, #2011 ) ;
#1189 = ORIENTED_EDGE ( 'NONE', *, *, #1887, .T. ) ;
#1190 = CARTESIAN_POINT ( 'NONE',  ( -31.62626367136851258, 10.04866662471402883, 12.11299885186826586 ) ) ;
#1191 = LINE ( 'NONE', #1798, #1364 ) ;
#1192 = VERTEX_POINT ( 'NONE', #1245 ) ;
#1193 = APPROVAL_STATUS ( 'not_yet_approved' ) ;
#1194 = FACE_BOUND ( 'NONE', #1471, .T. ) ;
#1195 = ORIENTED_EDGE ( 'NONE', *, *, #919, .F. ) ;
#1196 = DIRECTION ( 'NONE',  ( -0.000000000000000000, -1.000000000000000000, -0.000000000000000000 ) ) ;
#1197 = FACE_OUTER_BOUND ( 'NONE', #20, .T. ) ;
#1198 = ORIENTED_EDGE ( 'NONE', *, *, #1436, .T. ) ;
#1199 = AXIS2_PLACEMENT_3D ( 'NONE', #903, #1865, #85 ) ;
#1200 = CARTESIAN_POINT ( 'NONE',  ( 5.140100140095499093, 9.048666624714027051, 12.11299885186826586 ) ) ;
#1201 = CARTESIAN_POINT ( 'NONE',  ( -31.62626367136851258, 10.04866662471402883, -10.48700114813173379 ) ) ;
#1202 = AXIS2_PLACEMENT_3D ( 'NONE', #21, #1236, #1784 ) ;
#1203 = ORIENTED_EDGE ( 'NONE', *, *, #1181, .T. ) ;
#1204 = EDGE_CURVE ( 'NONE', #2073, #1764, #2261, .T. ) ;
#1205 = CARTESIAN_POINT ( 'NONE',  ( -28.84262748283250488, -5.452333375285972394, 3.812998851868266481 ) ) ;
#1206 = EDGE_LOOP ( 'NONE', ( #99, #1724, #1881, #2104 ) ) ;
#1207 = AXIS2_PLACEMENT_3D ( 'NONE', #2352, #1157, #993 ) ;
#1208 = DIRECTION ( 'NONE',  ( 0.000000000000000000, -0.000000000000000000, 1.000000000000000000 ) ) ;
#1209 = EDGE_CURVE ( 'NONE', #2139, #1888, #1281, .T. ) ;
#1210 = CARTESIAN_POINT ( 'NONE',  ( 2.173736328631492576, 26.04866662471402705, 9.912998851868266570 ) ) ;
#1211 = CARTESIAN_POINT ( 'NONE',  ( -2.259624277268603709, -5.452333375285972394, -3.187001148131733519 ) ) ;
#1212 = VECTOR ( 'NONE', #5, 1000.000000000000000 ) ;
#1213 = ORIENTED_EDGE ( 'NONE', *, *, #1656, .T. ) ;
#1214 = CARTESIAN_POINT ( 'NONE',  ( -28.82626367136850121, 11.04866662471402883, 13.71299885186826550 ) ) ;
#1215 = DIRECTION ( 'NONE',  ( -0.000000000000000000, -1.000000000000000000, -0.000000000000000000 ) ) ;
#1216 = VERTEX_POINT ( 'NONE', #2070 ) ;
#1217 = FACE_OUTER_BOUND ( 'NONE', #964, .T. ) ;
#1218 = ORIENTED_EDGE ( 'NONE', *, *, #1357, .F. ) ;
#1219 = DIRECTION ( 'NONE',  ( 0.000000000000000000, 0.000000000000000000, 1.000000000000000000 ) ) ;
#1220 = CARTESIAN_POINT ( 'NONE',  ( 2.173736328631492576, 11.04866662471402883, -8.187001148131733075 ) ) ;
#1221 = LINE ( 'NONE', #1767, #1658 ) ;
#1222 = AXIS2_PLACEMENT_3D ( 'NONE', #2038, #88, #2377 ) ;
#1223 = EDGE_CURVE ( 'NONE', #1251, #2366, #2458, .T. ) ;
#1224 = AXIS2_PLACEMENT_3D ( 'NONE', #274, #2430, #1087 ) ;
#1225 = EDGE_LOOP ( 'NONE', ( #2292, #623, #2375, #2475 ) ) ;
#1226 = DIRECTION ( 'NONE',  ( 0.000000000000000000, 0.000000000000000000, 1.000000000000000000 ) ) ;
#1227 = ORIENTED_EDGE ( 'NONE', *, *, #901, .F. ) ;
#1228 = PERSON_AND_ORGANIZATION ( #14, #1329 ) ;
#1229 = FACE_OUTER_BOUND ( 'NONE', #1171, .T. ) ;
#1230 = ORIENTED_EDGE ( 'NONE', *, *, #168, .F. ) ;
#1231 = CARTESIAN_POINT ( 'NONE',  ( -17.73475153435742513, 9.054086237119099323, 13.61841846427333635 ) ) ;
#1232 = CARTESIAN_POINT ( 'NONE',  ( 2.173736328631492576, 11.04866662471402883, 11.81299885186826693 ) ) ;
#1233 = EDGE_CURVE ( 'NONE', #27, #2256, #1090, .T. ) ;
#1234 = EDGE_CURVE ( 'NONE', #417, #2091, #1104, .T. ) ;
#1235 = CARTESIAN_POINT ( 'NONE',  ( -2.259624277268603709, 9.048666624714027051, -3.187001148131733519 ) ) ;
#1236 = DIRECTION ( 'NONE',  ( -0.000000000000000000, 1.000000000000000000, -0.000000000000000000 ) ) ;
#1237 = ORIENTED_EDGE ( 'NONE', *, *, #313, .T. ) ;
#1238 = VECTOR ( 'NONE', #2374, 1000.000000000000000 ) ;
#1239 = CARTESIAN_POINT ( 'NONE',  ( 5.140100140095506198, 14.04866662471402883, -14.18700114813173307 ) ) ;
#1240 = ORIENTED_EDGE ( 'NONE', *, *, #2419, .F. ) ;
#1241 = CARTESIAN_POINT ( 'NONE',  ( -2.809624277268600867, 9.048666624714027051, 8.558401192256107848 ) ) ;
#1242 = CARTESIAN_POINT ( 'NONE',  ( -24.26806044570588128, 14.04866662471402883, -5.993829239942333409 ) ) ;
#1243 = DIRECTION ( 'NONE',  ( -0.000000000000000000, 1.000000000000000000, -0.000000000000000000 ) ) ;
#1244 = ORIENTED_EDGE ( 'NONE', *, *, #2273, .F. ) ;
#1245 = CARTESIAN_POINT ( 'NONE',  ( -25.71806044570586280, 9.048666624714027051, 6.812998851868266925 ) ) ;
#1246 = VECTOR ( 'NONE', #2441, 1000.000000000000000 ) ;
#1247 = AXIS2_PLACEMENT_3D ( 'NONE', #535, #952, #146 ) ;
#1248 = EDGE_CURVE ( 'NONE', #924, #637, #912, .T. ) ;
#1249 = ORIENTED_EDGE ( 'NONE', *, *, #313, .F. ) ;
#1250 = DIRECTION ( 'NONE',  ( 0.000000000000000000, 0.000000000000000000, 1.000000000000000000 ) ) ;
#1251 = VERTEX_POINT ( 'NONE', #899 ) ;
#1252 = EDGE_CURVE ( 'NONE', #1006, #358, #674, .T. ) ;
#1253 = CARTESIAN_POINT ( 'NONE',  ( 7.140100140095498205, 10.04866662471402883, -8.487001148131733785 ) ) ;
#1254 = FACE_OUTER_BOUND ( 'NONE', #1134, .T. ) ;
#1255 = CARTESIAN_POINT ( 'NONE',  ( -28.82626367136850121, 26.04866662471402705, -8.187001148131733075 ) ) ;
#1256 = ORIENTED_EDGE ( 'NONE', *, *, #702, .F. ) ;
#1257 = FACE_OUTER_BOUND ( 'NONE', #1686, .T. ) ;
#1258 = LINE ( 'NONE', #521, #145 ) ;
#1259 = CIRCLE ( 'NONE', #34, 1.899999999999999023 ) ;
#1260 = ORIENTED_EDGE ( 'NONE', *, *, #281, .F. ) ;
#1261 = EDGE_CURVE ( 'NONE', #68, #1310, #519, .T. ) ;
#1262 = CARTESIAN_POINT ( 'NONE',  ( 8.140100140095501757, 14.04866662471402883, -11.18700114813172419 ) ) ;
#1263 = CARTESIAN_POINT ( 'NONE',  ( -4.259624277268604153, 9.048666624714027051, 8.558401192256107848 ) ) ;
#1264 = CARTESIAN_POINT ( 'NONE',  ( -31.62626367136851258, 9.548666624714027051, -10.48700114813173201 ) ) ;
#1265 = ORIENTED_EDGE ( 'NONE', *, *, #2144, .F. ) ;
#1266 = LINE ( 'NONE', #895, #1818 ) ;
#1267 = EDGE_CURVE ( 'NONE', #2373, #2306, #2445, .T. ) ;
#1268 = CARTESIAN_POINT ( 'NONE',  ( -28.82626367136850121, 11.04866662471402883, -10.08700114813173165 ) ) ;
#1269 = ORIENTED_EDGE ( 'NONE', *, *, #2484, .T. ) ;
#1270 = LINE ( 'NONE', #105, #1563 ) ;
#1271 = CARTESIAN_POINT ( 'NONE',  ( -17.22562254405426074, 9.146408929643984109, 13.71074115679822292 ) ) ;
#1272 = EDGE_LOOP ( 'NONE', ( #827, #578, #225, #931 ) ) ;
#1273 = CARTESIAN_POINT ( 'NONE',  ( -16.82749871060619995, 9.090682006641680246, 13.65501423379591905 ) ) ;
#1274 = DIRECTION ( 'NONE',  ( 0.000000000000000000, -1.000000000000000000, 0.000000000000000000 ) ) ;
#1275 = LINE ( 'NONE', #1665, #927 ) ;
#1276 = VECTOR ( 'NONE', #1788, 999.9999999999998863 ) ;
#1277 = EDGE_LOOP ( 'NONE', ( #1660, #1979 ) ) ;
#1278 = CYLINDRICAL_SURFACE ( 'NONE', #764, 0.5500000000000001554 ) ;
#1279 = CARTESIAN_POINT ( 'NONE',  ( 2.173736328631492576, 11.04866662471402883, 11.81299885186826693 ) ) ;
#1280 = ADVANCED_FACE ( 'NONE', ( #479 ), #1051, .F. ) ;
#1281 = LINE ( 'NONE', #506, #1127 ) ;
#1282 = DIRECTION ( 'NONE',  ( -0.000000000000000000, 1.000000000000000000, -0.000000000000000000 ) ) ;
#1283 = EDGE_LOOP ( 'NONE', ( #82, #2036, #1495, #2148 ) ) ;
#1284 = AXIS2_PLACEMENT_3D ( 'NONE', #196, #1599, #2345 ) ;
#1285 = FACE_OUTER_BOUND ( 'NONE', #1965, .T. ) ;
#1286 = CC_DESIGN_APPROVAL ( #71, ( #224 ) ) ;
#1287 = LINE ( 'NONE', #1851, #552 ) ;
#1288 = AXIS2_PLACEMENT_3D ( 'NONE', #1986, #179, #1597 ) ;
#1289 = FACE_OUTER_BOUND ( 'NONE', #2010, .T. ) ;
#1290 = ORIENTED_EDGE ( 'NONE', *, *, #1267, .T. ) ;
#1291 = CARTESIAN_POINT ( 'NONE',  ( 2.173736328631493020, 11.04866662471402883, 8.812998851868265149 ) ) ;
#1292 = LINE ( 'NONE', #181, #990 ) ;
#1293 = ORIENTED_EDGE ( 'NONE', *, *, #1588, .T. ) ;
#1294 = EDGE_CURVE ( 'NONE', #1307, #2217, #2409, .T. ) ;
#1295 = CARTESIAN_POINT ( 'NONE',  ( -31.29262748283250062, -5.452333375285972394, -0.1870011481317334634 ) ) ;
#1296 = FACE_OUTER_BOUND ( 'NONE', #321, .T. ) ;
#1297 = ORIENTED_EDGE ( 'NONE', *, *, #483, .F. ) ;
#1298 = CARTESIAN_POINT ( 'NONE',  ( -2.259624277268603709, -5.452333375285972394, 6.262998851868265326 ) ) ;
#1299 = AXIS2_PLACEMENT_3D ( 'NONE', #2403, #1792, #51 ) ;
#1300 = DIRECTION ( 'NONE',  ( -0.000000000000000000, -1.000000000000000000, -0.000000000000000000 ) ) ;
#1301 = ORIENTED_EDGE ( 'NONE', *, *, #1101, .T. ) ;
#1302 = AXIS2_PLACEMENT_3D ( 'NONE', #2416, #297, #1063 ) ;
#1303 = DIRECTION ( 'NONE',  ( -0.000000000000000000, 1.000000000000000000, -0.000000000000000000 ) ) ;
#1304 = VERTEX_POINT ( 'NONE', #857 ) ;
#1305 = DIRECTION ( 'NONE',  ( 0.000000000000000000, 1.000000000000000000, 0.000000000000000000 ) ) ;
#1306 = LINE ( 'NONE', #2322, #650 ) ;
#1307 = VERTEX_POINT ( 'NONE', #287 ) ;
#1308 = CARTESIAN_POINT ( 'NONE',  ( -26.26806044570588483, 14.04866662471402883, -2.637001148131731920 ) ) ;
#1309 = ADVANCED_FACE ( 'NONE', ( #659 ), #687, .F. ) ;
#1310 = VERTEX_POINT ( 'NONE', #469 ) ;
#1311 = CARTESIAN_POINT ( 'NONE',  ( -34.62626367136850547, 14.04866662471402883, 17.81299885186826515 ) ) ;
#1312 = EDGE_LOOP ( 'NONE', ( #781, #1893, #1331, #1810, #2337, #1554, #1069, #914, #555 ) ) ;
#1313 = ADVANCED_FACE ( 'NONE', ( #1257 ), #83, .F. ) ;
#1314 = VERTEX_POINT ( 'NONE', #2323 ) ;
#1315 = LINE ( 'NONE', #2466, #1048 ) ;
#1316 = VERTEX_POINT ( 'NONE', #354 ) ;
#1317 = DIRECTION ( 'NONE',  ( 0.000000000000000000, 1.000000000000000000, 0.000000000000000000 ) ) ;
#1318 = AXIS2_PLACEMENT_3D ( 'NONE', #1416, #242, #2387 ) ;
#1319 = DIRECTION ( 'NONE',  ( 0.000000000000000000, 1.000000000000000000, 0.000000000000000000 ) ) ;
#1320 = AXIS2_PLACEMENT_3D ( 'NONE', #2326, #574, #770 ) ;
#1321 = ORIENTED_EDGE ( 'NONE', *, *, #1357, .T. ) ;
#1322 = VECTOR ( 'NONE', #2437, 1000.000000000000114 ) ;
#1323 = CARTESIAN_POINT ( 'NONE',  ( -28.82626367136850121, 26.04866662471402705, 13.71299885186826550 ) ) ;
#1324 = CARTESIAN_POINT ( 'NONE',  ( -31.62626367136850547, 14.04866662471402883, -14.18700114813173307 ) ) ;
#1325 = ORIENTED_EDGE ( 'NONE', *, *, #1766, .T. ) ;
#1326 = DIRECTION ( 'NONE',  ( 0.000000000000000000, 0.000000000000000000, -1.000000000000000000 ) ) ;
#1327 = CYLINDRICAL_SURFACE ( 'NONE', #1853, 2.000000000000000000 ) ;
#1328 = ORIENTED_EDGE ( 'NONE', *, *, #592, .T. ) ;
#1329 = ORGANIZATION ( 'UNSPECIFIED', 'UNSPECIFIED', '' ) ;
#1330 = DIRECTION ( 'NONE',  ( 0.000000000000000000, 0.000000000000000000, 1.000000000000000000 ) ) ;
#1331 = ORIENTED_EDGE ( 'NONE', *, *, #2199, .F. ) ;
#1332 = CARTESIAN_POINT ( 'NONE',  ( -33.62626367136851258, 9.548666624714027051, -8.487001148131733785 ) ) ;
#1333 = AXIS2_PLACEMENT_3D ( 'NONE', #2181, #441, #1950 ) ;
#1334 = DIRECTION ( 'NONE',  ( -0.000000000000000000, 1.000000000000000000, -0.000000000000000000 ) ) ;
#1335 = DIRECTION ( 'NONE',  ( 1.263148162119034378E-16, 0.000000000000000000, 1.000000000000000000 ) ) ;
#1336 = ORIENTED_EDGE ( 'NONE', *, *, #2419, .T. ) ;
#1337 = FACE_OUTER_BOUND ( 'NONE', #6, .T. ) ;
#1338 = DIRECTION ( 'NONE',  ( 0.000000000000000000, 1.000000000000000000, 0.000000000000000000 ) ) ;
#1339 = VERTEX_POINT ( 'NONE', #144 ) ;
#1340 = ADVANCED_FACE ( 'NONE', ( #962 ), #978, .T. ) ;
#1341 = AXIS2_PLACEMENT_3D ( 'NONE', #1820, #2456, #869 ) ;
#1342 = FACE_OUTER_BOUND ( 'NONE', #2283, .T. ) ;
#1343 = ORIENTED_EDGE ( 'NONE', *, *, #1515, .T. ) ;
#1344 = CARTESIAN_POINT ( 'NONE',  ( -16.82749871060619640, 14.04866662471402883, -10.02901653005939409 ) ) ;
#1345 = VECTOR ( 'NONE', #2259, 1000.000000000000000 ) ;
#1346 = CARTESIAN_POINT ( 'NONE',  ( -17.73475153435742513, 14.04866662471402883, -9.992420760536811386 ) ) ;
#1347 = EDGE_CURVE ( 'NONE', #2007, #27, #778, .T. ) ;
#1348 = CARTESIAN_POINT ( 'NONE',  ( -2.809624277268603976, 14.04866662471402883, -3.187001148131733519 ) ) ;
#1349 = ORIENTED_EDGE ( 'NONE', *, *, #790, .T. ) ;
#1350 = DIRECTION ( 'NONE',  ( 0.000000000000000000, 0.000000000000000000, 1.000000000000000000 ) ) ;
#1351 = CARTESIAN_POINT ( 'NONE',  ( -28.82626367136850121, 26.04866662471402705, -8.187001148131733075 ) ) ;
#1352 = ORIENTED_EDGE ( 'NONE', *, *, #1838, .T. ) ;
#1353 = CARTESIAN_POINT ( 'NONE',  ( -28.84262748283250488, 9.048666624714027051, 6.262998851868262662 ) ) ;
#1354 = VERTEX_POINT ( 'NONE', #1143 ) ;
#1355 = DIRECTION ( 'NONE',  ( 0.000000000000000000, -0.000000000000000000, 1.000000000000000000 ) ) ;
#1356 = CARTESIAN_POINT ( 'NONE',  ( -17.22562254405426074, -5.452333375285972394, 13.71074115679822292 ) ) ;
#1357 = EDGE_CURVE ( 'NONE', #797, #1548, #1938, .T. ) ;
#1358 = AXIS2_PLACEMENT_3D ( 'NONE', #1441, #2265, #510 ) ;
#1359 = EDGE_CURVE ( 'NONE', #1683, #2366, #2135, .T. ) ;
#1360 = ORIENTED_EDGE ( 'NONE', *, *, #2173, .F. ) ;
#1361 = CIRCLE ( 'NONE', #1647, 3.000000000000000888 ) ;
#1362 = DIRECTION ( 'NONE',  ( 0.000000000000000000, 1.000000000000000000, 0.000000000000000000 ) ) ;
#1363 = CARTESIAN_POINT ( 'NONE',  ( -2.809624277268604420, 9.048666624714027051, -4.932403488519573109 ) ) ;
#1364 = VECTOR ( 'NONE', #2186, 1000.000000000000000 ) ;
#1365 = EDGE_LOOP ( 'NONE', ( #649, #1027 ) ) ;
#1366 = CARTESIAN_POINT ( 'NONE',  ( -24.26806044570588128, 9.048666624714027051, 9.619826943678866371 ) ) ;
#1367 = ORIENTED_EDGE ( 'NONE', *, *, #2096, .F. ) ;
#1368 = FACE_OUTER_BOUND ( 'NONE', #1910, .T. ) ;
#1369 = AXIS2_PLACEMENT_3D ( 'NONE', #1242, #655, #490 ) ;
#1370 = CARTESIAN_POINT ( 'NONE',  ( -4.259624277268604153, -5.452333375285972394, -4.932403488519573109 ) ) ;
#1371 = AXIS2_PLACEMENT_3D ( 'NONE', #2460, #1488, #480 ) ;
#1372 = VECTOR ( 'NONE', #2106, 1000.000000000000000 ) ;
#1373 = EDGE_CURVE ( 'NONE', #27, #1721, #377, .T. ) ;
#1374 = VERTEX_POINT ( 'NONE', #2513 ) ;
#1375 = ADVANCED_FACE ( 'NONE', ( #159 ), #1748, .F. ) ;
#1376 = CARTESIAN_POINT ( 'NONE',  ( -3.861500443820541584, 9.048666624714027051, 9.952674269253805051 ) ) ;
#1377 = LINE ( 'NONE', #2163, #466 ) ;
#1378 = ORIENTED_EDGE ( 'NONE', *, *, #706, .T. ) ;
#1379 = FACE_OUTER_BOUND ( 'NONE', #791, .T. ) ;
#1380 = EDGE_LOOP ( 'NONE', ( #2440, #2320, #1050, #413 ) ) ;
#1381 = FACE_OUTER_BOUND ( 'NONE', #1777, .T. ) ;
#1382 = CARTESIAN_POINT ( 'NONE',  ( 2.173736328631492576, 11.04866662471402883, 14.81299885186826693 ) ) ;
#1383 = CIRCLE ( 'NONE', #2288, 0.5500000000000010436 ) ;
#1384 = ORIENTED_EDGE ( 'NONE', *, *, #805, .T. ) ;
#1385 = DIRECTION ( 'NONE',  ( -0.3511234415883913162, 0.000000000000000000, 0.9363291775690446572 ) ) ;
#1386 = CARTESIAN_POINT ( 'NONE',  ( -17.73475153435742513, -5.452333375285972394, 13.61841846427333635 ) ) ;
#1387 = ADVANCED_FACE ( 'NONE', ( #127 ), #339, .T. ) ;
#1388 = ORIENTED_EDGE ( 'NONE', *, *, #2086, .F. ) ;
#1389 = DATE_AND_TIME ( #2189, #2391 ) ;
#1390 = DIRECTION ( 'NONE',  ( 2.168404344971008868E-16, 0.000000000000000000, 1.000000000000000000 ) ) ;
#1391 = ORIENTED_EDGE ( 'NONE', *, *, #61, .T. ) ;
#1392 = CARTESIAN_POINT ( 'NONE',  ( 6.640100140095498205, 9.048666624714027051, -8.487001148131733785 ) ) ;
#1393 = EDGE_CURVE ( 'NONE', #1623, #2136, #2314, .T. ) ;
#1394 = DIRECTION ( 'NONE',  ( 0.7071067811865483499, -0.000000000000000000, -0.7071067811865466846 ) ) ;
#1395 = CYLINDRICAL_SURFACE ( 'NONE', #1333, 1.899999999999999023 ) ;
#1396 = ORIENTED_EDGE ( 'NONE', *, *, #4, .T. ) ;
#1397 = AXIS2_PLACEMENT_3D ( 'NONE', #786, #1909, #1920 ) ;
#1398 = CARTESIAN_POINT ( 'NONE',  ( 2.173736328631493020, 26.04866662471402705, -6.287001148131732720 ) ) ;
#1399 = DIRECTION ( 'NONE',  ( 0.000000000000000000, 1.000000000000000000, 0.000000000000000000 ) ) ;
#1400 = AXIS2_PLACEMENT_3D ( 'NONE', #609, #457, #414 ) ;
#1401 = ORIENTED_EDGE ( 'NONE', *, *, #1025, .F. ) ;
#1402 = CARTESIAN_POINT ( 'NONE',  ( -17.22562254405426074, 14.04866662471402883, 12.26074115679822540 ) ) ;
#1403 = ORIENTED_EDGE ( 'NONE', *, *, #2275, .F. ) ;
#1404 = AXIS2_PLACEMENT_3D ( 'NONE', #22, #1580, #2362 ) ;
#1405 = DIRECTION ( 'NONE',  ( 0.000000000000000000, 1.000000000000000000, 0.000000000000000000 ) ) ;
#1406 = EDGE_CURVE ( 'NONE', #1972, #95, #1710, .T. ) ;
#1407 = CARTESIAN_POINT ( 'NONE',  ( -26.26806044570586351, 9.048666624714027051, 6.812998851868266925 ) ) ;
#1408 = CARTESIAN_POINT ( 'NONE',  ( 2.173736328631492576, 26.04866662471402705, -8.187001148131733075 ) ) ;
#1409 = CIRCLE ( 'NONE', #891, 3.000000000000000888 ) ;
#1410 = CC_DESIGN_APPROVAL ( #1542, ( #151 ) ) ;
#1411 = AXIS2_PLACEMENT_3D ( 'NONE', #1185, #12, #2357 ) ;
#1412 = EDGE_LOOP ( 'NONE', ( #1240, #1189, #1079, #1227 ) ) ;
#1413 = DIRECTION ( 'NONE',  ( -0.000000000000000000, -1.000000000000000000, -0.000000000000000000 ) ) ;
#1414 = ORIENTED_EDGE ( 'NONE', *, *, #415, .T. ) ;
#1415 = PERSON_AND_ORGANIZATION_ROLE ( 'classification_officer' ) ;
#1416 = CARTESIAN_POINT ( 'NONE',  ( -28.82626367136850121, 11.04866662471402883, -8.187001148131733075 ) ) ;
#1417 = VERTEX_POINT ( 'NONE', #780 ) ;
#1418 = CARTESIAN_POINT ( 'NONE',  ( 7.140100140095499093, 9.548666624714027051, 12.11299885186826586 ) ) ;
#1419 = ADVANCED_FACE ( 'NONE', ( #1129 ), #2486, .F. ) ;
#1420 = EDGE_CURVE ( 'NONE', #2141, #797, #1885, .T. ) ;
#1421 = DIRECTION ( 'NONE',  ( -0.000000000000000000, 1.000000000000000000, -0.000000000000000000 ) ) ;
#1422 = LINE ( 'NONE', #476, #226 ) ;
#1423 = VECTOR ( 'NONE', #951, 1000.000000000000000 ) ;
#1424 = AXIS2_PLACEMENT_3D ( 'NONE', #765, #2274, #557 ) ;
#1425 = ORIENTED_EDGE ( 'NONE', *, *, #2003, .T. ) ;
#1426 = CARTESIAN_POINT ( 'NONE',  ( 7.140100140095500869, 9.548666624714027051, 12.11299885186826586 ) ) ;
#1427 = EDGE_LOOP ( 'NONE', ( #1833, #1336 ) ) ;
#1428 = APPROVAL_DATE_TIME ( #651, #71 ) ;
#1429 = PLANE ( 'NONE',  #963 ) ;
#1430 = VERTEX_POINT ( 'NONE', #1323 ) ;
#1431 = DIRECTION ( 'NONE',  ( -1.000000000000000000, -0.000000000000000000, -0.000000000000000000 ) ) ;
#1432 = DIRECTION ( 'NONE',  ( 0.000000000000000000, 1.000000000000000000, 0.000000000000000000 ) ) ;
#1433 = EDGE_CURVE ( 'NONE', #2007, #1972, #751, .T. ) ;
#1434 = LINE ( 'NONE', #881, #447 ) ;
#1435 = EDGE_LOOP ( 'NONE', ( #563, #1213 ) ) ;
#1436 = EDGE_CURVE ( 'NONE', #153, #1643, #1148, .T. ) ;
#1437 = CARTESIAN_POINT ( 'NONE',  ( -17.22562254405426074, -5.452333375285972394, 12.26074115679822540 ) ) ;
#1438 = ORIENTED_EDGE ( 'NONE', *, *, #1887, .F. ) ;
#1439 = AXIS2_PLACEMENT_3D ( 'NONE', #2331, #1763, #1330 ) ;
#1440 = COORDINATED_UNIVERSAL_TIME_OFFSET ( 0, 0, .AHEAD. ) ;
#1441 = CARTESIAN_POINT ( 'NONE',  ( 2.173736328631492576, 11.04866662471402883, -8.187001148131733075 ) ) ;
#1442 = VERTEX_POINT ( 'NONE', #1527 ) ;
#1443 = VECTOR ( 'NONE', #302, 1000.000000000000000 ) ;
#1444 = CIRCLE ( 'NONE', #1648, 3.000000000000000888 ) ;
#1445 = DIRECTION ( 'NONE',  ( -0.000000000000000000, -1.000000000000000000, -0.000000000000000000 ) ) ;
#1446 = CARTESIAN_POINT ( 'NONE',  ( -34.62626367136851258, 14.04866662471402883, -11.18700114813173130 ) ) ;
#1447 = AXIS2_PLACEMENT_3D ( 'NONE', #1007, #1607, #826 ) ;
#1448 = DIRECTION ( 'NONE',  ( -0.9363291775690444352, 0.000000000000000000, 0.3511234415883917603 ) ) ;
#1449 = EDGE_LOOP ( 'NONE', ( #1518, #2363, #1939, #1109 ) ) ;
#1450 = DIRECTION ( 'NONE',  ( -0.000000000000000000, 1.000000000000000000, -0.000000000000000000 ) ) ;
#1451 = AXIS2_PLACEMENT_3D ( 'NONE', #1446, #854, #666 ) ;
#1452 = EDGE_CURVE ( 'NONE', #294, #1994, #2109, .T. ) ;
#1453 = ORIENTED_EDGE ( 'NONE', *, *, #292, .T. ) ;
#1454 = CARTESIAN_POINT ( 'NONE',  ( -28.82626367136850121, 14.04866662471402883, 14.81299885186826693 ) ) ;
#1455 = LINE ( 'NONE', #875, #800 ) ;
#1456 = VERTEX_POINT ( 'NONE', #1116 ) ;
#1457 = DIRECTION ( 'NONE',  ( 0.000000000000000000, 0.000000000000000000, 1.000000000000000000 ) ) ;
#1458 = ORIENTED_EDGE ( 'NONE', *, *, #325, .T. ) ;
#1459 = CARTESIAN_POINT ( 'NONE',  ( 5.140100140095499093, 10.04866662471402883, -8.487001148131733785 ) ) ;
#1460 = VERTEX_POINT ( 'NONE', #1723 ) ;
#1461 = AXIS2_PLACEMENT_3D ( 'NONE', #1163, #2526, #1553 ) ;
#1462 = DIRECTION ( 'NONE',  ( 0.000000000000000000, 0.000000000000000000, 1.000000000000000000 ) ) ;
#1463 = DIRECTION ( 'NONE',  ( 1.000000000000000000, -0.000000000000000000, 1.949248215470848096E-16 ) ) ;
#1464 = VECTOR ( 'NONE', #531, 1000.000000000000114 ) ;
#1465 = ORIENTED_EDGE ( 'NONE', *, *, #898, .F. ) ;
#1466 = PLANE ( 'NONE',  #1125 ) ;
#1467 = EDGE_CURVE ( 'NONE', #1888, #2528, #170, .T. ) ;
#1468 = CARTESIAN_POINT ( 'NONE',  ( 2.173736328631492576, 26.04866662471402705, -8.187001148131733075 ) ) ;
#1469 = VERTEX_POINT ( 'NONE', #1210 ) ;
#1470 = FACE_OUTER_BOUND ( 'NONE', #2454, .T. ) ;
#1471 = EDGE_LOOP ( 'NONE', ( #2187, #1705 ) ) ;
#1472 = DIRECTION ( 'NONE',  ( 0.000000000000000000, 0.000000000000000000, -1.000000000000000000 ) ) ;
#1473 = CARTESIAN_POINT ( 'NONE',  ( -25.71806044570588767, -5.452333375285972394, -5.993829239942333409 ) ) ;
#1474 = ORIENTED_EDGE ( 'NONE', *, *, #2005, .F. ) ;
#1475 = CARTESIAN_POINT ( 'NONE',  ( -16.82749871060619995, 9.090682006641680246, 13.65501423379591905 ) ) ;
#1476 = CARTESIAN_POINT ( 'NONE',  ( -28.82626367136850121, 11.04866662471402883, -5.187001148131739292 ) ) ;
#1477 = ORIENTED_EDGE ( 'NONE', *, *, #774, .F. ) ;
#1478 = CARTESIAN_POINT ( 'NONE',  ( -17.22562254405426074, 9.146408929643984109, 13.71074115679822292 ) ) ;
#1479 = ORIENTED_EDGE ( 'NONE', *, *, #1058, .T. ) ;
#1480 = ADVANCED_FACE ( 'NONE', ( #231 ), #41, .F. ) ;
#1481 = EDGE_LOOP ( 'NONE', ( #596, #1593 ) ) ;
#1482 = CARTESIAN_POINT ( 'NONE',  ( 2.173736328631492576, 26.04866662471402705, -8.187001148131733075 ) ) ;
#1483 = VECTOR ( 'NONE', #1808, 1000.000000000000000 ) ;
#1484 = DIRECTION ( 'NONE',  ( 0.000000000000000000, 0.000000000000000000, 1.000000000000000000 ) ) ;
#1485 = AXIS2_PLACEMENT_3D ( 'NONE', #2255, #540, #487 ) ;
#1486 = ORIENTED_EDGE ( 'NONE', *, *, #520, .F. ) ;
#1487 = DIRECTION ( 'NONE',  ( -0.000000000000000000, 1.000000000000000000, -0.000000000000000000 ) ) ;
#1488 = DIRECTION ( 'NONE',  ( -0.000000000000000000, 1.000000000000000000, -0.000000000000000000 ) ) ;
#1489 = VERTEX_POINT ( 'NONE', #2218 ) ;
#1490 = DIRECTION ( 'NONE',  ( 0.000000000000000000, -0.000000000000000000, 1.000000000000000000 ) ) ;
#1491 = EDGE_LOOP ( 'NONE', ( #2342, #1244 ) ) ;
#1492 = AXIS2_PLACEMENT_3D ( 'NONE', #1010, #579, #1765 ) ;
#1493 = ORIENTED_EDGE ( 'NONE', *, *, #625, .T. ) ;
#1494 = DIRECTION ( 'NONE',  ( -0.000000000000000000, 1.000000000000000000, -0.000000000000000000 ) ) ;
#1495 = ORIENTED_EDGE ( 'NONE', *, *, #137, .T. ) ;
#1496 = DIRECTION ( 'NONE',  ( 0.000000000000000000, 0.000000000000000000, 1.000000000000000000 ) ) ;
#1497 = DIRECTION ( 'NONE',  ( -1.084202172485504434E-16, -0.000000000000000000, -1.000000000000000000 ) ) ;
#1498 = ADVANCED_FACE ( 'NONE', ( #1816 ), #853, .F. ) ;
#1499 = EDGE_LOOP ( 'NONE', ( #1736, #2088 ) ) ;
#1500 = DIRECTION ( 'NONE',  ( -0.9615676393087542184, 0.000000000000000000, -0.2745681609986661553 ) ) ;
#1501 = CARTESIAN_POINT ( 'NONE',  ( -17.73475153435742513, 9.054086237119099323, 13.61841846427333635 ) ) ;
#1502 = ORIENTED_EDGE ( 'NONE', *, *, #2484, .F. ) ;
#1503 = LINE ( 'NONE', #2293, #2183 ) ;
#1504 = AXIS2_PLACEMENT_3D ( 'NONE', #872, #2043, #572 ) ;
#1505 = VERTEX_POINT ( 'NONE', #65 ) ;
#1506 = ORIENTED_EDGE ( 'NONE', *, *, #439, .F. ) ;
#1507 = FACE_BOUND ( 'NONE', #1076, .T. ) ;
#1508 = ORIENTED_EDGE ( 'NONE', *, *, #2289, .F. ) ;
#1509 = CARTESIAN_POINT ( 'NONE',  ( 2.173736328631493020, 14.04866662471402883, -11.18700114813173485 ) ) ;
#1510 = LINE ( 'NONE', #2300, #1464 ) ;
#1511 = EDGE_CURVE ( 'NONE', #1192, #2418, #1383, .T. ) ;
#1512 = EDGE_CURVE ( 'NONE', #1952, #544, #1803, .T. ) ;
#1513 = DIRECTION ( 'NONE',  ( -1.000000000000000000, 0.000000000000000000, -3.368961559285843567E-16 ) ) ;
#1514 = LINE ( 'NONE', #160, #143 ) ;
#1515 = EDGE_CURVE ( 'NONE', #1929, #626, #648, .T. ) ;
#1516 = CARTESIAN_POINT ( 'NONE',  ( 4.640100140095499093, 14.04866662471402883, 3.812998851868266925 ) ) ;
#1517 = DIRECTION ( 'NONE',  ( 0.000000000000000000, 1.000000000000000000, 0.000000000000000000 ) ) ;
#1518 = ORIENTED_EDGE ( 'NONE', *, *, #2220, .F. ) ;
#1519 = LINE ( 'NONE', #1946, #840 ) ;
#1520 = ORIENTED_EDGE ( 'NONE', *, *, #2080, .T. ) ;
#1521 = DIRECTION ( 'NONE',  ( -0.000000000000000000, -1.000000000000000000, -0.000000000000000000 ) ) ;
#1522 = AXIS2_PLACEMENT_3D ( 'NONE', #293, #526, #1457 ) ;
#1523 = CARTESIAN_POINT ( 'NONE',  ( -26.26806044570586351, -5.452333375285972394, 6.812998851868266925 ) ) ;
#1524 = VECTOR ( 'NONE', #1326, 1000.000000000000000 ) ;
#1525 = ORIENTED_EDGE ( 'NONE', *, *, #168, .T. ) ;
#1526 = VECTOR ( 'NONE', #8, 1000.000000000000000 ) ;
#1527 = CARTESIAN_POINT ( 'NONE',  ( -17.22562254405426074, 9.146408929643984109, 13.71074115679822292 ) ) ;
#1528 = VERTEX_POINT ( 'NONE', #1241 ) ;
#1529 = DIRECTION ( 'NONE',  ( 0.000000000000000000, 0.000000000000000000, 1.000000000000000000 ) ) ;
#1530 = CARTESIAN_POINT ( 'NONE',  ( -28.82626367136850121, 11.04866662471402883, 14.81299885186826693 ) ) ;
#1531 = ADVANCED_FACE ( 'NONE', ( #1650 ), #2394, .T. ) ;
#1532 = ORIENTED_EDGE ( 'NONE', *, *, #2499, .T. ) ;
#1533 = DIRECTION ( 'NONE',  ( 0.7071067811865466846, -0.000000000000000000, 0.7071067811865483499 ) ) ;
#1534 = EDGE_LOOP ( 'NONE', ( #2178, #2523, #2533, #433 ) ) ;
#1535 = CARTESIAN_POINT ( 'NONE',  ( -2.809624277268604864, 9.048666624714027051, -3.187001148131733519 ) ) ;
#1536 = VECTOR ( 'NONE', #1024, 1000.000000000000000 ) ;
#1537 = EDGE_CURVE ( 'NONE', #1374, #797, #1791, .T. ) ;
#1538 = DIRECTION ( 'NONE',  ( 0.000000000000000000, -1.000000000000000000, 0.000000000000000000 ) ) ;
#1539 = CARTESIAN_POINT ( 'NONE',  ( -34.62626367136851258, 14.04866662471402883, -14.18700114813173307 ) ) ;
#1540 = EDGE_LOOP ( 'NONE', ( #229, #1352, #202, #686 ) ) ;
#1541 = CARTESIAN_POINT ( 'NONE',  ( -2.259624277268603709, 9.048666624714027051, 6.812998851868266925 ) ) ;
#1542 = APPROVAL ( #661, 'UNSPECIFIED' ) ;
#1543 = CARTESIAN_POINT ( 'NONE',  ( -31.62626367136851258, 9.548666624714027051, 12.11299885186826586 ) ) ;
#1544 = VERTEX_POINT ( 'NONE', #426 ) ;
#1545 = EDGE_CURVE ( 'NONE', #2256, #582, #858, .T. ) ;
#1546 = VECTOR ( 'NONE', #276, 1000.000000000000000 ) ;
#1547 = CARTESIAN_POINT ( 'NONE',  ( 2.173736328631492576, 14.04866662471402883, 11.81299885186826693 ) ) ;
#1548 = VERTEX_POINT ( 'NONE', #2180 ) ;
#1549 = CARTESIAN_POINT ( 'NONE',  ( 5.140100140095499093, 10.04866662471402883, 12.11299885186826586 ) ) ;
#1550 = CIRCLE ( 'NONE', #1302, 2.999999999999993783 ) ;
#1551 = EDGE_CURVE ( 'NONE', #689, #2214, #606, .T. ) ;
#1552 = DIRECTION ( 'NONE',  ( 3.368395098984092168E-16, 0.000000000000000000, -1.000000000000000000 ) ) ;
#1553 = DIRECTION ( 'NONE',  ( 0.000000000000000000, 0.000000000000000000, -1.000000000000000000 ) ) ;
#1554 = ORIENTED_EDGE ( 'NONE', *, *, #2224, .F. ) ;
#1555 = DIRECTION ( 'NONE',  ( 0.000000000000000000, 0.000000000000000000, 1.000000000000000000 ) ) ;
#1556 = CARTESIAN_POINT ( 'NONE',  ( 8.140100140095505310, 14.04866662471402883, 14.81299885186827048 ) ) ;
#1557 = ORIENTED_EDGE ( 'NONE', *, *, #1058, .F. ) ;
#1558 = CARTESIAN_POINT ( 'NONE',  ( -24.77718943600903856, 9.048666624714027051, -7.351506547417453241 ) ) ;
#1559 = ORIENTED_EDGE ( 'NONE', *, *, #80, .T. ) ;
#1560 = CARTESIAN_POINT ( 'NONE',  ( -28.82626367136850121, 11.04866662471402883, 8.812998851868265149 ) ) ;
#1561 = CARTESIAN_POINT ( 'NONE',  ( -28.82626367136850121, 26.04866662471402705, -6.287001148131734496 ) ) ;
#1562 = VECTOR ( 'NONE', #109, 1000.000000000000000 ) ;
#1563 = VECTOR ( 'NONE', #2421, 1000.000000000000000 ) ;
#1564 = ORIENTED_EDGE ( 'NONE', *, *, #2240, .F. ) ;
#1565 = AXIS2_PLACEMENT_3D ( 'NONE', #2082, #714, #493 ) ;
#1566 = FACE_OUTER_BOUND ( 'NONE', #1796, .T. ) ;
#1567 = DIRECTION ( 'NONE',  ( -0.7071067811865474617, 0.7071067811865474617, 0.000000000000000000 ) ) ;
#1568 = CIRCLE ( 'NONE', #1695, 2.000000000000005329 ) ;
#1569 = EDGE_LOOP ( 'NONE', ( #812, #2400, #953, #2253 ) ) ;
#1570 = LINE ( 'NONE', #2341, #215 ) ;
#1571 = ORIENTED_EDGE ( 'NONE', *, *, #1936, .F. ) ;
#1572 = PLANE ( 'NONE',  #2518 ) ;
#1573 = EDGE_CURVE ( 'NONE', #492, #698, #197, .T. ) ;
#1574 = CIRCLE ( 'NONE', #1139, 2.449999999999999734 ) ;
#1575 = DIRECTION ( 'NONE',  ( -0.000000000000000000, 1.000000000000000000, -0.000000000000000000 ) ) ;
#1576 = ADVANCED_FACE ( 'NONE', ( #654, #440 ), #2025, .T. ) ;
#1577 = VERTEX_POINT ( 'NONE', #245 ) ;
#1578 = ADVANCED_FACE ( 'NONE', ( #841 ), #1613, .F. ) ;
#1579 = DIRECTION ( 'NONE',  ( -6.672592044385015673E-17, 0.7071067811865475727, -0.7071067811865475727 ) ) ;
#1580 = DIRECTION ( 'NONE',  ( -0.000000000000000000, 1.000000000000000000, -0.000000000000000000 ) ) ;
#1581 = ORIENTED_EDGE ( 'NONE', *, *, #1620, .T. ) ;
#1582 = DIRECTION ( 'NONE',  ( -9.436470165352104959E-17, 0.000000000000000000, -1.000000000000000000 ) ) ;
#1583 = VERTEX_POINT ( 'NONE', #1231 ) ;
#1584 = DIRECTION ( 'NONE',  ( 0.000000000000000000, 0.000000000000000000, -1.000000000000000000 ) ) ;
#1585 = DIRECTION ( 'NONE',  ( -0.000000000000000000, 1.000000000000000000, -0.000000000000000000 ) ) ;
#1586 = AXIS2_PLACEMENT_3D ( 'NONE', #2427, #630, #1625 ) ;
#1587 = CC_DESIGN_PERSON_AND_ORGANIZATION_ASSIGNMENT ( #861, #1634, ( #2069 ) ) ;
#1588 = EDGE_CURVE ( 'NONE', #1216, #458, #1061, .T. ) ;
#1589 = ORIENTED_EDGE ( 'NONE', *, *, #870, .T. ) ;
#1590 = LINE ( 'NONE', #429, #966 ) ;
#1591 = CARTESIAN_POINT ( 'NONE',  ( -2.809624277268600867, -5.452333375285972394, 6.812998851868266925 ) ) ;
#1592 = ADVANCED_FACE ( 'NONE', ( #866 ), #2413, .T. ) ;
#1593 = ORIENTED_EDGE ( 'NONE', *, *, #1627, .F. ) ;
#1594 = PERSON_AND_ORGANIZATION ( #14, #1329 ) ;
#1595 = LINE ( 'NONE', #850, #1238 ) ;
#1596 = VERTEX_POINT ( 'NONE', #1268 ) ;
#1597 = DIRECTION ( 'NONE',  ( 0.000000000000000000, 0.000000000000000000, 1.000000000000000000 ) ) ;
#1598 = DIRECTION ( 'NONE',  ( 0.000000000000000000, 1.000000000000000000, 0.000000000000000000 ) ) ;
#1599 = DIRECTION ( 'NONE',  ( 0.000000000000000000, 1.000000000000000000, 0.000000000000000000 ) ) ;
#1600 = ORIENTED_EDGE ( 'NONE', *, *, #406, .T. ) ;
#1601 = AXIS2_PLACEMENT_3D ( 'NONE', #2177, #1582, #1776 ) ;
#1602 = LINE ( 'NONE', #1618, #1693 ) ;
#1603 = ADVANCED_FACE ( 'NONE', ( #855 ), #2013, .T. ) ;
#1604 = AXIS2_PLACEMENT_3D ( 'NONE', #620, #7, #832 ) ;
#1605 = ORIENTED_EDGE ( 'NONE', *, *, #868, .T. ) ;
#1606 = PERSON_AND_ORGANIZATION_ROLE ( 'design_supplier' ) ;
#1607 = DIRECTION ( 'NONE',  ( 0.000000000000000000, 1.000000000000000000, 0.000000000000000000 ) ) ;
#1608 = EDGE_CURVE ( 'NONE', #2141, #1505, #2040, .T. ) ;
#1609 = VERTEX_POINT ( 'NONE', #90 ) ;
#1610 = VECTOR ( 'NONE', #2371, 1000.000000000000000 ) ;
#1611 = CYLINDRICAL_SURFACE ( 'NONE', #766, 0.5499999999999992673 ) ;
#1612 = EDGE_CURVE ( 'NONE', #1307, #2139, #2041, .T. ) ;
#1613 = CYLINDRICAL_SURFACE ( 'NONE', #2166, 2.449999999999998845 ) ;
#1614 = DIRECTION ( 'NONE',  ( 0.000000000000000000, 0.000000000000000000, 1.000000000000000000 ) ) ;
#1615 = VECTOR ( 'NONE', #1585, 1000.000000000000000 ) ;
#1616 = VECTOR ( 'NONE', #1778, 1000.000000000000000 ) ;
#1617 = ORIENTED_EDGE ( 'NONE', *, *, #581, .F. ) ;
#1618 = CARTESIAN_POINT ( 'NONE',  ( -16.82749871060619995, -5.452333375285972394, 13.65501423379591905 ) ) ;
#1619 = EDGE_LOOP ( 'NONE', ( #330, #961, #421, #701 ) ) ;
#1620 = EDGE_CURVE ( 'NONE', #1596, #814, #1259, .T. ) ;
#1621 = COORDINATED_UNIVERSAL_TIME_OFFSET ( 0, 0, .AHEAD. ) ;
#1622 = DIRECTION ( 'NONE',  ( -0.000000000000000000, 1.000000000000000000, -0.000000000000000000 ) ) ;
#1623 = VERTEX_POINT ( 'NONE', #81 ) ;
#1624 = EDGE_CURVE ( 'NONE', #1908, #147, #364, .T. ) ;
#1625 = DIRECTION ( 'NONE',  ( 0.000000000000000000, 0.000000000000000000, 1.000000000000000000 ) ) ;
#1626 = CARTESIAN_POINT ( 'NONE',  ( -28.82626367136850121, 14.04866662471402883, -11.18700114813172775 ) ) ;
#1627 = EDGE_CURVE ( 'NONE', #1089, #602, #2405, .T. ) ;
#1628 = AXIS2_PLACEMENT_3D ( 'NONE', #925, #2473, #2122 ) ;
#1629 = CARTESIAN_POINT ( 'NONE',  ( -24.26806044570588128, -5.452333375285972394, 9.619826943678866371 ) ) ;
#1630 = CIRCLE ( 'NONE', #1794, 1.900000000000000577 ) ;
#1631 = ORIENTED_EDGE ( 'NONE', *, *, #401, .T. ) ;
#1632 = CARTESIAN_POINT ( 'NONE',  ( -24.77718943600903856, 9.048666624714027051, 10.97750425115398620 ) ) ;
#1633 = ORIENTED_EDGE ( 'NONE', *, *, #592, .F. ) ;
#1634 = PERSON_AND_ORGANIZATION_ROLE ( 'creator' ) ;
#1635 = LINE ( 'NONE', #2411, #1276 ) ;
#1636 = ORIENTED_EDGE ( 'NONE', *, *, #1652, .T. ) ;
#1637 = DIRECTION ( 'NONE',  ( 1.000000000000000000, 0.000000000000000000, 6.737923118571688121E-16 ) ) ;
#1638 = CARTESIAN_POINT ( 'NONE',  ( -33.62626367136851968, 10.04866662471402883, 12.11299885186826586 ) ) ;
#1639 = EDGE_CURVE ( 'NONE', #760, #2431, #1550, .T. ) ;
#1640 = DIRECTION ( 'NONE',  ( 0.000000000000000000, 1.000000000000000000, 0.000000000000000000 ) ) ;
#1641 = VERTEX_POINT ( 'NONE', #685 ) ;
#1642 = DIRECTION ( 'NONE',  ( -0.7071067811865459074, 0.000000000000000000, -0.7071067811865491270 ) ) ;
#1643 = VERTEX_POINT ( 'NONE', #491 ) ;
#1644 = VECTOR ( 'NONE', #1533, 1000.000000000000000 ) ;
#1645 = CARTESIAN_POINT ( 'NONE',  ( -3.861500443820541584, -5.452333375285972394, 9.952674269253805051 ) ) ;
#1646 = ORIENTED_EDGE ( 'NONE', *, *, #2302, .F. ) ;
#1647 = AXIS2_PLACEMENT_3D ( 'NONE', #1941, #189, #982 ) ;
#1648 = AXIS2_PLACEMENT_3D ( 'NONE', #2151, #1517, #575 ) ;
#1649 = DIRECTION ( 'NONE',  ( 0.9363291775690446572, 0.000000000000000000, 0.3511234415883913162 ) ) ;
#1650 = FACE_OUTER_BOUND ( 'NONE', #342, .T. ) ;
#1651 = PLANE ( 'NONE',  #1451 ) ;
#1652 = EDGE_CURVE ( 'NONE', #2228, #207, #1434, .T. ) ;
#1653 = CARTESIAN_POINT ( 'NONE',  ( -34.62626367136851258, 10.04866662471402883, -11.18700114813173130 ) ) ;
#1654 = ORIENTED_EDGE ( 'NONE', *, *, #673, .F. ) ;
#1655 = AXIS2_PLACEMENT_3D ( 'NONE', #2389, #2083, #328 ) ;
#1656 = EDGE_CURVE ( 'NONE', #2, #819, #530, .T. ) ;
#1657 = CARTESIAN_POINT ( 'NONE',  ( 8.140100140095505310, 14.04866662471402883, 14.81299885186827048 ) ) ;
#1658 = VECTOR ( 'NONE', #42, 1000.000000000000000 ) ;
#1659 = DIRECTION ( 'NONE',  ( 1.000000000000000000, 0.000000000000000000, 0.000000000000000000 ) ) ;
#1660 = ORIENTED_EDGE ( 'NONE', *, *, #1955, .T. ) ;
#1661 = EDGE_CURVE ( 'NONE', #1489, #1577, #697, .T. ) ;
#1662 = DIRECTION ( 'NONE',  ( -0.000000000000000000, 1.000000000000000000, -0.000000000000000000 ) ) ;
#1663 = CARTESIAN_POINT ( 'NONE',  ( 5.140100140095499093, 9.548666624714027051, -10.48700114813173379 ) ) ;
#1664 = ORIENTED_EDGE ( 'NONE', *, *, #726, .F. ) ;
#1665 = CARTESIAN_POINT ( 'NONE',  ( -28.82626367136850121, 26.04866662471402705, 13.71299885186826550 ) ) ;
#1666 = VERTEX_POINT ( 'NONE', #67 ) ;
#1667 = CARTESIAN_POINT ( 'NONE',  ( -33.62626367136851258, 10.04866662471402883, -8.487001148131733785 ) ) ;
#1668 = DIRECTION ( 'NONE',  ( -1.000000000000000000, 0.000000000000000000, -1.949248215470848096E-16 ) ) ;
#1669 = ORIENTED_EDGE ( 'NONE', *, *, #1234, .T. ) ;
#1670 = AXIS2_PLACEMENT_3D ( 'NONE', #1834, #1823, #885 ) ;
#1671 = CARTESIAN_POINT ( 'NONE',  ( 2.173736328631493020, 26.04866662471402705, -6.287001148131732720 ) ) ;
#1672 = LINE ( 'NONE', #2072, #1819 ) ;
#1673 = ORIENTED_EDGE ( 'NONE', *, *, #269, .F. ) ;
#1674 = DIRECTION ( 'NONE',  ( 0.000000000000000000, 0.000000000000000000, 1.000000000000000000 ) ) ;
#1675 = CARTESIAN_POINT ( 'NONE',  ( -29.77627170142534041, 12.78810342759782692, -13.72643795101553188 ) ) ;
#1676 = EDGE_CURVE ( 'NONE', #255, #637, #1875, .T. ) ;
#1677 = DIRECTION ( 'NONE',  ( -1.000000000000000000, 0.000000000000000000, -1.949248215470848096E-16 ) ) ;
#1678 = EDGE_LOOP ( 'NONE', ( #892, #2089, #1260, #588 ) ) ;
#1679 = CARTESIAN_POINT ( 'NONE',  ( -28.84262748283250488, 14.04866662471402883, 6.262998851868262662 ) ) ;
#1680 = DIRECTION ( 'NONE',  ( 0.000000000000000000, 1.000000000000000000, 0.000000000000000000 ) ) ;
#1681 = DIRECTION ( 'NONE',  ( -0.000000000000000000, 1.000000000000000000, -0.000000000000000000 ) ) ;
#1682 = PLANE ( 'NONE',  #636 ) ;
#1683 = VERTEX_POINT ( 'NONE', #1653 ) ;
#1684 = ADVANCED_FACE ( 'NONE', ( #454 ), #1075, .F. ) ;
#1685 = CARTESIAN_POINT ( 'NONE',  ( 2.173736328631492576, 11.04866662471402883, 14.81299885186826693 ) ) ;
#1686 = EDGE_LOOP ( 'NONE', ( #1054, #1155, #107, #443, #1617 ) ) ;
#1687 = CIRCLE ( 'NONE', #2057, 3.000000000000000888 ) ;
#1688 = EDGE_CURVE ( 'NONE', #1835, #1314, #2052, .T. ) ;
#1689 = DIRECTION ( 'NONE',  ( 0.000000000000000000, -0.000000000000000000, 1.000000000000000000 ) ) ;
#1690 = CIRCLE ( 'NONE', #382, 1.899999999999999023 ) ;
#1691 = VERTEX_POINT ( 'NONE', #670 ) ;
#1692 = DIRECTION ( 'NONE',  ( 1.000000000000000000, 0.000000000000000000, 2.484704294013006168E-16 ) ) ;
#1693 = VECTOR ( 'NONE', #1760, 1000.000000000000000 ) ;
#1694 = PLANE ( 'NONE',  #1026 ) ;
#1695 = AXIS2_PLACEMENT_3D ( 'NONE', #2282, #524, #1120 ) ;
#1696 = DIRECTION ( 'NONE',  ( 0.000000000000000000, 1.000000000000000000, 0.000000000000000000 ) ) ;
#1697 = DIRECTION ( 'NONE',  ( -2.484704294013008140E-16, 0.000000000000000000, -1.000000000000000000 ) ) ;
#1698 = VERTEX_POINT ( 'NONE', #2234 ) ;
#1699 = VECTOR ( 'NONE', #644, 1000.000000000000114 ) ;
#1700 = CYLINDRICAL_SURFACE ( 'NONE', #710, 2.449999999999999734 ) ;
#1701 = FACE_OUTER_BOUND ( 'NONE', #103, .T. ) ;
#1702 = CIRCLE ( 'NONE', #1288, 2.999999999999993783 ) ;
#1703 = ORIENTED_EDGE ( 'NONE', *, *, #520, .T. ) ;
#1704 = FACE_BOUND ( 'NONE', #2477, .T. ) ;
#1705 = ORIENTED_EDGE ( 'NONE', *, *, #1722, .F. ) ;
#1706 = CARTESIAN_POINT ( 'NONE',  ( -33.12626367136851258, 9.048666624714027051, -8.487001148131733785 ) ) ;
#1707 = FACE_OUTER_BOUND ( 'NONE', #505, .T. ) ;
#1708 = EDGE_CURVE ( 'NONE', #637, #1374, #102, .T. ) ;
#1709 = ORIENTED_EDGE ( 'NONE', *, *, #56, .F. ) ;
#1710 = LINE ( 'NONE', #1308, #2207 ) ;
#1711 = EDGE_LOOP ( 'NONE', ( #1827, #509 ) ) ;
#1712 = CYLINDRICAL_SURFACE ( 'NONE', #2347, 3.000000000000000888 ) ;
#1713 = VECTOR ( 'NONE', #1450, 1000.000000000000000 ) ;
#1714 = CARTESIAN_POINT ( 'NONE',  ( -31.62626367136850547, 14.04866662471402883, 17.81299885186826515 ) ) ;
#1715 = ORIENTED_EDGE ( 'NONE', *, *, #2407, .T. ) ;
#1716 = LINE ( 'NONE', #1353, #1849 ) ;
#1717 = ORIENTED_EDGE ( 'NONE', *, *, #645, .T. ) ;
#1718 = PLANE ( 'NONE',  #2278 ) ;
#1719 = EDGE_CURVE ( 'NONE', #2256, #336, #2443, .T. ) ;
#1720 = FACE_OUTER_BOUND ( 'NONE', #1283, .T. ) ;
#1721 = VERTEX_POINT ( 'NONE', #503 ) ;
#1722 = EDGE_CURVE ( 'NONE', #1643, #153, #1630, .T. ) ;
#1723 = CARTESIAN_POINT ( 'NONE',  ( 4.640100140095498205, 9.048666624714027051, 3.812998851868267369 ) ) ;
#1724 = ORIENTED_EDGE ( 'NONE', *, *, #1103, .T. ) ;
#1725 = DIRECTION ( 'NONE',  ( -0.000000000000000000, 1.000000000000000000, -0.000000000000000000 ) ) ;
#1726 = CARTESIAN_POINT ( 'NONE',  ( 7.140100140095498205, 9.548666624714027051, -8.487001148131733785 ) ) ;
#1727 = ORIENTED_EDGE ( 'NONE', *, *, #1204, .F. ) ;
#1728 = CARTESIAN_POINT ( 'NONE',  ( -16.82749871060619640, 9.090682006641689128, -10.02901653005939409 ) ) ;
#1729 = EDGE_LOOP ( 'NONE', ( #1438, #2521, #279, #1581 ) ) ;
#1730 = CARTESIAN_POINT ( 'NONE',  ( 8.140100140095501757, 14.04866662471402883, -14.18700114813173307 ) ) ;
#1731 = DIRECTION ( 'NONE',  ( 0.000000000000000000, 0.000000000000000000, 1.000000000000000000 ) ) ;
#1732 = AXIS2_PLACEMENT_3D ( 'NONE', #45, #2370, #1039 ) ;
#1733 = VECTOR ( 'NONE', #2126, 1000.000000000000000 ) ;
#1734 = DIRECTION ( 'NONE',  ( -0.000000000000000000, 1.000000000000000000, -0.000000000000000000 ) ) ;
#1735 = EDGE_CURVE ( 'NONE', #1316, #1064, #1292, .T. ) ;
#1736 = ORIENTED_EDGE ( 'NONE', *, *, #502, .F. ) ;
#1737 = DIRECTION ( 'NONE',  ( 0.000000000000000000, 1.000000000000000000, 0.000000000000000000 ) ) ;
#1738 = DIRECTION ( 'NONE',  ( 0.000000000000000000, 0.000000000000000000, 1.000000000000000000 ) ) ;
#1739 = ADVANCED_FACE ( 'NONE', ( #1707 ), #2079, .F. ) ;
#1740 = VERTEX_POINT ( 'NONE', #142 ) ;
#1741 = AXIS2_PLACEMENT_3D ( 'NONE', #167, #113, #2118 ) ;
#1742 = APPROVAL_PERSON_ORGANIZATION ( #435, #1542, #448 ) ;
#1743 = DIRECTION ( 'NONE',  ( -0.000000000000000000, -1.000000000000000000, -0.000000000000000000 ) ) ;
#1744 = ORIENTED_EDGE ( 'NONE', *, *, #2134, .F. ) ;
#1745 = DIRECTION ( 'NONE',  ( -3.368395098984092168E-16, 0.000000000000000000, 1.000000000000000000 ) ) ;
#1746 = CIRCLE ( 'NONE', #1655, 1.899999999999999023 ) ;
#1747 = DIRECTION ( 'NONE',  ( 0.7071067811865483499, 0.000000000000000000, -0.7071067811865466846 ) ) ;
#1748 = PLANE ( 'NONE',  #739 ) ;
#1749 = VERTEX_POINT ( 'NONE', #2496 ) ;
#1750 = DIRECTION ( 'NONE',  ( -0.8834522085987724926, -0.3312945782245393933, -0.3312945782245392823 ) ) ;
#1751 = EDGE_CURVE ( 'NONE', #385, #1908, #324, .T. ) ;
#1752 = PLANE ( 'NONE',  #388 ) ;
#1753 = ORIENTED_EDGE ( 'NONE', *, *, #880, .F. ) ;
#1754 = AXIS2_PLACEMENT_3D ( 'NONE', #1046, #1072, #1637 ) ;
#1755 = CARTESIAN_POINT ( 'NONE',  ( -31.62626367136850547, 10.04866662471402883, 17.81299885186826515 ) ) ;
#1756 = ORIENTED_EDGE ( 'NONE', *, *, #726, .T. ) ;
#1757 = DIRECTION ( 'NONE',  ( 0.000000000000000000, 1.000000000000000000, 0.000000000000000000 ) ) ;
#1758 = DIRECTION ( 'NONE',  ( 0.000000000000000000, 0.000000000000000000, 1.000000000000000000 ) ) ;
#1759 = ORIENTED_EDGE ( 'NONE', *, *, #1573, .T. ) ;
#1760 = DIRECTION ( 'NONE',  ( -0.000000000000000000, 1.000000000000000000, -0.000000000000000000 ) ) ;
#1761 = CARTESIAN_POINT ( 'NONE',  ( -16.68035626164969898, 9.048666624714027051, 13.61299885186826764 ) ) ;
#1762 = ORIENTED_EDGE ( 'NONE', *, *, #2001, .F. ) ;
#1763 = DIRECTION ( 'NONE',  ( 0.000000000000000000, 1.000000000000000000, 0.000000000000000000 ) ) ;
#1764 = VERTEX_POINT ( 'NONE', #2483 ) ;
#1765 = DIRECTION ( 'NONE',  ( 0.000000000000000000, 0.000000000000000000, 1.000000000000000000 ) ) ;
#1766 = EDGE_CURVE ( 'NONE', #2528, #1137, #2525, .T. ) ;
#1767 = CARTESIAN_POINT ( 'NONE',  ( -2.259624277268603709, 9.048666624714027051, 6.262998851868265326 ) ) ;
#1768 = EDGE_CURVE ( 'NONE', #600, #1666, #1510, .T. ) ;
#1769 = VECTOR ( 'NONE', #1170, 1000.000000000000000 ) ;
#1770 = AXIS2_PLACEMENT_3D ( 'NONE', #199, #584, #1350 ) ;
#1771 = ORIENTED_EDGE ( 'NONE', *, *, #2119, .T. ) ;
#1772 = CARTESIAN_POINT ( 'NONE',  ( 2.173736328631492576, 11.04866662471402883, -10.08700114813173343 ) ) ;
#1773 = LINE ( 'NONE', #33, #1901 ) ;
#1774 = ORIENTED_EDGE ( 'NONE', *, *, #2275, .T. ) ;
#1775 = APPLICATION_PROTOCOL_DEFINITION ( 'international standard', 'config_control_design', 1994, #595 ) ;
#1776 = DIRECTION ( 'NONE',  ( -1.000000000000000000, 0.000000000000000000, 9.436470165352104959E-17 ) ) ;
#1777 = EDGE_LOOP ( 'NONE', ( #360, #1605 ) ) ;
#1778 = DIRECTION ( 'NONE',  ( -0.000000000000000000, -1.000000000000000000, -0.000000000000000000 ) ) ;
#1779 = VECTOR ( 'NONE', #1802, 1000.000000000000114 ) ;
#1780 = PLANE ( 'NONE',  #1284 ) ;
#1781 = ADVANCED_FACE ( 'NONE', ( #1141 ), #1114, .F. ) ;
#1782 = ADVANCED_FACE ( 'NONE', ( #923 ), #2120, .F. ) ;
#1783 = VERTEX_POINT ( 'NONE', #543 ) ;
#1784 = DIRECTION ( 'NONE',  ( 0.000000000000000000, 0.000000000000000000, 1.000000000000000000 ) ) ;
#1785 = CARTESIAN_POINT ( 'NONE',  ( 4.640100140095499093, 14.04866662471402883, -0.1870011481317330193 ) ) ;
#1786 = ORIENTED_EDGE ( 'NONE', *, *, #64, .F. ) ;
#1787 = COORDINATED_UNIVERSAL_TIME_OFFSET ( 0, 0, .AHEAD. ) ;
#1788 = DIRECTION ( 'NONE',  ( 0.7071067811865489050, -0.000000000000000000, -0.7071067811865462405 ) ) ;
#1789 = ORIENTED_EDGE ( 'NONE', *, *, #1074, .F. ) ;
#1790 = CARTESIAN_POINT ( 'NONE',  ( 5.140100140095499093, 14.04866662471402883, 17.81299885186826515 ) ) ;
#1791 = CIRCLE ( 'NONE', #2402, 0.5500000000000010436 ) ;
#1792 = DIRECTION ( 'NONE',  ( 0.000000000000000000, 1.000000000000000000, 0.000000000000000000 ) ) ;
#1793 = DIRECTION ( 'NONE',  ( 0.000000000000000000, 0.000000000000000000, 1.000000000000000000 ) ) ;
#1794 = AXIS2_PLACEMENT_3D ( 'NONE', #1279, #312, #1102 ) ;
#1795 = EDGE_CURVE ( 'NONE', #602, #1089, #323, .T. ) ;
#1796 = EDGE_LOOP ( 'NONE', ( #1249, #692, #1123, #883, #1845 ) ) ;
#1797 = CYLINDRICAL_SURFACE ( 'NONE', #1202, 2.999999999999993783 ) ;
#1798 = CARTESIAN_POINT ( 'NONE',  ( 7.140100140095500869, 10.04866662471402883, 12.11299885186826586 ) ) ;
#1799 = ORIENTED_EDGE ( 'NONE', *, *, #488, .T. ) ;
#1800 = PLANE ( 'NONE',  #2459 ) ;
#1801 = ORIENTED_EDGE ( 'NONE', *, *, #1091, .T. ) ;
#1802 = DIRECTION ( 'NONE',  ( -0.7071067811865474617, -0.7071067811865474617, 0.000000000000000000 ) ) ;
#1803 = LINE ( 'NONE', #1253, #1917 ) ;
#1804 = CARTESIAN_POINT ( 'NONE',  ( -26.26806044570588483, 14.04866662471402883, -2.637001148131733252 ) ) ;
#1805 = VECTOR ( 'NONE', #1850, 1000.000000000000000 ) ;
#1806 = CC_DESIGN_DATE_AND_TIME_ASSIGNMENT ( #1389, #2176, ( #224 ) ) ;
#1807 = ORIENTED_EDGE ( 'NONE', *, *, #2302, .T. ) ;
#1808 = DIRECTION ( 'NONE',  ( 6.180369510473978370E-15, 0.000000000000000000, -1.000000000000000000 ) ) ;
#1809 = AXIS2_PLACEMENT_3D ( 'NONE', #55, #222, #845 ) ;
#1810 = ORIENTED_EDGE ( 'NONE', *, *, #1844, .F. ) ;
#1811 = APPROVAL_ROLE ( '' ) ;
#1812 = DIRECTION ( 'NONE',  ( 3.368395098984092168E-16, 0.000000000000000000, -1.000000000000000000 ) ) ;
#1813 = ORIENTED_EDGE ( 'NONE', *, *, #2273, .T. ) ;
#1814 = AXIS2_PLACEMENT_3D ( 'NONE', #876, #933, #2452 ) ;
#1815 = ADVANCED_FACE ( 'NONE', ( #1720 ), #2108, .F. ) ;
#1816 = FACE_OUTER_BOUND ( 'NONE', #1884, .T. ) ;
#1817 = DIRECTION ( 'NONE',  ( -8.850629979473506751E-16, 0.000000000000000000, 1.000000000000000000 ) ) ;
#1818 = VECTOR ( 'NONE', #2257, 1000.000000000000114 ) ;
#1819 = VECTOR ( 'NONE', #1659, 1000.000000000000000 ) ;
#1820 = CARTESIAN_POINT ( 'NONE',  ( -4.259624277268604153, 9.048666624714027051, -4.932403488519573109 ) ) ;
#1821 = VECTOR ( 'NONE', #422, 1000.000000000000000 ) ;
#1822 = VERTEX_POINT ( 'NONE', #518 ) ;
#1823 = DIRECTION ( 'NONE',  ( 3.368961559285844060E-16, 0.000000000000000000, -1.000000000000000000 ) ) ;
#1824 = ORIENTED_EDGE ( 'NONE', *, *, #390, .T. ) ;
#1825 = PERSON_AND_ORGANIZATION ( #14, #1329 ) ;
#1826 = DIRECTION ( 'NONE',  ( -0.000000000000000000, 1.000000000000000000, -0.000000000000000000 ) ) ;
#1827 = ORIENTED_EDGE ( 'NONE', *, *, #2453, .T. ) ;
#1828 = EDGE_CURVE ( 'NONE', #2217, #539, #740, .T. ) ;
#1829 = CARTESIAN_POINT ( 'NONE',  ( -31.62626367136851258, 10.04866662471402883, 14.11299885186826764 ) ) ;
#1830 = FACE_OUTER_BOUND ( 'NONE', #1206, .T. ) ;
#1831 = VECTOR ( 'NONE', #78, 1000.000000000000000 ) ;
#1832 = CARTESIAN_POINT ( 'NONE',  ( 8.140100140095501757, 14.04866662471402883, -14.18700114813173307 ) ) ;
#1833 = ORIENTED_EDGE ( 'NONE', *, *, #191, .T. ) ;
#1834 = CARTESIAN_POINT ( 'NONE',  ( -26.26806044570588483, -5.452333375285972394, -2.637001148131731920 ) ) ;
#1835 = VERTEX_POINT ( 'NONE', #1346 ) ;
#1836 = DIRECTION ( 'NONE',  ( 0.000000000000000000, 0.000000000000000000, 1.000000000000000000 ) ) ;
#1837 = ORIENTED_EDGE ( 'NONE', *, *, #264, .T. ) ;
#1838 = EDGE_CURVE ( 'NONE', #2423, #1354, #366, .T. ) ;
#1839 = PLANE ( 'NONE',  #2147 ) ;
#1840 = DIRECTION ( 'NONE',  ( -0.000000000000000000, -1.000000000000000000, -0.000000000000000000 ) ) ;
#1841 = DIRECTION ( 'NONE',  ( -0.000000000000000000, -1.000000000000000000, -0.000000000000000000 ) ) ;
#1842 = ADVANCED_FACE ( 'NONE', ( #125 ), #1694, .T. ) ;
#1843 = DIRECTION ( 'NONE',  ( 0.000000000000000000, 0.000000000000000000, 1.000000000000000000 ) ) ;
#1844 = EDGE_CURVE ( 'NONE', #1666, #1544, #1306, .T. ) ;
#1845 = ORIENTED_EDGE ( 'NONE', *, *, #365, .T. ) ;
#1846 = CARTESIAN_POINT ( 'NONE',  ( -28.82626367136850121, 11.04866662471402883, 11.81299885186826693 ) ) ;
#1847 = DIRECTION ( 'NONE',  ( -0.000000000000000000, 1.000000000000000000, -0.000000000000000000 ) ) ;
#1848 = ORIENTED_EDGE ( 'NONE', *, *, #30, .T. ) ;
#1849 = VECTOR ( 'NONE', #2493, 1000.000000000000000 ) ;
#1850 = DIRECTION ( 'NONE',  ( -0.000000000000000000, 1.000000000000000000, -0.000000000000000000 ) ) ;
#1851 = CARTESIAN_POINT ( 'NONE',  ( -25.71806044570586636, 14.04866662471402883, 6.812998851868266925 ) ) ;
#1852 = VECTOR ( 'NONE', #356, 1000.000000000000000 ) ;
#1853 = AXIS2_PLACEMENT_3D ( 'NONE', #1146, #163, #1928 ) ;
#1854 = LINE ( 'NONE', #2439, #91 ) ;
#1855 = ORIENTED_EDGE ( 'NONE', *, *, #2438, .T. ) ;
#1856 = CARTESIAN_POINT ( 'NONE',  ( -31.29262748283250062, 9.048666624714027051, 3.812998851868266481 ) ) ;
#1857 = CARTESIAN_POINT ( 'NONE',  ( -17.73475153435742513, 14.04866662471402883, -9.992420760536809610 ) ) ;
#1858 = CIRCLE ( 'NONE', #1741, 2.999999999999993783 ) ;
#1859 = ORIENTED_EDGE ( 'NONE', *, *, #281, .T. ) ;
#1860 = ADVANCED_FACE ( 'NONE', ( #338 ), #750, .T. ) ;
#1861 = CARTESIAN_POINT ( 'NONE',  ( -25.71806044570588767, 9.048666624714027051, -5.993829239942333409 ) ) ;
#1862 = AXIS2_PLACEMENT_3D ( 'NONE', #464, #79, #1817 ) ;
#1863 = CARTESIAN_POINT ( 'NONE',  ( -17.39996490668805862, 9.146408929643985886, 13.71074115679822292 ) ) ;
#1864 = EDGE_LOOP ( 'NONE', ( #1774, #1096, #958, #527 ) ) ;
#1865 = DIRECTION ( 'NONE',  ( 0.000000000000000000, 1.000000000000000000, 0.000000000000000000 ) ) ;
#1866 = DIRECTION ( 'NONE',  ( -0.000000000000000000, -1.000000000000000000, -0.000000000000000000 ) ) ;
#1867 = CARTESIAN_POINT ( 'NONE',  ( -17.22562254405426074, -5.452333375285972394, 12.26074115679822540 ) ) ;
#1868 = VERTEX_POINT ( 'NONE', #2511 ) ;
#1869 = CARTESIAN_POINT ( 'NONE',  ( -28.84262748283250488, 14.04866662471402883, -0.1870011481317334634 ) ) ;
#1870 = CARTESIAN_POINT ( 'NONE',  ( -31.62626367136851258, 10.04866662471402883, -10.48700114813173201 ) ) ;
#1871 = EDGE_CURVE ( 'NONE', #1891, #2129, #353, .T. ) ;
#1872 = ORIENTED_EDGE ( 'NONE', *, *, #1708, .T. ) ;
#1873 = CARTESIAN_POINT ( 'NONE',  ( 2.190100140095498471, -5.452333375285972394, -2.637001148131732364 ) ) ;
#1874 = LINE ( 'NONE', #731, #2194 ) ;
#1875 = CIRCLE ( 'NONE', #1962, 2.449999999999998845 ) ;
#1876 = ORIENTED_EDGE ( 'NONE', *, *, #965, .F. ) ;
#1877 = LINE ( 'NONE', #119, #877 ) ;
#1878 = DIRECTION ( 'NONE',  ( 0.9272510029382257102, -0.2647693123740501031, 0.2647693123740500476 ) ) ;
#1879 = EDGE_CURVE ( 'NONE', #417, #2373, #1221, .T. ) ;
#1880 = FACE_BOUND ( 'NONE', #1491, .T. ) ;
#1881 = ORIENTED_EDGE ( 'NONE', *, *, #706, .F. ) ;
#1882 = DIRECTION ( 'NONE',  ( 0.000000000000000000, 1.000000000000000000, 0.000000000000000000 ) ) ;
#1883 = DIRECTION ( 'NONE',  ( -0.000000000000000000, 1.000000000000000000, -0.000000000000000000 ) ) ;
#1884 = EDGE_LOOP ( 'NONE', ( #251, #1158, #1493, #897 ) ) ;
#1885 = LINE ( 'NONE', #2336, #529 ) ;
#1886 = DIRECTION ( 'NONE',  ( 0.000000000000000000, 0.000000000000000000, -1.000000000000000000 ) ) ;
#1887 = EDGE_CURVE ( 'NONE', #1698, #814, #789, .T. ) ;
#1888 = VERTEX_POINT ( 'NONE', #830 ) ;
#1889 = DIRECTION ( 'NONE',  ( -0.000000000000000000, 0.000000000000000000, 1.000000000000000000 ) ) ;
#1890 = EDGE_CURVE ( 'NONE', #2271, #2156, #1989, .T. ) ;
#1891 = VERTEX_POINT ( 'NONE', #2145 ) ;
#1892 = VECTOR ( 'NONE', #1826, 1000.000000000000000 ) ;
#1893 = ORIENTED_EDGE ( 'NONE', *, *, #376, .F. ) ;
#1894 = FACE_OUTER_BOUND ( 'NONE', #2507, .T. ) ;
#1895 = EDGE_CURVE ( 'NONE', #84, #1460, #1012, .T. ) ;
#1896 = VERTEX_POINT ( 'NONE', #2368 ) ;
#1897 = VECTOR ( 'NONE', #250, 999.9999999999998863 ) ;
#1898 = PLANE ( 'NONE',  #977 ) ;
#1899 = VECTOR ( 'NONE', #1303, 1000.000000000000000 ) ;
#1900 = DIRECTION ( 'NONE',  ( 0.2745681609986652116, 0.000000000000000000, 0.9615676393087545515 ) ) ;
#1901 = VECTOR ( 'NONE', #811, 1000.000000000000114 ) ;
#1902 = DIRECTION ( 'NONE',  ( 0.000000000000000000, 1.000000000000000000, 0.000000000000000000 ) ) ;
#1903 =( NAMED_UNIT ( * ) PLANE_ANGLE_UNIT ( ) SI_UNIT ( $, .RADIAN. ) );
#1904 = ORIENTED_EDGE ( 'NONE', *, *, #1252, .T. ) ;
#1905 = VECTOR ( 'NONE', #1552, 1000.000000000000000 ) ;
#1906 = DIRECTION ( 'NONE',  ( 0.000000000000000000, 1.000000000000000000, 0.000000000000000000 ) ) ;
#1907 = PLANE ( 'NONE',  #1207 ) ;
#1908 = VERTEX_POINT ( 'NONE', #412 ) ;
#1909 = DIRECTION ( 'NONE',  ( -0.000000000000000000, 1.000000000000000000, -0.000000000000000000 ) ) ;
#1910 = EDGE_LOOP ( 'NONE', ( #140, #70, #1203, #2205 ) ) ;
#1911 = LINE ( 'NONE', #2078, #188 ) ;
#1912 = EDGE_CURVE ( 'NONE', #2214, #1822, #389, .T. ) ;
#1913 = CARTESIAN_POINT ( 'NONE',  ( -16.82749871060619995, -5.452333375285972394, 13.65501423379591905 ) ) ;
#1914 = CARTESIAN_POINT ( 'NONE',  ( -25.71806044570588767, -5.452333375285972394, -3.187001148131733519 ) ) ;
#1915 = ORIENTED_EDGE ( 'NONE', *, *, #1890, .F. ) ;
#1916 = CARTESIAN_POINT ( 'NONE',  ( 2.173736328631492576, 11.04866662471402883, 11.81299885186826693 ) ) ;
#1917 = VECTOR ( 'NONE', #2197, 1000.000000000000000 ) ;
#1918 = CARTESIAN_POINT ( 'NONE',  ( -34.62626367136850547, 14.04866662471402883, 14.81299885186825804 ) ) ;
#1919 = ORIENTED_EDGE ( 'NONE', *, *, #439, .T. ) ;
#1920 = DIRECTION ( 'NONE',  ( 0.000000000000000000, 0.000000000000000000, 1.000000000000000000 ) ) ;
#1921 = ORIENTED_EDGE ( 'NONE', *, *, #1955, .F. ) ;
#1922 = CARTESIAN_POINT ( 'NONE',  ( -34.62626367136851258, 14.04866662471402883, -14.18700114813173307 ) ) ;
#1923 = DIRECTION ( 'NONE',  ( 0.9615676393087545515, 0.000000000000000000, -0.2745681609986652116 ) ) ;
#1924 = ADVANCED_FACE ( 'NONE', ( #400 ), #1780, .T. ) ;
#1925 = DIRECTION ( 'NONE',  ( 0.000000000000000000, 0.000000000000000000, 1.000000000000000000 ) ) ;
#1926 = EDGE_LOOP ( 'NONE', ( #2230, #1996, #204, #2360 ) ) ;
#1927 = CARTESIAN_POINT ( 'NONE',  ( -25.71806044570586280, -5.452333375285972394, 6.812998851868266925 ) ) ;
#1928 = DIRECTION ( 'NONE',  ( 0.000000000000000000, 0.000000000000000000, -1.000000000000000000 ) ) ;
#1929 = VERTEX_POINT ( 'NONE', #593 ) ;
#1930 = LINE ( 'NONE', #176, #2182 ) ;
#1931 = ORIENTED_EDGE ( 'NONE', *, *, #1735, .T. ) ;
#1932 = FACE_OUTER_BOUND ( 'NONE', #126, .T. ) ;
#1933 = AXIS2_PLACEMENT_3D ( 'NONE', #38, #1970, #409 ) ;
#1934 = CARTESIAN_POINT ( 'NONE',  ( -3.861500443820547801, 9.048666624714027051, -6.326676565517269424 ) ) ;
#1935 = CIRCLE ( 'NONE', #1045, 0.5499999999999992673 ) ;
#1936 = EDGE_CURVE ( 'NONE', #2136, #1835, #1014, .T. ) ;
#1937 = VECTOR ( 'NONE', #1017, 1000.000000000000000 ) ;
#1938 = LINE ( 'NONE', #1348, #1998 ) ;
#1939 = ORIENTED_EDGE ( 'NONE', *, *, #64, .T. ) ;
#1940 = EDGE_CURVE ( 'NONE', #2329, #187, #631, .T. ) ;
#1941 = CARTESIAN_POINT ( 'NONE',  ( 2.173736328631492576, 11.04866662471402883, -8.187001148131733075 ) ) ;
#1942 = CARTESIAN_POINT ( 'NONE',  ( 6.640100140095499093, 9.048666624714027051, 12.11299885186826586 ) ) ;
#1943 = ORIENTED_EDGE ( 'NONE', *, *, #132, .T. ) ;
#1944 = AXIS2_PLACEMENT_3D ( 'NONE', #1730, #124, #2468 ) ;
#1945 = VECTOR ( 'NONE', #2291, 1000.000000000000000 ) ;
#1946 = CARTESIAN_POINT ( 'NONE',  ( -24.77718943600903856, -5.452333375285972394, -7.351506547417453241 ) ) ;
#1947 = ORIENTED_EDGE ( 'NONE', *, *, #1545, .T. ) ;
#1948 = CARTESIAN_POINT ( 'NONE',  ( -28.82626367136850121, 11.04866662471402883, 11.81299885186826693 ) ) ;
#1949 = VECTOR ( 'NONE', #214, 1000.000000000000000 ) ;
#1950 = DIRECTION ( 'NONE',  ( 0.000000000000000000, 0.000000000000000000, -1.000000000000000000 ) ) ;
#1951 = ADVANCED_FACE ( 'NONE', ( #1197 ), #2170, .F. ) ;
#1952 = VERTEX_POINT ( 'NONE', #1187 ) ;
#1953 = CARTESIAN_POINT ( 'NONE',  ( 5.140100140095499093, 10.04866662471402883, 17.81299885186826515 ) ) ;
#1954 = DIRECTION ( 'NONE',  ( 0.000000000000000000, 0.000000000000000000, 1.000000000000000000 ) ) ;
#1955 = EDGE_CURVE ( 'NONE', #1316, #1006, #974, .T. ) ;
#1956 = ORIENTED_EDGE ( 'NONE', *, *, #1844, .T. ) ;
#1957 = AXIS2_PLACEMENT_3D ( 'NONE', #327, #1902, #768 ) ;
#1958 = DIRECTION ( 'NONE',  ( 0.2745681609986662108, 0.000000000000000000, -0.9615676393087543294 ) ) ;
#1959 = VERTEX_POINT ( 'NONE', #1173 ) ;
#1960 = LINE ( 'NONE', #1560, #1949 ) ;
#1961 = ADVANCED_FACE ( 'NONE', ( #29 ), #1395, .T. ) ;
#1962 = AXIS2_PLACEMENT_3D ( 'NONE', #2221, #285, #465 ) ;
#1963 = FACE_OUTER_BOUND ( 'NONE', #334, .T. ) ;
#1964 =( BOUNDED_CURVE ( )  B_SPLINE_CURVE ( 3, ( #1271, #1863, #494, #1501 ),
 .UNSPECIFIED., .F., .T. ) 
 B_SPLINE_CURVE_WITH_KNOTS ( ( 4, 4 ),
 ( 9.436470165352108656E-17, 0.3587706702705724116 ),
 .UNSPECIFIED. ) 
 CURVE ( )  GEOMETRIC_REPRESENTATION_ITEM ( )  RATIONAL_B_SPLINE_CURVE ( ( 1.000000000000000000, 0.9893023667435401070, 0.9893023667435401070, 1.000000000000000000 ) ) 
 REPRESENTATION_ITEM ( '' )  );
#1965 = EDGE_LOOP ( 'NONE', ( #275, #1290, #775, #53 ) ) ;
#1966 = DIRECTION ( 'NONE',  ( -0.000000000000000000, -1.000000000000000000, -0.000000000000000000 ) ) ;
#1967 = CARTESIAN_POINT ( 'NONE',  ( -31.62626367136851258, 9.048666624714027051, -9.987001148131733785 ) ) ;
#1968 = ORIENTED_EDGE ( 'NONE', *, *, #1261, .T. ) ;
#1969 = EDGE_CURVE ( 'NONE', #1442, #1783, #232, .T. ) ;
#1970 = DIRECTION ( 'NONE',  ( 0.000000000000000000, 0.000000000000000000, 1.000000000000000000 ) ) ;
#1971 = EDGE_CURVE ( 'NONE', #147, #1548, #1037, .T. ) ;
#1972 = VERTEX_POINT ( 'NONE', #1804 ) ;
#1973 = CARTESIAN_POINT ( 'NONE',  ( -34.62626367136850547, 14.04866662471402883, 17.81299885186826515 ) ) ;
#1974 = ADVANCED_FACE ( 'NONE', ( #1963 ), #427, .T. ) ;
#1975 = CARTESIAN_POINT ( 'NONE',  ( -2.809624277268604420, -5.452333375285972394, -4.932403488519573109 ) ) ;
#1976 = VECTOR ( 'NONE', #2281, 1000.000000000000000 ) ;
#1977 = MANIFOLD_SOLID_BREP ( 'Boss-Extrude3', #468 ) ;
#1978 = AXIS2_PLACEMENT_3D ( 'NONE', #1992, #1385, #2006 ) ;
#1979 = ORIENTED_EDGE ( 'NONE', *, *, #2134, .T. ) ;
#1980 = AXIS2_PLACEMENT_3D ( 'NONE', #585, #2520, #1738 ) ;
#1981 = DIRECTION ( 'NONE',  ( -2.168404344971008868E-16, 0.000000000000000000, -1.000000000000000000 ) ) ;
#1982 = LINE ( 'NONE', #1591, #1610 ) ;
#1983 = ORIENTED_EDGE ( 'NONE', *, *, #1393, .F. ) ;
#1984 = DIRECTION ( 'NONE',  ( -0.7071067811865491270, 0.000000000000000000, 0.7071067811865459074 ) ) ;
#1985 = ORIENTED_EDGE ( 'NONE', *, *, #1912, .T. ) ;
#1986 = CARTESIAN_POINT ( 'NONE',  ( -28.82626367136850121, 14.04866662471402883, -8.187001148131733075 ) ) ;
#1987 = AXIS2_PLACEMENT_3D ( 'NONE', #2133, #375, #1162 ) ;
#1988 = CARTESIAN_POINT ( 'NONE',  ( 2.173736328631492576, 26.04866662471402705, 11.81299885186826693 ) ) ;
#1989 = LINE ( 'NONE', #2000, #1905 ) ;
#1990 = EDGE_CURVE ( 'NONE', #819, #675, #2335, .T. ) ;
#1991 = EDGE_LOOP ( 'NONE', ( #2023, #859, #1703, #2110 ) ) ;
#1992 = CARTESIAN_POINT ( 'NONE',  ( -24.77718943600903856, -5.452333375285972394, 10.97750425115398620 ) ) ;
#1993 = LINE ( 'NONE', #431, #1088 ) ;
#1994 = VERTEX_POINT ( 'NONE', #580 ) ;
#1995 = CYLINDRICAL_SURFACE ( 'NONE', #1318, 2.999999999999993783 ) ;
#1996 = ORIENTED_EDGE ( 'NONE', *, *, #1373, .T. ) ;
#1997 = CARTESIAN_POINT ( 'NONE',  ( -31.29262748283250062, 9.048666624714027051, -0.1870011481317334634 ) ) ;
#1998 = VECTOR ( 'NONE', #183, 1000.000000000000000 ) ;
#1999 = DIRECTION ( 'NONE',  ( 0.000000000000000000, 1.000000000000000000, 0.000000000000000000 ) ) ;
#2000 = CARTESIAN_POINT ( 'NONE',  ( -33.12626367136851968, 9.048666624714027051, 12.11299885186826586 ) ) ;
#2001 = EDGE_CURVE ( 'NONE', #2034, #161, #803, .T. ) ;
#2002 = VECTOR ( 'NONE', #1153, 1000.000000000000000 ) ;
#2003 = EDGE_CURVE ( 'NONE', #1417, #198, #24, .T. ) ;
#2004 = ORIENTED_EDGE ( 'NONE', *, *, #568, .T. ) ;
#2005 = EDGE_CURVE ( 'NONE', #1460, #417, #2390, .T. ) ;
#2006 = DIRECTION ( 'NONE',  ( 0.9363291775690446572, 0.000000000000000000, 0.3511234415883913162 ) ) ;
#2007 = VERTEX_POINT ( 'NONE', #1062 ) ;
#2008 = PERSON_AND_ORGANIZATION ( #14, #1329 ) ;
#2009 = CYLINDRICAL_SURFACE ( 'NONE', #2379, 2.449999999999994849 ) ;
#2010 = EDGE_LOOP ( 'NONE', ( #379, #2042, #1084, #663 ) ) ;
#2011 = DIRECTION ( 'NONE',  ( 0.000000000000000000, 0.000000000000000000, 1.000000000000000000 ) ) ;
#2012 = DIRECTION ( 'NONE',  ( 0.7071067811865459074, -0.000000000000000000, 0.7071067811865491270 ) ) ;
#2013 = CYLINDRICAL_SURFACE ( 'NONE', #486, 1.899999999999999023 ) ;
#2014 = AXIS2_PLACEMENT_3D ( 'NONE', #320, #1098, #1677 ) ;
#2015 = EDGE_CURVE ( 'NONE', #544, #1489, #184, .T. ) ;
#2016 = EDGE_LOOP ( 'NONE', ( #1121, #192, #1403, #1388 ) ) ;
#2017 = DIRECTION ( 'NONE',  ( -0.000000000000000000, -1.000000000000000000, -0.000000000000000000 ) ) ;
#2018 = EDGE_CURVE ( 'NONE', #1314, #336, #2429, .T. ) ;
#2019 = VECTOR ( 'NONE', #32, 1000.000000000000000 ) ;
#2020 = ORIENTED_EDGE ( 'NONE', *, *, #1420, .F. ) ;
#2021 = COORDINATED_UNIVERSAL_TIME_OFFSET ( 0, 0, .AHEAD. ) ;
#2022 = DIRECTION ( 'NONE',  ( 0.000000000000000000, 0.000000000000000000, 1.000000000000000000 ) ) ;
#2023 = ORIENTED_EDGE ( 'NONE', *, *, #390, .F. ) ;
#2024 = AXIS2_PLACEMENT_3D ( 'NONE', #86, #917, #719 ) ;
#2025 = PLANE ( 'NONE',  #76 ) ;
#2026 = CARTESIAN_POINT ( 'NONE',  ( 2.190100140095498027, 14.04866662471402883, 6.262998851868265326 ) ) ;
#2027 = AXIS2_PLACEMENT_3D ( 'NONE', #295, #1841, #696 ) ;
#2028 = CIRCLE ( 'NONE', #185, 1.899999999999999023 ) ;
#2029 = DIRECTION ( 'NONE',  ( -1.000000000000000000, -0.000000000000000000, 4.718235082676052479E-17 ) ) ;
#2030 = AXIS2_PLACEMENT_3D ( 'NONE', #556, #1882, #1496 ) ;
#2031 = EDGE_LOOP ( 'NONE', ( #560, #489, #2350, #2123 ) ) ;
#2032 = DIRECTION ( 'NONE',  ( 0.000000000000000000, 0.000000000000000000, -1.000000000000000000 ) ) ;
#2033 = EDGE_CURVE ( 'NONE', #1040, #221, #2209, .T. ) ;
#2034 = VERTEX_POINT ( 'NONE', #1856 ) ;
#2035 = EDGE_CURVE ( 'NONE', #2271, #1456, #1266, .T. ) ;
#2036 = ORIENTED_EDGE ( 'NONE', *, *, #1025, .T. ) ;
#2037 = ADVANCED_FACE ( 'NONE', ( #1830 ), #501, .T. ) ;
#2038 = CARTESIAN_POINT ( 'NONE',  ( -24.26806044570588128, 14.04866662471402883, 9.619826943678866371 ) ) ;
#2039 = CYLINDRICAL_SURFACE ( 'NONE', #474, 1.450000000000002398 ) ;
#2040 = CIRCLE ( 'NONE', #158, 0.5500000000000010436 ) ;
#2041 = LINE ( 'NONE', #1832, #2364 ) ;
#2042 = ORIENTED_EDGE ( 'NONE', *, *, #759, .T. ) ;
#2043 = DIRECTION ( 'NONE',  ( -0.3511234415883917048, 0.000000000000000000, -0.9363291775690445462 ) ) ;
#2044 = CARTESIAN_POINT ( 'NONE',  ( -28.82626367136850121, 26.04866662471402705, 11.81299885186826693 ) ) ;
#2045 = VERTEX_POINT ( 'NONE', #1638 ) ;
#2046 = DIRECTION ( 'NONE',  ( 0.000000000000000000, 0.000000000000000000, 1.000000000000000000 ) ) ;
#2047 = DIRECTION ( 'NONE',  ( -0.000000000000000000, -1.000000000000000000, -0.000000000000000000 ) ) ;
#2048 = DIRECTION ( 'NONE',  ( -1.000000000000000000, 0.000000000000000000, 4.718235082676052479E-17 ) ) ;
#2049 = ORIENTED_EDGE ( 'NONE', *, *, #1060, .T. ) ;
#2050 = FACE_OUTER_BOUND ( 'NONE', #1926, .T. ) ;
#2051 = ADVANCED_FACE ( 'NONE', ( #2414 ), #1651, .F. ) ;
#2052 = LINE ( 'NONE', #1857, #2210 ) ;
#2053 = EDGE_LOOP ( 'NONE', ( #1360, #74, #157, #1919 ) ) ;
#2054 = DIRECTION ( 'NONE',  ( -0.9363291775690446572, 0.000000000000000000, -0.3511234415883913162 ) ) ;
#2055 = CARTESIAN_POINT ( 'NONE',  ( -2.809624277268603976, -5.452333375285972394, -3.187001148131733519 ) ) ;
#2056 = ORIENTED_EDGE ( 'NONE', *, *, #1969, .F. ) ;
#2057 = AXIS2_PLACEMENT_3D ( 'NONE', #1547, #747, #587 ) ;
#2058 = DIRECTION ( 'NONE',  ( -0.000000000000000000, 1.000000000000000000, -0.000000000000000000 ) ) ;
#2059 = LINE ( 'NONE', #120, #219 ) ;
#2060 = AXIS2_PLACEMENT_3D ( 'NONE', #2150, #394, #2316 ) ;
#2061 = CIRCLE ( 'NONE', #2422, 1.899999999999999023 ) ;
#2062 = CARTESIAN_POINT ( 'NONE',  ( -16.68035626164965635, 9.048666624714027051, -9.987001148131735562 ) ) ;
#2063 = ORIENTED_EDGE ( 'NONE', *, *, #2240, .T. ) ;
#2064 = CARTESIAN_POINT ( 'NONE',  ( -26.26806044570588483, -5.452333375285972394, -3.187001148131733519 ) ) ;
#2065 = ADVANCED_FACE ( 'NONE', ( #2050 ), #1278, .T. ) ;
#2066 = EDGE_CURVE ( 'NONE', #819, #2, #1409, .T. ) ;
#2067 = DIRECTION ( 'NONE',  ( 0.000000000000000000, 1.000000000000000000, 0.000000000000000000 ) ) ;
#2068 = VECTOR ( 'NONE', #2495, 1000.000000000000000 ) ;
#2069 = PRODUCT_DEFINITION_FORMATION_WITH_SPECIFIED_SOURCE ( 'ANY', '', #1186, .NOT_KNOWN. ) ;
#2070 = CARTESIAN_POINT ( 'NONE',  ( -31.62626367136851258, 10.04866662471402883, 14.11299885186826764 ) ) ;
#2071 = AXIS2_PLACEMENT_3D ( 'NONE', #2524, #828, #973 ) ;
#2072 = CARTESIAN_POINT ( 'NONE',  ( -2.259624277268603709, 14.04866662471402883, 6.262998851868265326 ) ) ;
#2073 = VERTEX_POINT ( 'NONE', #1100 ) ;
#2074 = CARTESIAN_POINT ( 'NONE',  ( -28.84262748283250488, 14.04866662471402883, 3.812998851868266481 ) ) ;
#2075 = CARTESIAN_POINT ( 'NONE',  ( -29.77627170142536173, 12.78810342759780383, 17.35243565475204264 ) ) ;
#2076 = CYLINDRICAL_SURFACE ( 'NONE', #1522, 1.450000000000003286 ) ;
#2077 = ORIENTED_EDGE ( 'NONE', *, *, #104, .T. ) ;
#2078 = CARTESIAN_POINT ( 'NONE',  ( -31.62626367136851258, 9.048666624714027051, 13.61299885186826764 ) ) ;
#2079 = PLANE ( 'NONE',  #2125 ) ;
#2080 = EDGE_CURVE ( 'NONE', #1959, #1891, #309, .T. ) ;
#2081 = AXIS2_PLACEMENT_3D ( 'NONE', #534, #1696, #545 ) ;
#2082 = CARTESIAN_POINT ( 'NONE',  ( -31.62626367136851258, 10.04866662471402883, -10.48700114813173201 ) ) ;
#2083 = DIRECTION ( 'NONE',  ( 0.000000000000000000, 1.000000000000000000, 0.000000000000000000 ) ) ;
#2084 = VECTOR ( 'NONE', #2029, 1000.000000000000000 ) ;
#2085 = ORIENTED_EDGE ( 'NONE', *, *, #1828, .F. ) ;
#2086 = EDGE_CURVE ( 'NONE', #1749, #2045, #2395, .T. ) ;
#2087 = CARTESIAN_POINT ( 'NONE',  ( 5.140100140095499093, 10.04866662471402883, -10.48700114813173379 ) ) ;
#2088 = ORIENTED_EDGE ( 'NONE', *, *, #817, .F. ) ;
#2089 = ORIENTED_EDGE ( 'NONE', *, *, #1838, .F. ) ;
#2090 = DIRECTION ( 'NONE',  ( 0.000000000000000000, 0.000000000000000000, 1.000000000000000000 ) ) ;
#2091 = VERTEX_POINT ( 'NONE', #2026 ) ;
#2092 = DIRECTION ( 'NONE',  ( 0.000000000000000000, 0.000000000000000000, 1.000000000000000000 ) ) ;
#2093 = DIRECTION ( 'NONE',  ( 0.000000000000000000, 0.000000000000000000, 1.000000000000000000 ) ) ;
#2094 = CARTESIAN_POINT ( 'NONE',  ( -31.62626367136851258, 9.048666624714027051, -9.987001148131735562 ) ) ;
#2095 =( LENGTH_UNIT ( ) NAMED_UNIT ( * ) SI_UNIT ( .MILLI., .METRE. ) );
#2096 = EDGE_CURVE ( 'NONE', #95, #1310, #724, .T. ) ;
#2097 = VERTEX_POINT ( 'NONE', #1626 ) ;
#2098 = DIRECTION ( 'NONE',  ( 0.000000000000000000, 0.000000000000000000, 1.000000000000000000 ) ) ;
#2099 = EDGE_LOOP ( 'NONE', ( #1230, #92 ) ) ;
#2100 = EDGE_CURVE ( 'NONE', #1251, #539, #1422, .T. ) ;
#2101 = AXIS2_PLACEMENT_3D ( 'NONE', #1402, #624, #2204 ) ;
#2102 = ORIENTED_EDGE ( 'NONE', *, *, #2499, .F. ) ;
#2103 = CARTESIAN_POINT ( 'NONE',  ( -17.73475153435742513, -5.452333375285972394, -9.992420760536811386 ) ) ;
#2104 = ORIENTED_EDGE ( 'NONE', *, *, #2015, .F. ) ;
#2105 = VECTOR ( 'NONE', #550, 1000.000000000000000 ) ;
#2106 = DIRECTION ( 'NONE',  ( 0.000000000000000000, -1.000000000000000000, 0.000000000000000000 ) ) ;
#2107 = AXIS2_PLACEMENT_3D ( 'NONE', #1556, #395, #757 ) ;
#2108 = CYLINDRICAL_SURFACE ( 'NONE', #860, 3.000000000000000888 ) ;
#2109 = LINE ( 'NONE', #2094, #1423 ) ;
#2110 = ORIENTED_EDGE ( 'NONE', *, *, #1795, .T. ) ;
#2111 = AXIS2_PLACEMENT_3D ( 'NONE', #1869, #842, #1614 ) ;
#2112 = LINE ( 'NONE', #1311, #1852 ) ;
#2113 = CARTESIAN_POINT ( 'NONE',  ( -2.809624277268603976, 9.048666624714027051, -3.187001148131733519 ) ) ;
#2114 = EDGE_LOOP ( 'NONE', ( #1401, #2356, #1985, #1525 ) ) ;
#2115 = ADVANCED_FACE ( 'NONE', ( #1254 ), #2039, .F. ) ;
#2116 = CARTESIAN_POINT ( 'NONE',  ( -28.82626367136850121, 26.04866662471402705, 9.912998851868268346 ) ) ;
#2117 = EDGE_LOOP ( 'NONE', ( #633, #2242, #695, #164 ) ) ;
#2118 = DIRECTION ( 'NONE',  ( 0.000000000000000000, 0.000000000000000000, 1.000000000000000000 ) ) ;
#2119 = EDGE_CURVE ( 'NONE', #2091, #732, #1574, .T. ) ;
#2120 = PLANE ( 'NONE',  #1424 ) ;
#2121 = EDGE_LOOP ( 'NONE', ( #1378, #1600, #1673, #177 ) ) ;
#2122 = DIRECTION ( 'NONE',  ( 0.000000000000000000, 0.000000000000000000, -1.000000000000000000 ) ) ;
#2123 = ORIENTED_EDGE ( 'NONE', *, *, #186, .F. ) ;
#2124 = LINE ( 'NONE', #992, #217 ) ;
#2125 = AXIS2_PLACEMENT_3D ( 'NONE', #1913, #1900, #1923 ) ;
#2126 = DIRECTION ( 'NONE',  ( -2.484704294013006168E-16, 0.000000000000000000, 1.000000000000000000 ) ) ;
#2127 = EDGE_LOOP ( 'NONE', ( #848, #391, #1789, #532, #347, #277, #2448, #345, #1502, #1256, #799, #2353, #289, #2313, #1727, #2223, #1106, #658 ) ) ;
#2128 = CARTESIAN_POINT ( 'NONE',  ( -3.861500443820547801, -5.452333375285972394, -6.326676565517269424 ) ) ;
#2129 = VERTEX_POINT ( 'NONE', #879 ) ;
#2130 = PLANE ( 'NONE',  #1944 ) ;
#2131 = EDGE_CURVE ( 'NONE', #911, #1417, #935, .T. ) ;
#2132 = EDGE_CURVE ( 'NONE', #1137, #207, #514, .T. ) ;
#2133 = CARTESIAN_POINT ( 'NONE',  ( -4.259624277268604153, 14.04866662471402883, 8.558401192256107848 ) ) ;
#2134 = EDGE_CURVE ( 'NONE', #1006, #1316, #430, .T. ) ;
#2135 = LINE ( 'NONE', #367, #904 ) ;
#2136 = VERTEX_POINT ( 'NONE', #1344 ) ;
#2137 = DIRECTION ( 'NONE',  ( 0.000000000000000000, 1.000000000000000000, 0.000000000000000000 ) ) ;
#2138 = CARTESIAN_POINT ( 'NONE',  ( -25.71806044570586280, 14.04866662471402883, 6.812998851868266925 ) ) ;
#2139 = VERTEX_POINT ( 'NONE', #1151 ) ;
#2140 = DIRECTION ( 'NONE',  ( -0.000000000000000000, -1.000000000000000000, -0.000000000000000000 ) ) ;
#2141 = VERTEX_POINT ( 'NONE', #1535 ) ;
#2142 = CARTESIAN_POINT ( 'NONE',  ( -2.259624277268603709, 14.04866662471402883, 6.262998851868267103 ) ) ;
#2143 = CIRCLE ( 'NONE', #1199, 3.000000000000000888 ) ;
#2144 = EDGE_CURVE ( 'NONE', #513, #2306, #558, .T. ) ;
#2145 = CARTESIAN_POINT ( 'NONE',  ( -3.861500443820541584, 14.04866662471402883, 9.952674269253805051 ) ) ;
#2146 = AXIS2_PLACEMENT_3D ( 'NONE', #1132, #1906, #561 ) ;
#2147 = AXIS2_PLACEMENT_3D ( 'NONE', #1122, #1082, #1689 ) ;
#2148 = ORIENTED_EDGE ( 'NONE', *, *, #1912, .F. ) ;
#2149 = EDGE_CURVE ( 'NONE', #2315, #2097, #1858, .T. ) ;
#2150 = CARTESIAN_POINT ( 'NONE',  ( 2.173736328631492576, 26.04866662471402705, -8.187001148131733075 ) ) ;
#2151 = CARTESIAN_POINT ( 'NONE',  ( 2.173736328631492576, 14.04866662471402883, -8.187001148131733075 ) ) ;
#2152 = ORIENTED_EDGE ( 'NONE', *, *, #864, .T. ) ;
#2153 = AXIS2_PLACEMENT_3D ( 'NONE', #1523, #1334, #1731 ) ;
#2154 = LOCAL_TIME ( 10, 19, 29.00000000000000000, #2203 ) ;
#2155 = CARTESIAN_POINT ( 'NONE',  ( 8.140100140095501757, 10.04866662471402883, -11.18700114813172419 ) ) ;
#2156 = VERTEX_POINT ( 'NONE', #1706 ) ;
#2157 = DIRECTION ( 'NONE',  ( 0.000000000000000000, 0.000000000000000000, 1.000000000000000000 ) ) ;
#2158 = DIRECTION ( 'NONE',  ( -0.000000000000000000, 1.000000000000000000, -0.000000000000000000 ) ) ;
#2159 = PRODUCT_RELATED_PRODUCT_CATEGORY ( 'detail', '', ( #1186 ) ) ;
#2160 = ADVANCED_FACE ( 'NONE', ( #738 ), #2130, .F. ) ;
#2161 = EDGE_LOOP ( 'NONE', ( #171, #350, #2049, #175 ) ) ;
#2162 = DIRECTION ( 'NONE',  ( -0.000000000000000000, -1.000000000000000000, -0.000000000000000000 ) ) ;
#2163 = CARTESIAN_POINT ( 'NONE',  ( 7.140100140095499093, 10.04866662471402883, -8.487001148131733785 ) ) ;
#2164 = ADVANCED_FACE ( 'NONE', ( #374 ), #959, .F. ) ;
#2165 = ORIENTED_EDGE ( 'NONE', *, *, #2482, .T. ) ;
#2166 = AXIS2_PLACEMENT_3D ( 'NONE', #643, #1421, #272 ) ;
#2167 = PLANE ( 'NONE',  #1933 ) ;
#2168 = ORIENTED_EDGE ( 'NONE', *, *, #1406, .F. ) ;
#2169 = PLANE ( 'NONE',  #727 ) ;
#2170 = CYLINDRICAL_SURFACE ( 'NONE', #434, 1.449999999999999512 ) ;
#2171 = ORIENTED_EDGE ( 'NONE', *, *, #2080, .F. ) ;
#2172 = DIRECTION ( 'NONE',  ( 0.000000000000000000, 0.000000000000000000, -1.000000000000000000 ) ) ;
#2173 = EDGE_CURVE ( 'NONE', #2, #2237, #351, .T. ) ;
#2174 = CARTESIAN_POINT ( 'NONE',  ( -28.82626367136850121, 11.04866662471402883, -8.187001148131733075 ) ) ;
#2175 = VERTEX_POINT ( 'NONE', #1509 ) ;
#2176 = DATE_TIME_ROLE ( 'classification_date' ) ;
#2177 = CARTESIAN_POINT ( 'NONE',  ( -31.62626367136851258, 10.04866662471402883, 14.11299885186826764 ) ) ;
#2178 = ORIENTED_EDGE ( 'NONE', *, *, #1828, .T. ) ;
#2179 = CARTESIAN_POINT ( 'NONE',  ( -26.26806044570588483, 9.048666624714027051, -2.637001148131731920 ) ) ;
#2180 = CARTESIAN_POINT ( 'NONE',  ( -2.809624277268604420, 14.04866662471402883, -4.932403488519573109 ) ) ;
#2181 = CARTESIAN_POINT ( 'NONE',  ( -28.82626367136850121, 26.04866662471402705, 11.81299885186826693 ) ) ;
#2182 = VECTOR ( 'NONE', #1183, 1000.000000000000000 ) ;
#2183 = VECTOR ( 'NONE', #148, 1000.000000000000000 ) ;
#2184 = ORIENTED_EDGE ( 'NONE', *, *, #1708, .F. ) ;
#2185 = PLANE ( 'NONE',  #1978 ) ;
#2186 = DIRECTION ( 'NONE',  ( -0.000000000000000000, -1.000000000000000000, -0.000000000000000000 ) ) ;
#2187 = ORIENTED_EDGE ( 'NONE', *, *, #1436, .F. ) ;
#2188 = ADVANCED_FACE ( 'NONE', ( #2321 ), #1718, .F. ) ;
#2189 = CALENDAR_DATE ( 2025, 12, 12 ) ;
#2190 = CARTESIAN_POINT ( 'NONE',  ( 2.173736328631492576, 14.04866662471402883, 14.81299885186826693 ) ) ;
#2191 = ORIENTED_EDGE ( 'NONE', *, *, #753, .F. ) ;
#2192 = FACE_OUTER_BOUND ( 'NONE', #576, .T. ) ;
#2193 = AXIS2_PLACEMENT_3D ( 'NONE', #921, #1521, #2092 ) ;
#2194 = VECTOR ( 'NONE', #117, 1000.000000000000000 ) ;
#2195 = ADVANCED_FACE ( 'NONE', ( #337 ), #1898, .F. ) ;
#2196 = VECTOR ( 'NONE', #567, 1000.000000000000000 ) ;
#2197 = DIRECTION ( 'NONE',  ( -1.263148162119034378E-16, -0.000000000000000000, -1.000000000000000000 ) ) ;
#2198 = CARTESIAN_POINT ( 'NONE',  ( 2.173736328631492576, 11.04866662471402883, -5.187001148131733075 ) ) ;
#2199 = EDGE_CURVE ( 'NONE', #1544, #1339, #763, .T. ) ;
#2200 = ORIENTED_EDGE ( 'NONE', *, *, #625, .F. ) ;
#2201 = FACE_OUTER_BOUND ( 'NONE', #1449, .T. ) ;
#2202 = EDGE_LOOP ( 'NONE', ( #1178, #1669, #1771, #2285 ) ) ;
#2203 = COORDINATED_UNIVERSAL_TIME_OFFSET ( 0, 0, .AHEAD. ) ;
#2204 = DIRECTION ( 'NONE',  ( 0.000000000000000000, 0.000000000000000000, 1.000000000000000000 ) ) ;
#2205 = ORIENTED_EDGE ( 'NONE', *, *, #1373, .F. ) ;
#2206 = FACE_OUTER_BOUND ( 'NONE', #2480, .T. ) ;
#2207 = VECTOR ( 'NONE', #1513, 1000.000000000000000 ) ;
#2208 = CARTESIAN_POINT ( 'NONE',  ( -2.259624277268603709, 14.04866662471402883, -3.187001148131733519 ) ) ;
#2209 = LINE ( 'NONE', #867, #1699 ) ;
#2210 = VECTOR ( 'NONE', #1448, 1000.000000000000114 ) ;
#2211 = EDGE_CURVE ( 'NONE', #1888, #1251, #909, .T. ) ;
#2212 = EDGE_LOOP ( 'NONE', ( #2102, #1564, #1479, #1198 ) ) ;
#2213 = LINE ( 'NONE', #263, #2019 ) ;
#2214 = VERTEX_POINT ( 'NONE', #723 ) ;
#2215 = CALENDAR_DATE ( 2025, 12, 12 ) ;
#2216 = CARTESIAN_POINT ( 'NONE',  ( -33.62626367136851258, 10.04866662471402883, -8.487001148131733785 ) ) ;
#2217 = VERTEX_POINT ( 'NONE', #946 ) ;
#2218 = CARTESIAN_POINT ( 'NONE',  ( 5.140100140095499093, 10.04866662471402883, -10.48700114813173379 ) ) ;
#2219 = DIRECTION ( 'NONE',  ( -0.000000000000000000, 1.000000000000000000, -0.000000000000000000 ) ) ;
#2220 = EDGE_CURVE ( 'NONE', #760, #2097, #2272, .T. ) ;
#2221 = CARTESIAN_POINT ( 'NONE',  ( 2.190100140095498027, 14.04866662471402883, -0.1870011481317334634 ) ) ;
#2222 = AXIS2_PLACEMENT_3D ( 'NONE', #2074, #96, #317 ) ;
#2223 = ORIENTED_EDGE ( 'NONE', *, *, #2224, .T. ) ;
#2224 = EDGE_CURVE ( 'NONE', #2073, #600, #1911, .T. ) ;
#2225 = VECTOR ( 'NONE', #2054, 1000.000000000000114 ) ;
#2226 = DIRECTION ( 'NONE',  ( -0.000000000000000000, 1.000000000000000000, -0.000000000000000000 ) ) ;
#2227 = VECTOR ( 'NONE', #1567, 1000.000000000000114 ) ;
#2228 = VERTEX_POINT ( 'NONE', #1113 ) ;
#2229 = CYLINDRICAL_SURFACE ( 'NONE', #712, 3.000000000000000888 ) ;
#2230 = ORIENTED_EDGE ( 'NONE', *, *, #1347, .T. ) ;
#2231 = DIRECTION ( 'NONE',  ( 0.000000000000000000, 0.000000000000000000, -1.000000000000000000 ) ) ;
#2232 = DIRECTION ( 'NONE',  ( 0.9615676393087545515, 0.000000000000000000, -0.2745681609986652116 ) ) ;
#2233 = AXIS2_PLACEMENT_3D ( 'NONE', #1408, #206, #1793 ) ;
#2234 = CARTESIAN_POINT ( 'NONE',  ( -28.82626367136850121, 26.04866662471402705, -6.287001148131734496 ) ) ;
#2235 = EDGE_LOOP ( 'NONE', ( #1131, #243, #2457, #2494 ) ) ;
#2236 = DIRECTION ( 'NONE',  ( -0.000000000000000000, 1.000000000000000000, -0.000000000000000000 ) ) ;
#2237 = VERTEX_POINT ( 'NONE', #2310 ) ;
#2238 = CARTESIAN_POINT ( 'NONE',  ( -28.82626367136850121, 11.04866662471402883, -6.287001148131734496 ) ) ;
#2239 = DIRECTION ( 'NONE',  ( 0.8834522085987723816, 0.3312945782245396154, -0.3312945782245396154 ) ) ;
#2240 = EDGE_CURVE ( 'NONE', #1469, #1609, #638, .T. ) ;
#2241 = CARTESIAN_POINT ( 'NONE',  ( -28.84262748283250488, -5.452333375285972394, -2.637001148131732808 ) ) ;
#2242 = ORIENTED_EDGE ( 'NONE', *, *, #329, .T. ) ;
#2243 = DIRECTION ( 'NONE',  ( 0.000000000000000000, 1.000000000000000000, -0.000000000000000000 ) ) ;
#2244 = VECTOR ( 'NONE', #2236, 1000.000000000000000 ) ;
#2245 = DIRECTION ( 'NONE',  ( -1.084202172485504434E-16, -0.000000000000000000, -1.000000000000000000 ) ) ;
#2246 = ORIENTED_EDGE ( 'NONE', *, *, #645, .F. ) ;
#2247 = DIRECTION ( 'NONE',  ( 0.000000000000000000, 0.000000000000000000, 1.000000000000000000 ) ) ;
#2248 = CARTESIAN_POINT ( 'NONE',  ( -31.62626367136851258, 10.04866662471402883, 14.11299885186826764 ) ) ;
#2249 = ORIENTED_EDGE ( 'NONE', *, *, #1101, .F. ) ;
#2250 = EDGE_CURVE ( 'NONE', #1354, #1456, #2286, .T. ) ;
#2251 = DIRECTION ( 'NONE',  ( 1.000000000000000000, 0.000000000000000000, 0.000000000000000000 ) ) ;
#2252 = LINE ( 'NONE', #1675, #508 ) ;
#2253 = ORIENTED_EDGE ( 'NONE', *, *, #790, .F. ) ;
#2254 = ADVANCED_FACE ( 'NONE', ( #1932 ), #28, .F. ) ;
#2255 = CARTESIAN_POINT ( 'NONE',  ( -31.29262748283250062, -5.452333375285972394, -0.1870011481317334634 ) ) ;
#2256 = VERTEX_POINT ( 'NONE', #387 ) ;
#2257 = DIRECTION ( 'NONE',  ( -0.7071067811865474617, 0.7071067811865474617, 0.000000000000000000 ) ) ;
#2258 = ADVANCED_FACE ( 'NONE', ( #2333 ), #1572, .T. ) ;
#2259 = DIRECTION ( 'NONE',  ( -0.000000000000000000, 1.000000000000000000, -0.000000000000000000 ) ) ;
#2260 = ORIENTED_EDGE ( 'NONE', *, *, #2131, .F. ) ;
#2261 = LINE ( 'NONE', #1632, #2225 ) ;
#2262 = DIRECTION ( 'NONE',  ( 0.000000000000000000, -1.000000000000000000, 0.000000000000000000 ) ) ;
#2263 = EDGE_LOOP ( 'NONE', ( #2056, #1118, #1237, #2461 ) ) ;
#2264 = CIRCLE ( 'NONE', #802, 1.900000000000000577 ) ;
#2265 = DIRECTION ( 'NONE',  ( 0.000000000000000000, 1.000000000000000000, 0.000000000000000000 ) ) ;
#2266 = DIRECTION ( 'NONE',  ( -0.9272510029382261543, 0.2647693123740490484, 0.2647693123740491594 ) ) ;
#2267 = CIRCLE ( 'NONE', #1165, 1.499999999999999556 ) ;
#2268 = CC_DESIGN_PERSON_AND_ORGANIZATION_ASSIGNMENT ( #1228, #1606, ( #2069 ) ) ;
#2269 = CIRCLE ( 'NONE', #94, 1.450000000000003286 ) ;
#2270 = CARTESIAN_POINT ( 'NONE',  ( 5.140100140095499093, 9.548666624714027051, -10.48700114813173379 ) ) ;
#2271 = VERTEX_POINT ( 'NONE', #788 ) ;
#2272 = LINE ( 'NONE', #709, #2196 ) ;
#2273 = EDGE_CURVE ( 'NONE', #2097, #2315, #1702, .T. ) ;
#2274 = DIRECTION ( 'NONE',  ( 0.000000000000000000, 1.000000000000000000, 0.000000000000000000 ) ) ;
#2275 = EDGE_CURVE ( 'NONE', #2045, #1456, #997, .T. ) ;
#2276 = VECTOR ( 'NONE', #1000, 1000.000000000000000 ) ;
#2277 = CARTESIAN_POINT ( 'NONE',  ( -28.84262748283250488, 9.048666624714027051, 6.262998851868261774 ) ) ;
#2278 = AXIS2_PLACEMENT_3D ( 'NONE', #1124, #749, #2455 ) ;
#2279 = DIRECTION ( 'NONE',  ( -0.000000000000000000, 1.000000000000000000, -0.000000000000000000 ) ) ;
#2280 = EDGE_LOOP ( 'NONE', ( #612, #1349, #308, #734 ) ) ;
#2281 = DIRECTION ( 'NONE',  ( 0.000000000000000000, 1.000000000000000000, 0.000000000000000000 ) ) ;
#2282 = CARTESIAN_POINT ( 'NONE',  ( -31.62626367136851258, 10.04866662471402883, 12.11299885186826586 ) ) ;
#2283 = EDGE_LOOP ( 'NONE', ( #2295, #355, #1759, #713 ) ) ;
#2284 = PLANE ( 'NONE',  #2014 ) ;
#2285 = ORIENTED_EDGE ( 'NONE', *, *, #442, .F. ) ;
#2286 = LINE ( 'NONE', #1332, #271 ) ;
#2287 = DIRECTION ( 'NONE',  ( 0.000000000000000000, 1.000000000000000000, 0.000000000000000000 ) ) ;
#2288 = AXIS2_PLACEMENT_3D ( 'NONE', #1407, #683, #475 ) ;
#2289 = EDGE_CURVE ( 'NONE', #1691, #492, #1960, .T. ) ;
#2290 = CARTESIAN_POINT ( 'NONE',  ( -26.26806044570588483, -5.452333375285972394, -2.637001148131733252 ) ) ;
#2291 = DIRECTION ( 'NONE',  ( -0.000000000000000000, -1.000000000000000000, -0.000000000000000000 ) ) ;
#2292 = ORIENTED_EDGE ( 'NONE', *, *, #2349, .T. ) ;
#2293 = CARTESIAN_POINT ( 'NONE',  ( -28.82626367136850121, 26.04866662471402705, -10.08700114813173165 ) ) ;
#2294 = CARTESIAN_POINT ( 'NONE',  ( 2.173736328631493020, 11.04866662471402883, 8.812998851868265149 ) ) ;
#2295 = ORIENTED_EDGE ( 'NONE', *, *, #868, .F. ) ;
#2296 = CARTESIAN_POINT ( 'NONE',  ( 2.173736328631493020, 11.04866662471402883, -6.287001148131732720 ) ) ;
#2297 = ORIENTED_EDGE ( 'NONE', *, *, #1512, .T. ) ;
#2298 = CARTESIAN_POINT ( 'NONE',  ( 5.140100140095499093, 9.548666624714027051, 14.11299885186826586 ) ) ;
#2299 =( BOUNDED_CURVE ( )  B_SPLINE_CURVE ( 3, ( #1273, #662, #305, #1478 ),
 .UNSPECIFIED., .F., .F. ) 
 B_SPLINE_CURVE_WITH_KNOTS ( ( 4, 4 ),
 ( 6.005044732535750995, 6.283185307179586232 ),
 .UNSPECIFIED. ) 
 CURVE ( )  GEOMETRIC_REPRESENTATION_ITEM ( )  RATIONAL_B_SPLINE_CURVE ( ( 1.000000000000000000, 0.9935635354949656772, 0.9935635354949656772, 1.000000000000000000 ) ) 
 REPRESENTATION_ITEM ( '' )  );
#2300 = CARTESIAN_POINT ( 'NONE',  ( -31.62626367136851258, 9.048666624714027051, 13.61299885186826764 ) ) ;
#2301 = DIRECTION ( 'NONE',  ( -0.000000000000000000, 1.000000000000000000, -0.000000000000000000 ) ) ;
#2302 = EDGE_CURVE ( 'NONE', #458, #1952, #393, .T. ) ;
#2303 = ORIENTED_EDGE ( 'NONE', *, *, #1676, .F. ) ;
#2304 = FACE_BOUND ( 'NONE', #994, .T. ) ;
#2305 = DIRECTION ( 'NONE',  ( 0.000000000000000000, 1.000000000000000000, 0.000000000000000000 ) ) ;
#2306 = VERTEX_POINT ( 'NONE', #2142 ) ;
#2307 = CARTESIAN_POINT ( 'NONE',  ( 4.640100140095498205, -5.452333375285972394, 3.812998851868267369 ) ) ;
#2308 = ORIENTED_EDGE ( 'NONE', *, *, #2086, .T. ) ;
#2309 = VECTOR ( 'NONE', #1725, 1000.000000000000000 ) ;
#2310 = CARTESIAN_POINT ( 'NONE',  ( 2.173736328631493020, 14.04866662471402883, 8.812998851868265149 ) ) ;
#2311 = CIRCLE ( 'NONE', #591, 1.899999999999999023 ) ;
#2312 = CARTESIAN_POINT ( 'NONE',  ( -31.62626367136850547, 14.04866662471402883, 17.81299885186826515 ) ) ;
#2313 = ORIENTED_EDGE ( 'NONE', *, *, #470, .F. ) ;
#2314 = LINE ( 'NONE', #730, #691 ) ;
#2315 = VERTEX_POINT ( 'NONE', #590 ) ;
#2316 = DIRECTION ( 'NONE',  ( 0.000000000000000000, 0.000000000000000000, -1.000000000000000000 ) ) ;
#2317 = DIRECTION ( 'NONE',  ( 2.484704294013008140E-16, -0.000000000000000000, 1.000000000000000000 ) ) ;
#2318 = ORIENTED_EDGE ( 'NONE', *, *, #2482, .F. ) ;
#2319 = LINE ( 'NONE', #1755, #752 ) ;
#2320 = ORIENTED_EDGE ( 'NONE', *, *, #186, .T. ) ;
#2321 = FACE_OUTER_BOUND ( 'NONE', #478, .T. ) ;
#2322 = CARTESIAN_POINT ( 'NONE',  ( -31.62626367136851258, 9.548666624714027051, 14.11299885186826764 ) ) ;
#2323 = CARTESIAN_POINT ( 'NONE',  ( -24.77718943600903856, 14.04866662471402883, -7.351506547417453241 ) ) ;
#2324 = VECTOR ( 'NONE', #1431, 1000.000000000000000 ) ;
#2325 = ORIENTED_EDGE ( 'NONE', *, *, #852, .T. ) ;
#2326 = CARTESIAN_POINT ( 'NONE',  ( -31.62626367136851258, 9.048666624714027051, 12.11299885186826586 ) ) ;
#2327 = AXIS2_PLACEMENT_3D ( 'NONE', #2312, #1747, #1538 ) ;
#2328 = CARTESIAN_POINT ( 'NONE',  ( -2.809624277268601311, 9.048666624714027051, 8.558401192256107848 ) ) ;
#2329 = VERTEX_POINT ( 'NONE', #1392 ) ;
#2330 = ADVANCED_FACE ( 'NONE', ( #411 ), #517, .T. ) ;
#2331 = CARTESIAN_POINT ( 'NONE',  ( 2.173736328631492576, 11.04866662471402883, -8.187001148131733075 ) ) ;
#2332 = ORIENTED_EDGE ( 'NONE', *, *, #1551, .T. ) ;
#2333 = FACE_OUTER_BOUND ( 'NONE', #522, .T. ) ;
#2334 = ADVANCED_FACE ( 'NONE', ( #230, #1381 ), #205, .T. ) ;
#2335 = LINE ( 'NONE', #1382, #2276 ) ;
#2336 = CARTESIAN_POINT ( 'NONE',  ( -2.809624277268604864, -5.452333375285972394, -3.187001148131733519 ) ) ;
#2337 = ORIENTED_EDGE ( 'NONE', *, *, #1768, .F. ) ;
#2338 = FACE_OUTER_BOUND ( 'NONE', #2161, .T. ) ;
#2339 = FACE_OUTER_BOUND ( 'NONE', #2381, .T. ) ;
#2340 = VERTEX_POINT ( 'NONE', #1790 ) ;
#2341 = CARTESIAN_POINT ( 'NONE',  ( -34.62626367136851258, 10.04866662471402883, -14.18700114813173307 ) ) ;
#2342 = ORIENTED_EDGE ( 'NONE', *, *, #2149, .F. ) ;
#2343 = DIRECTION ( 'NONE',  ( 0.000000000000000000, 1.000000000000000000, 0.000000000000000000 ) ) ;
#2344 = AXIS2_PLACEMENT_3D ( 'NONE', #1239, #1984, #228 ) ;
#2345 = DIRECTION ( 'NONE',  ( 0.000000000000000000, -0.000000000000000000, 1.000000000000000000 ) ) ;
#2346 = ADVANCED_FACE ( 'NONE', ( #1172 ), #195, .T. ) ;
#2347 = AXIS2_PLACEMENT_3D ( 'NONE', #1916, #2502, #2490 ) ;
#2348 = CIRCLE ( 'NONE', #2024, 0.5500000000000001554 ) ;
#2349 = EDGE_CURVE ( 'NONE', #1896, #2007, #801, .T. ) ;
#2350 = ORIENTED_EDGE ( 'NONE', *, *, #2530, .F. ) ;
#2351 = DIRECTION ( 'NONE',  ( 1.000000000000000000, 0.000000000000000000, -9.436470165352104959E-17 ) ) ;
#2352 = CARTESIAN_POINT ( 'NONE',  ( -31.62626367136851258, 9.548666624714027051, -10.48700114813173201 ) ) ;
#2353 = ORIENTED_EDGE ( 'NONE', *, *, #1511, .F. ) ;
#2354 = AXIS2_PLACEMENT_3D ( 'NONE', #37, #253, #227 ) ;
#2355 = DIRECTION ( 'NONE',  ( -0.000000000000000000, 1.000000000000000000, -0.000000000000000000 ) ) ;
#2356 = ORIENTED_EDGE ( 'NONE', *, *, #979, .F. ) ;
#2357 = DIRECTION ( 'NONE',  ( 0.000000000000000000, 0.000000000000000000, 1.000000000000000000 ) ) ;
#2358 = AXIS2_PLACEMENT_3D ( 'NONE', #1973, #2376, #627 ) ;
#2359 = CARTESIAN_POINT ( 'NONE',  ( -31.29262748283250062, -5.452333375285972394, 3.812998851868266481 ) ) ;
#2360 = ORIENTED_EDGE ( 'NONE', *, *, #1433, .F. ) ;
#2361 = CYLINDRICAL_SURFACE ( 'NONE', #131, 3.000000000000000888 ) ;
#2362 = DIRECTION ( 'NONE',  ( 0.000000000000000000, 0.000000000000000000, 1.000000000000000000 ) ) ;
#2363 = ORIENTED_EDGE ( 'NONE', *, *, #325, .F. ) ;
#2364 = VECTOR ( 'NONE', #2245, 1000.000000000000000 ) ;
#2365 = CARTESIAN_POINT ( 'NONE',  ( -28.82626367136850121, 11.04866662471402883, 9.912998851868268346 ) ) ;
#2366 = VERTEX_POINT ( 'NONE', #2367 ) ;
#2367 = CARTESIAN_POINT ( 'NONE',  ( -31.62626367136850547, 10.04866662471402883, -14.18700114813173307 ) ) ;
#2368 = CARTESIAN_POINT ( 'NONE',  ( -28.84262748283250488, 9.048666624714027051, -2.637001148131732808 ) ) ;
#2369 = ORIENTED_EDGE ( 'NONE', *, *, #979, .T. ) ;
#2370 = DIRECTION ( 'NONE',  ( -0.000000000000000000, -1.000000000000000000, -0.000000000000000000 ) ) ;
#2371 = DIRECTION ( 'NONE',  ( -0.000000000000000000, 1.000000000000000000, -0.000000000000000000 ) ) ;
#2372 = ADVANCED_FACE ( 'NONE', ( #1368 ), #2169, .F. ) ;
#2373 = VERTEX_POINT ( 'NONE', #399 ) ;
#2374 = DIRECTION ( 'NONE',  ( 2.484704294013006168E-16, 0.000000000000000000, -1.000000000000000000 ) ) ;
#2375 = ORIENTED_EDGE ( 'NONE', *, *, #1406, .T. ) ;
#2376 = DIRECTION ( 'NONE',  ( 0.000000000000000000, 0.000000000000000000, -1.000000000000000000 ) ) ;
#2377 = DIRECTION ( 'NONE',  ( 0.000000000000000000, 0.000000000000000000, 1.000000000000000000 ) ) ;
#2378 = DIRECTION ( 'NONE',  ( -0.000000000000000000, -1.000000000000000000, -0.000000000000000000 ) ) ;
#2379 = AXIS2_PLACEMENT_3D ( 'NONE', #1205, #1622, #2022 ) ;
#2380 = CIRCLE ( 'NONE', #1770, 3.000000000000000888 ) ;
#2381 = EDGE_LOOP ( 'NONE', ( #553, #541, #871, #1876 ) ) ;
#2382 = CIRCLE ( 'NONE', #346, 2.999999999999993783 ) ;
#2383 = CARTESIAN_POINT ( 'NONE',  ( -17.73475153435742513, 9.048666624714027051, -9.992420760536809610 ) ) ;
#2384 = ORIENTED_EDGE ( 'NONE', *, *, #502, .T. ) ;
#2385 = EDGE_CURVE ( 'NONE', #1456, #1666, #1055, .T. ) ;
#2386 = PERSON_AND_ORGANIZATION_ROLE ( 'creator' ) ;
#2387 = DIRECTION ( 'NONE',  ( 0.000000000000000000, 0.000000000000000000, 1.000000000000000000 ) ) ;
#2388 = ORIENTED_EDGE ( 'NONE', *, *, #104, .F. ) ;
#2389 = CARTESIAN_POINT ( 'NONE',  ( -28.82626367136850121, 26.04866662471402705, -8.187001148131733075 ) ) ;
#2390 = CIRCLE ( 'NONE', #1862, 2.449999999999999734 ) ;
#2391 = LOCAL_TIME ( 10, 19, 29.00000000000000000, #1787 ) ;
#2392 = ADVANCED_FACE ( 'NONE', ( #603 ), #616, .F. ) ;
#2393 = VECTOR ( 'NONE', #154, 1000.000000000000114 ) ;
#2394 = CYLINDRICAL_SURFACE ( 'NONE', #818, 1.900000000000000577 ) ;
#2395 = LINE ( 'NONE', #1667, #1246 ) ;
#2396 = ORIENTED_EDGE ( 'NONE', *, *, #2220, .T. ) ;
#2397 = DIRECTION ( 'NONE',  ( 0.000000000000000000, 0.000000000000000000, 1.000000000000000000 ) ) ;
#2398 = ORIENTED_EDGE ( 'NONE', *, *, #1608, .T. ) ;
#2399 = CARTESIAN_POINT ( 'NONE',  ( -31.62626367136851258, 9.048666624714027051, 13.61299885186826764 ) ) ;
#2400 = ORIENTED_EDGE ( 'NONE', *, *, #2001, .T. ) ;
#2401 = ADVANCED_FACE ( 'NONE', ( #2192 ), #767, .T. ) ;
#2402 = AXIS2_PLACEMENT_3D ( 'NONE', #2208, #283, #878 ) ;
#2403 = CARTESIAN_POINT ( 'NONE',  ( 2.173736328631492576, 11.04866662471402883, -8.187001148131733075 ) ) ;
#2404 = CARTESIAN_POINT ( 'NONE',  ( 2.190100140095498027, 14.04866662471402883, 3.812998851868266481 ) ) ;
#2405 = CIRCLE ( 'NONE', #1224, 1.899999999999999023 ) ;
#2406 = ADVANCED_FACE ( 'NONE', ( #1296 ), #244, .F. ) ;
#2407 = EDGE_CURVE ( 'NONE', #84, #255, #1258, .T. ) ;
#2408 = ORIENTED_EDGE ( 'NONE', *, *, #824, .F. ) ;
#2409 = LINE ( 'NONE', #1657, #445 ) ;
#2410 = EDGE_LOOP ( 'NONE', ( #985, #1715, #268, #1066 ) ) ;
#2411 = CARTESIAN_POINT ( 'NONE',  ( 11.47654949598187457, 14.04866662471402883, 11.47654949598191365 ) ) ;
#2412 = ORIENTED_EDGE ( 'NONE', *, *, #1135, .F. ) ;
#2413 = CYLINDRICAL_SURFACE ( 'NONE', #280, 2.000000000000000000 ) ;
#2414 = FACE_OUTER_BOUND ( 'NONE', #1272, .T. ) ;
#2415 = EDGE_CURVE ( 'NONE', #1442, #1583, #1964, .T. ) ;
#2416 = CARTESIAN_POINT ( 'NONE',  ( -28.82626367136850121, 11.04866662471402883, -8.187001148131733075 ) ) ;
#2417 = VECTOR ( 'NONE', #2140, 1000.000000000000000 ) ;
#2418 = VERTEX_POINT ( 'NONE', #106 ) ;
#2419 = EDGE_CURVE ( 'NONE', #1698, #1740, #1746, .T. ) ;
#2420 = CIRCLE ( 'NONE', #1320, 1.500000000000008216 ) ;
#2421 = DIRECTION ( 'NONE',  ( 0.000000000000000000, 0.000000000000000000, 1.000000000000000000 ) ) ;
#2422 = AXIS2_PLACEMENT_3D ( 'NONE', #381, #1338, #1954 ) ;
#2423 = VERTEX_POINT ( 'NONE', #1035 ) ;
#2424 = DIRECTION ( 'NONE',  ( -0.000000000000000000, 1.000000000000000000, -0.000000000000000000 ) ) ;
#2425 = DIRECTION ( 'NONE',  ( -0.000000000000000000, 1.000000000000000000, -0.000000000000000000 ) ) ;
#2426 = LINE ( 'NONE', #893, #262 ) ;
#2427 = CARTESIAN_POINT ( 'NONE',  ( -24.26806044570588128, 9.048666624714027051, -5.993829239942333409 ) ) ;
#2428 = DIRECTION ( 'NONE',  ( 0.000000000000000000, 0.000000000000000000, 1.000000000000000000 ) ) ;
#2429 = CIRCLE ( 'NONE', #1369, 1.450000000000002398 ) ;
#2430 = DIRECTION ( 'NONE',  ( 0.000000000000000000, 1.000000000000000000, 0.000000000000000000 ) ) ;
#2431 = VERTEX_POINT ( 'NONE', #1476 ) ;
#2432 = EDGE_CURVE ( 'NONE', #1137, #1683, #129, .T. ) ;
#2433 = CARTESIAN_POINT ( 'NONE',  ( -34.62626367136851258, 10.04866662471402883, -14.18700114813173307 ) ) ;
#2434 = CARTESIAN_POINT ( 'NONE',  ( 2.190100140095498027, 9.048666624714027051, -2.637001148131731032 ) ) ;
#2435 = ORIENTED_EDGE ( 'NONE', *, *, #919, .T. ) ;
#2436 = LINE ( 'NONE', #1645, #1805 ) ;
#2437 = DIRECTION ( 'NONE',  ( 0.000000000000000000, -0.7071067811865474617, 0.7071067811865474617 ) ) ;
#2438 = EDGE_CURVE ( 'NONE', #1216, #1666, #303, .T. ) ;
#2439 = CARTESIAN_POINT ( 'NONE',  ( 5.140100140095499093, 14.04866662471402883, 17.81299885186826515 ) ) ;
#2440 = ORIENTED_EDGE ( 'NONE', *, *, #252, .T. ) ;
#2441 = DIRECTION ( 'NONE',  ( -3.368395098984092168E-16, 0.000000000000000000, 1.000000000000000000 ) ) ;
#2442 = AXIS2_PLACEMENT_3D ( 'NONE', #1437, #2226, #1462 ) ;
#2443 = LINE ( 'NONE', #1473, #1345 ) ;
#2444 = ORIENTED_EDGE ( 'NONE', *, *, #2015, .T. ) ;
#2445 = LINE ( 'NONE', #699, #1546 ) ;
#2446 = CARTESIAN_POINT ( 'NONE',  ( -3.861500443820547801, -5.452333375285972394, -6.326676565517269424 ) ) ;
#2447 = EDGE_CURVE ( 'NONE', #2306, #2091, #1672, .T. ) ;
#2448 = ORIENTED_EDGE ( 'NONE', *, *, #2349, .F. ) ;
#2449 = CARTESIAN_POINT ( 'NONE',  ( -2.809624277268604864, 14.04866662471402883, -3.187001148131733519 ) ) ;
#2450 = EDGE_CURVE ( 'NONE', #1021, #187, #1092, .T. ) ;
#2451 = VERTEX_POINT ( 'NONE', #913 ) ;
#2452 = DIRECTION ( 'NONE',  ( 0.000000000000000000, -0.000000000000000000, 1.000000000000000000 ) ) ;
#2453 = EDGE_CURVE ( 'NONE', #473, #1430, #2028, .T. ) ;
#2454 = EDGE_LOOP ( 'NONE', ( #485, #566, #2085, #1589, #1664, #1799, #1633, #316 ) ) ;
#2455 = DIRECTION ( 'NONE',  ( -6.180369510473978370E-15, 0.000000000000000000, 1.000000000000000000 ) ) ;
#2456 = DIRECTION ( 'NONE',  ( -0.000000000000000000, -1.000000000000000000, -0.000000000000000000 ) ) ;
#2457 = ORIENTED_EDGE ( 'NONE', *, *, #30, .F. ) ;
#2458 = LINE ( 'NONE', #2433, #1443 ) ;
#2459 = AXIS2_PLACEMENT_3D ( 'NONE', #49, #640, #1490 ) ;
#2460 = CARTESIAN_POINT ( 'NONE',  ( 2.173736328631492576, 11.04866662471402883, 11.81299885186826693 ) ) ;
#2461 = ORIENTED_EDGE ( 'NONE', *, *, #673, .T. ) ;
#2462 = CARTESIAN_POINT ( 'NONE',  ( -25.71806044570588412, 9.048666624714027051, 9.619826943678864595 ) ) ;
#2463 = CARTESIAN_POINT ( 'NONE',  ( -31.62626367136850547, 14.04866662471402883, 17.81299885186826515 ) ) ;
#2464 = AXIS2_PLACEMENT_3D ( 'NONE', #647, #810, #1981 ) ;
#2465 = VECTOR ( 'NONE', #98, 1000.000000000000000 ) ;
#2466 = CARTESIAN_POINT ( 'NONE',  ( -24.77718943600903856, 14.04866662471402883, 10.97750425115398620 ) ) ;
#2467 = ORIENTED_EDGE ( 'NONE', *, *, #2132, .F. ) ;
#2468 = DIRECTION ( 'NONE',  ( 1.084202172485504434E-16, 0.000000000000000000, 1.000000000000000000 ) ) ;
#2469 = DIRECTION ( 'NONE',  ( 0.000000000000000000, -0.000000000000000000, 1.000000000000000000 ) ) ;
#2470 = AXIS2_PLACEMENT_3D ( 'NONE', #66, #684, #2428 ) ;
#2471 = ORIENTED_EDGE ( 'NONE', *, *, #296, .T. ) ;
#2472 =( GEOMETRIC_REPRESENTATION_CONTEXT ( 3 ) GLOBAL_UNCERTAINTY_ASSIGNED_CONTEXT ( ( #705 ) ) GLOBAL_UNIT_ASSIGNED_CONTEXT ( ( #2095, #1903, #2488 ) ) REPRESENTATION_CONTEXT ( 'NONE', 'WORKASPACE' ) );
#2473 = DIRECTION ( 'NONE',  ( -0.000000000000000000, -1.000000000000000000, -0.000000000000000000 ) ) ;
#2474 = DIRECTION ( 'NONE',  ( -0.000000000000000000, 1.000000000000000000, -0.000000000000000000 ) ) ;
#2475 = ORIENTED_EDGE ( 'NONE', *, *, #401, .F. ) ;
#2476 = LINE ( 'NONE', #744, #667 ) ;
#2477 = EDGE_LOOP ( 'NONE', ( #1506, #213 ) ) ;
#2478 = ORIENTED_EDGE ( 'NONE', *, *, #1261, .F. ) ;
#2479 = FACE_BOUND ( 'NONE', #1365, .T. ) ;
#2480 = EDGE_LOOP ( 'NONE', ( #981, #373, #2512, #1915 ) ) ;
#2481 = CARTESIAN_POINT ( 'NONE',  ( -31.62626367136851258, 9.048666624714027051, 12.11299885186826586 ) ) ;
#2482 = EDGE_CURVE ( 'NONE', #1908, #1623, #1117, .T. ) ;
#2483 = CARTESIAN_POINT ( 'NONE',  ( -24.77718943600903856, 9.048666624714027051, 10.97750425115398620 ) ) ;
#2484 = EDGE_CURVE ( 'NONE', #2034, #68, #93, .T. ) ;
#2485 = ORIENTED_EDGE ( 'NONE', *, *, #2211, .F. ) ;
#2486 = CYLINDRICAL_SURFACE ( 'NONE', #947, 2.449999999999996625 ) ;
#2487 = ADVANCED_FACE ( 'NONE', ( #700 ), #1611, .T. ) ;
#2488 =( NAMED_UNIT ( * ) SI_UNIT ( $, .STERADIAN. ) SOLID_ANGLE_UNIT ( ) );
#2489 = ORIENTED_EDGE ( 'NONE', *, *, #833, .T. ) ;
#2490 = DIRECTION ( 'NONE',  ( 0.000000000000000000, 0.000000000000000000, 1.000000000000000000 ) ) ;
#2491 = DIRECTION ( 'NONE',  ( -1.263148162119034378E-16, 0.000000000000000000, -1.000000000000000000 ) ) ;
#2492 = ORIENTED_EDGE ( 'NONE', *, *, #1971, .T. ) ;
#2493 = DIRECTION ( 'NONE',  ( -1.000000000000000000, 0.000000000000000000, -6.737923118571688121E-16 ) ) ;
#2494 = ORIENTED_EDGE ( 'NONE', *, *, #1103, .F. ) ;
#2495 = DIRECTION ( 'NONE',  ( 1.000000000000000000, 0.000000000000000000, 6.737923118571687135E-16 ) ) ;
#2496 = CARTESIAN_POINT ( 'NONE',  ( -33.62626367136851258, 10.04866662471402883, -8.487001148131733785 ) ) ;
#2497 = ORIENTED_EDGE ( 'NONE', *, *, #864, .F. ) ;
#2498 = ADVANCED_FACE ( 'NONE', ( #2206 ), #1682, .F. ) ;
#2499 = EDGE_CURVE ( 'NONE', #1609, #1643, #1874, .T. ) ;
#2500 = ORIENTED_EDGE ( 'NONE', *, *, #2211, .T. ) ;
#2501 = ADVANCED_FACE ( 'NONE', ( #886 ), #688, .F. ) ;
#2502 = DIRECTION ( 'NONE',  ( -0.000000000000000000, 1.000000000000000000, -0.000000000000000000 ) ) ;
#2503 = LINE ( 'NONE', #2113, #882 ) ;
#2504 = ORIENTED_EDGE ( 'NONE', *, *, #2199, .T. ) ;
#2505 = APPLICATION_CONTEXT ( 'configuration controlled 3d designs of mechanical parts and assemblies' ) ;
#2506 = CARTESIAN_POINT ( 'NONE',  ( -28.82626367136850121, 26.04866662471402705, 9.912998851868268346 ) ) ;
#2507 = EDGE_LOOP ( 'NONE', ( #47, #1144, #837, #1325, #31, #371, #300, #1717 ) ) ;
#2508 = AXIS2_PLACEMENT_3D ( 'NONE', #162, #2137, #1529 ) ;
#2509 = DIRECTION ( 'NONE',  ( 2.484704294013006168E-16, 0.000000000000000000, -1.000000000000000000 ) ) ;
#2510 = CONICAL_SURFACE ( 'NONE', #1009, 2.000000000000005329, 0.7853981633974447263 ) ;
#2511 = CARTESIAN_POINT ( 'NONE',  ( 7.140100140095499093, 9.548666624714027051, -8.487001148131733785 ) ) ;
#2512 = ORIENTED_EDGE ( 'NONE', *, *, #156, .F. ) ;
#2513 = CARTESIAN_POINT ( 'NONE',  ( -2.259624277268603709, 14.04866662471402883, -2.637001148131731920 ) ) ;
#2514 = VECTOR ( 'NONE', #816, 1000.000000000000000 ) ;
#2515 = LOCAL_TIME ( 10, 19, 29.00000000000000000, #2021 ) ;
#2516 = EDGE_CURVE ( 'NONE', #1505, #924, #642, .T. ) ;
#2517 = ORIENTED_EDGE ( 'NONE', *, *, #949, .T. ) ;
#2518 = AXIS2_PLACEMENT_3D ( 'NONE', #776, #1405, #1208 ) ;
#2519 = DIRECTION ( 'NONE',  ( 0.000000000000000000, 0.000000000000000000, 1.000000000000000000 ) ) ;
#2520 = DIRECTION ( 'NONE',  ( 0.000000000000000000, 1.000000000000000000, 0.000000000000000000 ) ) ;
#2521 = ORIENTED_EDGE ( 'NONE', *, *, #191, .F. ) ;
#2522 = CARTESIAN_POINT ( 'NONE',  ( -31.62626367136851258, 9.048666624714027051, -8.487001148131733785 ) ) ;
#2523 = ORIENTED_EDGE ( 'NONE', *, *, #729, .T. ) ;
#2524 = CARTESIAN_POINT ( 'NONE',  ( 4.640100140095499093, -5.452333375285972394, 3.812998851868266925 ) ) ;
#2525 = LINE ( 'NONE', #169, #2002 ) ;
#2526 = DIRECTION ( 'NONE',  ( -0.000000000000000000, -1.000000000000000000, -0.000000000000000000 ) ) ;
#2527 = VECTOR ( 'NONE', #1077, 1000.000000000000000 ) ;
#2528 = VERTEX_POINT ( 'NONE', #1324 ) ;
#2529 = FACE_OUTER_BOUND ( 'NONE', #940, .T. ) ;
#2530 = EDGE_CURVE ( 'NONE', #1868, #2329, #1514, .T. ) ;
#2531 = VECTOR ( 'NONE', #975, 999.9999999999998863 ) ;
#2532 = DIRECTION ( 'NONE',  ( -0.7071067811865475727, 0.7071067811865475727, 8.931806310776937325E-17 ) ) ;
#2533 = ORIENTED_EDGE ( 'NONE', *, *, #1612, .F. ) ;
#2534 = EDGE_CURVE ( 'NONE', #68, #1896, #270, .T. ) ;
ENDSEC;
END-ISO-10303-21;
