ISO-10303-21;
HEADER;
FILE_DESCRIPTION (( 'STEP AP203' ),
    '1' );
FILE_NAME ('cut_holder.STEP',
    '2025-12-05T11:59:16',
    ( '' ),
    ( '' ),
    'SwSTEP 2.0',
    'SolidWorks 2020',
    '' );
FILE_SCHEMA (( 'CONFIG_CONTROL_DESIGN' ));
ENDSEC;

DATA;
#1 = VECTOR ( 'NONE', #1491, 1000.000000000000000 ) ;
#2 = CARTESIAN_POINT ( 'NONE',  ( 12.08578643762690241, -5.799999999999995381, 5.000000000000000000 ) ) ;
#3 = ADVANCED_FACE ( 'NONE', ( #1724 ), #2749, .T. ) ;
#4 = CARTESIAN_POINT ( 'NONE',  ( -3.196222926588304425, -0.3000000000000028200, -11.29043856474209662 ) ) ;
#5 = DIRECTION ( 'NONE',  ( 0.000000000000000000, 0.000000000000000000, 1.000000000000000000 ) ) ;
#6 = LINE ( 'NONE', #946, #2840 ) ;
#7 = EDGE_CURVE ( 'NONE', #555, #2833, #2904, .T. ) ;
#8 = VERTEX_POINT ( 'NONE', #1277 ) ;
#9 = EDGE_LOOP ( 'NONE', ( #2738, #2806, #1244, #728 ) ) ;
#10 = DIRECTION ( 'NONE',  ( 0.000000000000000000, -1.000000000000000000, 0.000000000000000000 ) ) ;
#11 = CARTESIAN_POINT ( 'NONE',  ( -14.49721676793700098, -0.3000000000000033751, 2.000000000000000000 ) ) ;
#12 = CARTESIAN_POINT ( 'NONE',  ( 16.53551085499100282, -5.799999999999994493, -1.850000000000000533 ) ) ;
#13 = AXIS2_PLACEMENT_3D ( 'NONE', #16, #464, #450 ) ;
#14 = ORIENTED_EDGE ( 'NONE', *, *, #1693, .F. ) ;
#15 = CYLINDRICAL_SURFACE ( 'NONE', #2609, 1.899999999999999023 ) ;
#16 = CARTESIAN_POINT ( 'NONE',  ( 12.08578643762690241, -5.299999999999990941, -5.000000000000000000 ) ) ;
#17 = FACE_OUTER_BOUND ( 'NONE', #1556, .T. ) ;
#18 = DIRECTION ( 'NONE',  ( 0.1941490085400766619, -0.7071067811865473507, -0.6799309983247605604 ) ) ;
#19 = CARTESIAN_POINT ( 'NONE',  ( 10.48578643762689744, 0.2000000000000042299, 2.000000000000000000 ) ) ;
#20 = CARTESIAN_POINT ( 'NONE',  ( -16.39721676793699956, -5.299999999999996270, 2.000000000000000000 ) ) ;
#21 = EDGE_CURVE ( 'NONE', #2408, #1690, #2004, .T. ) ;
#22 = ORIENTED_EDGE ( 'NONE', *, *, #218, .F. ) ;
#23 = ORIENTED_EDGE ( 'NONE', *, *, #882, .F. ) ;
#24 = CARTESIAN_POINT ( 'NONE',  ( 16.53551085499100282, 0.2000000000000057288, -2.000000000000000000 ) ) ;
#25 = EDGE_CURVE ( 'NONE', #8, #2183, #1752, .T. ) ;
#26 = ADVANCED_FACE ( 'NONE', ( #1289 ), #126, .T. ) ;
#27 = CARTESIAN_POINT ( 'NONE',  ( 17.93551085499099784, 0.2000000000000055900, 2.000000000000000000 ) ) ;
#28 = DIRECTION ( 'NONE',  ( 0.000000000000000000, 0.000000000000000000, 1.000000000000000000 ) ) ;
#29 = CIRCLE ( 'NONE', #1680, 0.9000000000000023537 ) ;
#30 = EDGE_LOOP ( 'NONE', ( #2268, #1162, #657, #2727 ) ) ;
#31 = LINE ( 'NONE', #2563, #2320 ) ;
#32 = LINE ( 'NONE', #2547, #1744 ) ;
#33 = CARTESIAN_POINT ( 'NONE',  ( 10.98578643762690099, -0.3000000000000007661, -6.535889741755010363 ) ) ;
#34 = DIRECTION ( 'NONE',  ( 1.836970198721029688E-16, -1.000000000000000000, 0.000000000000000000 ) ) ;
#35 = DIRECTION ( 'NONE',  ( 1.836970198721029688E-16, -1.000000000000000000, 0.000000000000000000 ) ) ;
#36 = ORIENTED_EDGE ( 'NONE', *, *, #1177, .F. ) ;
#37 = ORIENTED_EDGE ( 'NONE', *, *, #934, .T. ) ;
#38 = FACE_OUTER_BOUND ( 'NONE', #479, .T. ) ;
#39 = ORIENTED_EDGE ( 'NONE', *, *, #519, .F. ) ;
#40 = APPLICATION_PROTOCOL_DEFINITION ( 'international standard', 'config_control_design', 1994, #761 ) ;
#41 = EDGE_CURVE ( 'NONE', #2623, #1371, #831, .T. ) ;
#42 = LINE ( 'NONE', #1829, #91 ) ;
#43 = EDGE_CURVE ( 'NONE', #1719, #2134, #1519, .T. ) ;
#44 = AXIS2_PLACEMENT_3D ( 'NONE', #225, #2768, #1159 ) ;
#45 = ORIENTED_EDGE ( 'NONE', *, *, #2931, .F. ) ;
#46 = DIRECTION ( 'NONE',  ( 0.000000000000000000, 0.000000000000000000, 1.000000000000000000 ) ) ;
#47 = CARTESIAN_POINT ( 'NONE',  ( -10.39721676793699601, -3.799999999999999378, -7.703719777548943412E-31 ) ) ;
#48 = AXIS2_PLACEMENT_3D ( 'NONE', #2, #324, #466 ) ;
#49 = VECTOR ( 'NONE', #1588, 1000.000000000000000 ) ;
#50 = VECTOR ( 'NONE', #2955, 1000.000000000000000 ) ;
#51 = DIRECTION ( 'NONE',  ( -1.000000000000000000, -1.836970198721029688E-16, 0.000000000000000000 ) ) ;
#52 = PLANE ( 'NONE',  #673 ) ;
#53 = CARTESIAN_POINT ( 'NONE',  ( 10.19561370202636219, -5.799999999999995381, -7.130029396111341455 ) ) ;
#54 = CIRCLE ( 'NONE', #2239, 0.3999999999999958589 ) ;
#55 = EDGE_LOOP ( 'NONE', ( #2697, #441, #1443, #1568 ) ) ;
#56 = FACE_OUTER_BOUND ( 'NONE', #2943, .T. ) ;
#57 = ORIENTED_EDGE ( 'NONE', *, *, #2962, .T. ) ;
#58 = ADVANCED_FACE ( 'NONE', ( #1545 ), #1848, .F. ) ;
#59 = ORIENTED_EDGE ( 'NONE', *, *, #2735, .F. ) ;
#60 = DIRECTION ( 'NONE',  ( 0.000000000000000000, -1.000000000000000000, 0.000000000000000000 ) ) ;
#61 = PLANE ( 'NONE',  #2628 ) ;
#62 = ADVANCED_FACE ( 'NONE', ( #1967 ), #1322, .F. ) ;
#63 = DIRECTION ( 'NONE',  ( -0.7071067811865475727, -0.7071067811865475727, -0.000000000000000000 ) ) ;
#64 = CARTESIAN_POINT ( 'NONE',  ( 16.53551085499100282, 0.2000000000000053402, 3.399999999999996358 ) ) ;
#65 = DIRECTION ( 'NONE',  ( -1.836970198721029688E-16, 1.000000000000000000, 0.000000000000000000 ) ) ;
#66 = ORIENTED_EDGE ( 'NONE', *, *, #1713, .F. ) ;
#67 = CARTESIAN_POINT ( 'NONE',  ( -11.92264973081037738, -5.799999999999999822, -3.399999999999996803 ) ) ;
#68 = VERTEX_POINT ( 'NONE', #2879 ) ;
#69 =( NAMED_UNIT ( * ) SI_UNIT ( $, .STERADIAN. ) SOLID_ANGLE_UNIT ( ) );
#70 = VERTEX_POINT ( 'NONE', #2241 ) ;
#71 = CARTESIAN_POINT ( 'NONE',  ( 10.98578643762690099, -0.3000000000000006550, -5.000000000000000000 ) ) ;
#72 = ORIENTED_EDGE ( 'NONE', *, *, #748, .F. ) ;
#73 = DIRECTION ( 'NONE',  ( 0.000000000000000000, -1.000000000000000000, 0.000000000000000000 ) ) ;
#74 = CARTESIAN_POINT ( 'NONE',  ( 10.48578643762690099, -5.799999999999995381, -6.745402340387840034 ) ) ;
#75 = VECTOR ( 'NONE', #127, 1000.000000000000114 ) ;
#76 = DIRECTION ( 'NONE',  ( 1.000000000000000000, 1.836970198721029688E-16, 0.000000000000000000 ) ) ;
#77 = CARTESIAN_POINT ( 'NONE',  ( -10.32264973081037418, 0.2000000000000004274, -7.806828091810600334 ) ) ;
#78 = EDGE_CURVE ( 'NONE', #597, #348, #1085, .T. ) ;
#79 = ADVANCED_FACE ( 'NONE', ( #2450 ), #2436, .F. ) ;
#80 = ORIENTED_EDGE ( 'NONE', *, *, #2017, .T. ) ;
#81 = CARTESIAN_POINT ( 'NONE',  ( -4.922649730810379154, -5.299999999999998046, 1.350000000000000089 ) ) ;
#82 = ORIENTED_EDGE ( 'NONE', *, *, #2341, .T. ) ;
#83 = APPROVAL_STATUS ( 'not_yet_approved' ) ;
#84 = CARTESIAN_POINT ( 'NONE',  ( -11.92264973081037738, -5.799999999999999822, -5.000000000000000000 ) ) ;
#85 = EDGE_LOOP ( 'NONE', ( #1034, #1736, #2871, #1015 ) ) ;
#86 = CARTESIAN_POINT ( 'NONE',  ( -10.82264973081036352, -5.299999999999995381, 5.000000000000000000 ) ) ;
#87 = LINE ( 'NONE', #2858, #647 ) ;
#88 = CONICAL_SURFACE ( 'NONE', #1886, 0.3999999999999993006, 0.7853981633974481680 ) ;
#89 = DESIGN_CONTEXT ( 'detailed design', #761, 'design' ) ;
#90 = ORIENTED_EDGE ( 'NONE', *, *, #427, .F. ) ;
#91 = VECTOR ( 'NONE', #1131, 1000.000000000000000 ) ;
#92 = CARTESIAN_POINT ( 'NONE',  ( -14.49721676793700098, -0.3000000000000042633, -3.899999999999999023 ) ) ;
#93 = CARTESIAN_POINT ( 'NONE',  ( 12.08578643762690241, -5.299999999999990941, 3.899999999999999911 ) ) ;
#94 = VECTOR ( 'NONE', #2632, 1000.000000000000000 ) ;
#95 = ADVANCED_FACE ( 'NONE', ( #1483 ), #366, .F. ) ;
#96 = ADVANCED_FACE ( 'NONE', ( #793 ), #2666, .T. ) ;
#97 = CARTESIAN_POINT ( 'NONE',  ( -10.23866082823991874, -0.3000000000000033196, -8.649524351622744689 ) ) ;
#98 = CARTESIAN_POINT ( 'NONE',  ( 16.53551085499100282, -5.799999999999994493, 2.000000000000000000 ) ) ;
#99 = AXIS2_PLACEMENT_3D ( 'NONE', #2814, #1917, #515 ) ;
#100 = EDGE_CURVE ( 'NONE', #986, #489, #2751, .T. ) ;
#101 = EDGE_LOOP ( 'NONE', ( #558, #2278, #2454, #1300 ) ) ;
#102 = PERSON_AND_ORGANIZATION ( #1079, #386 ) ;
#103 = ORIENTED_EDGE ( 'NONE', *, *, #760, .T. ) ;
#104 = CARTESIAN_POINT ( 'NONE',  ( -2.633100484259955909, -5.299999999999993605, -11.31315318030784667 ) ) ;
#105 = EDGE_LOOP ( 'NONE', ( #1781, #157, #2152, #2553 ) ) ;
#106 = DIRECTION ( 'NONE',  ( -0.9615676393087543294, -1.766371097464713951E-16, -0.2745681609986660443 ) ) ;
#107 = CARTESIAN_POINT ( 'NONE',  ( -10.23866082823991874, -5.799999999999999822, 8.649524351622742913 ) ) ;
#108 = ORIENTED_EDGE ( 'NONE', *, *, #1335, .T. ) ;
#109 = DIRECTION ( 'NONE',  ( -0.7071067811865464625, -0.7071067811865486830, 0.000000000000000000 ) ) ;
#110 = DIRECTION ( 'NONE',  ( -1.836970198721029688E-16, 1.000000000000000000, 0.000000000000000000 ) ) ;
#111 = DIRECTION ( 'NONE',  ( 0.2482817665807095231, 0.7071067811865484609, 0.6620847108818936899 ) ) ;
#112 = FACE_OUTER_BOUND ( 'NONE', #2502, .T. ) ;
#113 = ORIENTED_EDGE ( 'NONE', *, *, #866, .F. ) ;
#114 = DATE_AND_TIME ( #2691, #424 ) ;
#115 = ORIENTED_EDGE ( 'NONE', *, *, #100, .T. ) ;
#116 = EDGE_CURVE ( 'NONE', #1249, #598, #1604, .T. ) ;
#117 = EDGE_CURVE ( 'NONE', #2149, #2316, #1126, .T. ) ;
#118 = DIRECTION ( 'NONE',  ( -1.000000000000000000, 0.000000000000000000, -4.336808689942072167E-15 ) ) ;
#119 = ORIENTED_EDGE ( 'NONE', *, *, #1639, .F. ) ;
#120 = DIRECTION ( 'NONE',  ( -1.000000000000000000, -1.836970198721029688E-16, 0.000000000000000000 ) ) ;
#121 = FACE_OUTER_BOUND ( 'NONE', #2791, .T. ) ;
#122 = VERTEX_POINT ( 'NONE', #177 ) ;
#123 = LINE ( 'NONE', #1753, #2893 ) ;
#124 = CARTESIAN_POINT ( 'NONE',  ( -11.92264973081035961, -5.299999999999995381, 5.000000000000000000 ) ) ;
#125 = AXIS2_PLACEMENT_3D ( 'NONE', #1894, #1209, #2586 ) ;
#126 = PLANE ( 'NONE',  #833 ) ;
#127 = DIRECTION ( 'NONE',  ( -0.7071067811865474617, 0.7071067811865474617, 0.000000000000000000 ) ) ;
#128 = EDGE_LOOP ( 'NONE', ( #1600, #2425, #2835, #66 ) ) ;
#129 = ORIENTED_EDGE ( 'NONE', *, *, #1494, .T. ) ;
#130 = ORIENTED_EDGE ( 'NONE', *, *, #425, .F. ) ;
#131 = EDGE_CURVE ( 'NONE', #876, #2754, #1096, .T. ) ;
#132 = DIRECTION ( 'NONE',  ( 0.000000000000000000, 0.000000000000000000, 1.000000000000000000 ) ) ;
#133 = ORIENTED_EDGE ( 'NONE', *, *, #1438, .T. ) ;
#134 = DIRECTION ( 'NONE',  ( 0.000000000000000000, 0.000000000000000000, 1.000000000000000000 ) ) ;
#135 = CARTESIAN_POINT ( 'NONE',  ( -13.29721676793699636, -5.800000000000000711, 3.551475717527314465E-16 ) ) ;
#136 = EDGE_CURVE ( 'NONE', #194, #122, #636, .T. ) ;
#137 = VERTEX_POINT ( 'NONE', #2699 ) ;
#138 = CARTESIAN_POINT ( 'NONE',  ( 17.41196986330896479, 0.2000000000000055067, 5.069455018068508956 ) ) ;
#139 = CARTESIAN_POINT ( 'NONE',  ( 10.48578643762689744, 0.2000000000000042299, 2.000000000000000000 ) ) ;
#140 = AXIS2_PLACEMENT_3D ( 'NONE', #926, #2294, #207 ) ;
#141 = AXIS2_PLACEMENT_3D ( 'NONE', #1123, #2531, #1592 ) ;
#142 = DIRECTION ( 'NONE',  ( 1.000000000000000000, 8.809142651444805371E-16, 0.000000000000000000 ) ) ;
#143 = DIRECTION ( 'NONE',  ( -0.000000000000000000, 1.000000000000000000, -0.000000000000000000 ) ) ;
#144 = AXIS2_PLACEMENT_3D ( 'NONE', #2304, #690, #1351 ) ;
#145 = ORIENTED_EDGE ( 'NONE', *, *, #805, .F. ) ;
#146 = APPROVAL_PERSON_ORGANIZATION ( #1698, #1334, #2365 ) ;
#147 = ORIENTED_EDGE ( 'NONE', *, *, #167, .F. ) ;
#148 = VECTOR ( 'NONE', #809, 1000.000000000000000 ) ;
#149 = AXIS2_PLACEMENT_3D ( 'NONE', #2675, #594, #1951 ) ;
#150 = CARTESIAN_POINT ( 'NONE',  ( -11.92264973081037915, -0.3000000000000033751, 3.900000000000000355 ) ) ;
#151 = DIRECTION ( 'NONE',  ( -1.836970198721029441E-16, 1.000000000000000000, 0.000000000000000000 ) ) ;
#152 = CARTESIAN_POINT ( 'NONE',  ( 2.577350269189625731, -0.3000000000000007661, 0.000000000000000000 ) ) ;
#153 = ORIENTED_EDGE ( 'NONE', *, *, #2851, .T. ) ;
#154 = LINE ( 'NONE', #2923, #1133 ) ;
#155 = EDGE_CURVE ( 'NONE', #2149, #774, #54, .T. ) ;
#156 = ADVANCED_FACE ( 'NONE', ( #224 ), #1810, .F. ) ;
#157 = ORIENTED_EDGE ( 'NONE', *, *, #1879, .F. ) ;
#158 = DIRECTION ( 'NONE',  ( -1.000000000000000000, -1.836970198721029688E-16, -0.000000000000000000 ) ) ;
#159 = ORIENTED_EDGE ( 'NONE', *, *, #1821, .F. ) ;
#160 = PERSON_AND_ORGANIZATION ( #1079, #386 ) ;
#161 = ORIENTED_EDGE ( 'NONE', *, *, #444, .T. ) ;
#162 = DIRECTION ( 'NONE',  ( 0.000000000000000000, -0.000000000000000000, 1.000000000000000000 ) ) ;
#163 = FACE_OUTER_BOUND ( 'NONE', #1615, .T. ) ;
#164 = CARTESIAN_POINT ( 'NONE',  ( -10.82264973081037773, -5.299999999999995381, 7.806828091810600334 ) ) ;
#165 = ORIENTED_EDGE ( 'NONE', *, *, #1173, .T. ) ;
#166 = LINE ( 'NONE', #1094, #2081 ) ;
#167 = EDGE_CURVE ( 'NONE', #2117, #2726, #1650, .T. ) ;
#168 = DIRECTION ( 'NONE',  ( -0.000000000000000000, 1.000000000000000000, -0.000000000000000000 ) ) ;
#169 = CARTESIAN_POINT ( 'NONE',  ( 11.22400230745610905, 0.2000000000000043687, 16.16402279342639403 ) ) ;
#170 = EDGE_CURVE ( 'NONE', #1973, #717, #2285, .T. ) ;
#171 = ORIENTED_EDGE ( 'NONE', *, *, #2652, .F. ) ;
#172 = ORIENTED_EDGE ( 'NONE', *, *, #1026, .T. ) ;
#173 = DIRECTION ( 'NONE',  ( 0.1941490085400767729, 0.7071067811865473507, -0.6799309983247605604 ) ) ;
#174 = LINE ( 'NONE', #1779, #1140 ) ;
#175 = VERTEX_POINT ( 'NONE', #2015 ) ;
#176 = CARTESIAN_POINT ( 'NONE',  ( -16.39721676793699956, -0.3000000000000051514, -2.000000000000000444 ) ) ;
#177 = CARTESIAN_POINT ( 'NONE',  ( 12.08578643762690064, -0.3000000000000007661, 3.899999999999999911 ) ) ;
#178 = LINE ( 'NONE', #1072, #2541 ) ;
#179 = CIRCLE ( 'NONE', #2558, 1.100000000000000311 ) ;
#180 = AXIS2_PLACEMENT_3D ( 'NONE', #223, #1905, #2750 ) ;
#181 = CC_DESIGN_APPROVAL ( #545, ( #2234 ) ) ;
#182 = ADVANCED_FACE ( 'NONE', ( #2253 ), #649, .T. ) ;
#183 = ORIENTED_EDGE ( 'NONE', *, *, #1837, .F. ) ;
#184 = ORIENTED_EDGE ( 'NONE', *, *, #662, .F. ) ;
#185 = CIRCLE ( 'NONE', #281, 1.600000000000004086 ) ;
#186 = VECTOR ( 'NONE', #1960, 1000.000000000000114 ) ;
#187 = EDGE_CURVE ( 'NONE', #824, #887, #2505, .T. ) ;
#188 = CIRCLE ( 'NONE', #478, 0.3999999999999993006 ) ;
#189 = AXIS2_PLACEMENT_3D ( 'NONE', #2002, #1274, #2911 ) ;
#190 = DIRECTION ( 'NONE',  ( 0.000000000000000000, 0.000000000000000000, 1.000000000000000000 ) ) ;
#191 = DIRECTION ( 'NONE',  ( 0.000000000000000000, 0.000000000000000000, 1.000000000000000000 ) ) ;
#192 = FACE_OUTER_BOUND ( 'NONE', #524, .T. ) ;
#193 = AXIS2_PLACEMENT_3D ( 'NONE', #810, #351, #2686 ) ;
#194 = VERTEX_POINT ( 'NONE', #437 ) ;
#195 = DIRECTION ( 'NONE',  ( 0.000000000000000000, -1.000000000000000000, 0.000000000000000000 ) ) ;
#196 = CARTESIAN_POINT ( 'NONE',  ( 16.53551085499100282, -5.799999999999994493, 2.000000000000000000 ) ) ;
#197 = ORIENTED_EDGE ( 'NONE', *, *, #1599, .T. ) ;
#198 = CARTESIAN_POINT ( 'NONE',  ( 18.43551085499100139, -5.299999999999990052, -2.000000000000000000 ) ) ;
#199 = CARTESIAN_POINT ( 'NONE',  ( 10.98578643762690277, -5.299999999999990941, -6.745402340387840034 ) ) ;
#200 = ORIENTED_EDGE ( 'NONE', *, *, #2633, .T. ) ;
#201 = EDGE_LOOP ( 'NONE', ( #1741, #2979, #1695, #1178 ) ) ;
#202 = DIRECTION ( 'NONE',  ( -0.9615676393087543294, -1.766371097464713951E-16, -0.2745681609986660443 ) ) ;
#203 = EDGE_CURVE ( 'NONE', #1146, #2408, #2617, .T. ) ;
#204 = CARTESIAN_POINT ( 'NONE',  ( -2.880211829158754178, -0.3000000000000016542, 10.44774230492995848 ) ) ;
#205 = ADVANCED_FACE ( 'NONE', ( #452 ), #1838, .T. ) ;
#206 = ORIENTED_EDGE ( 'NONE', *, *, #596, .T. ) ;
#207 = DIRECTION ( 'NONE',  ( 0.000000000000000000, 0.000000000000000000, 1.000000000000000000 ) ) ;
#208 = CARTESIAN_POINT ( 'NONE',  ( 16.53551085499100282, -5.299999999999990052, 3.900000000000000355 ) ) ;
#209 = VERTEX_POINT ( 'NONE', #912 ) ;
#210 = DIRECTION ( 'NONE',  ( 0.000000000000000000, 0.000000000000000000, 1.000000000000000000 ) ) ;
#211 = DIRECTION ( 'NONE',  ( 0.000000000000000000, -0.000000000000000000, 1.000000000000000000 ) ) ;
#212 = ORIENTED_EDGE ( 'NONE', *, *, #353, .T. ) ;
#213 = VERTEX_POINT ( 'NONE', #1110 ) ;
#214 = ORIENTED_EDGE ( 'NONE', *, *, #136, .T. ) ;
#215 = CYLINDRICAL_SURFACE ( 'NONE', #2643, 0.8999999999999998002 ) ;
#216 = LINE ( 'NONE', #2556, #2706 ) ;
#217 = CARTESIAN_POINT ( 'NONE',  ( -14.49721676793699920, -5.299999999999996270, 2.000000000000000000 ) ) ;
#218 = EDGE_CURVE ( 'NONE', #1371, #986, #681, .T. ) ;
#219 = EDGE_CURVE ( 'NONE', #1653, #2692, #1388, .T. ) ;
#220 = ORIENTED_EDGE ( 'NONE', *, *, #2417, .F. ) ;
#221 = DIRECTION ( 'NONE',  ( -1.000000000000000000, 0.000000000000000000, 0.000000000000000000 ) ) ;
#222 = DIRECTION ( 'NONE',  ( -1.000000000000000000, -1.863472483959456062E-16, 0.000000000000000000 ) ) ;
#223 = CARTESIAN_POINT ( 'NONE',  ( -4.922649730810380042, -0.3000000000000025424, 0.000000000000000000 ) ) ;
#224 = FACE_OUTER_BOUND ( 'NONE', #55, .T. ) ;
#225 = CARTESIAN_POINT ( 'NONE',  ( 10.08578643762690241, -5.799999999999996270, -6.745402340387840034 ) ) ;
#226 = ORIENTED_EDGE ( 'NONE', *, *, #909, .T. ) ;
#227 = VERTEX_POINT ( 'NONE', #1565 ) ;
#228 = CARTESIAN_POINT ( 'NONE',  ( 16.53551085499100282, -5.799999999999994493, 3.900000000000000355 ) ) ;
#229 = AXIS2_PLACEMENT_3D ( 'NONE', #2339, #1186, #463 ) ;
#230 = CIRCLE ( 'NONE', #2272, 1.350000000000000311 ) ;
#231 = VECTOR ( 'NONE', #1323, 1000.000000000000114 ) ;
#232 = VECTOR ( 'NONE', #526, 1000.000000000000000 ) ;
#233 = DIRECTION ( 'NONE',  ( 1.836970198721029688E-16, -1.000000000000000000, -0.000000000000000000 ) ) ;
#234 = CARTESIAN_POINT ( 'NONE',  ( 12.08578643762690241, -5.299999999999990941, 3.899999999999999911 ) ) ;
#235 = ORIENTED_EDGE ( 'NONE', *, *, #1173, .F. ) ;
#236 = DIRECTION ( 'NONE',  ( 0.000000000000000000, 0.000000000000000000, -1.000000000000000000 ) ) ;
#237 = CARTESIAN_POINT ( 'NONE',  ( -10.82264973081037773, -5.799999999999999822, -6.535889741755010363 ) ) ;
#238 = AXIS2_PLACEMENT_3D ( 'NONE', #1219, #73, #1927 ) ;
#239 = EDGE_CURVE ( 'NONE', #175, #2508, #1412, .T. ) ;
#240 = CARTESIAN_POINT ( 'NONE',  ( 12.08578643762690241, -5.299999999999990941, 5.000000000000000000 ) ) ;
#241 = DIRECTION ( 'NONE',  ( 1.000000000000000000, 0.000000000000000000, -0.000000000000000000 ) ) ;
#242 = FACE_OUTER_BOUND ( 'NONE', #2859, .T. ) ;
#243 = CARTESIAN_POINT ( 'NONE',  ( 12.08578643762690241, -5.799999999999995381, -5.000000000000000000 ) ) ;
#244 = CC_DESIGN_PERSON_AND_ORGANIZATION_ASSIGNMENT ( #102, #1198, ( #496 ) ) ;
#245 = EDGE_CURVE ( 'NONE', #876, #368, #1360, .T. ) ;
#246 = VERTEX_POINT ( 'NONE', #2580 ) ;
#247 = VERTEX_POINT ( 'NONE', #2128 ) ;
#248 = DIRECTION ( 'NONE',  ( -1.836970198721029441E-16, 1.000000000000000000, 0.000000000000000000 ) ) ;
#249 = CARTESIAN_POINT ( 'NONE',  ( -14.49721676793700098, -0.3000000000000033751, 3.899999999999997691 ) ) ;
#250 = DIRECTION ( 'NONE',  ( 1.000000000000000000, 8.809142651444833967E-16, 0.000000000000000000 ) ) ;
#251 = ORIENTED_EDGE ( 'NONE', *, *, #1006, .F. ) ;
#252 = DIRECTION ( 'NONE',  ( -1.000000000000000000, 0.000000000000000000, 0.000000000000000000 ) ) ;
#253 = DIRECTION ( 'NONE',  ( -1.836970198721029441E-16, 1.000000000000000000, 0.000000000000000000 ) ) ;
#254 = CARTESIAN_POINT ( 'NONE',  ( 10.08578643762690064, 0.2000000000000048683, 6.745402340387840034 ) ) ;
#255 = CARTESIAN_POINT ( 'NONE',  ( 2.577350269189626175, -5.299999999999996270, 1.350000000000000089 ) ) ;
#256 = DIRECTION ( 'NONE',  ( -1.000000000000000000, 0.000000000000000000, 2.168404344971012812E-15 ) ) ;
#257 = ADVANCED_FACE ( 'NONE', ( #960 ), #482, .T. ) ;
#258 = ORIENTED_EDGE ( 'NONE', *, *, #1657, .F. ) ;
#259 = EDGE_CURVE ( 'NONE', #2106, #2226, #430, .T. ) ;
#260 = EDGE_LOOP ( 'NONE', ( #2867, #2465, #660, #2413 ) ) ;
#261 = DIRECTION ( 'NONE',  ( 0.000000000000000000, 0.000000000000000000, 1.000000000000000000 ) ) ;
#262 = DIRECTION ( 'NONE',  ( 0.7071067811865474617, -0.7071067811865474617, 0.000000000000000000 ) ) ;
#263 = AXIS2_PLACEMENT_3D ( 'NONE', #1732, #60, #1946 ) ;
#264 = CARTESIAN_POINT ( 'NONE',  ( 18.43551085499100139, -0.2999999999999981570, -2.000000000000000000 ) ) ;
#265 = VECTOR ( 'NONE', #2177, 1000.000000000000000 ) ;
#266 = EDGE_LOOP ( 'NONE', ( #1211, #1715, #1787, #1145 ) ) ;
#267 = FACE_OUTER_BOUND ( 'NONE', #2803, .T. ) ;
#268 = DIRECTION ( 'NONE',  ( 1.836970198721029688E-16, -1.000000000000000000, -0.000000000000000000 ) ) ;
#269 = DIRECTION ( 'NONE',  ( 0.000000000000000000, -0.000000000000000000, 1.000000000000000000 ) ) ;
#270 = CARTESIAN_POINT ( 'NONE',  ( 16.53551085499100282, -5.799999999999994493, 1.850000000000000533 ) ) ;
#271 = DIRECTION ( 'NONE',  ( -1.836970198721029441E-16, 1.000000000000000000, 0.000000000000000000 ) ) ;
#272 = ORIENTED_EDGE ( 'NONE', *, *, #1083, .F. ) ;
#273 = EDGE_LOOP ( 'NONE', ( #2244, #2379, #2147, #1074 ) ) ;
#274 = FACE_OUTER_BOUND ( 'NONE', #2769, .T. ) ;
#275 = ADVANCED_FACE ( 'NONE', ( #2389 ), #1070, .F. ) ;
#276 = EDGE_LOOP ( 'NONE', ( #1055, #2639, #2618, #569 ) ) ;
#277 = APPROVAL_DATE_TIME ( #1682, #2347 ) ;
#278 = ORIENTED_EDGE ( 'NONE', *, *, #239, .T. ) ;
#279 = ADVANCED_FACE ( 'NONE', ( #1873 ), #734, .T. ) ;
#280 = AXIS2_PLACEMENT_3D ( 'NONE', #658, #1868, #2097 ) ;
#281 = AXIS2_PLACEMENT_3D ( 'NONE', #1655, #679, #222 ) ;
#282 = ORIENTED_EDGE ( 'NONE', *, *, #1101, .T. ) ;
#283 = DIRECTION ( 'NONE',  ( -1.000000000000000000, -1.836970198721029688E-16, 0.000000000000000000 ) ) ;
#284 = CARTESIAN_POINT ( 'NONE',  ( 16.53551085499100282, -0.2999999999999983236, -3.900000000000000355 ) ) ;
#285 = AXIS2_PLACEMENT_3D ( 'NONE', #2500, #1103, #118 ) ;
#286 = VECTOR ( 'NONE', #867, 1000.000000000000000 ) ;
#287 = VECTOR ( 'NONE', #1498, 1000.000000000000000 ) ;
#288 = DIRECTION ( 'NONE',  ( -1.836970198721029688E-16, 1.000000000000000000, 0.000000000000000000 ) ) ;
#289 = DIRECTION ( 'NONE',  ( 0.000000000000000000, 0.000000000000000000, 1.000000000000000000 ) ) ;
#290 = FACE_OUTER_BOUND ( 'NONE', #1818, .T. ) ;
#291 = AXIS2_PLACEMENT_3D ( 'NONE', #898, #2736, #1347 ) ;
#292 = ORIENTED_EDGE ( 'NONE', *, *, #2705, .F. ) ;
#293 = CARTESIAN_POINT ( 'NONE',  ( -14.49721676793699920, -5.800000000000000711, -3.399999999999995470 ) ) ;
#294 = ORIENTED_EDGE ( 'NONE', *, *, #1396, .T. ) ;
#295 = ADVANCED_FACE ( 'NONE', ( #1673 ), #52, .T. ) ;
#296 = DIRECTION ( 'NONE',  ( -1.836970198721029688E-16, 1.000000000000000000, 0.000000000000000000 ) ) ;
#297 = EDGE_LOOP ( 'NONE', ( #1147, #488, #925, #115 ) ) ;
#298 = CARTESIAN_POINT ( 'NONE',  ( 2.577350269189625287, -0.3000000000000007661, 1.350000000000000089 ) ) ;
#299 = LINE ( 'NONE', #2651, #1485 ) ;
#300 = ADVANCED_FACE ( 'NONE', ( #1175 ), #1405, .F. ) ;
#301 = CARTESIAN_POINT ( 'NONE',  ( 10.98578643762690277, -5.799999999999996270, -6.535889741755010363 ) ) ;
#302 = DIRECTION ( 'NONE',  ( -0.9615676393087543294, -1.766371097464713951E-16, -0.2745681609986660443 ) ) ;
#303 = VECTOR ( 'NONE', #1333, 1000.000000000000000 ) ;
#304 = ORIENTED_EDGE ( 'NONE', *, *, #519, .T. ) ;
#305 = CARTESIAN_POINT ( 'NONE',  ( 10.19561370202636397, 0.2000000000000041744, -7.130029396111339679 ) ) ;
#306 = EDGE_LOOP ( 'NONE', ( #325, #877, #1408, #1636 ) ) ;
#307 = DIRECTION ( 'NONE',  ( -0.7071067811865469066, 0.7071067811865482389, 0.000000000000000000 ) ) ;
#308 = CONICAL_SURFACE ( 'NONE', #1506, 1.600000000000004974, 0.7853981633974480570 ) ;
#309 = LINE ( 'NONE', #2185, #2325 ) ;
#310 = ORIENTED_EDGE ( 'NONE', *, *, #880, .T. ) ;
#311 = CARTESIAN_POINT ( 'NONE',  ( -16.39721676793699956, -5.800000000000000711, -2.000000000000000444 ) ) ;
#312 = DIRECTION ( 'NONE',  ( 0.000000000000000000, 0.000000000000000000, 1.000000000000000000 ) ) ;
#313 = EDGE_CURVE ( 'NONE', #1845, #2576, #2569, .T. ) ;
#314 = ADVANCED_FACE ( 'NONE', ( #468 ), #1158, .T. ) ;
#315 = AXIS2_PLACEMENT_3D ( 'NONE', #1533, #1708, #1039 ) ;
#316 = CARTESIAN_POINT ( 'NONE',  ( -10.23866082823991697, -5.299999999999995381, -8.649524351622744689 ) ) ;
#317 = CARTESIAN_POINT ( 'NONE',  ( 2.577350269189626619, -5.799999999999997158, -1.350000000000000089 ) ) ;
#318 = ADVANCED_FACE ( 'NONE', ( #2331 ), #979, .T. ) ;
#319 = DIRECTION ( 'NONE',  ( -0.000000000000000000, 1.000000000000000000, -0.000000000000000000 ) ) ;
#320 = LINE ( 'NONE', #2676, #75 ) ;
#321 = ORIENTED_EDGE ( 'NONE', *, *, #1460, .T. ) ;
#322 = ORIENTED_EDGE ( 'NONE', *, *, #1756, .F. ) ;
#323 = ORIENTED_EDGE ( 'NONE', *, *, #2544, .T. ) ;
#324 = DIRECTION ( 'NONE',  ( -1.836970198721029688E-16, 1.000000000000000000, 0.000000000000000000 ) ) ;
#325 = ORIENTED_EDGE ( 'NONE', *, *, #2947, .T. ) ;
#326 = CARTESIAN_POINT ( 'NONE',  ( 10.98578643762690277, -5.799999999999996270, -5.000000000000000000 ) ) ;
#327 = CARTESIAN_POINT ( 'NONE',  ( 6.535510854991002816, -3.799999999999996714, 3.551475717527325805E-16 ) ) ;
#328 = CIRCLE ( 'NONE', #1356, 0.8999999999999998002 ) ;
#329 = ORIENTED_EDGE ( 'NONE', *, *, #2029, .F. ) ;
#330 = VECTOR ( 'NONE', #1462, 999.9999999999998863 ) ;
#331 = LINE ( 'NONE', #138, #1590 ) ;
#332 = CARTESIAN_POINT ( 'NONE',  ( -11.92264973081037738, -5.299999999999995381, 3.900000000000000355 ) ) ;
#333 = EDGE_CURVE ( 'NONE', #983, #876, #1700, .T. ) ;
#334 =( GEOMETRIC_REPRESENTATION_CONTEXT ( 3 ) GLOBAL_UNCERTAINTY_ASSIGNED_CONTEXT ( ( #2189 ) ) GLOBAL_UNIT_ASSIGNED_CONTEXT ( ( #2381, #2120, #69 ) ) REPRESENTATION_CONTEXT ( 'NONE', 'WORKASPACE' ) );
#335 = VECTOR ( 'NONE', #1239, 1000.000000000000000 ) ;
#336 = ADVANCED_FACE ( 'NONE', ( #242 ), #2101, .F. ) ;
#337 = CARTESIAN_POINT ( 'NONE',  ( -14.49721676793699920, -5.299999999999996270, -2.000000000000000000 ) ) ;
#338 = DIRECTION ( 'NONE',  ( -1.000000000000000000, -1.836970198721029688E-16, 0.000000000000000000 ) ) ;
#339 = EDGE_CURVE ( 'NONE', #1291, #2078, #1165, .T. ) ;
#340 = VECTOR ( 'NONE', #2493, 1000.000000000000000 ) ;
#341 = VERTEX_POINT ( 'NONE', #2144 ) ;
#342 = VERTEX_POINT ( 'NONE', #759 ) ;
#343 = DIRECTION ( 'NONE',  ( 1.000000000000000000, 1.836970198721029688E-16, 0.000000000000000000 ) ) ;
#344 = ORIENTED_EDGE ( 'NONE', *, *, #2978, .T. ) ;
#345 = CARTESIAN_POINT ( 'NONE',  ( 10.98578643762690454, -0.2999999999999990452, 6.745402340387840034 ) ) ;
#346 = DIRECTION ( 'NONE',  ( -0.2482817665807118268, -0.7071067811865471286, 0.6620847108818941340 ) ) ;
#347 = VERTEX_POINT ( 'NONE', #2357 ) ;
#348 = VERTEX_POINT ( 'NONE', #945 ) ;
#349 = DIRECTION ( 'NONE',  ( -1.000000000000000000, 0.000000000000000000, 0.000000000000000000 ) ) ;
#350 = CARTESIAN_POINT ( 'NONE',  ( -4.922649730810380042, -0.3000000000000025424, 0.000000000000000000 ) ) ;
#351 = DIRECTION ( 'NONE',  ( 1.836970198721029688E-16, -1.000000000000000000, 0.000000000000000000 ) ) ;
#352 = CARTESIAN_POINT ( 'NONE',  ( -11.92264973081037915, -0.3000000000000030420, -3.900000000000000355 ) ) ;
#353 = EDGE_CURVE ( 'NONE', #137, #194, #1688, .T. ) ;
#354 = EDGE_CURVE ( 'NONE', #1268, #1486, #1856, .T. ) ;
#355 = VERTEX_POINT ( 'NONE', #255 ) ;
#356 = ORIENTED_EDGE ( 'NONE', *, *, #1042, .T. ) ;
#357 = CARTESIAN_POINT ( 'NONE',  ( 2.577350269189625731, -0.3000000000000007661, -1.350000000000000089 ) ) ;
#358 = ORIENTED_EDGE ( 'NONE', *, *, #1179, .F. ) ;
#359 = FACE_OUTER_BOUND ( 'NONE', #1893, .T. ) ;
#360 = PLANE ( 'NONE',  #2948 ) ;
#361 = ORIENTED_EDGE ( 'NONE', *, *, #2178, .F. ) ;
#362 = PLANE ( 'NONE',  #720 ) ;
#363 = CARTESIAN_POINT ( 'NONE',  ( 12.08578643762690241, -5.799999999999995381, -3.900000000000000355 ) ) ;
#364 = AXIS2_PLACEMENT_3D ( 'NONE', #975, #2187, #106 ) ;
#365 = VECTOR ( 'NONE', #853, 1000.000000000000114 ) ;
#366 = PLANE ( 'NONE',  #149 ) ;
#367 = CARTESIAN_POINT ( 'NONE',  ( -16.39721676793699956, -5.800000000000000711, -2.000000000000000000 ) ) ;
#368 = VERTEX_POINT ( 'NONE', #2114 ) ;
#369 = ORIENTED_EDGE ( 'NONE', *, *, #1155, .F. ) ;
#370 = VERTEX_POINT ( 'NONE', #93 ) ;
#371 = EDGE_CURVE ( 'NONE', #1926, #2011, #2434, .T. ) ;
#372 = DIRECTION ( 'NONE',  ( -0.9615676393087544405, -1.766371097464713951E-16, 0.2745681609986653227 ) ) ;
#373 = CARTESIAN_POINT ( 'NONE',  ( -3.196222926588304869, -0.3000000000000025424, -11.29043856474209839 ) ) ;
#374 = EDGE_CURVE ( 'NONE', #2308, #436, #1513, .T. ) ;
#375 = LINE ( 'NONE', #1996, #403 ) ;
#376 = ORIENTED_EDGE ( 'NONE', *, *, #1756, .T. ) ;
#377 = CARTESIAN_POINT ( 'NONE',  ( 12.94972441736410040, -0.2999999999999990452, -3.900000000000000355 ) ) ;
#378 = PLANE ( 'NONE',  #1998 ) ;
#379 = AXIS2_PLACEMENT_3D ( 'NONE', #1406, #1889, #2332 ) ;
#380 = AXIS2_PLACEMENT_3D ( 'NONE', #1626, #1641, #2550 ) ;
#381 = AXIS2_PLACEMENT_3D ( 'NONE', #152, #1078, #2475 ) ;
#382 = CARTESIAN_POINT ( 'NONE',  ( 10.33289778252569668, -5.799999999999996270, -7.610813215765721118 ) ) ;
#383 = DIRECTION ( 'NONE',  ( -1.836970198721029441E-16, 1.000000000000000000, 0.000000000000000000 ) ) ;
#384 = VECTOR ( 'NONE', #2989, 1000.000000000000000 ) ;
#385 = ORIENTED_EDGE ( 'NONE', *, *, #2307, .F. ) ;
#386 = ORGANIZATION ( 'UNSPECIFIED', 'UNSPECIFIED', '' ) ;
#387 = PERSON_AND_ORGANIZATION_ROLE ( 'creator' ) ;
#388 = ORIENTED_EDGE ( 'NONE', *, *, #932, .T. ) ;
#389 = AXIS2_PLACEMENT_3D ( 'NONE', #1888, #1223, #486 ) ;
#390 = CARTESIAN_POINT ( 'NONE',  ( 17.93551085499099784, -5.799999999999994493, 2.000000000000000000 ) ) ;
#391 = CARTESIAN_POINT ( 'NONE',  ( -11.92264973081037915, -0.3000000000000033751, -3.899999999999999911 ) ) ;
#392 = LINE ( 'NONE', #890, #1671 ) ;
#393 = EDGE_CURVE ( 'NONE', #8, #1291, #2158, .T. ) ;
#394 = EDGE_CURVE ( 'NONE', #597, #1168, #842, .T. ) ;
#395 = ORIENTED_EDGE ( 'NONE', *, *, #1314, .F. ) ;
#396 = DIRECTION ( 'NONE',  ( 0.9363291775690446572, 1.720008795387306435E-16, 0.3511234415883912607 ) ) ;
#397 = DIRECTION ( 'NONE',  ( -1.836970198721029688E-16, 1.000000000000000000, 0.000000000000000000 ) ) ;
#398 = FACE_OUTER_BOUND ( 'NONE', #702, .T. ) ;
#399 = ORIENTED_EDGE ( 'NONE', *, *, #219, .T. ) ;
#400 = VERTEX_POINT ( 'NONE', #605 ) ;
#401 = DIRECTION ( 'NONE',  ( 0.000000000000000000, 0.000000000000000000, -1.000000000000000000 ) ) ;
#402 = DIRECTION ( 'NONE',  ( -1.000000000000000000, -1.836970198721029688E-16, 0.000000000000000000 ) ) ;
#403 = VECTOR ( 'NONE', #2908, 1000.000000000000000 ) ;
#404 = AXIS2_PLACEMENT_3D ( 'NONE', #2938, #2910, #618 ) ;
#405 = ORIENTED_EDGE ( 'NONE', *, *, #41, .T. ) ;
#406 = DIRECTION ( 'NONE',  ( -1.836970198721029688E-16, 1.000000000000000000, 0.000000000000000000 ) ) ;
#407 = EDGE_CURVE ( 'NONE', #598, #2106, #1984, .T. ) ;
#408 = ADVANCED_FACE ( 'NONE', ( #1517 ), #2798, .T. ) ;
#409 = AXIS2_PLACEMENT_3D ( 'NONE', #311, #1250, #1016 ) ;
#410 = DIRECTION ( 'NONE',  ( 1.298934084353239559E-16, -0.7071067811865473507, -0.7071067811865477948 ) ) ;
#411 = DIRECTION ( 'NONE',  ( -0.7071067811865477948, -0.7071067811865473507, -0.000000000000000000 ) ) ;
#412 = ADVANCED_FACE ( 'NONE', ( #1738 ), #2655, .T. ) ;
#413 = CIRCLE ( 'NONE', #510, 0.8999999999999989120 ) ;
#414 = ORIENTED_EDGE ( 'NONE', *, *, #2927, .F. ) ;
#415 = ORIENTED_EDGE ( 'NONE', *, *, #2306, .F. ) ;
#416 = DIRECTION ( 'NONE',  ( 0.000000000000000000, -0.000000000000000000, 1.000000000000000000 ) ) ;
#417 = DIRECTION ( 'NONE',  ( 1.226634733346690396E-14, -0.7071067811865470176, 0.7071067811865480168 ) ) ;
#418 = EDGE_LOOP ( 'NONE', ( #2985, #1207, #2460, #2762 ) ) ;
#419 = CARTESIAN_POINT ( 'NONE',  ( 2.577350269189626619, -5.299999999999996270, -1.350000000000000089 ) ) ;
#420 = AXIS2_PLACEMENT_3D ( 'NONE', #1855, #698, #51 ) ;
#421 = DIRECTION ( 'NONE',  ( -1.836970198721029441E-16, 1.000000000000000000, 0.000000000000000000 ) ) ;
#422 = LINE ( 'NONE', #1800, #966 ) ;
#423 = AXIS2_PLACEMENT_3D ( 'NONE', #2732, #1152, #2309 ) ;
#424 = LOCAL_TIME ( 11, 59, 16.00000000000000000, #1786 ) ;
#425 = EDGE_CURVE ( 'NONE', #1193, #2576, #2426, .T. ) ;
#426 = ORIENTED_EDGE ( 'NONE', *, *, #823, .T. ) ;
#427 = EDGE_CURVE ( 'NONE', #2584, #2408, #2192, .T. ) ;
#428 = VERTEX_POINT ( 'NONE', #77 ) ;
#429 = AXIS2_PLACEMENT_3D ( 'NONE', #2884, #1762, #2021 ) ;
#430 = CIRCLE ( 'NONE', #99, 1.399999999999995026 ) ;
#431 = CARTESIAN_POINT ( 'NONE',  ( -11.92264973081036139, 0.2000000000000005107, 5.000000000000000000 ) ) ;
#432 = DIRECTION ( 'NONE',  ( 0.000000000000000000, 0.000000000000000000, 1.000000000000000000 ) ) ;
#433 = ORIENTED_EDGE ( 'NONE', *, *, #203, .T. ) ;
#434 = CARTESIAN_POINT ( 'NONE',  ( -3.020661205794106685, -5.799999999999998046, -10.82227397595756990 ) ) ;
#435 = LINE ( 'NONE', #1767, #1531 ) ;
#436 = VERTEX_POINT ( 'NONE', #2892 ) ;
#437 = CARTESIAN_POINT ( 'NONE',  ( 16.53551085499100282, -0.2999999999999981570, 3.900000000000000355 ) ) ;
#438 = CARTESIAN_POINT ( 'NONE',  ( -10.39721676793699601, -5.799999999999999822, -7.703719777548943412E-31 ) ) ;
#439 = ORIENTED_EDGE ( 'NONE', *, *, #2455, .F. ) ;
#440 = ORIENTED_EDGE ( 'NONE', *, *, #245, .T. ) ;
#441 = ORIENTED_EDGE ( 'NONE', *, *, #25, .F. ) ;
#442 = CARTESIAN_POINT ( 'NONE',  ( 10.48578643762689744, 0.2000000000000042299, 2.000000000000000000 ) ) ;
#443 = EDGE_CURVE ( 'NONE', #2408, #2591, #1036, .T. ) ;
#444 = EDGE_CURVE ( 'NONE', #1867, #1089, #563, .T. ) ;
#445 = DIRECTION ( 'NONE',  ( 1.836970198721029688E-16, -1.000000000000000000, -0.000000000000000000 ) ) ;
#446 = FACE_OUTER_BOUND ( 'NONE', #2562, .T. ) ;
#447 = CONICAL_SURFACE ( 'NONE', #1863, 0.8999999999999980238, 0.7853981633974476129 ) ;
#448 = EDGE_LOOP ( 'NONE', ( #1409, #1586, #1390, #2170 ) ) ;
#449 = DIRECTION ( 'NONE',  ( -1.000000000000000000, 0.000000000000000000, 0.000000000000000000 ) ) ;
#450 = DIRECTION ( 'NONE',  ( 0.000000000000000000, 0.000000000000000000, 1.000000000000000000 ) ) ;
#451 = DIRECTION ( 'NONE',  ( 0.000000000000000000, 0.000000000000000000, -1.000000000000000000 ) ) ;
#452 = FACE_OUTER_BOUND ( 'NONE', #1241, .T. ) ;
#453 = DIRECTION ( 'NONE',  ( -1.836970198721029441E-16, 1.000000000000000000, 0.000000000000000000 ) ) ;
#454 = VERTEX_POINT ( 'NONE', #1966 ) ;
#455 = ORIENTED_EDGE ( 'NONE', *, *, #1364, .T. ) ;
#456 = CARTESIAN_POINT ( 'NONE',  ( -3.196222926588306645, -0.3000000000000025424, 11.29043856474209484 ) ) ;
#457 = AXIS2_PLACEMENT_3D ( 'NONE', #1968, #1758, #2880 ) ;
#458 = CARTESIAN_POINT ( 'NONE',  ( 18.46803329691229933, 0.2000000000000057010, -4.767904317931744629 ) ) ;
#459 = FACE_OUTER_BOUND ( 'NONE', #2165, .T. ) ;
#460 = ADVANCED_FACE ( 'NONE', ( #2208 ), #1564, .F. ) ;
#461 = EDGE_CURVE ( 'NONE', #741, #865, #827, .T. ) ;
#462 = ORIENTED_EDGE ( 'NONE', *, *, #339, .F. ) ;
#463 = DIRECTION ( 'NONE',  ( 0.000000000000000000, 0.000000000000000000, 1.000000000000000000 ) ) ;
#464 = DIRECTION ( 'NONE',  ( 0.000000000000000000, -1.000000000000000000, 0.000000000000000000 ) ) ;
#465 = EDGE_CURVE ( 'NONE', #1831, #2439, #1754, .T. ) ;
#466 = DIRECTION ( 'NONE',  ( -1.000000000000000000, 0.000000000000000000, 0.000000000000000000 ) ) ;
#467 = FACE_BOUND ( 'NONE', #963, .T. ) ;
#468 = FACE_OUTER_BOUND ( 'NONE', #2585, .T. ) ;
#469 = CYLINDRICAL_SURFACE ( 'NONE', #379, 2.899999999999999023 ) ;
#470 = ORIENTED_EDGE ( 'NONE', *, *, #2566, .T. ) ;
#471 = ORIENTED_EDGE ( 'NONE', *, *, #1197, .T. ) ;
#472 = CARTESIAN_POINT ( 'NONE',  ( -4.922649730810380042, 0.2000000000000014266, 1.850000000000004308 ) ) ;
#473 = CIRCLE ( 'NONE', #1107, 0.3999999999999975797 ) ;
#474 = VECTOR ( 'NONE', #904, 1000.000000000000114 ) ;
#475 = DIRECTION ( 'NONE',  ( -0.7071067811865474617, 0.7071067811865474617, 0.000000000000000000 ) ) ;
#476 = FACE_OUTER_BOUND ( 'NONE', #306, .T. ) ;
#477 = ORIENTED_EDGE ( 'NONE', *, *, #78, .T. ) ;
#478 = AXIS2_PLACEMENT_3D ( 'NONE', #1183, #1149, #2108 ) ;
#479 = EDGE_LOOP ( 'NONE', ( #948, #130, #2225, #1307 ) ) ;
#480 = CARTESIAN_POINT ( 'NONE',  ( -9.922649730810379154, -0.3000000000000025424, 7.806828091810600334 ) ) ;
#481 = PLANE ( 'NONE',  #1561 ) ;
#482 = CONICAL_SURFACE ( 'NONE', #1020, 1.899999999999999023, 0.7853981633974482790 ) ;
#483 = ADVANCED_FACE ( 'NONE', ( #1930 ), #592, .F. ) ;
#484 = ADVANCED_FACE ( 'NONE', ( #1530 ), #1481, .T. ) ;
#485 = LINE ( 'NONE', #4, #1012 ) ;
#486 = DIRECTION ( 'NONE',  ( 0.000000000000000000, 0.000000000000000000, -1.000000000000000000 ) ) ;
#487 = LINE ( 'NONE', #1857, #1210 ) ;
#488 = ORIENTED_EDGE ( 'NONE', *, *, #1837, .T. ) ;
#489 = VERTEX_POINT ( 'NONE', #1768 ) ;
#490 = CARTESIAN_POINT ( 'NONE',  ( -4.922649730810380042, 0.2000000000000014266, 1.850000000000004308 ) ) ;
#491 = DIRECTION ( 'NONE',  ( 1.000000000000000000, 0.000000000000000000, 0.000000000000000000 ) ) ;
#492 = CARTESIAN_POINT ( 'NONE',  ( -2.880211829158748849, -5.299999999999993605, -10.44774230492995848 ) ) ;
#493 = ORIENTED_EDGE ( 'NONE', *, *, #952, .T. ) ;
#494 = FACE_OUTER_BOUND ( 'NONE', #2678, .T. ) ;
#495 = DIRECTION ( 'NONE',  ( -1.836970198721029441E-16, 1.000000000000000000, 0.000000000000000000 ) ) ;
#496 = PRODUCT ( 'cut_holder', 'cut_holder', '', ( #1427 ) ) ;
#497 = PLANE ( 'NONE',  #2841 ) ;
#498 = DIRECTION ( 'NONE',  ( -1.836970198721029441E-16, 1.000000000000000000, 0.000000000000000000 ) ) ;
#499 = DIRECTION ( 'NONE',  ( 1.000000000000000000, 1.495451272393799296E-16, 0.000000000000000000 ) ) ;
#500 = EDGE_CURVE ( 'NONE', #1653, #2055, #2402, .T. ) ;
#501 = AXIS2_PLACEMENT_3D ( 'NONE', #196, #1373, #2054 ) ;
#502 = EDGE_LOOP ( 'NONE', ( #2096, #323, #996, #2831 ) ) ;
#503 = ADVANCED_FACE ( 'NONE', ( #192 ), #378, .T. ) ;
#504 = EDGE_LOOP ( 'NONE', ( #2031, #235, #2640, #1835 ) ) ;
#505 = DIRECTION ( 'NONE',  ( -0.000000000000000000, 1.000000000000000000, -0.000000000000000000 ) ) ;
#506 = ORIENTED_EDGE ( 'NONE', *, *, #2013, .T. ) ;
#507 = COORDINATED_UNIVERSAL_TIME_OFFSET ( 0, 0, .AHEAD. ) ;
#508 = DIRECTION ( 'NONE',  ( -1.836970198721029441E-16, 1.000000000000000000, 0.000000000000000000 ) ) ;
#509 = EDGE_LOOP ( 'NONE', ( #1522, #2865, #1882, #1316 ) ) ;
#510 = AXIS2_PLACEMENT_3D ( 'NONE', #2118, #505, #261 ) ;
#511 = ORIENTED_EDGE ( 'NONE', *, *, #2790, .F. ) ;
#512 = LINE ( 'NONE', #2824, #1295 ) ;
#513 = LINE ( 'NONE', #208, #1358 ) ;
#514 = DIRECTION ( 'NONE',  ( 0.9615676393087543294, 1.766371097464713951E-16, 0.2745681609986660443 ) ) ;
#515 = DIRECTION ( 'NONE',  ( -1.000000000000000000, 0.000000000000000000, 0.000000000000000000 ) ) ;
#516 = CARTESIAN_POINT ( 'NONE',  ( -13.07456703712662005, -0.3000000000000033751, 3.900000000000000355 ) ) ;
#517 = VERTEX_POINT ( 'NONE', #803 ) ;
#518 = DIRECTION ( 'NONE',  ( -0.2482817665807142971, 0.7071067811865471286, -0.6620847108818933568 ) ) ;
#519 = EDGE_CURVE ( 'NONE', #692, #68, #787, .T. ) ;
#520 = EDGE_CURVE ( 'NONE', #70, #246, #2367, .T. ) ;
#521 = VERTEX_POINT ( 'NONE', #775 ) ;
#522 = DATE_AND_TIME ( #1665, #1320 ) ;
#523 = VECTOR ( 'NONE', #109, 999.9999999999998863 ) ;
#524 = EDGE_LOOP ( 'NONE', ( #1987, #493, #399, #2603 ) ) ;
#525 = CONICAL_SURFACE ( 'NONE', #1793, 1.899999999999997691, 0.7853981633974482790 ) ;
#526 = DIRECTION ( 'NONE',  ( 0.7071067811865493491, 0.7071067811865456854, 0.000000000000000000 ) ) ;
#527 = ORIENTED_EDGE ( 'NONE', *, *, #2363, .T. ) ;
#528 = FACE_OUTER_BOUND ( 'NONE', #101, .T. ) ;
#529 = DIRECTION ( 'NONE',  ( 0.000000000000000000, 0.000000000000000000, -1.000000000000000000 ) ) ;
#530 = CIRCLE ( 'NONE', #2901, 2.899999999999999911 ) ;
#531 = CC_DESIGN_APPROVAL ( #1334, ( #2616 ) ) ;
#532 = AXIS2_PLACEMENT_3D ( 'NONE', #1448, #498, #1659 ) ;
#533 = CARTESIAN_POINT ( 'NONE',  ( -4.922649730810379154, -5.799999999999998934, 0.000000000000000000 ) ) ;
#534 = DIRECTION ( 'NONE',  ( -1.000000000000000000, -1.836970198721029688E-16, 0.000000000000000000 ) ) ;
#535 = AXIS2_PLACEMENT_3D ( 'NONE', #2068, #873, #210 ) ;
#536 = ORIENTED_EDGE ( 'NONE', *, *, #2382, .F. ) ;
#537 = DIRECTION ( 'NONE',  ( 1.836970198721029688E-16, -1.000000000000000000, -0.000000000000000000 ) ) ;
#538 = VERTEX_POINT ( 'NONE', #1266 ) ;
#539 = DATE_AND_TIME ( #2619, #1842 ) ;
#540 = ADVANCED_FACE ( 'NONE', ( #987 ), #2850, .T. ) ;
#541 = EDGE_CURVE ( 'NONE', #786, #686, #556, .T. ) ;
#542 = LINE ( 'NONE', #2407, #1559 ) ;
#543 = VERTEX_POINT ( 'NONE', #2838 ) ;
#544 = CARTESIAN_POINT ( 'NONE',  ( -10.23866082823991874, -5.299999999999995381, 8.649524351622742913 ) ) ;
#545 = APPROVAL ( #814, 'UNSPECIFIED' ) ;
#546 = CARTESIAN_POINT ( 'NONE',  ( 18.43551085499100139, -5.799999999999994493, -2.000000000000000000 ) ) ;
#547 = DIRECTION ( 'NONE',  ( -0.9615676393087544405, -1.766371097464713951E-16, 0.2745681609986653227 ) ) ;
#548 = DIRECTION ( 'NONE',  ( 0.1941490085400719157, 0.7071067811865474617, -0.6799309983247617817 ) ) ;
#549 = DIRECTION ( 'NONE',  ( -1.000000000000000000, 0.000000000000000000, 0.000000000000000000 ) ) ;
#550 = CARTESIAN_POINT ( 'NONE',  ( -3.020661205794108461, -5.799999999999998046, 10.82227397595756990 ) ) ;
#551 = ORIENTED_EDGE ( 'NONE', *, *, #1154, .F. ) ;
#552 = DIRECTION ( 'NONE',  ( 0.000000000000000000, 0.000000000000000000, 1.000000000000000000 ) ) ;
#553 = FACE_OUTER_BOUND ( 'NONE', #1948, .T. ) ;
#554 = EDGE_CURVE ( 'NONE', #2722, #489, #1703, .T. ) ;
#555 = VERTEX_POINT ( 'NONE', #2140 ) ;
#556 = LINE ( 'NONE', #326, #2477 ) ;
#557 = DIRECTION ( 'NONE',  ( -0.2482817665807092733, -0.7071067811865467956, 0.6620847108818955773 ) ) ;
#558 = ORIENTED_EDGE ( 'NONE', *, *, #932, .F. ) ;
#559 = ADVANCED_FACE ( 'NONE', ( #494 ), #705, .F. ) ;
#560 = ADVANCED_FACE ( 'NONE', ( #1716 ), #2872, .F. ) ;
#561 = ORIENTED_EDGE ( 'NONE', *, *, #2363, .F. ) ;
#562 = LINE ( 'NONE', #808, #620 ) ;
#563 = LINE ( 'NONE', #363, #287 ) ;
#564 = ORIENTED_EDGE ( 'NONE', *, *, #2688, .F. ) ;
#565 = CARTESIAN_POINT ( 'NONE',  ( 16.53551085499100282, -5.299999999999990052, 3.900000000000000355 ) ) ;
#566 = ORIENTED_EDGE ( 'NONE', *, *, #1132, .F. ) ;
#567 = ORIENTED_EDGE ( 'NONE', *, *, #1046, .T. ) ;
#568 = DIRECTION ( 'NONE',  ( 0.000000000000000000, 0.000000000000000000, 1.000000000000000000 ) ) ;
#569 = ORIENTED_EDGE ( 'NONE', *, *, #645, .T. ) ;
#570 = CARTESIAN_POINT ( 'NONE',  ( 2.577350269189626619, -5.799999999999997158, -1.850000000000000533 ) ) ;
#571 = DIRECTION ( 'NONE',  ( -1.836970198721029441E-16, 1.000000000000000000, 0.000000000000000000 ) ) ;
#572 = VECTOR ( 'NONE', #1839, 1000.000000000000227 ) ;
#573 = VECTOR ( 'NONE', #1637, 1000.000000000000114 ) ;
#574 = VERTEX_POINT ( 'NONE', #2386 ) ;
#575 = VECTOR ( 'NONE', #2350, 1000.000000000000114 ) ;
#576 = FACE_OUTER_BOUND ( 'NONE', #2257, .T. ) ;
#577 = DIRECTION ( 'NONE',  ( 0.000000000000000000, -1.000000000000000000, 0.000000000000000000 ) ) ;
#578 = ADVANCED_FACE ( 'NONE', ( #267 ), #742, .T. ) ;
#579 = ADVANCED_FACE ( 'NONE', ( #2168 ), #2123, .T. ) ;
#580 = VECTOR ( 'NONE', #889, 999.9999999999998863 ) ;
#581 = VECTOR ( 'NONE', #1121, 1000.000000000000114 ) ;
#582 = DIRECTION ( 'NONE',  ( 1.298934084353239559E-16, -0.7071067811865473507, 0.7071067811865477948 ) ) ;
#583 = CARTESIAN_POINT ( 'NONE',  ( -2.880211829158754622, 0.2000000000000017597, 10.44774230492995848 ) ) ;
#584 = ORIENTED_EDGE ( 'NONE', *, *, #2155, .F. ) ;
#585 = ORIENTED_EDGE ( 'NONE', *, *, #2583, .T. ) ;
#586 = DIRECTION ( 'NONE',  ( 0.000000000000000000, -1.000000000000000000, 0.000000000000000000 ) ) ;
#587 = ORIENTED_EDGE ( 'NONE', *, *, #2888, .F. ) ;
#588 = CARTESIAN_POINT ( 'NONE',  ( 12.08578643762690241, -5.799999999999995381, 5.000000000000000000 ) ) ;
#589 = DIRECTION ( 'NONE',  ( -1.000000000000000000, -1.836970198721029688E-16, 0.000000000000000000 ) ) ;
#590 = EDGE_LOOP ( 'NONE', ( #212, #2333, #2778, #1029 ) ) ;
#591 = CARTESIAN_POINT ( 'NONE',  ( -11.92264973081037738, -5.799999999999999822, -3.899999999999999911 ) ) ;
#592 = PLANE ( 'NONE',  #2042 ) ;
#593 = EDGE_CURVE ( 'NONE', #2116, #2308, #2258, .T. ) ;
#594 = DIRECTION ( 'NONE',  ( 1.298934084353240792E-16, -0.7071067811865480168, -0.7071067811865470176 ) ) ;
#595 = CARTESIAN_POINT ( 'NONE',  ( -4.922649730810379154, -5.299999999999997158, 0.000000000000000000 ) ) ;
#596 = EDGE_CURVE ( 'NONE', #692, #798, #1903, .T. ) ;
#597 = VERTEX_POINT ( 'NONE', #544 ) ;
#598 = VERTEX_POINT ( 'NONE', #1477 ) ;
#599 = CARTESIAN_POINT ( 'NONE',  ( 12.08578643762690241, -5.299999999999990941, -5.000000000000000000 ) ) ;
#600 = AXIS2_PLACEMENT_3D ( 'NONE', #819, #151, #1778 ) ;
#601 = CARTESIAN_POINT ( 'NONE',  ( 12.08578643762690064, 0.2000000000000045353, 3.399999999999995470 ) ) ;
#602 = CARTESIAN_POINT ( 'NONE',  ( 9.908933814305424193, 0.2000000000000041189, -15.67087210849489587 ) ) ;
#603 = VERTEX_POINT ( 'NONE', #1669 ) ;
#604 = CARTESIAN_POINT ( 'NONE',  ( -10.82264973081037773, -5.299999999999995381, -5.000000000000000000 ) ) ;
#605 = CARTESIAN_POINT ( 'NONE',  ( -2.770384564759291735, 0.2000000000000017875, 10.83236936065345724 ) ) ;
#606 = AXIS2_PLACEMENT_3D ( 'NONE', #2317, #1847, #1226 ) ;
#607 = CARTESIAN_POINT ( 'NONE',  ( 10.98578643762690277, -5.299999999999990941, -6.535889741755010363 ) ) ;
#608 = CARTESIAN_POINT ( 'NONE',  ( -10.06309910744572100, -5.799999999999999822, -8.181359762838217975 ) ) ;
#609 = ORIENTED_EDGE ( 'NONE', *, *, #1734, .F. ) ;
#610 = DATE_AND_TIME ( #2453, #921 ) ;
#611 = ORIENTED_EDGE ( 'NONE', *, *, #1099, .T. ) ;
#612 = EDGE_CURVE ( 'NONE', #2199, #1444, #2592, .T. ) ;
#613 = EDGE_CURVE ( 'NONE', #1709, #2833, #512, .T. ) ;
#614 = DIRECTION ( 'NONE',  ( 0.000000000000000000, 0.000000000000000000, 1.000000000000000000 ) ) ;
#615 = LINE ( 'NONE', #2444, #2777 ) ;
#616 = CARTESIAN_POINT ( 'NONE',  ( 16.53551085499100282, 0.2000000000000053402, 2.000000000000000000 ) ) ;
#617 = ORIENTED_EDGE ( 'NONE', *, *, #1712, .F. ) ;
#618 = DIRECTION ( 'NONE',  ( 0.000000000000000000, 0.000000000000000000, -1.000000000000000000 ) ) ;
#619 = CONICAL_SURFACE ( 'NONE', #2227, 0.8999999999999980238, 0.7853981633974476129 ) ;
#620 = VECTOR ( 'NONE', #2860, 1000.000000000000000 ) ;
#621 = AXIS2_PLACEMENT_3D ( 'NONE', #84, #296, #2648 ) ;
#622 = DIRECTION ( 'NONE',  ( 0.000000000000000000, 0.000000000000000000, 1.000000000000000000 ) ) ;
#623 = DIRECTION ( 'NONE',  ( 0.000000000000000000, 0.000000000000000000, -1.000000000000000000 ) ) ;
#624 = VECTOR ( 'NONE', #262, 1000.000000000000114 ) ;
#625 = ORIENTED_EDGE ( 'NONE', *, *, #977, .F. ) ;
#626 = ORIENTED_EDGE ( 'NONE', *, *, #662, .T. ) ;
#627 = VECTOR ( 'NONE', #2534, 1000.000000000000000 ) ;
#628 = EDGE_CURVE ( 'NONE', #1690, #2631, #1246, .T. ) ;
#629 = CARTESIAN_POINT ( 'NONE',  ( 10.98578643762690277, -5.799999999999996270, -6.745402340387840034 ) ) ;
#630 = FACE_BOUND ( 'NONE', #668, .T. ) ;
#631 = ADVANCED_FACE ( 'NONE', ( #528 ), #2397, .T. ) ;
#632 = ORIENTED_EDGE ( 'NONE', *, *, #1840, .F. ) ;
#633 = EDGE_CURVE ( 'NONE', #436, #574, #1540, .T. ) ;
#634 = EDGE_LOOP ( 'NONE', ( #1746, #2321, #1844, #564 ) ) ;
#635 = CARTESIAN_POINT ( 'NONE',  ( 2.577350269189626619, -5.799999999999997158, 0.000000000000000000 ) ) ;
#636 = LINE ( 'NONE', #2056, #340 ) ;
#637 = DIRECTION ( 'NONE',  ( -1.836970198721029441E-16, 1.000000000000000000, 0.000000000000000000 ) ) ;
#638 = CIRCLE ( 'NONE', #1082, 2.899999999999999023 ) ;
#639 = ORIENTED_EDGE ( 'NONE', *, *, #2794, .T. ) ;
#640 = VERTEX_POINT ( 'NONE', #345 ) ;
#641 = CARTESIAN_POINT ( 'NONE',  ( -9.922649730810377378, -5.299999999999995381, 7.806828091810600334 ) ) ;
#642 = CARTESIAN_POINT ( 'NONE',  ( -11.92264973081036139, -0.3000000000000033751, 5.000000000000000000 ) ) ;
#643 = ORIENTED_EDGE ( 'NONE', *, *, #2852, .T. ) ;
#644 = CARTESIAN_POINT ( 'NONE',  ( -2.880211829158753734, -5.299999999999993605, 10.44774230492995848 ) ) ;
#645 = EDGE_CURVE ( 'NONE', #834, #1168, #2669, .T. ) ;
#646 = ADVANCED_FACE ( 'NONE', ( #2458 ), #215, .T. ) ;
#647 = VECTOR ( 'NONE', #557, 1000.000000000000114 ) ;
#648 = AXIS2_PLACEMENT_3D ( 'NONE', #2202, #1045, #2740 ) ;
#649 = PLANE ( 'NONE',  #1272 ) ;
#650 = CARTESIAN_POINT ( 'NONE',  ( 2.577350269189625287, -0.3000000000000007661, 1.350000000000000089 ) ) ;
#651 = VECTOR ( 'NONE', #1258, 1000.000000000000000 ) ;
#652 = ORIENTED_EDGE ( 'NONE', *, *, #2582, .T. ) ;
#653 = ORIENTED_EDGE ( 'NONE', *, *, #1293, .F. ) ;
#654 = DIRECTION ( 'NONE',  ( 0.000000000000000000, 0.7071067811865474617, -0.7071067811865474617 ) ) ;
#655 = CARTESIAN_POINT ( 'NONE',  ( -10.39721676793699601, -3.799999999999999378, -7.703719777548943412E-31 ) ) ;
#656 = MANIFOLD_SOLID_BREP ( 'Chamfer2', #731 ) ;
#657 = ORIENTED_EDGE ( 'NONE', *, *, #2851, .F. ) ;
#658 = CARTESIAN_POINT ( 'NONE',  ( 12.08578643762690064, -0.2999999999999990452, -5.000000000000000000 ) ) ;
#659 = CARTESIAN_POINT ( 'NONE',  ( -14.49721676793700098, 0.1999999999999996503, 3.399999999999994138 ) ) ;
#660 = ORIENTED_EDGE ( 'NONE', *, *, #1755, .T. ) ;
#661 = VECTOR ( 'NONE', #1433, 1000.000000000000000 ) ;
#662 = EDGE_CURVE ( 'NONE', #767, #901, #615, .T. ) ;
#663 = DIRECTION ( 'NONE',  ( -0.7071067811865474617, -0.7071067811865474617, 0.000000000000000000 ) ) ;
#664 = LINE ( 'NONE', #1086, #1890 ) ;
#665 = EDGE_CURVE ( 'NONE', #893, #1926, #1091, .T. ) ;
#666 = CIRCLE ( 'NONE', #914, 2.899999999999999911 ) ;
#667 = CIRCLE ( 'NONE', #48, 1.600000000000004086 ) ;
#668 = EDGE_LOOP ( 'NONE', ( #749, #703, #567, #1281 ) ) ;
#669 = ORIENTED_EDGE ( 'NONE', *, *, #1618, .T. ) ;
#670 = CARTESIAN_POINT ( 'NONE',  ( 2.577350269189624843, -0.3000000000000007661, 1.350000000000000089 ) ) ;
#671 = AXIS2_PLACEMENT_3D ( 'NONE', #1666, #508, #740 ) ;
#672 = VECTOR ( 'NONE', #475, 1000.000000000000114 ) ;
#673 = AXIS2_PLACEMENT_3D ( 'NONE', #1420, #1627, #2828 ) ;
#674 = LINE ( 'NONE', #1605, #384 ) ;
#675 = CARTESIAN_POINT ( 'NONE',  ( -14.49721676793699920, -5.800000000000000711, 3.899999999999997691 ) ) ;
#676 = VECTOR ( 'NONE', #111, 1000.000000000000000 ) ;
#677 = ORIENTED_EDGE ( 'NONE', *, *, #1046, .F. ) ;
#678 = DIRECTION ( 'NONE',  ( 0.000000000000000000, 0.000000000000000000, -1.000000000000000000 ) ) ;
#679 = DIRECTION ( 'NONE',  ( 1.836970198721029688E-16, -1.000000000000000000, -0.000000000000000000 ) ) ;
#680 = DIRECTION ( 'NONE',  ( 1.836970198721029688E-16, -1.000000000000000000, 0.000000000000000000 ) ) ;
#681 = LINE ( 'NONE', #2724, #972 ) ;
#682 = CARTESIAN_POINT ( 'NONE',  ( 10.08578643762690241, -5.799999999999995381, 6.745402340387840034 ) ) ;
#683 = ORIENTED_EDGE ( 'NONE', *, *, #443, .F. ) ;
#684 = EDGE_CURVE ( 'NONE', #974, #2025, #1510, .T. ) ;
#685 = VERTEX_POINT ( 'NONE', #373 ) ;
#686 = VERTEX_POINT ( 'NONE', #1827 ) ;
#687 = CYLINDRICAL_SURFACE ( 'NONE', #2303, 0.8999999999999980238 ) ;
#688 = EDGE_CURVE ( 'NONE', #227, #436, #2231, .T. ) ;
#689 = EDGE_CURVE ( 'NONE', #2439, #1766, #2986, .T. ) ;
#690 = DIRECTION ( 'NONE',  ( -0.000000000000000000, 1.000000000000000000, -0.000000000000000000 ) ) ;
#691 = DIRECTION ( 'NONE',  ( 1.000000000000000000, 1.495451272393799296E-16, 0.000000000000000000 ) ) ;
#692 = VERTEX_POINT ( 'NONE', #2650 ) ;
#693 = DIRECTION ( 'NONE',  ( -1.836970198721029441E-16, 1.000000000000000000, 0.000000000000000000 ) ) ;
#694 = DIRECTION ( 'NONE',  ( 0.7071067811865462405, -0.7071067811865487940, 0.000000000000000000 ) ) ;
#695 = VECTOR ( 'NONE', #1543, 1000.000000000000000 ) ;
#696 = CIRCLE ( 'NONE', #910, 1.599999999999998979 ) ;
#697 = CARTESIAN_POINT ( 'NONE',  ( 16.53551085499100282, -5.299999999999990052, 2.000000000000000000 ) ) ;
#698 = DIRECTION ( 'NONE',  ( -1.836970198721029688E-16, 1.000000000000000000, 0.000000000000000000 ) ) ;
#699 = CARTESIAN_POINT ( 'NONE',  ( -10.82264973081037773, -5.799999999999999822, 6.535889741755010363 ) ) ;
#700 = DIRECTION ( 'NONE',  ( 1.000000000000000000, 1.836970198721029688E-16, 0.000000000000000000 ) ) ;
#701 = VECTOR ( 'NONE', #2956, 1000.000000000000000 ) ;
#702 = EDGE_LOOP ( 'NONE', ( #2530, #1425, #2712, #1664 ) ) ;
#703 = ORIENTED_EDGE ( 'NONE', *, *, #2105, .T. ) ;
#704 = LINE ( 'NONE', #2602, #1915 ) ;
#705 = CONICAL_SURFACE ( 'NONE', #263, 1.100000000000000311, 0.7853981633974482790 ) ;
#706 = CARTESIAN_POINT ( 'NONE',  ( -2.770384564759291735, 0.2000000000000017875, 10.83236936065345724 ) ) ;
#707 = ADVANCED_FACE ( 'NONE', ( #1284 ), #1553, .T. ) ;
#708 = DIRECTION ( 'NONE',  ( -0.000000000000000000, 1.000000000000000000, -0.000000000000000000 ) ) ;
#709 = EDGE_CURVE ( 'NONE', #1751, #2199, #29, .T. ) ;
#710 = VERTEX_POINT ( 'NONE', #601 ) ;
#711 = ORIENTED_EDGE ( 'NONE', *, *, #2214, .T. ) ;
#712 = CARTESIAN_POINT ( 'NONE',  ( 10.48578643762689921, -5.799999999999995381, -5.000000000000000000 ) ) ;
#713 = CARTESIAN_POINT ( 'NONE',  ( -11.92264973081037915, 0.2000000000000001221, -5.000000000000000000 ) ) ;
#714 = DIRECTION ( 'NONE',  ( -1.000000000000000000, 0.000000000000000000, 0.000000000000000000 ) ) ;
#715 = DIRECTION ( 'NONE',  ( -1.000000000000000000, -1.836970198721029441E-16, 0.000000000000000000 ) ) ;
#716 = DIRECTION ( 'NONE',  ( 0.000000000000000000, 0.000000000000000000, 1.000000000000000000 ) ) ;
#717 = VERTEX_POINT ( 'NONE', #1298 ) ;
#718 = VERTEX_POINT ( 'NONE', #391 ) ;
#719 = CARTESIAN_POINT ( 'NONE',  ( -6.272649730810379687, -5.799999999999998934, 0.000000000000000000 ) ) ;
#720 = AXIS2_PLACEMENT_3D ( 'NONE', #2157, #1004, #547 ) ;
#721 = VECTOR ( 'NONE', #2700, 1000.000000000000114 ) ;
#722 = CIRCLE ( 'NONE', #2082, 0.8999999999999980238 ) ;
#723 = DIRECTION ( 'NONE',  ( 0.000000000000000000, 0.7071067811865479058, -0.7071067811865472397 ) ) ;
#724 = CARTESIAN_POINT ( 'NONE',  ( -2.880211829158748849, -5.299999999999993605, -10.44774230492995848 ) ) ;
#725 = AXIS2_PLACEMENT_3D ( 'NONE', #984, #1942, #491 ) ;
#726 = ADVANCED_FACE ( 'NONE', ( #359 ), #2247, .F. ) ;
#727 = EDGE_CURVE ( 'NONE', #2508, #1776, #2886, .T. ) ;
#728 = ORIENTED_EDGE ( 'NONE', *, *, #633, .T. ) ;
#729 = PLANE ( 'NONE',  #229 ) ;
#730 = CARTESIAN_POINT ( 'NONE',  ( -6.272649730810379687, -5.299999999999997158, 0.000000000000000000 ) ) ;
#731 = CLOSED_SHELL ( 'NONE', ( #1901, #2488, #2476, #79, #1775, #1617, #747, #989, #279, #484, #863, #2089, #646, #318, #2772, #503, #1381, #631, #1959, #1479, #2491, #2051, #2542, #2119, #2237, #990, #1331, #1717, #1232, #1423, #1918, #295, #1583, #2289, #2063, #1310, #2561, #726, #156, #1571, #1346, #1084, #578, #2327, #1521, #2033, #2674, #540, #844, #95, #1436, #2929, #58, #1397, #1980, #1933, #2507, #1803, #1735, #2472, #96, #483, #560, #1536, #2142, #336, #1097, #1117, #2829, #1456, #62, #408, #892, #1788, #300, #275, #2677, #2478, #1499, #2438, #3, #314, #1009, #460, #559, #2812, #182, #2789, #1216, #878, #707, #1237, #2416, #1769, #1518, #862, #1368, #579, #26, #2621, #2753, #412, #205, #2600, #257, #2721 ) ) ;
#732 = CC_DESIGN_DATE_AND_TIME_ASSIGNMENT ( #610, #1972, ( #2234 ) ) ;
#733 = CARTESIAN_POINT ( 'NONE',  ( -14.49721676793699920, -5.800000000000000711, -2.000000000000000000 ) ) ;
#734 = CYLINDRICAL_SURFACE ( 'NONE', #532, 0.9000000000000032419 ) ;
#735 = CARTESIAN_POINT ( 'NONE',  ( 12.08578643762690241, -5.799999999999995381, -5.000000000000000000 ) ) ;
#736 = ORIENTED_EDGE ( 'NONE', *, *, #2852, .F. ) ;
#737 = ORIENTED_EDGE ( 'NONE', *, *, #1601, .T. ) ;
#738 = CARTESIAN_POINT ( 'NONE',  ( 18.43551085499100139, -5.299999999999990052, 2.000000000000000000 ) ) ;
#739 = ORIENTED_EDGE ( 'NONE', *, *, #2947, .F. ) ;
#740 = DIRECTION ( 'NONE',  ( -1.000000000000000000, 0.000000000000000000, 0.000000000000000000 ) ) ;
#741 = VERTEX_POINT ( 'NONE', #1060 ) ;
#742 = PLANE ( 'NONE',  #1817 ) ;
#743 = DIRECTION ( 'NONE',  ( -1.000000000000000000, -1.863472483959457788E-16, 0.000000000000000000 ) ) ;
#744 = DIRECTION ( 'NONE',  ( 0.2482817665807127983, 0.7071067811865484609, 0.6620847108818925797 ) ) ;
#745 = DIRECTION ( 'NONE',  ( -0.000000000000000000, 1.000000000000000000, -0.000000000000000000 ) ) ;
#746 = CARTESIAN_POINT ( 'NONE',  ( 12.08578643762690064, -0.3000000000000007661, 5.000000000000000000 ) ) ;
#747 = ADVANCED_FACE ( 'NONE', ( #163 ), #1995, .F. ) ;
#748 = EDGE_CURVE ( 'NONE', #710, #122, #1526, .T. ) ;
#749 = ORIENTED_EDGE ( 'NONE', *, *, #2811, .T. ) ;
#750 = CARTESIAN_POINT ( 'NONE',  ( 16.53551085499100282, 0.2000000000000053402, -3.399999999999996803 ) ) ;
#751 = ORIENTED_EDGE ( 'NONE', *, *, #1042, .F. ) ;
#752 = COORDINATED_UNIVERSAL_TIME_OFFSET ( 0, 0, .AHEAD. ) ;
#753 = AXIS2_PLACEMENT_3D ( 'NONE', #98, #1470, #1053 ) ;
#754 = LINE ( 'NONE', #1508, #1455 ) ;
#755 = EDGE_LOOP ( 'NONE', ( #1093, #1215, #1496, #133 ) ) ;
#756 = CARTESIAN_POINT ( 'NONE',  ( 10.08578643762690064, -0.3000000000000007661, -6.745402340387840034 ) ) ;
#757 = CARTESIAN_POINT ( 'NONE',  ( -14.49721676793699920, -5.800000000000000711, 3.399999999999995026 ) ) ;
#758 = CARTESIAN_POINT ( 'NONE',  ( -3.196222926588304425, -5.299999999999994493, -11.29043856474209839 ) ) ;
#759 = CARTESIAN_POINT ( 'NONE',  ( -3.020661205794104021, -5.799999999999998046, -10.82227397595757168 ) ) ;
#760 = EDGE_CURVE ( 'NONE', #137, #538, #1345, .T. ) ;
#761 = APPLICATION_CONTEXT ( 'configuration controlled 3d designs of mechanical parts and assemblies' ) ;
#762 = EDGE_CURVE ( 'NONE', #983, #603, #1328, .T. ) ;
#763 = ORIENTED_EDGE ( 'NONE', *, *, #628, .F. ) ;
#764 = CARTESIAN_POINT ( 'NONE',  ( -3.020661205794108906, 0.2000000000000017319, 10.82227397595756813 ) ) ;
#765 = ORIENTED_EDGE ( 'NONE', *, *, #1083, .T. ) ;
#766 = APPROVAL_ROLE ( '' ) ;
#767 = VERTEX_POINT ( 'NONE', #750 ) ;
#768 = CIRCLE ( 'NONE', #1550, 0.8999999999999989120 ) ;
#769 = VECTOR ( 'NONE', #693, 1000.000000000000000 ) ;
#770 = ORIENTED_EDGE ( 'NONE', *, *, #2790, .T. ) ;
#771 = AXIS2_PLACEMENT_3D ( 'NONE', #438, #2005, #1127 ) ;
#772 = AXIS2_PLACEMENT_3D ( 'NONE', #492, #2974, #2788 ) ;
#773 = DIRECTION ( 'NONE',  ( -1.000000000000000000, 0.000000000000000000, 0.000000000000000000 ) ) ;
#774 = VERTEX_POINT ( 'NONE', #1663 ) ;
#775 = CARTESIAN_POINT ( 'NONE',  ( -4.922649730810379154, -5.799999999999998934, 1.850000000000000533 ) ) ;
#776 = FACE_OUTER_BOUND ( 'NONE', #1350, .T. ) ;
#777 = CIRCLE ( 'NONE', #2949, 0.3999999999999949707 ) ;
#778 = CARTESIAN_POINT ( 'NONE',  ( -11.92264973081037738, -5.299999999999995381, 3.900000000000000355 ) ) ;
#779 = DIRECTION ( 'NONE',  ( 0.000000000000000000, 1.000000000000000000, 0.000000000000000000 ) ) ;
#780 = DIRECTION ( 'NONE',  ( 0.000000000000000000, 0.000000000000000000, 1.000000000000000000 ) ) ;
#781 = CARTESIAN_POINT ( 'NONE',  ( 10.48578643762689744, 0.2000000000000042299, -5.000000000000000000 ) ) ;
#782 = EDGE_CURVE ( 'NONE', #685, #209, #1048, .T. ) ;
#783 = ORIENTED_EDGE ( 'NONE', *, *, #371, .T. ) ;
#784 = EDGE_CURVE ( 'NONE', #983, #194, #1194, .T. ) ;
#785 = DIRECTION ( 'NONE',  ( -0.7071067811865479058, 0.7071067811865472397, 0.000000000000000000 ) ) ;
#786 = VERTEX_POINT ( 'NONE', #2771 ) ;
#787 = LINE ( 'NONE', #2153, #1321 ) ;
#788 = DIRECTION ( 'NONE',  ( -1.000000000000000000, 0.000000000000000000, -0.000000000000000000 ) ) ;
#789 = AXIS2_PLACEMENT_3D ( 'NONE', #1638, #1400, #1884 ) ;
#790 = EDGE_LOOP ( 'NONE', ( #917, #2411, #1049, #2366 ) ) ;
#791 = DIRECTION ( 'NONE',  ( -1.836970198721029441E-16, 1.000000000000000000, 0.000000000000000000 ) ) ;
#792 = DIRECTION ( 'NONE',  ( -1.000000000000000000, -1.742467777208850321E-16, 0.000000000000000000 ) ) ;
#793 = FACE_OUTER_BOUND ( 'NONE', #2635, .T. ) ;
#794 = CARTESIAN_POINT ( 'NONE',  ( 10.98578643762690277, -5.799999999999996270, 5.000000000000000000 ) ) ;
#795 = VECTOR ( 'NONE', #1352, 1000.000000000000114 ) ;
#796 = AXIS2_PLACEMENT_3D ( 'NONE', #1797, #1124, #396 ) ;
#797 = ORIENTED_EDGE ( 'NONE', *, *, #2756, .T. ) ;
#798 = VERTEX_POINT ( 'NONE', #964 ) ;
#799 = CIRCLE ( 'NONE', #2495, 1.600000000000004086 ) ;
#800 = EDGE_CURVE ( 'NONE', #1964, #2308, #1426, .T. ) ;
#801 = CARTESIAN_POINT ( 'NONE',  ( 10.19561370202636574, -5.799999999999995381, -7.130029396111340567 ) ) ;
#802 = EDGE_LOOP ( 'NONE', ( #2881, #2917, #258, #2396 ) ) ;
#803 = CARTESIAN_POINT ( 'NONE',  ( 17.93551085499099784, 0.2000000000000055900, -2.000000000000000000 ) ) ;
#804 = LINE ( 'NONE', #284, #2146 ) ;
#805 = EDGE_CURVE ( 'NONE', #2256, #597, #413, .T. ) ;
#806 = AXIS2_PLACEMENT_3D ( 'NONE', #1861, #2805, #1163 ) ;
#807 = ORIENTED_EDGE ( 'NONE', *, *, #2927, .T. ) ;
#808 = CARTESIAN_POINT ( 'NONE',  ( 12.08578643762690241, -5.799999999999995381, 3.399999999999996358 ) ) ;
#809 = DIRECTION ( 'NONE',  ( 0.000000000000000000, -0.7071067811865484609, -0.7071067811865465735 ) ) ;
#810 = CARTESIAN_POINT ( 'NONE',  ( 9.435510854991003171, -3.799999999999996270, 1.925929944387235853E-31 ) ) ;
#811 = DIRECTION ( 'NONE',  ( 0.2745681609986660443, 5.043735292721872455E-17, -0.9615676393087543294 ) ) ;
#812 = EDGE_LOOP ( 'NONE', ( #935, #845, #414, #251 ) ) ;
#813 = EDGE_LOOP ( 'NONE', ( #2122, #1252, #783, #527 ) ) ;
#814 = APPROVAL_STATUS ( 'not_yet_approved' ) ;
#815 = ORIENTED_EDGE ( 'NONE', *, *, #709, .F. ) ;
#816 = CIRCLE ( 'NONE', #380, 0.3999999999999963030 ) ;
#817 = CARTESIAN_POINT ( 'NONE',  ( -16.39721676793699956, -5.299999999999996270, 2.000000000000000000 ) ) ;
#818 = ORIENTED_EDGE ( 'NONE', *, *, #1155, .T. ) ;
#819 = CARTESIAN_POINT ( 'NONE',  ( -4.922649730810379154, -5.799999999999998934, 0.000000000000000000 ) ) ;
#820 = CARTESIAN_POINT ( 'NONE',  ( -11.92264973081038804, 0.2000000000000001221, 3.399999999999996358 ) ) ;
#821 = VECTOR ( 'NONE', #980, 1000.000000000000000 ) ;
#822 = VECTOR ( 'NONE', #976, 1000.000000000000114 ) ;
#823 = EDGE_CURVE ( 'NONE', #2226, #2059, #704, .T. ) ;
#824 = VERTEX_POINT ( 'NONE', #293 ) ;
#825 = AXIS2_PLACEMENT_3D ( 'NONE', #697, #2329, #1264 ) ;
#826 = CARTESIAN_POINT ( 'NONE',  ( 10.33289778252569491, -0.2999999999999999334, -7.610813215765721118 ) ) ;
#827 = LINE ( 'NONE', #2877, #2235 ) ;
#828 = CC_DESIGN_PERSON_AND_ORGANIZATION_ASSIGNMENT ( #1325, #1990, ( #2234 ) ) ;
#829 = AXIS2_PLACEMENT_3D ( 'NONE', #1369, #923, #2060 ) ;
#830 = AXIS2_PLACEMENT_3D ( 'NONE', #19, #930, #2372 ) ;
#831 = LINE ( 'NONE', #1071, #1515 ) ;
#832 = CARTESIAN_POINT ( 'NONE',  ( 2.577350269189626175, -5.299999999999996270, 1.350000000000000089 ) ) ;
#833 = AXIS2_PLACEMENT_3D ( 'NONE', #607, #2193, #1052 ) ;
#834 = VERTEX_POINT ( 'NONE', #456 ) ;
#835 = ORIENTED_EDGE ( 'NONE', *, *, #2811, .F. ) ;
#836 = LINE ( 'NONE', #2008, #286 ) ;
#837 = ORIENTED_EDGE ( 'NONE', *, *, #2003, .T. ) ;
#838 = CARTESIAN_POINT ( 'NONE',  ( 12.08578643762690064, 0.2000000000000045353, 3.399999999999995470 ) ) ;
#839 = CARTESIAN_POINT ( 'NONE',  ( 10.48578643762689921, -5.799999999999995381, 6.745402340387840034 ) ) ;
#840 = ORIENTED_EDGE ( 'NONE', *, *, #2504, .T. ) ;
#841 = DIRECTION ( 'NONE',  ( -0.1941490085400761900, -0.7071067811865474617, -0.6799309983247605604 ) ) ;
#842 = LINE ( 'NONE', #1304, #1649 ) ;
#843 = VECTOR ( 'NONE', #346, 1000.000000000000114 ) ;
#844 = ADVANCED_FACE ( 'NONE', ( #38 ), #2499, .T. ) ;
#845 = ORIENTED_EDGE ( 'NONE', *, *, #973, .F. ) ;
#846 = LINE ( 'NONE', #2687, #2842 ) ;
#847 = EDGE_CURVE ( 'NONE', #342, #1731, #1631, .T. ) ;
#848 = EDGE_LOOP ( 'NONE', ( #807, #2070, #1019, #896 ) ) ;
#849 = ORIENTED_EDGE ( 'NONE', *, *, #2267, .T. ) ;
#850 = VECTOR ( 'NONE', #1782, 1000.000000000000000 ) ;
#851 = DIRECTION ( 'NONE',  ( -0.000000000000000000, -1.000000000000000000, -0.000000000000000000 ) ) ;
#852 = VECTOR ( 'NONE', #1008, 1000.000000000000114 ) ;
#853 = DIRECTION ( 'NONE',  ( 0.000000000000000000, -0.7071067811865474617, -0.7071067811865474617 ) ) ;
#854 = DIRECTION ( 'NONE',  ( 0.000000000000000000, 0.7071067811865484609, -0.7071067811865465735 ) ) ;
#855 = VECTOR ( 'NONE', #1527, 1000.000000000000114 ) ;
#856 = EDGE_LOOP ( 'NONE', ( #2785, #2186, #1233, #1860 ) ) ;
#857 = CARTESIAN_POINT ( 'NONE',  ( -14.49721676793699920, -5.299999999999995381, -3.900000000000000355 ) ) ;
#858 = VECTOR ( 'NONE', #1234, 1000.000000000000114 ) ;
#859 = CIRCLE ( 'NONE', #2024, 1.350000000000000311 ) ;
#860 = DIRECTION ( 'NONE',  ( 1.836970198721029688E-16, -1.000000000000000000, -0.000000000000000000 ) ) ;
#861 = DIRECTION ( 'NONE',  ( 0.000000000000000000, 0.000000000000000000, 1.000000000000000000 ) ) ;
#862 = ADVANCED_FACE ( 'NONE', ( #274 ), #2933, .T. ) ;
#863 = ADVANCED_FACE ( 'NONE', ( #2555 ), #687, .T. ) ;
#864 = ORIENTED_EDGE ( 'NONE', *, *, #371, .F. ) ;
#865 = VERTEX_POINT ( 'NONE', #490 ) ;
#866 = EDGE_CURVE ( 'NONE', #718, #986, #1143, .T. ) ;
#867 = DIRECTION ( 'NONE',  ( 0.7071067811865476838, -0.7071067811865474617, 0.000000000000000000 ) ) ;
#868 = DIRECTION ( 'NONE',  ( 0.000000000000000000, -0.000000000000000000, 1.000000000000000000 ) ) ;
#869 = ORIENTED_EDGE ( 'NONE', *, *, #2290, .F. ) ;
#870 = DIRECTION ( 'NONE',  ( -1.000000000000000000, 0.000000000000000000, 0.000000000000000000 ) ) ;
#871 = VECTOR ( 'NONE', #2641, 1000.000000000000000 ) ;
#872 = CONICAL_SURFACE ( 'NONE', #2324, 0.8999999999999998002, 0.7853981633974485010 ) ;
#873 = DIRECTION ( 'NONE',  ( -0.000000000000000000, 1.000000000000000000, -0.000000000000000000 ) ) ;
#874 = CARTESIAN_POINT ( 'NONE',  ( -10.06309910744572278, -5.799999999999999822, 8.181359762838217975 ) ) ;
#875 = CIRCLE ( 'NONE', #1512, 1.350000000000000089 ) ;
#876 = VERTEX_POINT ( 'NONE', #738 ) ;
#877 = ORIENTED_EDGE ( 'NONE', *, *, #259, .F. ) ;
#878 = ADVANCED_FACE ( 'NONE', ( #56 ), #2361, .T. ) ;
#879 = PLANE ( 'NONE',  #1062 ) ;
#880 = EDGE_CURVE ( 'NONE', #1268, #2958, #2595, .T. ) ;
#881 = CARTESIAN_POINT ( 'NONE',  ( 10.33289778252569491, -0.2999999999999999334, -7.610813215765722006 ) ) ;
#882 = EDGE_CURVE ( 'NONE', #865, #436, #2376, .T. ) ;
#883 = VERTEX_POINT ( 'NONE', #2335 ) ;
#884 = PLANE ( 'NONE',  #404 ) ;
#885 = CARTESIAN_POINT ( 'NONE',  ( -10.32264973081037418, 0.2000000000000004274, 7.806828091810600334 ) ) ;
#886 = FACE_OUTER_BOUND ( 'NONE', #1591, .T. ) ;
#887 = VERTEX_POINT ( 'NONE', #67 ) ;
#888 = ORIENTED_EDGE ( 'NONE', *, *, #117, .T. ) ;
#889 = DIRECTION ( 'NONE',  ( 0.7071067811865479058, -0.7071067811865472397, 0.000000000000000000 ) ) ;
#890 = CARTESIAN_POINT ( 'NONE',  ( -2.633100484259956797, -5.799999999999998046, 11.31315318030783779 ) ) ;
#891 = EDGE_CURVE ( 'NONE', #70, #454, #2163, .T. ) ;
#892 = ADVANCED_FACE ( 'NONE', ( #1181 ), #2449, .T. ) ;
#893 = VERTEX_POINT ( 'NONE', #950 ) ;
#894 = CARTESIAN_POINT ( 'NONE',  ( -14.49721676793699920, -5.800000000000000711, 2.000000000000000000 ) ) ;
#895 = CARTESIAN_POINT ( 'NONE',  ( 16.53551085499100282, -0.2999999999999981570, -2.000000000000000000 ) ) ;
#896 = ORIENTED_EDGE ( 'NONE', *, *, #1822, .F. ) ;
#897 = AXIS2_PLACEMENT_3D ( 'NONE', #1431, #1962, #1201 ) ;
#898 = CARTESIAN_POINT ( 'NONE',  ( 9.435510854991003171, -3.799999999999996270, 1.925929944387235853E-31 ) ) ;
#899 = DIRECTION ( 'NONE',  ( 1.000000000000000000, 1.836970198721029688E-16, 0.000000000000000000 ) ) ;
#900 = ORIENTED_EDGE ( 'NONE', *, *, #1958, .T. ) ;
#901 = VERTEX_POINT ( 'NONE', #1877 ) ;
#902 = DIRECTION ( 'NONE',  ( -1.000000000000000000, -1.742467777208852540E-16, 0.000000000000000000 ) ) ;
#903 = DIRECTION ( 'NONE',  ( 0.000000000000000000, 0.000000000000000000, 1.000000000000000000 ) ) ;
#904 = DIRECTION ( 'NONE',  ( 0.000000000000000000, -0.7071067811865474617, 0.7071067811865474617 ) ) ;
#905 = ORIENTED_EDGE ( 'NONE', *, *, #1401, .F. ) ;
#906 = FACE_OUTER_BOUND ( 'NONE', #1144, .T. ) ;
#907 = FACE_OUTER_BOUND ( 'NONE', #1668, .T. ) ;
#908 = ORIENTED_EDGE ( 'NONE', *, *, #2382, .T. ) ;
#909 = EDGE_CURVE ( 'NONE', #1910, #2722, #320, .T. ) ;
#910 = AXIS2_PLACEMENT_3D ( 'NONE', #2445, #1299, #2219 ) ;
#911 = CONICAL_SURFACE ( 'NONE', #180, 1.350000000000000311, 0.7853981633974482790 ) ;
#912 = CARTESIAN_POINT ( 'NONE',  ( -2.633100484259956797, -0.3000000000000016542, -11.31315318030784667 ) ) ;
#913 = DIRECTION ( 'NONE',  ( 0.000000000000000000, 0.000000000000000000, 1.000000000000000000 ) ) ;
#914 = AXIS2_PLACEMENT_3D ( 'NONE', #1190, #35, #499 ) ;
#915 = CIRCLE ( 'NONE', #621, 1.600000000000004086 ) ;
#916 = ORIENTED_EDGE ( 'NONE', *, *, #500, .T. ) ;
#917 = ORIENTED_EDGE ( 'NONE', *, *, #1554, .F. ) ;
#918 = ORIENTED_EDGE ( 'NONE', *, *, #1101, .F. ) ;
#919 = DIRECTION ( 'NONE',  ( 1.000000000000000000, 1.836970198721029688E-16, 0.000000000000000000 ) ) ;
#920 = AXIS2_PLACEMENT_3D ( 'NONE', #599, #586, #401 ) ;
#921 = LOCAL_TIME ( 11, 59, 16.00000000000000000, #2882 ) ;
#922 = AXIS2_PLACEMENT_3D ( 'NONE', #2172, #110, #792 ) ;
#923 = DIRECTION ( 'NONE',  ( -0.7071067811865475727, -0.7071067811865475727, -0.000000000000000000 ) ) ;
#924 = DIRECTION ( 'NONE',  ( -1.000000000000000000, -8.432683563776163895E-16, 1.927470528863123289E-15 ) ) ;
#925 = ORIENTED_EDGE ( 'NONE', *, *, #218, .T. ) ;
#926 = CARTESIAN_POINT ( 'NONE',  ( -14.49721676793699920, -5.299999999999996270, -2.000000000000000000 ) ) ;
#927 = DIRECTION ( 'NONE',  ( 0.000000000000000000, 0.000000000000000000, -1.000000000000000000 ) ) ;
#928 = CARTESIAN_POINT ( 'NONE',  ( -10.82264973081037951, -0.3000000000000026534, -7.806828091810600334 ) ) ;
#929 = PLANE ( 'NONE',  #420 ) ;
#930 = DIRECTION ( 'NONE',  ( -0.7071067811865477948, -0.7071067811865473507, -0.000000000000000000 ) ) ;
#931 = CYLINDRICAL_SURFACE ( 'NONE', #2422, 1.100000000000000311 ) ;
#932 = EDGE_CURVE ( 'NONE', #1437, #1845, #2864, .T. ) ;
#933 = ORIENTED_EDGE ( 'NONE', *, *, #2138, .T. ) ;
#934 = EDGE_CURVE ( 'NONE', #1122, #2823, #2897, .T. ) ;
#935 = ORIENTED_EDGE ( 'NONE', *, *, #1063, .F. ) ;
#936 = DIRECTION ( 'NONE',  ( 0.000000000000000000, 0.000000000000000000, -1.000000000000000000 ) ) ;
#937 = CIRCLE ( 'NONE', #13, 1.100000000000000311 ) ;
#938 = CARTESIAN_POINT ( 'NONE',  ( 9.435510854991003171, -5.799999999999996270, 1.925929944387235853E-31 ) ) ;
#939 = DIRECTION ( 'NONE',  ( -1.000000000000000000, -1.836970198721029688E-16, 0.000000000000000000 ) ) ;
#940 = ORIENTED_EDGE ( 'NONE', *, *, #1026, .F. ) ;
#941 = CARTESIAN_POINT ( 'NONE',  ( 16.53551085499100282, 0.2000000000000053402, -3.399999999999996803 ) ) ;
#942 = LINE ( 'NONE', #2780, #2565 ) ;
#943 = CARTESIAN_POINT ( 'NONE',  ( 10.98578643762690099, -0.3000000000000007661, -6.745402340387840034 ) ) ;
#944 = DIRECTION ( 'NONE',  ( 0.000000000000000000, -1.000000000000000000, 0.000000000000000000 ) ) ;
#945 = CARTESIAN_POINT ( 'NONE',  ( -10.06309910744572278, -5.799999999999999822, 8.181359762838217975 ) ) ;
#946 = CARTESIAN_POINT ( 'NONE',  ( 16.53551085499100282, 0.2000000000000053402, 3.399999999999996358 ) ) ;
#947 = VECTOR ( 'NONE', #919, 1000.000000000000000 ) ;
#948 = ORIENTED_EDGE ( 'NONE', *, *, #313, .T. ) ;
#949 = ORIENTED_EDGE ( 'NONE', *, *, #2710, .F. ) ;
#950 = CARTESIAN_POINT ( 'NONE',  ( 2.577350269189626619, -5.799999999999997158, -1.850000000000000533 ) ) ;
#951 = EDGE_CURVE ( 'NONE', #2183, #2078, #2224, .T. ) ;
#952 = EDGE_CURVE ( 'NONE', #598, #1653, #2645, .T. ) ;
#953 = CARTESIAN_POINT ( 'NONE',  ( 10.33289778252569668, -0.2999999999999999334, 7.610813215765723783 ) ) ;
#954 = CARTESIAN_POINT ( 'NONE',  ( -4.922649730810380042, 0.2000000000000014266, -1.850000000000004308 ) ) ;
#955 = EDGE_CURVE ( 'NONE', #1973, #1766, #1725, .T. ) ;
#956 = ORIENTED_EDGE ( 'NONE', *, *, #880, .F. ) ;
#957 = CARTESIAN_POINT ( 'NONE',  ( 12.94972441736410218, -5.799999999999995381, -3.900000000000000355 ) ) ;
#958 = CARTESIAN_POINT ( 'NONE',  ( 10.08578643762690064, -0.2999999999999990452, 6.745402340387840034 ) ) ;
#959 = DIRECTION ( 'NONE',  ( 0.000000000000000000, -0.000000000000000000, 1.000000000000000000 ) ) ;
#960 = FACE_OUTER_BOUND ( 'NONE', #418, .T. ) ;
#961 = CYLINDRICAL_SURFACE ( 'NONE', #2418, 1.350000000000000089 ) ;
#962 = ORIENTED_EDGE ( 'NONE', *, *, #2869, .T. ) ;
#963 = EDGE_LOOP ( 'NONE', ( #462, #736 ) ) ;
#964 = CARTESIAN_POINT ( 'NONE',  ( -10.32264973081035997, -5.799999999999999822, 5.000000000000000000 ) ) ;
#965 = VECTOR ( 'NONE', #1658, 1000.000000000000000 ) ;
#966 = VECTOR ( 'NONE', #637, 1000.000000000000000 ) ;
#967 = ORIENTED_EDGE ( 'NONE', *, *, #167, .T. ) ;
#968 = CIRCLE ( 'NONE', #2661, 2.899999999999999023 ) ;
#969 = CONICAL_SURFACE ( 'NONE', #772, 0.8999999999999998002, 0.7853981633974476129 ) ;
#970 = PERSON_AND_ORGANIZATION ( #1079, #386 ) ;
#971 = DIRECTION ( 'NONE',  ( 8.673617379883967433E-16, -1.000000000000000000, 0.000000000000000000 ) ) ;
#972 = VECTOR ( 'NONE', #2027, 1000.000000000000000 ) ;
#973 = EDGE_CURVE ( 'NONE', #355, #227, #1520, .T. ) ;
#974 = VERTEX_POINT ( 'NONE', #781 ) ;
#975 = CARTESIAN_POINT ( 'NONE',  ( 18.46803329691229933, 0.2000000000000057010, -4.767904317931744629 ) ) ;
#976 = DIRECTION ( 'NONE',  ( 0.9363291775690446572, 1.720008795387306435E-16, -0.3511234415883912607 ) ) ;
#977 = EDGE_CURVE ( 'NONE', #2784, #603, #2067, .T. ) ;
#978 = CARTESIAN_POINT ( 'NONE',  ( -9.922649730810379154, 0.2000000000000005107, -7.806828091810600334 ) ) ;
#979 = PLANE ( 'NONE',  #1114 ) ;
#980 = DIRECTION ( 'NONE',  ( 0.9615676393087543294, 1.766371097464713951E-16, 0.2745681609986660443 ) ) ;
#981 = ORIENTED_EDGE ( 'NONE', *, *, #1279, .T. ) ;
#982 = CARTESIAN_POINT ( 'NONE',  ( -10.23866082823991874, -5.299999999999995381, 8.649524351622742913 ) ) ;
#983 = VERTEX_POINT ( 'NONE', #565 ) ;
#984 = CARTESIAN_POINT ( 'NONE',  ( 0.000000000000000000, 0.000000000000000000, 0.000000000000000000 ) ) ;
#985 = AXIS2_PLACEMENT_3D ( 'NONE', #237, #1017, #2637 ) ;
#986 = VERTEX_POINT ( 'NONE', #1242 ) ;
#987 = FACE_OUTER_BOUND ( 'NONE', #1353, .T. ) ;
#988 = CARTESIAN_POINT ( 'NONE',  ( 2.577350269189625287, 0.2000000000000027867, -1.850000000000004086 ) ) ;
#989 = ADVANCED_FACE ( 'NONE', ( #112 ), #2849, .T. ) ;
#990 = ADVANCED_FACE ( 'NONE', ( #2210 ), #1740, .T. ) ;
#991 = FACE_OUTER_BOUND ( 'NONE', #2992, .T. ) ;
#992 = DIRECTION ( 'NONE',  ( -0.000000000000000000, 1.000000000000000000, -0.000000000000000000 ) ) ;
#993 = VECTOR ( 'NONE', #1484, 1000.000000000000000 ) ;
#994 = VERTEX_POINT ( 'NONE', #550 ) ;
#995 = CARTESIAN_POINT ( 'NONE',  ( -11.92264973081037738, -5.299999999999995381, 3.900000000000000355 ) ) ;
#996 = ORIENTED_EDGE ( 'NONE', *, *, #1134, .T. ) ;
#997 = PERSON_AND_ORGANIZATION_ROLE ( 'creator' ) ;
#998 = EDGE_LOOP ( 'NONE', ( #511, #433, #2755, #2249 ) ) ;
#999 = AXIS2_PLACEMENT_3D ( 'NONE', #2630, #811, #1921 ) ;
#1000 = DIRECTION ( 'NONE',  ( -1.836970198721029441E-16, 1.000000000000000000, 0.000000000000000000 ) ) ;
#1001 = EDGE_LOOP ( 'NONE', ( #2405, #2385, #2944, #2937 ) ) ;
#1002 = DIRECTION ( 'NONE',  ( -1.836970198721029441E-16, 1.000000000000000000, 0.000000000000000000 ) ) ;
#1003 = DIRECTION ( 'NONE',  ( 1.836970198721029688E-16, -1.000000000000000000, 0.000000000000000000 ) ) ;
#1004 = DIRECTION ( 'NONE',  ( 0.1941490085400761900, -0.7071067811865472397, 0.6799309983247607825 ) ) ;
#1005 = CARTESIAN_POINT ( 'NONE',  ( -14.49721676793699920, -5.299999999999996270, 3.899999999999997691 ) ) ;
#1006 = EDGE_CURVE ( 'NONE', #521, #213, #1501, .T. ) ;
#1007 = ORIENTED_EDGE ( 'NONE', *, *, #2946, .T. ) ;
#1008 = DIRECTION ( 'NONE',  ( 0.000000000000000000, -0.7071067811865474617, 0.7071067811865474617 ) ) ;
#1009 = ADVANCED_FACE ( 'NONE', ( #2421 ), #2194, .T. ) ;
#1010 = ORIENTED_EDGE ( 'NONE', *, *, #1601, .F. ) ;
#1011 = CONICAL_SURFACE ( 'NONE', #2370, 0.9000000000000005773, 0.7853981633974481680 ) ;
#1012 = VECTOR ( 'NONE', #744, 1000.000000000000000 ) ;
#1013 = AXIS2_PLACEMENT_3D ( 'NONE', #240, #1172, #2151 ) ;
#1014 = DIRECTION ( 'NONE',  ( 0.7071067811865474617, 0.7071067811865474617, 0.000000000000000000 ) ) ;
#1015 = ORIENTED_EDGE ( 'NONE', *, *, #1335, .F. ) ;
#1016 = DIRECTION ( 'NONE',  ( 1.836970198721029441E-16, -1.000000000000000000, 0.000000000000000000 ) ) ;
#1017 = DIRECTION ( 'NONE',  ( -1.000000000000000000, -1.836970198721029441E-16, 0.000000000000000000 ) ) ;
#1018 = AXIS2_PLACEMENT_3D ( 'NONE', #1130, #233, #1651 ) ;
#1019 = ORIENTED_EDGE ( 'NONE', *, *, #665, .F. ) ;
#1020 = AXIS2_PLACEMENT_3D ( 'NONE', #1468, #745, #289 ) ;
#1021 = DIRECTION ( 'NONE',  ( -1.000000000000000000, -2.032879073410337577E-16, 0.000000000000000000 ) ) ;
#1022 = DIRECTION ( 'NONE',  ( 0.000000000000000000, 0.000000000000000000, 1.000000000000000000 ) ) ;
#1023 = DIRECTION ( 'NONE',  ( -1.836970198721029441E-16, 1.000000000000000000, 0.000000000000000000 ) ) ;
#1024 = CARTESIAN_POINT ( 'NONE',  ( 16.53551085499100282, -5.799999999999994493, 1.850000000000000533 ) ) ;
#1025 = EDGE_CURVE ( 'NONE', #1964, #1954, #859, .T. ) ;
#1026 = EDGE_CURVE ( 'NONE', #1044, #400, #1482, .T. ) ;
#1027 = EDGE_LOOP ( 'NONE', ( #2064, #2206 ) ) ;
#1028 = LINE ( 'NONE', #1911, #624 ) ;
#1029 = ORIENTED_EDGE ( 'NONE', *, *, #760, .F. ) ;
#1030 = CARTESIAN_POINT ( 'NONE',  ( 12.08578643762690241, -5.799999999999995381, -3.399999999999995914 ) ) ;
#1031 = EDGE_LOOP ( 'NONE', ( #585, #2922, #2588, #2233 ) ) ;
#1032 = DIRECTION ( 'NONE',  ( -1.298934084353240545E-16, 0.7071067811865479058, -0.7071067811865472397 ) ) ;
#1033 = DIRECTION ( 'NONE',  ( 0.000000000000000000, 0.000000000000000000, -1.000000000000000000 ) ) ;
#1034 = ORIENTED_EDGE ( 'NONE', *, *, #748, .T. ) ;
#1035 = CARTESIAN_POINT ( 'NONE',  ( 16.53551085499100282, -5.799999999999994493, -1.850000000000000533 ) ) ;
#1036 = LINE ( 'NONE', #2222, #2950 ) ;
#1037 = AXIS2_PLACEMENT_3D ( 'NONE', #2274, #2010, #1765 ) ;
#1038 = CARTESIAN_POINT ( 'NONE',  ( -11.92264973081037915, 0.2000000000000005107, -5.000000000000000000 ) ) ;
#1039 = DIRECTION ( 'NONE',  ( -1.836970198721029441E-16, 1.000000000000000000, 0.000000000000000000 ) ) ;
#1040 = ORIENTED_EDGE ( 'NONE', *, *, #2980, .F. ) ;
#1041 = EDGE_LOOP ( 'NONE', ( #344, #184, #1573, #1261 ) ) ;
#1042 = EDGE_CURVE ( 'NONE', #718, #2040, #1691, .T. ) ;
#1043 = CARTESIAN_POINT ( 'NONE',  ( 18.43551085499100139, -5.299999999999990052, 2.000000000000000000 ) ) ;
#1044 = VERTEX_POINT ( 'NONE', #764 ) ;
#1045 = DIRECTION ( 'NONE',  ( -0.2482817665807099949, -0.7071067811865476838, -0.6620847108818944671 ) ) ;
#1046 = EDGE_CURVE ( 'NONE', #2073, #741, #1138, .T. ) ;
#1047 = DIRECTION ( 'NONE',  ( -0.9363291775690446572, 0.000000000000000000, 0.3511234415883912607 ) ) ;
#1048 = CIRCLE ( 'NONE', #606, 0.9000000000000002442 ) ;
#1049 = ORIENTED_EDGE ( 'NONE', *, *, #394, .T. ) ;
#1050 = CARTESIAN_POINT ( 'NONE',  ( -10.23866082823991874, -0.3000000000000033751, -8.649524351622744689 ) ) ;
#1051 = DIRECTION ( 'NONE',  ( 1.298934084353240052E-16, -0.7071067811865476838, 0.7071067811865473507 ) ) ;
#1052 = DIRECTION ( 'NONE',  ( 0.000000000000000000, -0.000000000000000000, 1.000000000000000000 ) ) ;
#1053 = DIRECTION ( 'NONE',  ( -1.000000000000000000, 0.000000000000000000, 0.000000000000000000 ) ) ;
#1054 = ORIENTED_EDGE ( 'NONE', *, *, #2383, .T. ) ;
#1055 = ORIENTED_EDGE ( 'NONE', *, *, #394, .F. ) ;
#1056 = ORIENTED_EDGE ( 'NONE', *, *, #2599, .F. ) ;
#1057 = VECTOR ( 'NONE', #959, 1000.000000000000000 ) ;
#1058 = LINE ( 'NONE', #2035, #1941 ) ;
#1059 = VERTEX_POINT ( 'NONE', #305 ) ;
#1060 = CARTESIAN_POINT ( 'NONE',  ( 2.577350269189625287, 0.2000000000000027867, 1.850000000000004308 ) ) ;
#1061 = CARTESIAN_POINT ( 'NONE',  ( -11.92264973081037738, -5.299999999999994493, -3.899999999999999911 ) ) ;
#1062 = AXIS2_PLACEMENT_3D ( 'NONE', #2230, #1777, #1579 ) ;
#1063 = EDGE_CURVE ( 'NONE', #227, #521, #2162, .T. ) ;
#1064 = EDGE_CURVE ( 'NONE', #2439, #710, #799, .T. ) ;
#1065 = ORIENTED_EDGE ( 'NONE', *, *, #684, .T. ) ;
#1066 = AXIS2_PLACEMENT_3D ( 'NONE', #431, #2973, #903 ) ;
#1067 = DIRECTION ( 'NONE',  ( 0.000000000000000000, 0.000000000000000000, 1.000000000000000000 ) ) ;
#1068 = CARTESIAN_POINT ( 'NONE',  ( 12.33551085499100175, -3.799999999999995826, 1.925929944387235853E-31 ) ) ;
#1069 = AXIS2_PLACEMENT_3D ( 'NONE', #1043, #1340, #162 ) ;
#1070 = CONICAL_SURFACE ( 'NONE', #389, 1.850000000000000533, 0.7853981633974482790 ) ;
#1071 = CARTESIAN_POINT ( 'NONE',  ( -10.32264973081037418, -5.799999999999999822, -5.000000000000000000 ) ) ;
#1072 = CARTESIAN_POINT ( 'NONE',  ( 16.53551085499100282, 0.2000000000000053402, 3.399999999999996358 ) ) ;
#1073 = AXIS2_PLACEMENT_3D ( 'NONE', #1038, #1532, #2463 ) ;
#1074 = ORIENTED_EDGE ( 'NONE', *, *, #2456, .F. ) ;
#1075 = ORIENTED_EDGE ( 'NONE', *, *, #2526, .F. ) ;
#1076 = DIRECTION ( 'NONE',  ( 0.000000000000000000, 0.000000000000000000, 1.000000000000000000 ) ) ;
#1077 = DIRECTION ( 'NONE',  ( -1.836970198721029688E-16, 1.000000000000000000, 0.000000000000000000 ) ) ;
#1078 = DIRECTION ( 'NONE',  ( -8.673617379883967433E-16, 1.000000000000000000, 0.000000000000000000 ) ) ;
#1079 = PERSON ( 'UNSPECIFIED', 'UNSPECIFIED', 'UNSPECIFIED', ('UNSPECIFIED'), ('UNSPECIFIED'), ('UNSPECIFIED') ) ;
#1080 = EDGE_LOOP ( 'NONE', ( #2364, #440, #2283, #639 ) ) ;
#1081 = FACE_OUTER_BOUND ( 'NONE', #1257, .T. ) ;
#1082 = AXIS2_PLACEMENT_3D ( 'NONE', #2410, #1003, #1465 ) ;
#1083 = EDGE_CURVE ( 'NONE', #2055, #2106, #1376, .T. ) ;
#1084 = ADVANCED_FACE ( 'NONE', ( #1784 ), #2737, .T. ) ;
#1085 = LINE ( 'NONE', #2848, #1898 ) ;
#1086 = CARTESIAN_POINT ( 'NONE',  ( -10.23866082823991697, -5.799999999999999822, -8.649524351622744689 ) ) ;
#1087 = ORIENTED_EDGE ( 'NONE', *, *, #354, .F. ) ;
#1088 = APPROVAL_DATE_TIME ( #114, #545 ) ;
#1089 = VERTEX_POINT ( 'NONE', #1824 ) ;
#1090 = CYLINDRICAL_SURFACE ( 'NONE', #1598, 1.099999999999994982 ) ;
#1091 = LINE ( 'NONE', #570, #1342 ) ;
#1092 = LINE ( 'NONE', #2709, #1269 ) ;
#1093 = ORIENTED_EDGE ( 'NONE', *, *, #444, .F. ) ;
#1094 = CARTESIAN_POINT ( 'NONE',  ( 10.98578643762690277, -5.299999999999990941, 5.000000000000000000 ) ) ;
#1095 = AXIS2_PLACEMENT_3D ( 'NONE', #2624, #1464, #46 ) ;
#1096 = LINE ( 'NONE', #1823, #2519 ) ;
#1097 = ADVANCED_FACE ( 'NONE', ( #398 ), #2494, .F. ) ;
#1098 = LINE ( 'NONE', #2482, #721 ) ;
#1099 = EDGE_CURVE ( 'NONE', #574, #741, #1337, .T. ) ;
#1100 = VERTEX_POINT ( 'NONE', #608 ) ;
#1101 = EDGE_CURVE ( 'NONE', #2958, #2117, #178, .T. ) ;
#1102 = ORIENTED_EDGE ( 'NONE', *, *, #1255, .F. ) ;
#1103 = DIRECTION ( 'NONE',  ( 1.836970198721029688E-16, -1.000000000000000000, -0.000000000000000000 ) ) ;
#1104 = DIRECTION ( 'NONE',  ( 0.000000000000000000, -0.7071067811865483499, -0.7071067811865465735 ) ) ;
#1105 = ORIENTED_EDGE ( 'NONE', *, *, #2708, .T. ) ;
#1106 = LINE ( 'NONE', #857, #695 ) ;
#1107 = AXIS2_PLACEMENT_3D ( 'NONE', #978, #288, #2533 ) ;
#1108 = CC_DESIGN_SECURITY_CLASSIFICATION ( #2234, ( #2616 ) ) ;
#1109 = AXIS2_PLACEMENT_3D ( 'NONE', #12, #2292, #939 ) ;
#1110 = CARTESIAN_POINT ( 'NONE',  ( 2.577350269189626175, -5.799999999999997158, 1.850000000000000533 ) ) ;
#1111 = CARTESIAN_POINT ( 'NONE',  ( -10.82264973081037951, -0.3000000000000025424, 6.535889741755010363 ) ) ;
#1112 = VECTOR ( 'NONE', #2696, 1000.000000000000000 ) ;
#1113 = CONICAL_SURFACE ( 'NONE', #1164, 1.850000000000000755, 0.7853981633974473908 ) ;
#1114 = AXIS2_PLACEMENT_3D ( 'NONE', #699, #715, #1906 ) ;
#1115 = ORIENTED_EDGE ( 'NONE', *, *, #1675, .F. ) ;
#1116 = ORIENTED_EDGE ( 'NONE', *, *, #2105, .F. ) ;
#1117 = ADVANCED_FACE ( 'NONE', ( #886 ), #308, .F. ) ;
#1118 = EDGE_CURVE ( 'NONE', #1763, #1719, #664, .T. ) ;
#1119 = LINE ( 'NONE', #1380, #1317 ) ;
#1120 = LINE ( 'NONE', #2050, #855 ) ;
#1121 = DIRECTION ( 'NONE',  ( -1.226634733346689765E-14, -0.7071067811865474617, -0.7071067811865474617 ) ) ;
#1122 = VERTEX_POINT ( 'NONE', #1597 ) ;
#1123 = CARTESIAN_POINT ( 'NONE',  ( 16.53551085499100282, 0.2000000000000053402, 3.399999999999996358 ) ) ;
#1124 = DIRECTION ( 'NONE',  ( 0.2482817665807102447, -0.7071067811865474617, -0.6620847108818945781 ) ) ;
#1125 = ORIENTED_EDGE ( 'NONE', *, *, #2214, .F. ) ;
#1126 = LINE ( 'NONE', #885, #2135 ) ;
#1127 = DIRECTION ( 'NONE',  ( 1.000000000000000000, 2.990902544787599578E-16, 0.000000000000000000 ) ) ;
#1128 = ORIENTED_EDGE ( 'NONE', *, *, #784, .F. ) ;
#1129 = ORIENTED_EDGE ( 'NONE', *, *, #1934, .T. ) ;
#1130 = CARTESIAN_POINT ( 'NONE',  ( -4.922649730810380042, 0.2000000000000014266, 0.000000000000000000 ) ) ;
#1131 = DIRECTION ( 'NONE',  ( -1.000000000000000000, -1.836970198721029688E-16, 0.000000000000000000 ) ) ;
#1132 = EDGE_CURVE ( 'NONE', #1249, #1486, #422, .T. ) ;
#1133 = VECTOR ( 'NONE', #841, 1000.000000000000000 ) ;
#1134 = EDGE_CURVE ( 'NONE', #2204, #1776, #1692, .T. ) ;
#1135 = EDGE_LOOP ( 'NONE', ( #611, #677, #2804, #14 ) ) ;
#1136 = CARTESIAN_POINT ( 'NONE',  ( -9.922649730810377378, -5.799999999999999822, -7.806828091810600334 ) ) ;
#1137 = CARTESIAN_POINT ( 'NONE',  ( 10.08578643762690241, -5.799999999999995381, -6.745402340387840034 ) ) ;
#1138 = CIRCLE ( 'NONE', #1772, 1.850000000000003642 ) ;
#1139 = ORIENTED_EDGE ( 'NONE', *, *, #2599, .T. ) ;
#1140 = VECTOR ( 'NONE', #1341, 1000.000000000000000 ) ;
#1141 = CARTESIAN_POINT ( 'NONE',  ( -11.92264973081036139, 0.2000000000000001221, 5.000000000000000000 ) ) ;
#1142 = CARTESIAN_POINT ( 'NONE',  ( 2.577350269189626175, -5.799999999999997158, 1.350000000000000089 ) ) ;
#1143 = CIRCLE ( 'NONE', #1780, 1.100000000000000311 ) ;
#1144 = EDGE_LOOP ( 'NONE', ( #609, #1940, #2837, #840 ) ) ;
#1145 = ORIENTED_EDGE ( 'NONE', *, *, #1934, .F. ) ;
#1146 = VERTEX_POINT ( 'NONE', #199 ) ;
#1147 = ORIENTED_EDGE ( 'NONE', *, *, #554, .F. ) ;
#1148 = CARTESIAN_POINT ( 'NONE',  ( -10.23866082823992052, -0.3000000000000042633, 8.649524351622742913 ) ) ;
#1149 = DIRECTION ( 'NONE',  ( -1.836970198721029688E-16, 1.000000000000000000, 0.000000000000000000 ) ) ;
#1150 = CYLINDRICAL_SURFACE ( 'NONE', #1359, 2.899999999999999911 ) ;
#1151 = EDGE_LOOP ( 'NONE', ( #470, #2220, #1378, #1846 ) ) ;
#1152 = DIRECTION ( 'NONE',  ( -0.000000000000000000, 1.000000000000000000, -0.000000000000000000 ) ) ;
#1153 = CYLINDRICAL_SURFACE ( 'NONE', #2846, 1.899999999999999023 ) ;
#1154 = EDGE_CURVE ( 'NONE', #994, #348, #1585, .T. ) ;
#1155 = EDGE_CURVE ( 'NONE', #246, #1245, #846, .T. ) ;
#1156 = VECTOR ( 'NONE', #271, 1000.000000000000000 ) ;
#1157 = FACE_OUTER_BOUND ( 'NONE', #1227, .T. ) ;
#1158 = PLANE ( 'NONE',  #2133 ) ;
#1159 = DIRECTION ( 'NONE',  ( -1.000000000000000000, 0.000000000000000000, 0.000000000000000000 ) ) ;
#1160 = VECTOR ( 'NONE', #1475, 1000.000000000000000 ) ;
#1161 = ORIENTED_EDGE ( 'NONE', *, *, #612, .T. ) ;
#1162 = ORIENTED_EDGE ( 'NONE', *, *, #1474, .F. ) ;
#1163 = DIRECTION ( 'NONE',  ( 0.000000000000000000, 0.000000000000000000, -1.000000000000000000 ) ) ;
#1164 = AXIS2_PLACEMENT_3D ( 'NONE', #1993, #1745, #1282 ) ;
#1165 = CIRCLE ( 'NONE', #2518, 2.899999999999999911 ) ;
#1166 = CARTESIAN_POINT ( 'NONE',  ( -2.880211829158753734, -5.299999999999993605, 11.34774230492995706 ) ) ;
#1167 = CARTESIAN_POINT ( 'NONE',  ( 10.98578643762690099, -0.3000000000000007661, 6.535889741755010363 ) ) ;
#1168 = VERTEX_POINT ( 'NONE', #1348 ) ;
#1169 = ORIENTED_EDGE ( 'NONE', *, *, #1858, .F. ) ;
#1170 = DIRECTION ( 'NONE',  ( 1.836970198721029688E-16, -1.000000000000000000, -0.000000000000000000 ) ) ;
#1171 = CARTESIAN_POINT ( 'NONE',  ( -3.196222926588304869, -0.3000000000000025424, -11.29043856474209662 ) ) ;
#1172 = DIRECTION ( 'NONE',  ( 0.000000000000000000, -1.000000000000000000, 0.000000000000000000 ) ) ;
#1173 = EDGE_CURVE ( 'NONE', #2316, #68, #2464, .T. ) ;
#1174 = DIRECTION ( 'NONE',  ( 0.000000000000000000, 0.000000000000000000, -1.000000000000000000 ) ) ;
#1175 = FACE_OUTER_BOUND ( 'NONE', #812, .T. ) ;
#1176 = LINE ( 'NONE', #1142, #1156 ) ;
#1177 = EDGE_CURVE ( 'NONE', #347, #247, #2028, .T. ) ;
#1178 = ORIENTED_EDGE ( 'NONE', *, *, #2869, .F. ) ;
#1179 = EDGE_CURVE ( 'NONE', #1100, #1763, #2045, .T. ) ;
#1180 = ORIENTED_EDGE ( 'NONE', *, *, #2544, .F. ) ;
#1181 = FACE_OUTER_BOUND ( 'NONE', #105, .T. ) ;
#1182 = AXIS2_PLACEMENT_3D ( 'NONE', #107, #1251, #2141 ) ;
#1183 = CARTESIAN_POINT ( 'NONE',  ( 10.08578643762690064, 0.2000000000000041467, 6.745402340387840034 ) ) ;
#1184 = DIRECTION ( 'NONE',  ( 0.000000000000000000, -0.7071067811865474617, -0.7071067811865474617 ) ) ;
#1185 = ORIENTED_EDGE ( 'NONE', *, *, #823, .F. ) ;
#1186 = DIRECTION ( 'NONE',  ( 0.7071067811865462405, -0.7071067811865487940, 0.000000000000000000 ) ) ;
#1187 = CARTESIAN_POINT ( 'NONE',  ( -9.922649730810379154, 0.2000000000000005107, 7.806828091810600334 ) ) ;
#1188 = DIRECTION ( 'NONE',  ( 1.836970198721029688E-16, -1.000000000000000000, -0.000000000000000000 ) ) ;
#1189 = DIRECTION ( 'NONE',  ( 0.7071067811865470176, 0.7071067811865481278, 0.000000000000000000 ) ) ;
#1190 = CARTESIAN_POINT ( 'NONE',  ( 9.435510854991003171, -3.799999999999996270, 1.925929944387235853E-31 ) ) ;
#1191 = CIRCLE ( 'NONE', #1969, 1.899999999999999689 ) ;
#1192 = ORIENTED_EDGE ( 'NONE', *, *, #7, .T. ) ;
#1193 = VERTEX_POINT ( 'NONE', #2242 ) ;
#1194 = LINE ( 'NONE', #228, #2259 ) ;
#1195 = VECTOR ( 'NONE', #518, 1000.000000000000000 ) ;
#1196 = EDGE_CURVE ( 'NONE', #692, #2256, #2016, .T. ) ;
#1197 = EDGE_CURVE ( 'NONE', #555, #994, #1098, .T. ) ;
#1198 = PERSON_AND_ORGANIZATION_ROLE ( 'design_owner' ) ;
#1199 = CARTESIAN_POINT ( 'NONE',  ( 10.48578643762689921, -5.799999999999995381, -5.000000000000000000 ) ) ;
#1200 = ORIENTED_EDGE ( 'NONE', *, *, #2689, .T. ) ;
#1201 = DIRECTION ( 'NONE',  ( 0.000000000000000000, -0.000000000000000000, 1.000000000000000000 ) ) ;
#1202 = DIRECTION ( 'NONE',  ( 1.836970198721029688E-16, -1.000000000000000000, -0.000000000000000000 ) ) ;
#1203 = CARTESIAN_POINT ( 'NONE',  ( -10.32264973081037773, 0.2000000000000004274, -5.000000000000000000 ) ) ;
#1204 = CARTESIAN_POINT ( 'NONE',  ( -13.07456703712661827, -5.299999999999995381, 3.900000000000000355 ) ) ;
#1205 = DIRECTION ( 'NONE',  ( 1.836970198721029688E-16, -1.000000000000000000, -0.000000000000000000 ) ) ;
#1206 = AXIS2_PLACEMENT_3D ( 'NONE', #2330, #269, #241 ) ;
#1207 = ORIENTED_EDGE ( 'NONE', *, *, #2756, .F. ) ;
#1208 = ORIENTED_EDGE ( 'NONE', *, *, #2345, .F. ) ;
#1209 = DIRECTION ( 'NONE',  ( -0.000000000000000000, 1.000000000000000000, -0.000000000000000000 ) ) ;
#1210 = VECTOR ( 'NONE', #211, 1000.000000000000000 ) ;
#1211 = ORIENTED_EDGE ( 'NONE', *, *, #43, .T. ) ;
#1212 = VECTOR ( 'NONE', #1000, 1000.000000000000000 ) ;
#1213 = CARTESIAN_POINT ( 'NONE',  ( -14.49721676793700098, 0.1999999999999996503, 3.399999999999996358 ) ) ;
#1214 = EDGE_CURVE ( 'NONE', #774, #1044, #1566, .T. ) ;
#1215 = ORIENTED_EDGE ( 'NONE', *, *, #2029, .T. ) ;
#1216 = ADVANCED_FACE ( 'NONE', ( #2570 ), #872, .T. ) ;
#1217 = CIRCLE ( 'NONE', #429, 0.8999999999999998002 ) ;
#1218 = ORIENTED_EDGE ( 'NONE', *, *, #1635, .T. ) ;
#1219 = CARTESIAN_POINT ( 'NONE',  ( -14.49721676793700098, 0.1999999999999996503, 2.000000000000000000 ) ) ;
#1220 = FACE_OUTER_BOUND ( 'NONE', #276, .T. ) ;
#1221 = AXIS2_PLACEMENT_3D ( 'NONE', #337, #2209, #2629 ) ;
#1222 = FACE_OUTER_BOUND ( 'NONE', #1742, .T. ) ;
#1223 = DIRECTION ( 'NONE',  ( -0.000000000000000000, -1.000000000000000000, -0.000000000000000000 ) ) ;
#1224 = DIRECTION ( 'NONE',  ( -1.000000000000000000, 0.000000000000000000, 0.000000000000000000 ) ) ;
#1225 = ORIENTED_EDGE ( 'NONE', *, *, #2251, .F. ) ;
#1226 = DIRECTION ( 'NONE',  ( -1.000000000000000000, -8.432683563776143187E-16, 0.000000000000000000 ) ) ;
#1227 = EDGE_LOOP ( 'NONE', ( #1547, #2299, #1324, #1607, #652, #849, #2483, #2614, #1007, #2293, #2545, #1218, #2467, #2731, #765, #2359, #426, #197, #1377, #1139, #1302, #294, #321, #737, #1578, #900, #2288, #455, #1283 ) ) ;
#1228 = DIRECTION ( 'NONE',  ( 0.000000000000000000, -1.000000000000000000, 0.000000000000000000 ) ) ;
#1229 = VERTEX_POINT ( 'NONE', #1674 ) ;
#1230 = VECTOR ( 'NONE', #2203, 1000.000000000000000 ) ;
#1231 = FACE_OUTER_BOUND ( 'NONE', #2896, .T. ) ;
#1232 = ADVANCED_FACE ( 'NONE', ( #1435 ), #931, .F. ) ;
#1233 = ORIENTED_EDGE ( 'NONE', *, *, #1639, .T. ) ;
#1234 = DIRECTION ( 'NONE',  ( -0.7071067811865474617, -0.7071067811865474617, 0.000000000000000000 ) ) ;
#1235 = CARTESIAN_POINT ( 'NONE',  ( 10.48578643762690099, -5.799999999999995381, -6.745402340387840034 ) ) ;
#1236 = EDGE_CURVE ( 'NONE', #2692, #2890, #2598, .T. ) ;
#1237 = ADVANCED_FACE ( 'NONE', ( #2129 ), #619, .T. ) ;
#1238 = FACE_OUTER_BOUND ( 'NONE', #1935, .T. ) ;
#1239 = DIRECTION ( 'NONE',  ( 0.000000000000000000, 0.000000000000000000, -1.000000000000000000 ) ) ;
#1240 = CIRCLE ( 'NONE', #1621, 1.399999999999996803 ) ;
#1241 = EDGE_LOOP ( 'NONE', ( #1339, #1125, #2071, #45 ) ) ;
#1242 = CARTESIAN_POINT ( 'NONE',  ( -10.82264973081037951, -0.3000000000000025424, -5.000000000000000000 ) ) ;
#1243 = VECTOR ( 'NONE', #1541, 1000.000000000000000 ) ;
#1244 = ORIENTED_EDGE ( 'NONE', *, *, #688, .T. ) ;
#1245 = VERTEX_POINT ( 'NONE', #2801 ) ;
#1246 = CIRCLE ( 'NONE', #1726, 0.9000000000000005773 ) ;
#1247 = AXIS2_PLACEMENT_3D ( 'NONE', #24, #10, #936 ) ;
#1248 = DIRECTION ( 'NONE',  ( -1.836970198721029441E-16, 1.000000000000000000, 0.000000000000000000 ) ) ;
#1249 = VERTEX_POINT ( 'NONE', #20 ) ;
#1250 = DIRECTION ( 'NONE',  ( -1.000000000000000000, -1.836970198721029441E-16, 0.000000000000000000 ) ) ;
#1251 = DIRECTION ( 'NONE',  ( -0.3511234415883912607, -6.450032982702389578E-17, 0.9363291775690446572 ) ) ;
#1252 = ORIENTED_EDGE ( 'NONE', *, *, #1675, .T. ) ;
#1253 = LINE ( 'NONE', #92, #1722 ) ;
#1254 = CARTESIAN_POINT ( 'NONE',  ( 16.53551085499100282, 0.2000000000000057288, 2.000000000000000000 ) ) ;
#1255 = EDGE_CURVE ( 'NONE', #489, #1719, #328, .T. ) ;
#1256 = EDGE_CURVE ( 'NONE', #2197, #2584, #2115, .T. ) ;
#1257 = EDGE_LOOP ( 'NONE', ( #171, #1471, #1876, #471 ) ) ;
#1258 = DIRECTION ( 'NONE',  ( -1.836970198721029441E-16, 1.000000000000000000, 0.000000000000000000 ) ) ;
#1259 = ORIENTED_EDGE ( 'NONE', *, *, #2269, .T. ) ;
#1260 = CARTESIAN_POINT ( 'NONE',  ( 12.08578643762690064, -0.2999999999999990452, -3.899999999999999911 ) ) ;
#1261 = ORIENTED_EDGE ( 'NONE', *, *, #1864, .F. ) ;
#1262 = CIRCLE ( 'NONE', #1689, 0.3999999999999966915 ) ;
#1263 = AXIS2_PLACEMENT_3D ( 'NONE', #655, #2775, #1442 ) ;
#1264 = DIRECTION ( 'NONE',  ( 0.000000000000000000, 0.000000000000000000, 1.000000000000000000 ) ) ;
#1265 = ORIENTED_EDGE ( 'NONE', *, *, #762, .T. ) ;
#1266 = CARTESIAN_POINT ( 'NONE',  ( 17.93551085499099784, 0.2000000000000055900, 2.000000000000000000 ) ) ;
#1267 = LINE ( 'NONE', #2023, #2594 ) ;
#1268 = VERTEX_POINT ( 'NONE', #2752 ) ;
#1269 = VECTOR ( 'NONE', #854, 999.9999999999998863 ) ;
#1270 = AXIS2_PLACEMENT_3D ( 'NONE', #1950, #1051, #2861 ) ;
#1271 = ORIENTED_EDGE ( 'NONE', *, *, #2435, .T. ) ;
#1272 = AXIS2_PLACEMENT_3D ( 'NONE', #2926, #1596, #2520 ) ;
#1273 = DIRECTION ( 'NONE',  ( 0.2482817665807102725, -0.7071067811865472397, 0.6620847108818946891 ) ) ;
#1274 = DIRECTION ( 'NONE',  ( 0.2745681609986653782, 5.043735292721858280E-17, 0.9615676393087545515 ) ) ;
#1275 = EDGE_CURVE ( 'NONE', #454, #2784, #487, .T. ) ;
#1276 = EDGE_CURVE ( 'NONE', #355, #574, #1176, .T. ) ;
#1277 = CARTESIAN_POINT ( 'NONE',  ( 12.33551085499100175, -3.799999999999995826, 1.925929944387235853E-31 ) ) ;
#1278 = CARTESIAN_POINT ( 'NONE',  ( 10.19561370202636574, 0.2000000000000041744, 7.130029396111342344 ) ) ;
#1279 = EDGE_CURVE ( 'NONE', #2930, #1751, #2069, .T. ) ;
#1280 = ORIENTED_EDGE ( 'NONE', *, *, #2566, .F. ) ;
#1281 = ORIENTED_EDGE ( 'NONE', *, *, #461, .T. ) ;
#1282 = DIRECTION ( 'NONE',  ( 0.000000000000000000, 0.000000000000000000, -1.000000000000000000 ) ) ;
#1283 = ORIENTED_EDGE ( 'NONE', *, *, #2931, .T. ) ;
#1284 = FACE_OUTER_BOUND ( 'NONE', #2262, .T. ) ;
#1285 = PLANE ( 'NONE',  #2862 ) ;
#1286 = ORIENTED_EDGE ( 'NONE', *, *, #1713, .T. ) ;
#1287 = LINE ( 'NONE', #2876, #871 ) ;
#1288 = DIRECTION ( 'NONE',  ( 0.000000000000000000, -1.000000000000000000, 0.000000000000000000 ) ) ;
#1289 = FACE_OUTER_BOUND ( 'NONE', #273, .T. ) ;
#1290 = DIRECTION ( 'NONE',  ( 1.000000000000000000, 1.836970198721029688E-16, 0.000000000000000000 ) ) ;
#1291 = VERTEX_POINT ( 'NONE', #1421 ) ;
#1292 = ORIENTED_EDGE ( 'NONE', *, *, #2103, .F. ) ;
#1293 = EDGE_CURVE ( 'NONE', #1444, #2914, #2271, .T. ) ;
#1294 = EDGE_CURVE ( 'NONE', #2183, #8, #666, .T. ) ;
#1295 = VECTOR ( 'NONE', #1445, 1000.000000000000000 ) ;
#1296 = CARTESIAN_POINT ( 'NONE',  ( -10.32264973081036175, 0.2000000000000004274, 5.000000000000000000 ) ) ;
#1297 = ORIENTED_EDGE ( 'NONE', *, *, #1975, .T. ) ;
#1298 = CARTESIAN_POINT ( 'NONE',  ( 10.48578643762689921, -5.799999999999995381, 5.000000000000000000 ) ) ;
#1299 = DIRECTION ( 'NONE',  ( -1.836970198721029688E-16, 1.000000000000000000, 0.000000000000000000 ) ) ;
#1300 = ORIENTED_EDGE ( 'NONE', *, *, #1881, .T. ) ;
#1301 = VECTOR ( 'NONE', #338, 1000.000000000000000 ) ;
#1302 = ORIENTED_EDGE ( 'NONE', *, *, #1634, .T. ) ;
#1303 = CARTESIAN_POINT ( 'NONE',  ( -10.32264973081036175, 0.2000000000000004274, 5.000000000000000000 ) ) ;
#1304 = CARTESIAN_POINT ( 'NONE',  ( -10.23866082823991874, -5.799999999999999822, 8.649524351622742913 ) ) ;
#1305 = CARTESIAN_POINT ( 'NONE',  ( -2.880211829158750181, 0.2000000000000022593, -10.44774230492995848 ) ) ;
#1306 = DIRECTION ( 'NONE',  ( -0.000000000000000000, -1.000000000000000000, -0.000000000000000000 ) ) ;
#1307 = ORIENTED_EDGE ( 'NONE', *, *, #1418, .F. ) ;
#1308 = ORIENTED_EDGE ( 'NONE', *, *, #1396, .F. ) ;
#1309 = CIRCLE ( 'NONE', #2701, 1.350000000000000089 ) ;
#1310 = ADVANCED_FACE ( 'NONE', ( #2535 ), #961, .F. ) ;
#1311 = DIRECTION ( 'NONE',  ( 0.000000000000000000, 0.7071067811865475727, -0.7071067811865474617 ) ) ;
#1312 = DIRECTION ( 'NONE',  ( 0.000000000000000000, 0.7071067811865474617, 0.7071067811865474617 ) ) ;
#1313 = FACE_OUTER_BOUND ( 'NONE', #1135, .T. ) ;
#1314 = EDGE_CURVE ( 'NONE', #122, #1766, #179, .T. ) ;
#1315 = CONICAL_SURFACE ( 'NONE', #825, 1.899999999999999689, 0.7853981633974489451 ) ;
#1316 = ORIENTED_EDGE ( 'NONE', *, *, #1214, .F. ) ;
#1317 = VECTOR ( 'NONE', #416, 1000.000000000000000 ) ;
#1318 = CARTESIAN_POINT ( 'NONE',  ( 12.08578643762690241, -5.299999999999990941, -3.900000000000000355 ) ) ;
#1319 = DIRECTION ( 'NONE',  ( 1.000000000000000000, 0.000000000000000000, -0.000000000000000000 ) ) ;
#1320 = LOCAL_TIME ( 11, 59, 16.00000000000000000, #2604 ) ;
#1321 = VECTOR ( 'NONE', #1002, 1000.000000000000000 ) ;
#1322 = PLANE ( 'NONE',  #2802 ) ;
#1323 = DIRECTION ( 'NONE',  ( -0.2482817665807091068, 0.7071067811865473507, -0.6620847108818949112 ) ) ;
#1324 = ORIENTED_EDGE ( 'NONE', *, *, #977, .T. ) ;
#1325 = PERSON_AND_ORGANIZATION ( #1079, #386 ) ;
#1326 = ORIENTED_EDGE ( 'NONE', *, *, #2868, .T. ) ;
#1327 = FACE_OUTER_BOUND ( 'NONE', #1415, .T. ) ;
#1328 = LINE ( 'NONE', #2009, #365 ) ;
#1329 = LINE ( 'NONE', #1816, #2014 ) ;
#1330 = ORIENTED_EDGE ( 'NONE', *, *, #2155, .T. ) ;
#1331 = ADVANCED_FACE ( 'NONE', ( #2581 ), #1389, .T. ) ;
#1332 = EDGE_LOOP ( 'NONE', ( #837, #278 ) ) ;
#1333 = DIRECTION ( 'NONE',  ( 0.000000000000000000, 0.000000000000000000, -1.000000000000000000 ) ) ;
#1334 = APPROVAL ( #2589, 'UNSPECIFIED' ) ;
#1335 = EDGE_CURVE ( 'NONE', #710, #137, #6, .T. ) ;
#1336 = DIRECTION ( 'NONE',  ( -1.836970198721029441E-16, 1.000000000000000000, 0.000000000000000000 ) ) ;
#1337 = LINE ( 'NONE', #650, #701 ) ;
#1338 = ORIENTED_EDGE ( 'NONE', *, *, #1572, .T. ) ;
#1339 = ORIENTED_EDGE ( 'NONE', *, *, #2526, .T. ) ;
#1340 = DIRECTION ( 'NONE',  ( 0.7071067811865475727, -0.7071067811865475727, -0.000000000000000000 ) ) ;
#1341 = DIRECTION ( 'NONE',  ( -1.000000000000000000, -1.836970198721029688E-16, 0.000000000000000000 ) ) ;
#1342 = VECTOR ( 'NONE', #1312, 1000.000000000000114 ) ;
#1343 = ORIENTED_EDGE ( 'NONE', *, *, #1364, .F. ) ;
#1344 = LINE ( 'NONE', #377, #850 ) ;
#1345 = CIRCLE ( 'NONE', #1729, 1.399999999999995026 ) ;
#1346 = ADVANCED_FACE ( 'NONE', ( #2552 ), #469, .F. ) ;
#1347 = DIRECTION ( 'NONE',  ( 1.000000000000000000, 1.495451272393799296E-16, 0.000000000000000000 ) ) ;
#1348 = CARTESIAN_POINT ( 'NONE',  ( -10.23866082823992052, -0.3000000000000025424, 8.649524351622742913 ) ) ;
#1349 = ORIENTED_EDGE ( 'NONE', *, *, #1773, .T. ) ;
#1350 = EDGE_LOOP ( 'NONE', ( #2181, #2524, #2644, #763 ) ) ;
#1351 = DIRECTION ( 'NONE',  ( 0.000000000000000000, 0.000000000000000000, 1.000000000000000000 ) ) ;
#1352 = DIRECTION ( 'NONE',  ( -0.9615676393087544405, -1.766371097464713951E-16, 0.2745681609986653782 ) ) ;
#1353 = EDGE_LOOP ( 'NONE', ( #2052, #2909, #2653, #956 ) ) ;
#1354 = PLANE ( 'NONE',  #141 ) ;
#1355 = FACE_OUTER_BOUND ( 'NONE', #1534, .T. ) ;
#1356 = AXIS2_PLACEMENT_3D ( 'NONE', #1643, #2358, #2815 ) ;
#1357 = VECTOR ( 'NONE', #2414, 1000.000000000000000 ) ;
#1358 = VECTOR ( 'NONE', #1624, 1000.000000000000000 ) ;
#1359 = AXIS2_PLACEMENT_3D ( 'NONE', #2076, #2109, #691 ) ;
#1360 = LINE ( 'NONE', #198, #50 ) ;
#1361 = CARTESIAN_POINT ( 'NONE',  ( -10.06309910744572100, -5.799999999999999822, -8.181359762838217975 ) ) ;
#1362 = VECTOR ( 'NONE', #1311, 1000.000000000000000 ) ;
#1363 = VECTOR ( 'NONE', #421, 1000.000000000000000 ) ;
#1364 = EDGE_CURVE ( 'NONE', #2006, #1229, #1743, .T. ) ;
#1365 = ORIENTED_EDGE ( 'NONE', *, *, #665, .T. ) ;
#1366 = ORIENTED_EDGE ( 'NONE', *, *, #1919, .T. ) ;
#1367 = AXIS2_PLACEMENT_3D ( 'NONE', #1305, #2223, #142 ) ;
#1368 = ADVANCED_FACE ( 'NONE', ( #290 ), #1011, .T. ) ;
#1369 = CARTESIAN_POINT ( 'NONE',  ( -10.82264973081037773, -5.299999999999995381, 6.535889741755010363 ) ) ;
#1370 = LINE ( 'NONE', #1167, #2277 ) ;
#1371 = VERTEX_POINT ( 'NONE', #2322 ) ;
#1372 = DIRECTION ( 'NONE',  ( 0.9363291775690446572, 1.720008795387306188E-16, -0.3511234415883913162 ) ) ;
#1373 = DIRECTION ( 'NONE',  ( -1.836970198721029441E-16, 1.000000000000000000, 0.000000000000000000 ) ) ;
#1374 = ORIENTED_EDGE ( 'NONE', *, *, #612, .F. ) ;
#1375 = DIRECTION ( 'NONE',  ( 1.000000000000000000, 1.836970198721029688E-16, 0.000000000000000000 ) ) ;
#1376 = LINE ( 'NONE', #2286, #2020 ) ;
#1377 = ORIENTED_EDGE ( 'NONE', *, *, #187, .T. ) ;
#1378 = ORIENTED_EDGE ( 'NONE', *, *, #2638, .T. ) ;
#1379 = DIRECTION ( 'NONE',  ( -1.836970198721029441E-16, 1.000000000000000000, 0.000000000000000000 ) ) ;
#1380 = CARTESIAN_POINT ( 'NONE',  ( 18.43551085499100139, -0.2999999999999973244, 2.000000000000000000 ) ) ;
#1381 = ADVANCED_FACE ( 'NONE', ( #2279 ), #15, .T. ) ;
#1382 = DIRECTION ( 'NONE',  ( 0.000000000000000000, -0.000000000000000000, 1.000000000000000000 ) ) ;
#1383 = EDGE_CURVE ( 'NONE', #1168, #2316, #768, .T. ) ;
#1384 = ORIENTED_EDGE ( 'NONE', *, *, #2017, .F. ) ;
#1385 = CARTESIAN_POINT ( 'NONE',  ( -16.39721676793699956, -0.3000000000000033751, 2.000000000000000000 ) ) ;
#1386 = PLANE ( 'NONE',  #789 ) ;
#1387 = LINE ( 'NONE', #1872, #661 ) ;
#1388 = LINE ( 'NONE', #1584, #1363 ) ;
#1389 = CYLINDRICAL_SURFACE ( 'NONE', #44, 0.9000000000000014655 ) ;
#1390 = ORIENTED_EDGE ( 'NONE', *, *, #762, .F. ) ;
#1391 = ORIENTED_EDGE ( 'NONE', *, *, #2087, .T. ) ;
#1392 = ORIENTED_EDGE ( 'NONE', *, *, #203, .F. ) ;
#1393 = DIRECTION ( 'NONE',  ( 0.000000000000000000, 0.000000000000000000, -1.000000000000000000 ) ) ;
#1394 = LINE ( 'NONE', #2336, #672 ) ;
#1395 = FACE_OUTER_BOUND ( 'NONE', #1814, .T. ) ;
#1396 = EDGE_CURVE ( 'NONE', #1910, #1100, #2941, .T. ) ;
#1397 = ADVANCED_FACE ( 'NONE', ( #2053 ), #729, .F. ) ;
#1398 = ORIENTED_EDGE ( 'NONE', *, *, #425, .T. ) ;
#1399 = CARTESIAN_POINT ( 'NONE',  ( -16.39721676793699956, -5.299999999999996270, -2.000000000000000000 ) ) ;
#1400 = DIRECTION ( 'NONE',  ( -1.298934084353240052E-16, 0.7071067811865475727, 0.7071067811865475727 ) ) ;
#1401 = EDGE_CURVE ( 'NONE', #2833, #2930, #1885, .T. ) ;
#1402 = DIRECTION ( 'NONE',  ( 0.000000000000000000, 0.000000000000000000, 1.000000000000000000 ) ) ;
#1403 = AXIS2_PLACEMENT_3D ( 'NONE', #957, #2065, #449 ) ;
#1404 = PLANE ( 'NONE',  #1206 ) ;
#1405 = PLANE ( 'NONE',  #1943 ) ;
#1406 = CARTESIAN_POINT ( 'NONE',  ( -10.39721676793699601, -3.799999999999999378, -7.703719777548943412E-31 ) ) ;
#1407 = VECTOR ( 'NONE', #1014, 1000.000000000000114 ) ;
#1408 = ORIENTED_EDGE ( 'NONE', *, *, #407, .F. ) ;
#1409 = ORIENTED_EDGE ( 'NONE', *, *, #2362, .T. ) ;
#1410 = CARTESIAN_POINT ( 'NONE',  ( -2.880211829158753734, -5.799999999999998934, 10.44774230492995848 ) ) ;
#1411 = VECTOR ( 'NONE', #307, 999.9999999999998863 ) ;
#1412 = CIRCLE ( 'NONE', #1750, 2.899999999999999023 ) ;
#1413 = FACE_OUTER_BOUND ( 'NONE', #1031, .T. ) ;
#1414 = FACE_OUTER_BOUND ( 'NONE', #1587, .T. ) ;
#1415 = EDGE_LOOP ( 'NONE', ( #2496, #2853, #2243, #145 ) ) ;
#1416 = DIRECTION ( 'NONE',  ( 0.000000000000000000, -1.000000000000000000, 0.000000000000000000 ) ) ;
#1417 = DIRECTION ( 'NONE',  ( 0.000000000000000000, 0.000000000000000000, 1.000000000000000000 ) ) ;
#1418 = EDGE_CURVE ( 'NONE', #1845, #247, #1931, .T. ) ;
#1419 = CARTESIAN_POINT ( 'NONE',  ( 9.435510854991003171, -3.799999999999996270, 1.925929944387235853E-31 ) ) ;
#1420 = CARTESIAN_POINT ( 'NONE',  ( 18.43551085499100139, -5.799999999999994493, 2.000000000000000000 ) ) ;
#1421 = CARTESIAN_POINT ( 'NONE',  ( 12.33551085499100175, -5.799999999999995381, 1.925929944387235853E-31 ) ) ;
#1422 = EDGE_CURVE ( 'NONE', #1549, #798, #31, .T. ) ;
#1423 = ADVANCED_FACE ( 'NONE', ( #2079 ), #2993, .T. ) ;
#1424 = ORIENTED_EDGE ( 'NONE', *, *, #2195, .T. ) ;
#1425 = ORIENTED_EDGE ( 'NONE', *, *, #684, .F. ) ;
#1426 = LINE ( 'NONE', #719, #2728 ) ;
#1427 = MECHANICAL_CONTEXT ( 'NONE', #1488, 'mechanical' ) ;
#1428 = CARTESIAN_POINT ( 'NONE',  ( -10.23866082823991697, -5.299999999999995381, -8.649524351622744689 ) ) ;
#1429 = ORIENTED_EDGE ( 'NONE', *, *, #1634, .F. ) ;
#1430 = ORIENTED_EDGE ( 'NONE', *, *, #2913, .F. ) ;
#1431 = CARTESIAN_POINT ( 'NONE',  ( 10.98578643762690277, -5.299999999999990941, 6.535889741755010363 ) ) ;
#1432 = FACE_OUTER_BOUND ( 'NONE', #297, .T. ) ;
#1433 = DIRECTION ( 'NONE',  ( -1.836970198721029441E-16, 1.000000000000000000, 0.000000000000000000 ) ) ;
#1434 = CARTESIAN_POINT ( 'NONE',  ( -16.39721676793699956, -0.3000000000000052625, -2.000000000000000000 ) ) ;
#1435 = FACE_OUTER_BOUND ( 'NONE', #755, .T. ) ;
#1436 = ADVANCED_FACE ( 'NONE', ( #2976 ), #2577, .F. ) ;
#1437 = VERTEX_POINT ( 'NONE', #1399 ) ;
#1438 = EDGE_CURVE ( 'NONE', #686, #1089, #1453, .T. ) ;
#1439 = ORIENTED_EDGE ( 'NONE', *, *, #2455, .T. ) ;
#1440 = DIRECTION ( 'NONE',  ( -1.836970198721029441E-16, 1.000000000000000000, 0.000000000000000000 ) ) ;
#1441 = EDGE_LOOP ( 'NONE', ( #405, #183, #1622, #1429 ) ) ;
#1442 = DIRECTION ( 'NONE',  ( 1.000000000000000000, 1.495451272393799789E-16, 0.000000000000000000 ) ) ;
#1443 = ORIENTED_EDGE ( 'NONE', *, *, #393, .T. ) ;
#1444 = VERTEX_POINT ( 'NONE', #2792 ) ;
#1445 = DIRECTION ( 'NONE',  ( 0.000000000000000000, 0.7071067811865480168, 0.7071067811865470176 ) ) ;
#1446 = CARTESIAN_POINT ( 'NONE',  ( -14.49721676793699920, -5.800000000000000711, -2.000000000000000000 ) ) ;
#1447 = DIRECTION ( 'NONE',  ( -0.000000000000000000, -1.000000000000000000, -0.000000000000000000 ) ) ;
#1448 = CARTESIAN_POINT ( 'NONE',  ( 10.08578643762690241, -5.799999999999996270, 6.745402340387840034 ) ) ;
#1449 = CARTESIAN_POINT ( 'NONE',  ( 10.08578643762690241, -5.299999999999990941, -6.745402340387840034 ) ) ;
#1450 = ORIENTED_EDGE ( 'NONE', *, *, #1953, .T. ) ;
#1451 = DIRECTION ( 'NONE',  ( -1.836970198721029688E-16, 1.000000000000000000, 0.000000000000000000 ) ) ;
#1452 = PRODUCT_DEFINITION_SHAPE ( 'NONE', 'NONE',  #2399 ) ;
#1453 = CIRCLE ( 'NONE', #280, 1.100000000000000311 ) ;
#1454 = AXIS2_PLACEMENT_3D ( 'NONE', #1187, #2747, #927 ) ;
#1455 = VECTOR ( 'NONE', #343, 1000.000000000000000 ) ;
#1456 = ADVANCED_FACE ( 'NONE', ( #1654 ), #1354, .F. ) ;
#1457 = ORIENTED_EDGE ( 'NONE', *, *, #1975, .F. ) ;
#1458 = AXIS2_PLACEMENT_3D ( 'NONE', #1137, #1202, #2593 ) ;
#1459 = CARTESIAN_POINT ( 'NONE',  ( -11.92264973081037738, -5.299999999999995381, -5.000000000000000000 ) ) ;
#1460 = EDGE_CURVE ( 'NONE', #1100, #342, #2515, .T. ) ;
#1461 = CC_DESIGN_APPROVAL ( #2347, ( #2399 ) ) ;
#1462 = DIRECTION ( 'NONE',  ( -0.7071067811865467956, 0.7071067811865483499, 0.000000000000000000 ) ) ;
#1463 = ORIENTED_EDGE ( 'NONE', *, *, #333, .F. ) ;
#1464 = DIRECTION ( 'NONE',  ( 0.000000000000000000, 1.000000000000000000, 0.000000000000000000 ) ) ;
#1465 = DIRECTION ( 'NONE',  ( 1.000000000000000000, 2.990902544787599578E-16, 0.000000000000000000 ) ) ;
#1466 = VECTOR ( 'NONE', #1707, 1000.000000000000000 ) ;
#1467 = DIRECTION ( 'NONE',  ( -1.000000000000000000, -8.834239923955961690E-16, 0.000000000000000000 ) ) ;
#1468 = CARTESIAN_POINT ( 'NONE',  ( 16.53551085499100282, -5.299999999999990052, -2.000000000000000000 ) ) ;
#1469 = ORIENTED_EDGE ( 'NONE', *, *, #1179, .T. ) ;
#1470 = DIRECTION ( 'NONE',  ( 1.836970198721029688E-16, -1.000000000000000000, -0.000000000000000000 ) ) ;
#1471 = ORIENTED_EDGE ( 'NONE', *, *, #613, .T. ) ;
#1472 = APPROVAL_DATE_TIME ( #539, #1334 ) ;
#1473 = EDGE_LOOP ( 'NONE', ( #1128, #2139, #2489, #2918 ) ) ;
#1474 = EDGE_CURVE ( 'NONE', #347, #1437, #2942, .T. ) ;
#1475 = DIRECTION ( 'NONE',  ( 0.000000000000000000, 0.7071067811865472397, -0.7071067811865479058 ) ) ;
#1476 = ORIENTED_EDGE ( 'NONE', *, *, #1572, .F. ) ;
#1477 = CARTESIAN_POINT ( 'NONE',  ( -14.49721676793699920, -5.299999999999996270, 3.899999999999997691 ) ) ;
#1478 = DIRECTION ( 'NONE',  ( -1.836970198721029441E-16, 1.000000000000000000, 0.000000000000000000 ) ) ;
#1479 = ADVANCED_FACE ( 'NONE', ( #906 ), #1832, .T. ) ;
#1480 = PLANE ( 'NONE',  #2559 ) ;
#1481 = PLANE ( 'NONE',  #189 ) ;
#1482 = CIRCLE ( 'NONE', #2924, 0.3999999999999949707 ) ;
#1483 = FACE_OUTER_BOUND ( 'NONE', #2875, .T. ) ;
#1484 = DIRECTION ( 'NONE',  ( 0.1941490085400717214, -0.7071067811865479058, 0.6799309983247613376 ) ) ;
#1485 = VECTOR ( 'NONE', #571, 1000.000000000000000 ) ;
#1486 = VERTEX_POINT ( 'NONE', #1385 ) ;
#1487 = CARTESIAN_POINT ( 'NONE',  ( 10.98578643762690277, -0.3000000000000005440, -6.745402340387840034 ) ) ;
#1488 = APPLICATION_CONTEXT ( 'configuration controlled 3d designs of mechanical parts and assemblies' ) ;
#1489 = CARTESIAN_POINT ( 'NONE',  ( -9.922649730810377378, -5.799999999999999822, -7.806828091810600334 ) ) ;
#1490 = ORIENTED_EDGE ( 'NONE', *, *, #2705, .T. ) ;
#1491 = DIRECTION ( 'NONE',  ( 0.000000000000000000, 0.7071067811865479058, -0.7071067811865472397 ) ) ;
#1492 = DIRECTION ( 'NONE',  ( 0.000000000000000000, -1.000000000000000000, 0.000000000000000000 ) ) ;
#1493 = ORIENTED_EDGE ( 'NONE', *, *, #800, .F. ) ;
#1494 = EDGE_CURVE ( 'NONE', #1751, #2823, #2763, .T. ) ;
#1495 = EDGE_CURVE ( 'NONE', #2006, #786, #1623, .T. ) ;
#1496 = ORIENTED_EDGE ( 'NONE', *, *, #541, .T. ) ;
#1497 = DIRECTION ( 'NONE',  ( -1.000000000000000000, -1.836970198721029688E-16, 0.000000000000000000 ) ) ;
#1498 = DIRECTION ( 'NONE',  ( -1.836970198721029441E-16, 1.000000000000000000, 0.000000000000000000 ) ) ;
#1499 = ADVANCED_FACE ( 'NONE', ( #1222 ), #2568, .T. ) ;
#1500 = ORIENTED_EDGE ( 'NONE', *, *, #374, .T. ) ;
#1501 = LINE ( 'NONE', #1024, #2693 ) ;
#1502 = ORIENTED_EDGE ( 'NONE', *, *, #500, .F. ) ;
#1503 = APPROVAL_ROLE ( '' ) ;
#1504 = ORIENTED_EDGE ( 'NONE', *, *, #43, .F. ) ;
#1505 = AXIS2_PLACEMENT_3D ( 'NONE', #2745, #678, #221 ) ;
#1506 = AXIS2_PLACEMENT_3D ( 'NONE', #1771, #143, #2266 ) ;
#1507 = VECTOR ( 'NONE', #1402, 1000.000000000000000 ) ;
#1508 = CARTESIAN_POINT ( 'NONE',  ( -13.07456703712662005, -0.3000000000000033751, -3.900000000000000355 ) ) ;
#1509 = ORIENTED_EDGE ( 'NONE', *, *, #1118, .T. ) ;
#1510 = LINE ( 'NONE', #442, #2972 ) ;
#1511 = CARTESIAN_POINT ( 'NONE',  ( -15.89721676793699423, -5.800000000000000711, -2.000000000000000000 ) ) ;
#1512 = AXIS2_PLACEMENT_3D ( 'NONE', #1524, #851, #2919 ) ;
#1513 = CIRCLE ( 'NONE', #2571, 1.350000000000000311 ) ;
#1514 = ORIENTED_EDGE ( 'NONE', *, *, #2400, .F. ) ;
#1515 = VECTOR ( 'NONE', #2176, 1000.000000000000114 ) ;
#1516 = DIRECTION ( 'NONE',  ( -0.9363291775690446572, -1.720008795387306435E-16, 0.3511234415883912607 ) ) ;
#1517 = FACE_OUTER_BOUND ( 'NONE', #590, .T. ) ;
#1518 = ADVANCED_FACE ( 'NONE', ( #2596 ), #1672, .T. ) ;
#1519 = LINE ( 'NONE', #97, #676 ) ;
#1520 = LINE ( 'NONE', #832, #1301 ) ;
#1521 = ADVANCED_FACE ( 'NONE', ( #991 ), #911, .F. ) ;
#1522 = ORIENTED_EDGE ( 'NONE', *, *, #2178, .T. ) ;
#1523 = ORIENTED_EDGE ( 'NONE', *, *, #1694, .F. ) ;
#1524 = CARTESIAN_POINT ( 'NONE',  ( 2.577350269189626619, -5.299999999999996270, 0.000000000000000000 ) ) ;
#1525 = EDGE_LOOP ( 'NONE', ( #206, #1667, #2375, #2346 ) ) ;
#1526 = LINE ( 'NONE', #838, #2355 ) ;
#1527 = DIRECTION ( 'NONE',  ( 0.9363291775690446572, 1.720008795387306435E-16, 0.3511234415883912607 ) ) ;
#1528 = ORIENTED_EDGE ( 'NONE', *, *, #313, .F. ) ;
#1529 = CARTESIAN_POINT ( 'NONE',  ( -2.880211829158750181, 0.2000000000000017597, -10.44774230492995848 ) ) ;
#1530 = FACE_OUTER_BOUND ( 'NONE', #1678, .T. ) ;
#1531 = VECTOR ( 'NONE', #2461, 1000.000000000000000 ) ;
#1532 = DIRECTION ( 'NONE',  ( -0.000000000000000000, 1.000000000000000000, -0.000000000000000000 ) ) ;
#1533 = CARTESIAN_POINT ( 'NONE',  ( 10.98578643762690277, -5.799999999999996270, 6.535889741755010363 ) ) ;
#1534 = EDGE_LOOP ( 'NONE', ( #888, #1613, #361, #2554 ) ) ;
#1535 = EDGE_CURVE ( 'NONE', #685, #2058, #485, .T. ) ;
#1536 = ADVANCED_FACE ( 'NONE', ( #2100 ), #88, .T. ) ;
#1537 = ORIENTED_EDGE ( 'NONE', *, *, #1418, .T. ) ;
#1538 = VERTEX_POINT ( 'NONE', #1203 ) ;
#1539 = DIRECTION ( 'NONE',  ( -1.836970198721029441E-16, 1.000000000000000000, 0.000000000000000000 ) ) ;
#1540 = LINE ( 'NONE', #670, #947 ) ;
#1541 = DIRECTION ( 'NONE',  ( -0.9363291775690446572, -1.720008795387306188E-16, 0.3511234415883913162 ) ) ;
#1542 = ORIENTED_EDGE ( 'NONE', *, *, #461, .F. ) ;
#1543 = DIRECTION ( 'NONE',  ( -1.000000000000000000, -1.836970198721029688E-16, 0.000000000000000000 ) ) ;
#1544 = DIRECTION ( 'NONE',  ( -1.836970198721029441E-16, 1.000000000000000000, 0.000000000000000000 ) ) ;
#1545 = FACE_OUTER_BOUND ( 'NONE', #1859, .T. ) ;
#1546 = DIRECTION ( 'NONE',  ( -1.836970198721029441E-16, 1.000000000000000000, 0.000000000000000000 ) ) ;
#1547 = ORIENTED_EDGE ( 'NONE', *, *, #891, .T. ) ;
#1548 = PERSON_AND_ORGANIZATION ( #1079, #386 ) ;
#1549 = VERTEX_POINT ( 'NONE', #2127 ) ;
#1550 = AXIS2_PLACEMENT_3D ( 'NONE', #480, #1416, #2546 ) ;
#1551 = AXIS2_PLACEMENT_3D ( 'NONE', #733, #1188, #714 ) ;
#1552 = CARTESIAN_POINT ( 'NONE',  ( -11.92264973081035961, -5.799999999999999822, 5.000000000000000000 ) ) ;
#1553 = PLANE ( 'NONE',  #648 ) ;
#1554 = EDGE_CURVE ( 'NONE', #2256, #2316, #1387, .T. ) ;
#1555 = LINE ( 'NONE', #602, #1243 ) ;
#1556 = EDGE_LOOP ( 'NONE', ( #2646, #1476, #1504, #1102 ) ) ;
#1557 = EDGE_CURVE ( 'NONE', #227, #1964, #230, .T. ) ;
#1558 = VECTOR ( 'NONE', #2940, 1000.000000000000000 ) ;
#1559 = VECTOR ( 'NONE', #1944, 1000.000000000000000 ) ;
#1560 = VERTEX_POINT ( 'NONE', #2766 ) ;
#1561 = AXIS2_PLACEMENT_3D ( 'NONE', #2124, #694, #1417 ) ;
#1562 = AXIS2_PLACEMENT_3D ( 'NONE', #641, #2215, #132 ) ;
#1563 = DIRECTION ( 'NONE',  ( -0.000000000000000000, 1.000000000000000000, -0.000000000000000000 ) ) ;
#1564 = CONICAL_SURFACE ( 'NONE', #1843, 1.099999999999995870, 0.7853981633974476129 ) ;
#1565 = CARTESIAN_POINT ( 'NONE',  ( -4.922649730810379154, -5.299999999999998046, 1.350000000000000089 ) ) ;
#1566 = LINE ( 'NONE', #169, #1937 ) ;
#1567 = ORIENTED_EDGE ( 'NONE', *, *, #1214, .T. ) ;
#1568 = ORIENTED_EDGE ( 'NONE', *, *, #339, .T. ) ;
#1569 = DIRECTION ( 'NONE',  ( 0.000000000000000000, -1.000000000000000000, 0.000000000000000000 ) ) ;
#1570 = FACE_OUTER_BOUND ( 'NONE', #2664, .T. ) ;
#1571 = ADVANCED_FACE ( 'NONE', ( #2312 ), #497, .T. ) ;
#1572 = EDGE_CURVE ( 'NONE', #2134, #428, #473, .T. ) ;
#1573 = ORIENTED_EDGE ( 'NONE', *, *, #2062, .F. ) ;
#1574 = CARTESIAN_POINT ( 'NONE',  ( -16.39721676793699956, -0.3000000000000051514, -2.000000000000000000 ) ) ;
#1575 = CARTESIAN_POINT ( 'NONE',  ( 10.08578643762690241, -5.299999999999990941, -6.745402340387840034 ) ) ;
#1576 = DIRECTION ( 'NONE',  ( 1.836970198721029688E-16, -1.000000000000000000, -0.000000000000000000 ) ) ;
#1577 = ORIENTED_EDGE ( 'NONE', *, *, #2773, .T. ) ;
#1578 = ORIENTED_EDGE ( 'NONE', *, *, #1256, .T. ) ;
#1579 = DIRECTION ( 'NONE',  ( 0.000000000000000000, 0.000000000000000000, 1.000000000000000000 ) ) ;
#1580 = CARTESIAN_POINT ( 'NONE',  ( -2.770384564759292179, -5.799999999999998046, -10.83236936065345901 ) ) ;
#1581 = ORIENTED_EDGE ( 'NONE', *, *, #709, .T. ) ;
#1582 = DIRECTION ( 'NONE',  ( -1.000000000000000000, 0.000000000000000000, 0.000000000000000000 ) ) ;
#1583 = ADVANCED_FACE ( 'NONE', ( #2781, #1157, #2084, #467 ), #929, .F. ) ;
#1584 = CARTESIAN_POINT ( 'NONE',  ( -11.92264973081037738, -5.799999999999999822, 3.900000000000000355 ) ) ;
#1585 = LINE ( 'NONE', #874, #2468 ) ;
#1586 = ORIENTED_EDGE ( 'NONE', *, *, #1677, .F. ) ;
#1587 = EDGE_LOOP ( 'NONE', ( #1875, #1208, #292, #1010 ) ) ;
#1588 = DIRECTION ( 'NONE',  ( -1.836970198721029441E-16, 1.000000000000000000, 0.000000000000000000 ) ) ;
#1589 = CARTESIAN_POINT ( 'NONE',  ( -11.92264973081035961, -5.299999999999995381, 5.000000000000000000 ) ) ;
#1590 = VECTOR ( 'NONE', #2207, 1000.000000000000114 ) ;
#1591 = EDGE_LOOP ( 'NONE', ( #2970, #395, #72, #1802 ) ) ;
#1592 = DIRECTION ( 'NONE',  ( 1.000000000000000000, 1.836970198721029688E-16, 0.000000000000000000 ) ) ;
#1593 = LINE ( 'NONE', #604, #2966 ) ;
#1594 = AXIS2_PLACEMENT_3D ( 'NONE', #2111, #195, #1608 ) ;
#1595 = CIRCLE ( 'NONE', #285, 0.3999999999999949707 ) ;
#1596 = DIRECTION ( 'NONE',  ( -0.7071067811865475727, -0.7071067811865475727, -0.000000000000000000 ) ) ;
#1597 = CARTESIAN_POINT ( 'NONE',  ( 10.19561370202636574, 0.2000000000000041744, 7.130029396111342344 ) ) ;
#1598 = AXIS2_PLACEMENT_3D ( 'NONE', #1552, #1539, #2457 ) ;
#1599 = EDGE_CURVE ( 'NONE', #2059, #824, #1640, .T. ) ;
#1600 = ORIENTED_EDGE ( 'NONE', *, *, #2873, .T. ) ;
#1601 = EDGE_CURVE ( 'NONE', #342, #2197, #816, .T. ) ;
#1602 = ORIENTED_EDGE ( 'NONE', *, *, #1879, .T. ) ;
#1603 = DIRECTION ( 'NONE',  ( -1.000000000000000000, 0.000000000000000000, 0.000000000000000000 ) ) ;
#1604 = CIRCLE ( 'NONE', #535, 1.899999999999997691 ) ;
#1605 = CARTESIAN_POINT ( 'NONE',  ( 16.53551085499100282, -5.799999999999994493, -3.399999999999996803 ) ) ;
#1606 = CARTESIAN_POINT ( 'NONE',  ( -2.880211829158754622, 0.2000000000000022593, 10.44774230492995848 ) ) ;
#1607 = ORIENTED_EDGE ( 'NONE', *, *, #1677, .T. ) ;
#1608 = DIRECTION ( 'NONE',  ( 0.000000000000000000, 0.000000000000000000, 1.000000000000000000 ) ) ;
#1609 = DIRECTION ( 'NONE',  ( 1.836970198721029688E-16, -1.000000000000000000, 0.000000000000000000 ) ) ;
#1610 = DIRECTION ( 'NONE',  ( 1.000000000000000000, 1.836970198721029688E-16, 0.000000000000000000 ) ) ;
#1611 = CARTESIAN_POINT ( 'NONE',  ( 12.94972441736410218, -5.299999999999990941, -3.900000000000000355 ) ) ;
#1612 = DIRECTION ( 'NONE',  ( -1.836970198721029441E-16, 1.000000000000000000, 0.000000000000000000 ) ) ;
#1613 = ORIENTED_EDGE ( 'NONE', *, *, #1383, .F. ) ;
#1614 = EDGE_LOOP ( 'NONE', ( #2816, #2757, #2211, #1902, #2443 ) ) ;
#1615 = EDGE_LOOP ( 'NONE', ( #2216, #2716, #2446, #2963 ) ) ;
#1616 = DIRECTION ( 'NONE',  ( 1.836970198721029688E-16, -1.000000000000000000, -0.000000000000000000 ) ) ;
#1617 = ADVANCED_FACE ( 'NONE', ( #2342 ), #1404, .T. ) ;
#1618 = EDGE_CURVE ( 'NONE', #2631, #686, #2113, .T. ) ;
#1619 = LINE ( 'NONE', #458, #2797 ) ;
#1620 = LINE ( 'NONE', #234, #2513 ) ;
#1621 = AXIS2_PLACEMENT_3D ( 'NONE', #2480, #406, #2263 ) ;
#1622 = ORIENTED_EDGE ( 'NONE', *, *, #909, .F. ) ;
#1623 = LINE ( 'NONE', #712, #573 ) ;
#1624 = DIRECTION ( 'NONE',  ( 1.000000000000000000, 1.836970198721029688E-16, 0.000000000000000000 ) ) ;
#1625 = FACE_OUTER_BOUND ( 'NONE', #634, .T. ) ;
#1626 = CARTESIAN_POINT ( 'NONE',  ( -2.880211829158748849, -5.799999999999998046, -10.44774230492995848 ) ) ;
#1627 = DIRECTION ( 'NONE',  ( 1.000000000000000000, 1.836970198721029441E-16, 0.000000000000000000 ) ) ;
#1628 = CARTESIAN_POINT ( 'NONE',  ( 2.577350269189626619, -5.799999999999997158, 0.000000000000000000 ) ) ;
#1629 = EDGE_LOOP ( 'NONE', ( #2360, #869, #617, #147 ) ) ;
#1630 = ORIENTED_EDGE ( 'NONE', *, *, #2265, .T. ) ;
#1631 = LINE ( 'NONE', #2786, #1195 ) ;
#1632 = DIRECTION ( 'NONE',  ( 0.000000000000000000, -1.000000000000000000, 0.000000000000000000 ) ) ;
#1633 = DIRECTION ( 'NONE',  ( -0.000000000000000000, 1.000000000000000000, -0.000000000000000000 ) ) ;
#1634 = EDGE_CURVE ( 'NONE', #2623, #1910, #1887, .T. ) ;
#1635 = EDGE_CURVE ( 'NONE', #348, #1549, #1932, .T. ) ;
#1636 = ORIENTED_EDGE ( 'NONE', *, *, #116, .F. ) ;
#1637 = DIRECTION ( 'NONE',  ( 0.7071067811865474617, 0.7071067811865474617, 0.000000000000000000 ) ) ;
#1638 = CARTESIAN_POINT ( 'NONE',  ( -4.922649730810380042, -0.3000000000000025424, -1.350000000000000089 ) ) ;
#1639 = EDGE_CURVE ( 'NONE', #2591, #209, #2891, .T. ) ;
#1640 = CIRCLE ( 'NONE', #1551, 1.399999999999995026 ) ;
#1641 = DIRECTION ( 'NONE',  ( 1.836970198721029688E-16, -1.000000000000000000, -0.000000000000000000 ) ) ;
#1642 = CARTESIAN_POINT ( 'NONE',  ( -15.89721676793699423, 0.1999999999999993727, 2.000000000000000000 ) ) ;
#1643 = CARTESIAN_POINT ( 'NONE',  ( -9.922649730810379154, -0.3000000000000033751, -7.806828091810600334 ) ) ;
#1644 = AXIS2_PLACEMENT_3D ( 'NONE', #2549, #1714, #1701 ) ;
#1645 = ORIENTED_EDGE ( 'NONE', *, *, #1134, .F. ) ;
#1646 = AXIS2_PLACEMENT_3D ( 'NONE', #642, #2960, #191 ) ;
#1647 = ORIENTED_EDGE ( 'NONE', *, *, #155, .T. ) ;
#1648 = DIRECTION ( 'NONE',  ( -1.000000000000000000, 0.000000000000000000, 0.000000000000000000 ) ) ;
#1649 = VECTOR ( 'NONE', #1544, 1000.000000000000000 ) ;
#1650 = CIRCLE ( 'NONE', #2043, 1.599999999999998979 ) ;
#1651 = DIRECTION ( 'NONE',  ( -1.000000000000000000, -1.904679492204260002E-16, 0.000000000000000000 ) ) ;
#1652 = DIRECTION ( 'NONE',  ( 0.000000000000000000, -1.000000000000000000, 0.000000000000000000 ) ) ;
#1653 = VERTEX_POINT ( 'NONE', #778 ) ;
#1654 = FACE_OUTER_BOUND ( 'NONE', #85, .T. ) ;
#1655 = CARTESIAN_POINT ( 'NONE',  ( 12.08578643762690064, 0.2000000000000045353, -5.000000000000000000 ) ) ;
#1656 = EDGE_CURVE ( 'NONE', #2576, #1268, #1287, .T. ) ;
#1657 = EDGE_CURVE ( 'NONE', #1690, #1059, #123, .T. ) ;
#1658 = DIRECTION ( 'NONE',  ( 0.000000000000000000, 0.000000000000000000, -1.000000000000000000 ) ) ;
#1659 = DIRECTION ( 'NONE',  ( -1.000000000000000000, 0.000000000000000000, 0.000000000000000000 ) ) ;
#1660 = DIRECTION ( 'NONE',  ( 0.000000000000000000, 0.000000000000000000, 1.000000000000000000 ) ) ;
#1661 = ORIENTED_EDGE ( 'NONE', *, *, #1656, .F. ) ;
#1662 = EDGE_LOOP ( 'NONE', ( #1490, #683, #90, #1897 ) ) ;
#1663 = CARTESIAN_POINT ( 'NONE',  ( -10.06309910744572456, 0.2000000000000004829, 8.181359762838217975 ) ) ;
#1664 = ORIENTED_EDGE ( 'NONE', *, *, #1618, .F. ) ;
#1665 = CALENDAR_DATE ( 2025, 5, 12 ) ;
#1666 = CARTESIAN_POINT ( 'NONE',  ( -11.92264973081037738, -5.799999999999999822, -5.000000000000000000 ) ) ;
#1667 = ORIENTED_EDGE ( 'NONE', *, *, #1422, .F. ) ;
#1668 = EDGE_LOOP ( 'NONE', ( #1577, #1116, #908, #561 ) ) ;
#1669 = CARTESIAN_POINT ( 'NONE',  ( 16.53551085499100282, -5.799999999999994493, 3.399999999999996358 ) ) ;
#1670 = DIRECTION ( 'NONE',  ( 0.000000000000000000, -1.000000000000000000, 0.000000000000000000 ) ) ;
#1671 = VECTOR ( 'NONE', #2501, 1000.000000000000000 ) ;
#1672 = PLANE ( 'NONE',  #1830 ) ;
#1673 = FACE_OUTER_BOUND ( 'NONE', #1080, .T. ) ;
#1674 = CARTESIAN_POINT ( 'NONE',  ( 12.08578643762690241, -5.799999999999995381, -3.399999999999995914 ) ) ;
#1675 = EDGE_CURVE ( 'NONE', #1954, #1926, #1687, .T. ) ;
#1676 = VECTOR ( 'NONE', #2430, 999.9999999999998863 ) ;
#1677 = EDGE_CURVE ( 'NONE', #603, #341, #562, .T. ) ;
#1678 = EDGE_LOOP ( 'NONE', ( #2190, #981, #129, #1200 ) ) ;
#1679 = CARTESIAN_POINT ( 'NONE',  ( -14.49721676793700098, 0.1999999999999996503, 2.000000000000000000 ) ) ;
#1680 = AXIS2_PLACEMENT_3D ( 'NONE', #2474, #1978, #134 ) ;
#1681 = ORIENTED_EDGE ( 'NONE', *, *, #1919, .F. ) ;
#1682 = DATE_AND_TIME ( #2854, #1699 ) ;
#1683 = LINE ( 'NONE', #2765, #1507 ) ;
#1684 = ORIENTED_EDGE ( 'NONE', *, *, #465, .F. ) ;
#1685 = DIRECTION ( 'NONE',  ( 0.000000000000000000, -1.000000000000000000, 0.000000000000000000 ) ) ;
#1686 = DIRECTION ( 'NONE',  ( 0.000000000000000000, -1.000000000000000000, 0.000000000000000000 ) ) ;
#1687 = LINE ( 'NONE', #1916, #2658 ) ;
#1688 = LINE ( 'NONE', #64, #1798 ) ;
#1689 = AXIS2_PLACEMENT_3D ( 'NONE', #1529, #1705, #1021 ) ;
#1690 = VERTEX_POINT ( 'NONE', #826 ) ;
#1691 = LINE ( 'NONE', #352, #1723 ) ;
#1692 = CIRCLE ( 'NONE', #771, 2.899999999999999023 ) ;
#1693 = EDGE_CURVE ( 'NONE', #574, #2011, #1309, .T. ) ;
#1694 = EDGE_CURVE ( 'NONE', #893, #2351, #1737, .T. ) ;
#1695 = ORIENTED_EDGE ( 'NONE', *, *, #2620, .T. ) ;
#1696 = CIRCLE ( 'NONE', #2470, 1.600000000000002531 ) ;
#1697 = CONICAL_SURFACE ( 'NONE', #1066, 1.599999999999999867, 0.7853981633974485010 ) ;
#1698 = PERSON_AND_ORGANIZATION ( #1079, #386 ) ;
#1699 = LOCAL_TIME ( 11, 59, 16.00000000000000000, #752 ) ;
#1700 = CIRCLE ( 'NONE', #2711, 1.899999999999999689 ) ;
#1701 = DIRECTION ( 'NONE',  ( 0.000000000000000000, 0.000000000000000000, -1.000000000000000000 ) ) ;
#1702 = ORIENTED_EDGE ( 'NONE', *, *, #2236, .T. ) ;
#1703 = LINE ( 'NONE', #2352, #2160 ) ;
#1704 = LINE ( 'NONE', #1748, #2916 ) ;
#1705 = DIRECTION ( 'NONE',  ( -1.836970198721029688E-16, 1.000000000000000000, 0.000000000000000000 ) ) ;
#1706 = DIRECTION ( 'NONE',  ( -1.000000000000000000, -1.836970198721029688E-16, 0.000000000000000000 ) ) ;
#1707 = DIRECTION ( 'NONE',  ( -1.836970198721029441E-16, 1.000000000000000000, 0.000000000000000000 ) ) ;
#1708 = DIRECTION ( 'NONE',  ( 1.000000000000000000, 1.836970198721029441E-16, 0.000000000000000000 ) ) ;
#1709 = VERTEX_POINT ( 'NONE', #2654 ) ;
#1710 = DIRECTION ( 'NONE',  ( 0.000000000000000000, 0.7071067811865472397, 0.7071067811865479058 ) ) ;
#1711 = AXIS2_PLACEMENT_3D ( 'NONE', #958, #1670, #1869 ) ;
#1712 = EDGE_CURVE ( 'NONE', #2726, #68, #2191, .T. ) ;
#1713 = EDGE_CURVE ( 'NONE', #400, #1122, #331, .T. ) ;
#1714 = DIRECTION ( 'NONE',  ( 0.000000000000000000, -1.000000000000000000, 0.000000000000000000 ) ) ;
#1715 = ORIENTED_EDGE ( 'NONE', *, *, #2326, .F. ) ;
#1716 = FACE_OUTER_BOUND ( 'NONE', #802, .T. ) ;
#1717 = ADVANCED_FACE ( 'NONE', ( #576 ), #1480, .T. ) ;
#1718 = CARTESIAN_POINT ( 'NONE',  ( -4.922649730810379154, -5.799999999999998934, -1.350000000000000089 ) ) ;
#1719 = VERTEX_POINT ( 'NONE', #1050 ) ;
#1720 = DIRECTION ( 'NONE',  ( 1.000000000000000000, 1.836970198721029441E-16, 0.000000000000000000 ) ) ;
#1721 = DIRECTION ( 'NONE',  ( 1.836970198721029934E-16, -1.000000000000000000, -0.000000000000000000 ) ) ;
#1722 = VECTOR ( 'NONE', #1983, 1000.000000000000000 ) ;
#1723 = VECTOR ( 'NONE', #2832, 1000.000000000000000 ) ;
#1724 = FACE_OUTER_BOUND ( 'NONE', #30, .T. ) ;
#1725 = LINE ( 'NONE', #794, #651 ) ;
#1726 = AXIS2_PLACEMENT_3D ( 'NONE', #756, #1685, #2607 ) ;
#1727 = ORIENTED_EDGE ( 'NONE', *, *, #882, .T. ) ;
#1728 = ORIENTED_EDGE ( 'NONE', *, *, #1197, .F. ) ;
#1729 = AXIS2_PLACEMENT_3D ( 'NONE', #1764, #1077, #902 ) ;
#1730 = LINE ( 'NONE', #2395, #186 ) ;
#1731 = VERTEX_POINT ( 'NONE', #758 ) ;
#1732 = CARTESIAN_POINT ( 'NONE',  ( -11.92264973081037738, -5.299999999999995381, -5.000000000000000000 ) ) ;
#1733 = CARTESIAN_POINT ( 'NONE',  ( 10.08578643762690064, 0.2000000000000048683, -6.745402340387840034 ) ) ;
#1734 = EDGE_CURVE ( 'NONE', #2301, #718, #2626, .T. ) ;
#1735 = ADVANCED_FACE ( 'NONE', ( #2611 ), #1965, .F. ) ;
#1736 = ORIENTED_EDGE ( 'NONE', *, *, #136, .F. ) ;
#1737 = LINE ( 'NONE', #1035, #2656 ) ;
#1738 = FACE_OUTER_BOUND ( 'NONE', #448, .T. ) ;
#1739 = DIRECTION ( 'NONE',  ( 0.2482817665807091068, -0.7071067811865473507, -0.6620847108818949112 ) ) ;
#1740 = PLANE ( 'NONE',  #999 ) ;
#1741 = ORIENTED_EDGE ( 'NONE', *, *, #2720, .T. ) ;
#1742 = EDGE_LOOP ( 'NONE', ( #587, #1185, #739, #949 ) ) ;
#1743 = CIRCLE ( 'NONE', #1992, 1.600000000000004086 ) ;
#1744 = VECTOR ( 'NONE', #2532, 1000.000000000000000 ) ;
#1745 = DIRECTION ( 'NONE',  ( -0.000000000000000000, -1.000000000000000000, -0.000000000000000000 ) ) ;
#1746 = ORIENTED_EDGE ( 'NONE', *, *, #170, .T. ) ;
#1747 = DIRECTION ( 'NONE',  ( 1.836970198721029934E-16, -1.000000000000000000, -0.000000000000000000 ) ) ;
#1748 = CARTESIAN_POINT ( 'NONE',  ( 16.53551085499100282, 0.2000000000000053402, -3.399999999999996803 ) ) ;
#1749 = VECTOR ( 'NONE', #1710, 999.9999999999998863 ) ;
#1750 = AXIS2_PLACEMENT_3D ( 'NONE', #2044, #2939, #2313 ) ;
#1751 = VERTEX_POINT ( 'NONE', #2433 ) ;
#1752 = CIRCLE ( 'NONE', #193, 2.899999999999999911 ) ;
#1753 = CARTESIAN_POINT ( 'NONE',  ( 10.33289778252569491, -0.2999999999999997669, -7.610813215765722006 ) ) ;
#1754 = LINE ( 'NONE', #139, #335 ) ;
#1755 = EDGE_CURVE ( 'NONE', #2351, #521, #2369, .T. ) ;
#1756 = EDGE_CURVE ( 'NONE', #2420, #2058, #1262, .T. ) ;
#1757 = CARTESIAN_POINT ( 'NONE',  ( -4.922649730810379154, -5.799999999999998934, 0.000000000000000000 ) ) ;
#1758 = DIRECTION ( 'NONE',  ( 1.298934084353238819E-16, -0.7071067811865470176, -0.7071067811865480168 ) ) ;
#1759 = ORIENTED_EDGE ( 'NONE', *, *, #1554, .T. ) ;
#1760 = ORIENTED_EDGE ( 'NONE', *, *, #219, .F. ) ;
#1761 = EDGE_LOOP ( 'NONE', ( #2808, #2969, #1500, #1991 ) ) ;
#1762 = DIRECTION ( 'NONE',  ( -0.000000000000000000, 1.000000000000000000, -0.000000000000000000 ) ) ;
#1763 = VERTEX_POINT ( 'NONE', #316 ) ;
#1764 = CARTESIAN_POINT ( 'NONE',  ( 16.53551085499100282, 0.2000000000000053402, 2.000000000000000000 ) ) ;
#1765 = DIRECTION ( 'NONE',  ( -1.000000000000000000, 0.000000000000000000, 0.000000000000000000 ) ) ;
#1766 = VERTEX_POINT ( 'NONE', #2447 ) ;
#1767 = CARTESIAN_POINT ( 'NONE',  ( -3.196222926588305757, -5.799999999999998934, 11.29043856474209484 ) ) ;
#1768 = CARTESIAN_POINT ( 'NONE',  ( -10.82264973081037951, -0.3000000000000025424, -7.806828091810600334 ) ) ;
#1769 = ADVANCED_FACE ( 'NONE', ( #1238 ), #362, .T. ) ;
#1770 = ORIENTED_EDGE ( 'NONE', *, *, #2030, .T. ) ;
#1771 = CARTESIAN_POINT ( 'NONE',  ( 12.08578643762690064, 0.2000000000000048683, 5.000000000000000000 ) ) ;
#1772 = AXIS2_PLACEMENT_3D ( 'NONE', #2615, #537, #2391 ) ;
#1773 = EDGE_CURVE ( 'NONE', #247, #1193, #1253, .T. ) ;
#1774 = EDGE_LOOP ( 'NONE', ( #1180, #2671, #2885, #1330 ) ) ;
#1775 = ADVANCED_FACE ( 'NONE', ( #2026 ), #2281, .T. ) ;
#1776 = VERTEX_POINT ( 'NONE', #1809 ) ;
#1777 = DIRECTION ( 'NONE',  ( 0.7071067811865473507, -0.7071067811865476838, 0.000000000000000000 ) ) ;
#1778 = DIRECTION ( 'NONE',  ( -1.000000000000000000, 0.000000000000000000, 0.000000000000000000 ) ) ;
#1779 = CARTESIAN_POINT ( 'NONE',  ( 12.08578643762690241, -5.299999999999990941, -3.900000000000000355 ) ) ;
#1780 = AXIS2_PLACEMENT_3D ( 'NONE', #2539, #2349, #2131 ) ;
#1781 = ORIENTED_EDGE ( 'NONE', *, *, #2062, .T. ) ;
#1782 = DIRECTION ( 'NONE',  ( 1.000000000000000000, 1.836970198721029688E-16, 0.000000000000000000 ) ) ;
#1783 = DIRECTION ( 'NONE',  ( -1.000000000000000000, -1.863472483959461979E-16, 1.084202172485505223E-15 ) ) ;
#1784 = FACE_OUTER_BOUND ( 'NONE', #1332, .T. ) ;
#1785 = EDGE_LOOP ( 'NONE', ( #2514, #506, #1801, #214 ) ) ;
#1786 = COORDINATED_UNIVERSAL_TIME_OFFSET ( 0, 0, .AHEAD. ) ;
#1787 = ORIENTED_EDGE ( 'NONE', *, *, #1535, .F. ) ;
#1788 = ADVANCED_FACE ( 'NONE', ( #2295 ), #884, .F. ) ;
#1789 = EDGE_CURVE ( 'NONE', #2958, #2890, #2490, .T. ) ;
#1790 = LINE ( 'NONE', #629, #49 ) ;
#1791 = FACE_OUTER_BOUND ( 'NONE', #2606, .T. ) ;
#1792 = VECTOR ( 'NONE', #861, 1000.000000000000000 ) ;
#1793 = AXIS2_PLACEMENT_3D ( 'NONE', #217, #708, #2528 ) ;
#1794 = VECTOR ( 'NONE', #868, 1000.000000000000000 ) ;
#1795 = ORIENTED_EDGE ( 'NONE', *, *, #2269, .F. ) ;
#1796 = CIRCLE ( 'NONE', #2182, 1.100000000000000311 ) ;
#1797 = CARTESIAN_POINT ( 'NONE',  ( 11.22400230745610905, 0.2000000000000043687, 16.16402279342639403 ) ) ;
#1798 = VECTOR ( 'NONE', #2612, 1000.000000000000000 ) ;
#1799 = CARTESIAN_POINT ( 'NONE',  ( -9.922649730810379154, 0.2000000000000005107, 7.806828091810600334 ) ) ;
#1800 = CARTESIAN_POINT ( 'NONE',  ( -16.39721676793699956, -5.800000000000000711, 2.000000000000000000 ) ) ;
#1801 = ORIENTED_EDGE ( 'NONE', *, *, #784, .T. ) ;
#1802 = ORIENTED_EDGE ( 'NONE', *, *, #1064, .F. ) ;
#1803 = ADVANCED_FACE ( 'NONE', ( #2001 ), #2713, .F. ) ;
#1804 = CARTESIAN_POINT ( 'NONE',  ( 16.53551085499100282, -5.299999999999990052, -2.000000000000000000 ) ) ;
#1805 = LINE ( 'NONE', #2719, #795 ) ;
#1806 = EDGE_CURVE ( 'NONE', #1245, #2390, #1812, .T. ) ;
#1807 = CC_DESIGN_DATE_AND_TIME_ASSIGNMENT ( #522, #2866, ( #2399 ) ) ;
#1808 = ORIENTED_EDGE ( 'NONE', *, *, #2912, .F. ) ;
#1809 = CARTESIAN_POINT ( 'NONE',  ( -7.497216767936997428, -5.799999999999998934, -7.703719777548943412E-31 ) ) ;
#1810 = CYLINDRICAL_SURFACE ( 'NONE', #291, 2.899999999999999911 ) ;
#1811 = CARTESIAN_POINT ( 'NONE',  ( 10.48578643762689744, 0.2000000000000042299, 2.000000000000000000 ) ) ;
#1812 = CIRCLE ( 'NONE', #2492, 1.899999999999999023 ) ;
#1813 = ORIENTED_EDGE ( 'NONE', *, *, #2138, .F. ) ;
#1814 = EDGE_LOOP ( 'NONE', ( #1365, #1115, #1424, #1523 ) ) ;
#1815 = CARTESIAN_POINT ( 'NONE',  ( 10.19561370202636752, -5.799999999999995381, 7.130029396111342344 ) ) ;
#1816 = CARTESIAN_POINT ( 'NONE',  ( -11.92264973081038804, 0.2000000000000001221, 3.399999999999996358 ) ) ;
#1817 = AXIS2_PLACEMENT_3D ( 'NONE', #298, #1032, #283 ) ;
#1818 = EDGE_LOOP ( 'NONE', ( #2662, #1392, #1292, #2406 ) ) ;
#1819 = DIRECTION ( 'NONE',  ( -1.000000000000000000, 0.000000000000000000, 0.000000000000000000 ) ) ;
#1820 = DIRECTION ( 'NONE',  ( 0.000000000000000000, -0.7071067811865474617, 0.7071067811865474617 ) ) ;
#1821 = EDGE_CURVE ( 'NONE', #2301, #347, #1106, .T. ) ;
#1822 = EDGE_CURVE ( 'NONE', #213, #893, #2205, .T. ) ;
#1823 = CARTESIAN_POINT ( 'NONE',  ( 18.43551085499100139, -5.799999999999994493, 2.000000000000000000 ) ) ;
#1824 = CARTESIAN_POINT ( 'NONE',  ( 12.08578643762690064, -0.2999999999999990452, -3.900000000000000355 ) ) ;
#1825 = ORIENTED_EDGE ( 'NONE', *, *, #1255, .T. ) ;
#1826 = ORIENTED_EDGE ( 'NONE', *, *, #1401, .T. ) ;
#1827 = CARTESIAN_POINT ( 'NONE',  ( 10.98578643762690099, -0.3000000000000007661, -5.000000000000000000 ) ) ;
#1828 = LINE ( 'NONE', #2318, #580 ) ;
#1829 = CARTESIAN_POINT ( 'NONE',  ( -4.922649730810380042, -0.3000000000000025424, -1.350000000000000089 ) ) ;
#1830 = AXIS2_PLACEMENT_3D ( 'NONE', #2813, #18, #514 ) ;
#1831 = VERTEX_POINT ( 'NONE', #2965 ) ;
#1832 = PLANE ( 'NONE',  #1505 ) ;
#1833 = DIRECTION ( 'NONE',  ( -1.000000000000000000, 0.000000000000000000, 0.000000000000000000 ) ) ;
#1834 = AXIS2_PLACEMENT_3D ( 'NONE', #1589, #1652, #432 ) ;
#1835 = ORIENTED_EDGE ( 'NONE', *, *, #2265, .F. ) ;
#1836 = AXIS2_PLACEMENT_3D ( 'NONE', #2273, #2094, #2048 ) ;
#1837 = EDGE_CURVE ( 'NONE', #2722, #1371, #1593, .T. ) ;
#1838 = PLANE ( 'NONE',  #2282 ) ;
#1839 = DIRECTION ( 'NONE',  ( 0.9615676393087544405, 1.766371097464713951E-16, -0.2745681609986653227 ) ) ;
#1840 = EDGE_CURVE ( 'NONE', #2930, #543, #154, .T. ) ;
#1841 = CIRCLE ( 'NONE', #1646, 1.099999999999995870 ) ;
#1842 = LOCAL_TIME ( 11, 59, 16.00000000000000000, #507 ) ;
#1843 = AXIS2_PLACEMENT_3D ( 'NONE', #124, #577, #2415 ) ;
#1844 = ORIENTED_EDGE ( 'NONE', *, *, #2362, .F. ) ;
#1845 = VERTEX_POINT ( 'NONE', #1574 ) ;
#1846 = ORIENTED_EDGE ( 'NONE', *, *, #245, .F. ) ;
#1847 = DIRECTION ( 'NONE',  ( 8.673617379883967433E-16, -1.000000000000000000, 0.000000000000000000 ) ) ;
#1848 = CONICAL_SURFACE ( 'NONE', #1073, 1.600000000000003419, 0.7853981633974476129 ) ;
#1849 = DIRECTION ( 'NONE',  ( -1.000000000000000000, 0.000000000000000000, 4.336808689942072167E-15 ) ) ;
#1850 = LINE ( 'NONE', #2511, #2843 ) ;
#1851 = ORIENTED_EDGE ( 'NONE', *, *, #465, .T. ) ;
#1852 = DIRECTION ( 'NONE',  ( -1.000000000000000000, -1.836970198721029688E-16, 0.000000000000000000 ) ) ;
#1853 = DIRECTION ( 'NONE',  ( -0.1941490085400716659, -0.7071067811865480168, -0.6799309983247612266 ) ) ;
#1854 = CARTESIAN_POINT ( 'NONE',  ( -15.89721676793699423, 0.1999999999999993727, -2.000000000000000000 ) ) ;
#1855 = CARTESIAN_POINT ( 'NONE',  ( 16.53551085499100282, -5.799999999999994493, 2.000000000000000000 ) ) ;
#1856 = LINE ( 'NONE', #1642, #2184 ) ;
#1857 = CARTESIAN_POINT ( 'NONE',  ( 17.93551085499099784, -5.799999999999994493, 2.000000000000000000 ) ) ;
#1858 = EDGE_CURVE ( 'NONE', #555, #834, #435, .T. ) ;
#1859 = EDGE_LOOP ( 'NONE', ( #356, #1457, #2019, #113 ) ) ;
#1860 = ORIENTED_EDGE ( 'NONE', *, *, #2196, .T. ) ;
#1861 = CARTESIAN_POINT ( 'NONE',  ( -14.49721676793700098, 0.1999999999999996503, -2.000000000000000000 ) ) ;
#1862 = CC_DESIGN_PERSON_AND_ORGANIZATION_ASSIGNMENT ( #970, #997, ( #2399 ) ) ;
#1863 = AXIS2_PLACEMENT_3D ( 'NONE', #644, #1563, #2041 ) ;
#1864 = EDGE_CURVE ( 'NONE', #1089, #1245, #1344, .T. ) ;
#1865 = DIRECTION ( 'NONE',  ( 1.836970198721029688E-16, -1.000000000000000000, 0.000000000000000000 ) ) ;
#1866 = CYLINDRICAL_SURFACE ( 'NONE', #1263, 2.899999999999999023 ) ;
#1867 = VERTEX_POINT ( 'NONE', #1318 ) ;
#1868 = DIRECTION ( 'NONE',  ( -0.000000000000000000, 1.000000000000000000, -0.000000000000000000 ) ) ;
#1869 = DIRECTION ( 'NONE',  ( 1.927470528863113822E-15, 0.000000000000000000, 1.000000000000000000 ) ) ;
#1870 = VECTOR ( 'NONE', #1478, 1000.000000000000000 ) ;
#1871 = LINE ( 'NONE', #2822, #1212 ) ;
#1872 = CARTESIAN_POINT ( 'NONE',  ( -10.82264973081037773, -5.799999999999999822, 7.806828091810600334 ) ) ;
#1873 = FACE_OUTER_BOUND ( 'NONE', #2452, .T. ) ;
#1874 = DIRECTION ( 'NONE',  ( -0.000000000000000000, 1.000000000000000000, -0.000000000000000000 ) ) ;
#1875 = ORIENTED_EDGE ( 'NONE', *, *, #847, .T. ) ;
#1876 = ORIENTED_EDGE ( 'NONE', *, *, #7, .F. ) ;
#1877 = CARTESIAN_POINT ( 'NONE',  ( 12.08578643762690064, 0.2000000000000045353, -3.399999999999995914 ) ) ;
#1878 = DIRECTION ( 'NONE',  ( 0.000000000000000000, 0.000000000000000000, -1.000000000000000000 ) ) ;
#1879 = EDGE_CURVE ( 'NONE', #517, #767, #1240, .T. ) ;
#1880 = FACE_OUTER_BOUND ( 'NONE', #502, .T. ) ;
#1881 = EDGE_CURVE ( 'NONE', #1486, #1845, #2240, .T. ) ;
#1882 = ORIENTED_EDGE ( 'NONE', *, *, #2087, .F. ) ;
#1883 = DIRECTION ( 'NONE',  ( -1.836970198721029441E-16, 1.000000000000000000, 0.000000000000000000 ) ) ;
#1884 = DIRECTION ( 'NONE',  ( 1.000000000000000000, 1.836970198721029688E-16, 0.000000000000000000 ) ) ;
#1885 = CIRCLE ( 'NONE', #423, 0.8999999999999980238 ) ;
#1886 = AXIS2_PLACEMENT_3D ( 'NONE', #254, #944, #1174 ) ;
#1887 = LINE ( 'NONE', #2799, #965 ) ;
#1888 = CARTESIAN_POINT ( 'NONE',  ( 2.577350269189626619, -5.799999999999997158, 0.000000000000000000 ) ) ;
#1889 = DIRECTION ( 'NONE',  ( 1.836970198721029934E-16, -1.000000000000000000, -0.000000000000000000 ) ) ;
#1890 = VECTOR ( 'NONE', #2254, 1000.000000000000000 ) ;
#1891 = VECTOR ( 'NONE', #2760, 1000.000000000000000 ) ;
#1892 = EDGE_LOOP ( 'NONE', ( #153, #159, #1795, #2883 ) ) ;
#1893 = EDGE_LOOP ( 'NONE', ( #1493, #2161, #2523, #1977 ) ) ;
#1894 = CARTESIAN_POINT ( 'NONE',  ( 10.08578643762690241, -5.299999999999990941, 6.745402340387840034 ) ) ;
#1895 = CIRCLE ( 'NONE', #1018, 1.850000000000004530 ) ;
#1896 = VECTOR ( 'NONE', #663, 1000.000000000000114 ) ;
#1897 = ORIENTED_EDGE ( 'NONE', *, *, #1256, .F. ) ;
#1898 = VECTOR ( 'NONE', #1739, 1000.000000000000114 ) ;
#1899 = APPLICATION_PROTOCOL_DEFINITION ( 'international standard', 'config_control_design', 1994, #1488 ) ;
#1900 = CARTESIAN_POINT ( 'NONE',  ( 10.48578643762689744, 0.2000000000000042299, 5.000000000000000000 ) ) ;
#1901 = ADVANCED_FACE ( 'NONE', ( #1081 ), #447, .T. ) ;
#1902 = ORIENTED_EDGE ( 'NONE', *, *, #1025, .F. ) ;
#1903 = LINE ( 'NONE', #86, #2498 ) ;
#1904 = CARTESIAN_POINT ( 'NONE',  ( 2.577350269189625731, -0.3000000000000007661, -1.350000000000000089 ) ) ;
#1905 = DIRECTION ( 'NONE',  ( 0.000000000000000000, 1.000000000000000000, 0.000000000000000000 ) ) ;
#1906 = DIRECTION ( 'NONE',  ( 1.836970198721029441E-16, -1.000000000000000000, 0.000000000000000000 ) ) ;
#1907 = DIRECTION ( 'NONE',  ( -1.000000000000000000, 0.000000000000000000, 0.000000000000000000 ) ) ;
#1908 = ORIENTED_EDGE ( 'NONE', *, *, #374, .F. ) ;
#1909 = DIRECTION ( 'NONE',  ( -0.2482817665807096619, -0.7071067811865483499, 0.6620847108818936899 ) ) ;
#1910 = VERTEX_POINT ( 'NONE', #2012 ) ;
#1911 = CARTESIAN_POINT ( 'NONE',  ( -16.39721676793699956, -5.299999999999996270, 2.000000000000000000 ) ) ;
#1912 = ORIENTED_EDGE ( 'NONE', *, *, #951, .T. ) ;
#1913 = CARTESIAN_POINT ( 'NONE',  ( 10.98578643762690632, -5.299999999999990941, 6.745402340387840034 ) ) ;
#1914 = CARTESIAN_POINT ( 'NONE',  ( -3.020661205794108906, 0.2000000000000017319, 10.82227397595756813 ) ) ;
#1915 = VECTOR ( 'NONE', #1393, 1000.000000000000000 ) ;
#1916 = CARTESIAN_POINT ( 'NONE',  ( -4.922649730810379154, -5.299999999999997158, -1.350000000000000089 ) ) ;
#1917 = DIRECTION ( 'NONE',  ( 1.836970198721029688E-16, -1.000000000000000000, -0.000000000000000000 ) ) ;
#1918 = ADVANCED_FACE ( 'NONE', ( #2723 ), #2954, .T. ) ;
#1919 = EDGE_CURVE ( 'NONE', #2199, #1973, #166, .T. ) ;
#1920 = EDGE_LOOP ( 'NONE', ( #1760, #82, #304, #2975 ) ) ;
#1921 = DIRECTION ( 'NONE',  ( -0.9615676393087543294, 0.000000000000000000, -0.2745681609986660443 ) ) ;
#1922 = AXIS2_PLACEMENT_3D ( 'NONE', #588, #2681, #2920 ) ;
#1923 = EDGE_LOOP ( 'NONE', ( #39, #2647, #1759, #165 ) ) ;
#1924 = LINE ( 'NONE', #1487, #1411 ) ;
#1925 = CARTESIAN_POINT ( 'NONE',  ( 2.577350269189626175, -5.799999999999997158, 1.350000000000000089 ) ) ;
#1926 = VERTEX_POINT ( 'NONE', #419 ) ;
#1927 = DIRECTION ( 'NONE',  ( 0.000000000000000000, 0.000000000000000000, -1.000000000000000000 ) ) ;
#1928 = LINE ( 'NONE', #546, #1870 ) ;
#1929 = CARTESIAN_POINT ( 'NONE',  ( 2.577350269189625731, -0.3000000000000007661, 0.000000000000000000 ) ) ;
#1930 = FACE_OUTER_BOUND ( 'NONE', #128, .T. ) ;
#1931 = CIRCLE ( 'NONE', #1594, 1.899999999999998801 ) ;
#1932 = CIRCLE ( 'NONE', #2174, 0.3999999999999958589 ) ;
#1933 = ADVANCED_FACE ( 'NONE', ( #1355 ), #2895, .T. ) ;
#1934 = EDGE_CURVE ( 'NONE', #1719, #685, #2995, .T. ) ;
#1935 = EDGE_LOOP ( 'NONE', ( #2238, #1225, #2932, #2287 ) ) ;
#1936 = CARTESIAN_POINT ( 'NONE',  ( 12.08578643762690064, 0.2000000000000045353, 5.000000000000000000 ) ) ;
#1937 = VECTOR ( 'NONE', #2715, 1000.000000000000000 ) ;
#1938 = CONICAL_SURFACE ( 'NONE', #2469, 0.3999999999999949707, 0.7853981633974477239 ) ;
#1939 = EDGE_CURVE ( 'NONE', #901, #974, #185, .T. ) ;
#1940 = ORIENTED_EDGE ( 'NONE', *, *, #1821, .T. ) ;
#1941 = VECTOR ( 'NONE', #173, 999.9999999999998863 ) ;
#1942 = DIRECTION ( 'NONE',  ( 0.000000000000000000, 0.000000000000000000, 1.000000000000000000 ) ) ;
#1943 = AXIS2_PLACEMENT_3D ( 'NONE', #270, #2551, #2782 ) ;
#1944 = DIRECTION ( 'NONE',  ( 1.836970198721029934E-16, -1.000000000000000000, -0.000000000000000000 ) ) ;
#1945 = ORIENTED_EDGE ( 'NONE', *, *, #541, .F. ) ;
#1946 = DIRECTION ( 'NONE',  ( 0.000000000000000000, 0.000000000000000000, -1.000000000000000000 ) ) ;
#1947 = DIRECTION ( 'NONE',  ( 0.000000000000000000, 0.7071067811865477948, 0.7071067811865473507 ) ) ;
#1948 = EDGE_LOOP ( 'NONE', ( #2538, #2512, #1994, #1825 ) ) ;
#1949 = DIRECTION ( 'NONE',  ( -8.673617379883967433E-16, 1.000000000000000000, 0.000000000000000000 ) ) ;
#1950 = CARTESIAN_POINT ( 'NONE',  ( 12.94972441736410218, -5.299999999999990941, 3.900000000000000355 ) ) ;
#1951 = DIRECTION ( 'NONE',  ( 1.000000000000000000, 1.836970198721029688E-16, 0.000000000000000000 ) ) ;
#1952 = DIRECTION ( 'NONE',  ( 1.000000000000000000, 1.836970198721029688E-16, 0.000000000000000000 ) ) ;
#1953 = EDGE_CURVE ( 'NONE', #1751, #2914, #942, .T. ) ;
#1954 = VERTEX_POINT ( 'NONE', #2564 ) ;
#1955 = PERSON_AND_ORGANIZATION ( #1079, #386 ) ;
#1956 = EDGE_LOOP ( 'NONE', ( #37, #2429, #1430, #1808 ) ) ;
#1957 = CONICAL_SURFACE ( 'NONE', #2761, 0.3999999999999966915, 0.7853981633974473908 ) ;
#1958 = EDGE_CURVE ( 'NONE', #2584, #2130, #2795, .T. ) ;
#1959 = ADVANCED_FACE ( 'NONE', ( #2810 ), #1153, .T. ) ;
#1960 = DIRECTION ( 'NONE',  ( -0.7071067811865474617, -0.7071067811865474617, 0.000000000000000000 ) ) ;
#1961 = ORIENTED_EDGE ( 'NONE', *, *, #1806, .T. ) ;
#1962 = DIRECTION ( 'NONE',  ( 0.7071067811865475727, -0.7071067811865475727, -0.000000000000000000 ) ) ;
#1963 = PLANE ( 'NONE',  #1182 ) ;
#1964 = VERTEX_POINT ( 'NONE', #730 ) ;
#1965 = PLANE ( 'NONE',  #2419 ) ;
#1966 = CARTESIAN_POINT ( 'NONE',  ( 17.93551085499099784, -5.799999999999994493, -2.000000000000000000 ) ) ;
#1967 = FACE_OUTER_BOUND ( 'NONE', #1041, .T. ) ;
#1968 = CARTESIAN_POINT ( 'NONE',  ( -13.07456703712661827, -5.299999999999995381, -3.900000000000000355 ) ) ;
#1969 = AXIS2_PLACEMENT_3D ( 'NONE', #2398, #1492, #312 ) ;
#1970 = VECTOR ( 'NONE', #1379, 1000.000000000000000 ) ;
#1971 = ORIENTED_EDGE ( 'NONE', *, *, #2383, .F. ) ;
#1972 = DATE_TIME_ROLE ( 'classification_date' ) ;
#1973 = VERTEX_POINT ( 'NONE', #2353 ) ;
#1974 = VECTOR ( 'NONE', #1290, 1000.000000000000000 ) ;
#1975 = EDGE_CURVE ( 'NONE', #1538, #2040, #1696, .T. ) ;
#1976 = CARTESIAN_POINT ( 'NONE',  ( -10.82264973081037773, -5.299999999999995381, -7.806828091810600334 ) ) ;
#1977 = ORIENTED_EDGE ( 'NONE', *, *, #593, .T. ) ;
#1978 = DIRECTION ( 'NONE',  ( -0.000000000000000000, 1.000000000000000000, -0.000000000000000000 ) ) ;
#1979 = LINE ( 'NONE', #1914, #843 ) ;
#1980 = ADVANCED_FACE ( 'NONE', ( #2764 ), #481, .F. ) ;
#1981 = ORIENTED_EDGE ( 'NONE', *, *, #1099, .F. ) ;
#1982 = ORIENTED_EDGE ( 'NONE', *, *, #2912, .T. ) ;
#1983 = DIRECTION ( 'NONE',  ( 0.000000000000000000, 0.7071067811865487940, 0.7071067811865463515 ) ) ;
#1984 = LINE ( 'NONE', #1005, #148 ) ;
#1985 = CARTESIAN_POINT ( 'NONE',  ( 16.53551085499100282, 0.2000000000000053402, -3.399999999999996803 ) ) ;
#1986 = DIRECTION ( 'NONE',  ( -1.836970198721029441E-16, 1.000000000000000000, 0.000000000000000000 ) ) ;
#1987 = ORIENTED_EDGE ( 'NONE', *, *, #2435, .F. ) ;
#1988 = VECTOR ( 'NONE', #2827, 1000.000000000000000 ) ;
#1989 = ORIENTED_EDGE ( 'NONE', *, *, #1734, .T. ) ;
#1990 = PERSON_AND_ORGANIZATION_ROLE ( 'classification_officer' ) ;
#1991 = ORIENTED_EDGE ( 'NONE', *, *, #688, .F. ) ;
#1992 = AXIS2_PLACEMENT_3D ( 'NONE', #735, #65, #1224 ) ;
#1993 = CARTESIAN_POINT ( 'NONE',  ( -4.922649730810379154, -5.799999999999998934, 0.000000000000000000 ) ) ;
#1994 = ORIENTED_EDGE ( 'NONE', *, *, #554, .T. ) ;
#1995 = CYLINDRICAL_SURFACE ( 'NONE', #1922, 1.100000000000000311 ) ;
#1996 = CARTESIAN_POINT ( 'NONE',  ( -10.82264973081037951, -0.3000000000000028200, -5.000000000000000000 ) ) ;
#1997 = CIRCLE ( 'NONE', #2991, 1.899999999999997691 ) ;
#1998 = AXIS2_PLACEMENT_3D ( 'NONE', #2275, #2462, #1319 ) ;
#1999 = EDGE_CURVE ( 'NONE', #2256, #1549, #2066, .T. ) ;
#2000 = ORIENTED_EDGE ( 'NONE', *, *, #170, .F. ) ;
#2001 = FACE_OUTER_BOUND ( 'NONE', #509, .T. ) ;
#2002 = CARTESIAN_POINT ( 'NONE',  ( -2.633100484259955909, -5.799999999999998046, 11.31315318030783956 ) ) ;
#2003 = EDGE_CURVE ( 'NONE', #2508, #175, #968, .T. ) ;
#2004 = LINE ( 'NONE', #382, #1466 ) ;
#2005 = DIRECTION ( 'NONE',  ( 1.836970198721029688E-16, -1.000000000000000000, 0.000000000000000000 ) ) ;
#2006 = VERTEX_POINT ( 'NONE', #2098 ) ;
#2007 = EDGE_LOOP ( 'NONE', ( #916, #385, #2573, #2110 ) ) ;
#2008 = CARTESIAN_POINT ( 'NONE',  ( 17.93551085499099784, 0.2000000000000055900, 2.000000000000000000 ) ) ;
#2009 = CARTESIAN_POINT ( 'NONE',  ( 16.53551085499100282, -5.299999999999990052, 3.900000000000000355 ) ) ;
#2010 = DIRECTION ( 'NONE',  ( -1.836970198721029441E-16, 1.000000000000000000, 0.000000000000000000 ) ) ;
#2011 = VERTEX_POINT ( 'NONE', #1904 ) ;
#2012 = CARTESIAN_POINT ( 'NONE',  ( -10.32264973081037418, -5.799999999999999822, -7.806828091810600334 ) ) ;
#2013 = EDGE_CURVE ( 'NONE', #370, #983, #513, .T. ) ;
#2014 = VECTOR ( 'NONE', #417, 1000.000000000000000 ) ;
#2015 = CARTESIAN_POINT ( 'NONE',  ( -13.29721676793699636, -3.799999999999999822, 3.551475717527314465E-16 ) ) ;
#2016 = LINE ( 'NONE', #2928, #1792 ) ;
#2017 = EDGE_CURVE ( 'NONE', #1731, #685, #32, .T. ) ;
#2018 = ORIENTED_EDGE ( 'NONE', *, *, #1656, .T. ) ;
#2019 = ORIENTED_EDGE ( 'NONE', *, *, #2218, .F. ) ;
#2020 = VECTOR ( 'NONE', #158, 1000.000000000000000 ) ;
#2021 = DIRECTION ( 'NONE',  ( 0.000000000000000000, 0.000000000000000000, 1.000000000000000000 ) ) ;
#2022 = DIRECTION ( 'NONE',  ( 0.000000000000000000, 0.000000000000000000, -1.000000000000000000 ) ) ;
#2023 = CARTESIAN_POINT ( 'NONE',  ( -4.922649730810379154, -5.299999999999997158, -1.350000000000000311 ) ) ;
#2024 = AXIS2_PLACEMENT_3D ( 'NONE', #595, #1306, #2660 ) ;
#2025 = VERTEX_POINT ( 'NONE', #2977 ) ;
#2026 = FACE_OUTER_BOUND ( 'NONE', #1473, .T. ) ;
#2027 = DIRECTION ( 'NONE',  ( -1.836970198721029441E-16, 1.000000000000000000, 0.000000000000000000 ) ) ;
#2028 = LINE ( 'NONE', #2506, #2038 ) ;
#2029 = EDGE_CURVE ( 'NONE', #1867, #786, #937, .T. ) ;
#2030 = EDGE_CURVE ( 'NONE', #640, #2823, #2245, .T. ) ;
#2031 = ORIENTED_EDGE ( 'NONE', *, *, #1712, .T. ) ;
#2032 = ORIENTED_EDGE ( 'NONE', *, *, #1495, .T. ) ;
#2033 = ADVANCED_FACE ( 'NONE', ( #907 ), #1386, .T. ) ;
#2034 = AXIS2_PLACEMENT_3D ( 'NONE', #2143, #63, #451 ) ;
#2035 = CARTESIAN_POINT ( 'NONE',  ( -2.770384564759292179, -5.799999999999998046, -10.83236936065345901 ) ) ;
#2036 = LINE ( 'NONE', #881, #2971 ) ;
#2037 = ORIENTED_EDGE ( 'NONE', *, *, #2345, .T. ) ;
#2038 = VECTOR ( 'NONE', #383, 1000.000000000000000 ) ;
#2039 = CONICAL_SURFACE ( 'NONE', #381, 1.350000000000000089, 0.7853981633974482790 ) ;
#2040 = VERTEX_POINT ( 'NONE', #2310 ) ;
#2041 = DIRECTION ( 'NONE',  ( 0.000000000000000000, 0.000000000000000000, 1.000000000000000000 ) ) ;
#2042 = AXIS2_PLACEMENT_3D ( 'NONE', #2627, #2685, #2448 ) ;
#2043 = AXIS2_PLACEMENT_3D ( 'NONE', #1141, #860, #1783 ) ;
#2044 = CARTESIAN_POINT ( 'NONE',  ( -10.39721676793699601, -3.799999999999999378, -7.703719777548943412E-31 ) ) ;
#2045 = LINE ( 'NONE', #1361, #231 ) ;
#2046 = ORIENTED_EDGE ( 'NONE', *, *, #116, .T. ) ;
#2047 = EDGE_LOOP ( 'NONE', ( #369, #711, #161, #2104 ) ) ;
#2048 = DIRECTION ( 'NONE',  ( -1.000000000000000000, -2.032879073410333140E-16, 0.000000000000000000 ) ) ;
#2049 = EDGE_CURVE ( 'NONE', #1954, #2116, #2793, .T. ) ;
#2050 = CARTESIAN_POINT ( 'NONE',  ( -3.196222926588305757, -5.299999999999994493, 11.29043856474209484 ) ) ;
#2051 = ADVANCED_FACE ( 'NONE', ( #1432 ), #2080, .T. ) ;
#2052 = ORIENTED_EDGE ( 'NONE', *, *, #354, .T. ) ;
#2053 = FACE_OUTER_BOUND ( 'NONE', #504, .T. ) ;
#2054 = DIRECTION ( 'NONE',  ( -1.000000000000000000, 0.000000000000000000, 0.000000000000000000 ) ) ;
#2055 = VERTEX_POINT ( 'NONE', #2387 ) ;
#2056 = CARTESIAN_POINT ( 'NONE',  ( 12.94972441736410040, -0.2999999999999990452, 3.900000000000000355 ) ) ;
#2057 = DIRECTION ( 'NONE',  ( 1.836970198721029688E-16, -1.000000000000000000, 0.000000000000000000 ) ) ;
#2058 = VERTEX_POINT ( 'NONE', #2825 ) ;
#2059 = VERTEX_POINT ( 'NONE', #1511 ) ;
#2060 = DIRECTION ( 'NONE',  ( 0.000000000000000000, 0.000000000000000000, -1.000000000000000000 ) ) ;
#2061 = CARTESIAN_POINT ( 'NONE',  ( 10.33289778252569668, -5.299999999999990941, -7.610813215765721118 ) ) ;
#2062 = EDGE_CURVE ( 'NONE', #1245, #767, #804, .T. ) ;
#2063 = ADVANCED_FACE ( 'NONE', ( #2839 ), #61, .F. ) ;
#2064 = ORIENTED_EDGE ( 'NONE', *, *, #25, .T. ) ;
#2065 = DIRECTION ( 'NONE',  ( 0.000000000000000000, 0.000000000000000000, -1.000000000000000000 ) ) ;
#2066 = LINE ( 'NONE', #2340, #2276 ) ;
#2067 = CIRCLE ( 'NONE', #753, 1.399999999999995026 ) ;
#2068 = CARTESIAN_POINT ( 'NONE',  ( -14.49721676793699920, -5.299999999999996270, 2.000000000000000000 ) ) ;
#2069 = LINE ( 'NONE', #2102, #572 ) ;
#2070 = ORIENTED_EDGE ( 'NONE', *, *, #2708, .F. ) ;
#2071 = ORIENTED_EDGE ( 'NONE', *, *, #520, .F. ) ;
#2072 = ORIENTED_EDGE ( 'NONE', *, *, #1474, .T. ) ;
#2073 = VERTEX_POINT ( 'NONE', #2608 ) ;
#2074 = CARTESIAN_POINT ( 'NONE',  ( -4.922649730810379154, -5.799999999999998934, 1.350000000000000089 ) ) ;
#2075 = LINE ( 'NONE', #706, #2746 ) ;
#2076 = CARTESIAN_POINT ( 'NONE',  ( 9.435510854991003171, -3.799999999999996270, 1.925929944387235853E-31 ) ) ;
#2077 = VECTOR ( 'NONE', #1372, 1000.000000000000000 ) ;
#2078 = VERTEX_POINT ( 'NONE', #2188 ) ;
#2079 = FACE_OUTER_BOUND ( 'NONE', #2047, .T. ) ;
#2080 = PLANE ( 'NONE',  #985 ) ;
#2081 = VECTOR ( 'NONE', #2503, 1000.000000000000000 ) ;
#2082 = AXIS2_PLACEMENT_3D ( 'NONE', #204, #2557, #924 ) ;
#2083 = DIRECTION ( 'NONE',  ( 1.000000000000000000, 0.000000000000000000, -0.000000000000000000 ) ) ;
#2084 = FACE_BOUND ( 'NONE', #2484, .T. ) ;
#2085 = CARTESIAN_POINT ( 'NONE',  ( 16.53551085499100282, -5.299999999999990052, 2.000000000000000000 ) ) ;
#2086 = DIRECTION ( 'NONE',  ( -1.000000000000000000, -1.836970198721029688E-16, 0.000000000000000000 ) ) ;
#2087 = EDGE_CURVE ( 'NONE', #1044, #834, #1979, .T. ) ;
#2088 = APPROVAL_PERSON_ORGANIZATION ( #1955, #2347, #766 ) ;
#2089 = ADVANCED_FACE ( 'NONE', ( #1220 ), #1963, .T. ) ;
#2090 = VECTOR ( 'NONE', #1189, 1000.000000000000000 ) ;
#2091 = ORIENTED_EDGE ( 'NONE', *, *, #2267, .F. ) ;
#2092 = EDGE_LOOP ( 'NONE', ( #226, #59, #358, #1308 ) ) ;
#2093 = DIRECTION ( 'NONE',  ( -1.000000000000000000, 0.000000000000000000, 0.000000000000000000 ) ) ;
#2094 = DIRECTION ( 'NONE',  ( -1.836970198721029688E-16, 1.000000000000000000, 0.000000000000000000 ) ) ;
#2095 = LINE ( 'NONE', #675, #1891 ) ;
#2096 = ORIENTED_EDGE ( 'NONE', *, *, #239, .F. ) ;
#2097 = DIRECTION ( 'NONE',  ( 0.000000000000000000, 0.000000000000000000, 1.000000000000000000 ) ) ;
#2098 = CARTESIAN_POINT ( 'NONE',  ( 10.48578643762689921, -5.799999999999995381, -5.000000000000000000 ) ) ;
#2099 = CARTESIAN_POINT ( 'NONE',  ( -10.32264973081037418, -5.799999999999999822, -5.000000000000000000 ) ) ;
#2100 = FACE_OUTER_BOUND ( 'NONE', #1956, .T. ) ;
#2101 = PLANE ( 'NONE',  #830 ) ;
#2102 = CARTESIAN_POINT ( 'NONE',  ( 10.33289778252569846, -5.299999999999990052, 7.610813215765724671 ) ) ;
#2103 = EDGE_CURVE ( 'NONE', #2130, #1146, #2874, .T. ) ;
#2104 = ORIENTED_EDGE ( 'NONE', *, *, #1864, .T. ) ;
#2105 = EDGE_CURVE ( 'NONE', #883, #2073, #2670, .T. ) ;
#2106 = VERTEX_POINT ( 'NONE', #757 ) ;
#2107 = DIRECTION ( 'NONE',  ( -1.000000000000000000, -1.742467777208854758E-16, 0.000000000000000000 ) ) ;
#2108 = DIRECTION ( 'NONE',  ( -1.000000000000000000, -2.032879073410324265E-16, 0.000000000000000000 ) ) ;
#2109 = DIRECTION ( 'NONE',  ( 1.836970198721029934E-16, -1.000000000000000000, -0.000000000000000000 ) ) ;
#2110 = ORIENTED_EDGE ( 'NONE', *, *, #2341, .F. ) ;
#2111 = CARTESIAN_POINT ( 'NONE',  ( -14.49721676793700098, -0.3000000000000042633, -2.000000000000000000 ) ) ;
#2112 = DIRECTION ( 'NONE',  ( 0.7071067811865474617, -0.7071067811865474617, 0.000000000000000000 ) ) ;
#2113 = LINE ( 'NONE', #33, #1057 ) ;
#2114 = CARTESIAN_POINT ( 'NONE',  ( 18.43551085499100139, -5.299999999999990052, -2.000000000000000000 ) ) ;
#2115 = LINE ( 'NONE', #53, #821 ) ;
#2116 = VERTEX_POINT ( 'NONE', #2154 ) ;
#2117 = VERTEX_POINT ( 'NONE', #820 ) ;
#2118 = CARTESIAN_POINT ( 'NONE',  ( -9.922649730810377378, -5.299999999999995381, 7.806828091810600334 ) ) ;
#2119 = ADVANCED_FACE ( 'NONE', ( #121 ), #1285, .T. ) ;
#2120 =( NAMED_UNIT ( * ) PLANE_ANGLE_UNIT ( ) SI_UNIT ( $, .RADIAN. ) );
#2121 = DIRECTION ( 'NONE',  ( 0.000000000000000000, -0.000000000000000000, 1.000000000000000000 ) ) ;
#2122 = ORIENTED_EDGE ( 'NONE', *, *, #2049, .F. ) ;
#2123 = PLANE ( 'NONE',  #897 ) ;
#2124 = CARTESIAN_POINT ( 'NONE',  ( -10.32264973081037418, 0.2000000000000004274, 2.000000000000000000 ) ) ;
#2125 = AXIS2_PLACEMENT_3D ( 'NONE', #941, #2964, #1852 ) ;
#2126 = AXIS2_PLACEMENT_3D ( 'NONE', #2250, #2698, #1582 ) ;
#2127 = CARTESIAN_POINT ( 'NONE',  ( -10.32264973081037418, -5.799999999999999822, 7.806828091810600334 ) ) ;
#2128 = CARTESIAN_POINT ( 'NONE',  ( -14.49721676793700098, -0.3000000000000042633, -3.900000000000000355 ) ) ;
#2129 = FACE_OUTER_BOUND ( 'NONE', #2392, .T. ) ;
#2130 = VERTEX_POINT ( 'NONE', #74 ) ;
#2131 = DIRECTION ( 'NONE',  ( 0.000000000000000000, 0.000000000000000000, 1.000000000000000000 ) ) ;
#2132 = CIRCLE ( 'NONE', #2424, 1.899999999999999023 ) ;
#2133 = AXIS2_PLACEMENT_3D ( 'NONE', #1204, #2767, #534 ) ;
#2134 = VERTEX_POINT ( 'NONE', #2368 ) ;
#2135 = VECTOR ( 'NONE', #2481, 1000.000000000000000 ) ;
#2136 = LINE ( 'NONE', #2834, #94 ) ;
#2137 = ORIENTED_EDGE ( 'NONE', *, *, #782, .T. ) ;
#2138 = EDGE_CURVE ( 'NONE', #2040, #1193, #1704, .T. ) ;
#2139 = ORIENTED_EDGE ( 'NONE', *, *, #333, .T. ) ;
#2140 = CARTESIAN_POINT ( 'NONE',  ( -3.196222926588305757, -5.299999999999994493, 11.29043856474209484 ) ) ;
#2141 = DIRECTION ( 'NONE',  ( 0.9363291775690446572, 0.000000000000000000, 0.3511234415883912607 ) ) ;
#2142 = ADVANCED_FACE ( 'NONE', ( #776 ), #1957, .T. ) ;
#2143 = CARTESIAN_POINT ( 'NONE',  ( -16.39721676793699956, -5.299999999999996270, -2.000000000000000444 ) ) ;
#2144 = CARTESIAN_POINT ( 'NONE',  ( 12.08578643762690241, -5.799999999999995381, 3.399999999999995914 ) ) ;
#2145 = DIRECTION ( 'NONE',  ( 0.000000000000000000, 0.000000000000000000, 1.000000000000000000 ) ) ;
#2146 = VECTOR ( 'NONE', #1947, 999.9999999999998863 ) ;
#2147 = ORIENTED_EDGE ( 'NONE', *, *, #1495, .F. ) ;
#2148 = DIRECTION ( 'NONE',  ( 0.000000000000000000, -0.7071067811865471286, -0.7071067811865479058 ) ) ;
#2149 = VERTEX_POINT ( 'NONE', #2169 ) ;
#2150 = EDGE_LOOP ( 'NONE', ( #1169, #1192, #1826, #1702, #1054 ) ) ;
#2151 = DIRECTION ( 'NONE',  ( 0.000000000000000000, 0.000000000000000000, -1.000000000000000000 ) ) ;
#2152 = ORIENTED_EDGE ( 'NONE', *, *, #2620, .F. ) ;
#2153 = CARTESIAN_POINT ( 'NONE',  ( -10.82264973081036352, -5.799999999999999822, 5.000000000000000000 ) ) ;
#2154 = CARTESIAN_POINT ( 'NONE',  ( -4.922649730810380042, -0.3000000000000025424, -1.350000000000000089 ) ) ;
#2155 = EDGE_CURVE ( 'NONE', #1776, #2204, #638, .T. ) ;
#2156 = EDGE_CURVE ( 'NONE', #370, #122, #299, .T. ) ;
#2157 = CARTESIAN_POINT ( 'NONE',  ( -2.633100484259955909, -5.299999999999993605, 11.31315318030783956 ) ) ;
#2158 = LINE ( 'NONE', #1068, #2903 ) ;
#2159 = AXIS2_PLACEMENT_3D ( 'NONE', #1811, #411, #623 ) ;
#2160 = VECTOR ( 'NONE', #2409, 1000.000000000000000 ) ;
#2161 = ORIENTED_EDGE ( 'NONE', *, *, #1025, .T. ) ;
#2162 = LINE ( 'NONE', #81, #852 ) ;
#2163 = CIRCLE ( 'NONE', #2548, 1.399999999999995026 ) ;
#2164 = EDGE_LOOP ( 'NONE', ( #1528, #2497, #1087, #1661 ) ) ;
#2165 = EDGE_LOOP ( 'NONE', ( #1391, #1971, #2212, #940 ) ) ;
#2166 = CARTESIAN_POINT ( 'NONE',  ( 17.93551085499099784, -5.799999999999994493, -2.000000000000000000 ) ) ;
#2167 = EDGE_LOOP ( 'NONE', ( #1161, #2091, #2000, #1681 ) ) ;
#2168 = FACE_OUTER_BOUND ( 'NONE', #2167, .T. ) ;
#2169 = CARTESIAN_POINT ( 'NONE',  ( -10.32264973081037418, 0.2000000000000004274, 7.806828091810600334 ) ) ;
#2170 = ORIENTED_EDGE ( 'NONE', *, *, #2013, .F. ) ;
#2171 = DIRECTION ( 'NONE',  ( 1.836970198721029688E-16, -1.000000000000000000, -0.000000000000000000 ) ) ;
#2172 = CARTESIAN_POINT ( 'NONE',  ( -14.49721676793700098, 0.1999999999999996503, -2.000000000000000000 ) ) ;
#2173 = EDGE_CURVE ( 'NONE', #368, #2390, #1928, .T. ) ;
#2174 = AXIS2_PLACEMENT_3D ( 'NONE', #2579, #2171, #2672 ) ;
#2175 = EDGE_CURVE ( 'NONE', #2754, #194, #1191, .T. ) ;
#2176 = DIRECTION ( 'NONE',  ( -0.7071067811865474617, 0.7071067811865474617, 0.000000000000000000 ) ) ;
#2177 = DIRECTION ( 'NONE',  ( 1.836970198721029934E-16, -1.000000000000000000, -0.000000000000000000 ) ) ;
#2178 = EDGE_CURVE ( 'NONE', #774, #1168, #87, .T. ) ;
#2179 = VECTOR ( 'NONE', #2086, 1000.000000000000000 ) ;
#2180 = AXIS2_PLACEMENT_3D ( 'NONE', #724, #1633, #28 ) ;
#2181 = ORIENTED_EDGE ( 'NONE', *, *, #1657, .T. ) ;
#2182 = AXIS2_PLACEMENT_3D ( 'NONE', #1459, #1228, #552 ) ;
#2183 = VERTEX_POINT ( 'NONE', #327 ) ;
#2184 = VECTOR ( 'NONE', #2343, 1000.000000000000000 ) ;
#2185 = CARTESIAN_POINT ( 'NONE',  ( 18.43551085499100139, -0.2999999999999979905, -2.000000000000000000 ) ) ;
#2186 = ORIENTED_EDGE ( 'NONE', *, *, #443, .T. ) ;
#2187 = DIRECTION ( 'NONE',  ( -0.1941490085400763843, -0.7071067811865474617, 0.6799309983247604494 ) ) ;
#2188 = CARTESIAN_POINT ( 'NONE',  ( 6.535510854991002816, -5.799999999999997158, 3.551475717527325805E-16 ) ) ;
#2189 = UNCERTAINTY_MEASURE_WITH_UNIT (LENGTH_MEASURE( 1.000000000000000082E-05 ), #2381, 'distance_accuracy_value', 'NONE');
#2190 = ORIENTED_EDGE ( 'NONE', *, *, #2236, .F. ) ;
#2191 = LINE ( 'NONE', #1303, #523 ) ;
#2192 = LINE ( 'NONE', #2673, #2748 ) ;
#2193 = DIRECTION ( 'NONE',  ( 0.7071067811865475727, -0.7071067811865475727, -0.000000000000000000 ) ) ;
#2194 = PLANE ( 'NONE',  #457 ) ;
#2195 = EDGE_CURVE ( 'NONE', #1954, #2351, #1267, .T. ) ;
#2196 = EDGE_CURVE ( 'NONE', #209, #1690, #2036, .T. ) ;
#2197 = VERTEX_POINT ( 'NONE', #1580 ) ;
#2198 = SECURITY_CLASSIFICATION_LEVEL ( 'unclassified' ) ;
#2199 = VERTEX_POINT ( 'NONE', #2936 ) ;
#2200 = CARTESIAN_POINT ( 'NONE',  ( 12.08578643762690241, -5.299999999999990941, 5.000000000000000000 ) ) ;
#2201 = ORIENTED_EDGE ( 'NONE', *, *, #2504, .F. ) ;
#2202 = CARTESIAN_POINT ( 'NONE',  ( -3.196222926588304425, -5.299999999999993605, -11.29043856474209662 ) ) ;
#2203 = DIRECTION ( 'NONE',  ( 1.000000000000000000, 1.836970198721029688E-16, 0.000000000000000000 ) ) ;
#2204 = VERTEX_POINT ( 'NONE', #135 ) ;
#2205 = CIRCLE ( 'NONE', #2587, 1.850000000000000533 ) ;
#2206 = ORIENTED_EDGE ( 'NONE', *, *, #1294, .T. ) ;
#2207 = DIRECTION ( 'NONE',  ( 0.9615676393087544405, 1.766371097464713951E-16, -0.2745681609986653782 ) ) ;
#2208 = FACE_OUTER_BOUND ( 'NONE', #2007, .T. ) ;
#2209 = DIRECTION ( 'NONE',  ( -0.000000000000000000, 1.000000000000000000, -0.000000000000000000 ) ) ;
#2210 = FACE_OUTER_BOUND ( 'NONE', #856, .T. ) ;
#2211 = ORIENTED_EDGE ( 'NONE', *, *, #2195, .F. ) ;
#2212 = ORIENTED_EDGE ( 'NONE', *, *, #2873, .F. ) ;
#2213 = AXIS2_PLACEMENT_3D ( 'NONE', #982, #1909, #2817 ) ;
#2214 = EDGE_CURVE ( 'NONE', #246, #1867, #174, .T. ) ;
#2215 = DIRECTION ( 'NONE',  ( -0.000000000000000000, 1.000000000000000000, -0.000000000000000000 ) ) ;
#2216 = ORIENTED_EDGE ( 'NONE', *, *, #955, .F. ) ;
#2217 = CARTESIAN_POINT ( 'NONE',  ( 10.48578643762689744, 0.2000000000000042299, 5.000000000000000000 ) ) ;
#2218 = EDGE_CURVE ( 'NONE', #986, #1538, #375, .T. ) ;
#2219 = DIRECTION ( 'NONE',  ( -1.000000000000000000, 0.000000000000000000, 0.000000000000000000 ) ) ;
#2220 = ORIENTED_EDGE ( 'NONE', *, *, #1275, .F. ) ;
#2221 = DIRECTION ( 'NONE',  ( -0.1941490085400716936, 0.7071067811865467956, 0.6799309983247624478 ) ) ;
#2222 = CARTESIAN_POINT ( 'NONE',  ( -2.633100484259955909, -5.299999999999993605, -11.31315318030784667 ) ) ;
#2223 = DIRECTION ( 'NONE',  ( 8.673617379883967433E-16, -1.000000000000000000, 0.000000000000000000 ) ) ;
#2224 = LINE ( 'NONE', #2404, #265 ) ;
#2225 = ORIENTED_EDGE ( 'NONE', *, *, #1773, .F. ) ;
#2226 = VERTEX_POINT ( 'NONE', #2248 ) ;
#2227 = AXIS2_PLACEMENT_3D ( 'NONE', #2298, #2344, #913 ) ;
#2228 = AXIS2_PLACEMENT_3D ( 'NONE', #1489, #1248, #773 ) ;
#2229 = VECTOR ( 'NONE', #1878, 1000.000000000000000 ) ;
#2230 = CARTESIAN_POINT ( 'NONE',  ( -15.89721676793699423, 0.1999999999999993727, 2.000000000000000000 ) ) ;
#2231 = LINE ( 'NONE', #2074, #1970 ) ;
#2232 = LINE ( 'NONE', #839, #1794 ) ;
#2233 = ORIENTED_EDGE ( 'NONE', *, *, #1438, .F. ) ;
#2234 = SECURITY_CLASSIFICATION ( '', '', #2198 ) ;
#2235 = VECTOR ( 'NONE', #1706, 1000.000000000000000 ) ;
#2236 = EDGE_CURVE ( 'NONE', #2930, #1560, #392, .T. ) ;
#2237 = ADVANCED_FACE ( 'NONE', ( #1791 ), #2952, .T. ) ;
#2238 = ORIENTED_EDGE ( 'NONE', *, *, #1840, .T. ) ;
#2239 = AXIS2_PLACEMENT_3D ( 'NONE', #1799, #397, #2967 ) ;
#2240 = LINE ( 'NONE', #176, #303 ) ;
#2241 = CARTESIAN_POINT ( 'NONE',  ( 16.53551085499100282, -5.799999999999994493, -3.399999999999996803 ) ) ;
#2242 = CARTESIAN_POINT ( 'NONE',  ( -14.49721676793700098, 0.1999999999999996503, -3.399999999999996803 ) ) ;
#2243 = ORIENTED_EDGE ( 'NONE', *, *, #78, .F. ) ;
#2244 = ORIENTED_EDGE ( 'NONE', *, *, #2103, .T. ) ;
#2245 = CIRCLE ( 'NONE', #1711, 0.9000000000000023537 ) ;
#2246 = DIRECTION ( 'NONE',  ( 0.000000000000000000, 0.000000000000000000, 1.000000000000000000 ) ) ;
#2247 = CYLINDRICAL_SURFACE ( 'NONE', #600, 1.350000000000000533 ) ;
#2248 = CARTESIAN_POINT ( 'NONE',  ( -15.89721676793699423, -5.800000000000000711, 2.000000000000000000 ) ) ;
#2249 = ORIENTED_EDGE ( 'NONE', *, *, #628, .T. ) ;
#2250 = CARTESIAN_POINT ( 'NONE',  ( 16.53551085499100282, -5.799999999999994493, -2.000000000000000000 ) ) ;
#2251 = EDGE_CURVE ( 'NONE', #2914, #543, #1805, .T. ) ;
#2252 = EDGE_CURVE ( 'NONE', #2117, #2692, #1329, .T. ) ;
#2253 = FACE_OUTER_BOUND ( 'NONE', #1441, .T. ) ;
#2254 = DIRECTION ( 'NONE',  ( -1.836970198721029441E-16, 1.000000000000000000, 0.000000000000000000 ) ) ;
#2255 = CC_DESIGN_PERSON_AND_ORGANIZATION_ASSIGNMENT ( #160, #2440, ( #2616 ) ) ;
#2256 = VERTEX_POINT ( 'NONE', #164 ) ;
#2257 = EDGE_LOOP ( 'NONE', ( #1945, #57, #770, #669 ) ) ;
#2258 = CIRCLE ( 'NONE', #1095, 1.350000000000000311 ) ;
#2259 = VECTOR ( 'NONE', #1440, 1000.000000000000000 ) ;
#2260 = LINE ( 'NONE', #2707, #2516 ) ;
#2261 = DIRECTION ( 'NONE',  ( 0.9615676393087543294, 1.766371097464713951E-16, 0.2745681609986660443 ) ) ;
#2262 = EDGE_LOOP ( 'NONE', ( #1469, #439, #2739, #2601 ) ) ;
#2263 = DIRECTION ( 'NONE',  ( -1.000000000000000000, -1.742467777208850321E-16, 0.000000000000000000 ) ) ;
#2264 = DIRECTION ( 'NONE',  ( 0.000000000000000000, 0.000000000000000000, -1.000000000000000000 ) ) ;
#2265 = EDGE_CURVE ( 'NONE', #2726, #2149, #2730, .T. ) ;
#2266 = DIRECTION ( 'NONE',  ( 0.000000000000000000, 0.000000000000000000, 1.000000000000000000 ) ) ;
#2267 = EDGE_CURVE ( 'NONE', #717, #1444, #2232, .T. ) ;
#2268 = ORIENTED_EDGE ( 'NONE', *, *, #2888, .T. ) ;
#2269 = EDGE_CURVE ( 'NONE', #887, #2301, #1092, .T. ) ;
#2270 = ORIENTED_EDGE ( 'NONE', *, *, #2830, .T. ) ;
#2271 = CIRCLE ( 'NONE', #2610, 0.3999999999999993006 ) ;
#2272 = AXIS2_PLACEMENT_3D ( 'NONE', #2356, #1447, #2371 ) ;
#2273 = CARTESIAN_POINT ( 'NONE',  ( 10.08578643762690064, 0.2000000000000041467, -6.745402340387840034 ) ) ;
#2274 = CARTESIAN_POINT ( 'NONE',  ( -2.880211829158748849, -5.799999999999998934, -10.44774230492995848 ) ) ;
#2275 = CARTESIAN_POINT ( 'NONE',  ( -13.07456703712661827, -5.800000000000000711, 3.900000000000000355 ) ) ;
#2276 = VECTOR ( 'NONE', #2112, 1000.000000000000114 ) ;
#2277 = VECTOR ( 'NONE', #1382, 1000.000000000000000 ) ;
#2278 = ORIENTED_EDGE ( 'NONE', *, *, #2710, .T. ) ;
#2279 = FACE_OUTER_BOUND ( 'NONE', #2432, .T. ) ;
#2280 = CONICAL_SURFACE ( 'NONE', #1562, 0.8999999999999989120, 0.7853981633974482790 ) ;
#2281 = CYLINDRICAL_SURFACE ( 'NONE', #501, 1.899999999999999023 ) ;
#2282 = AXIS2_PLACEMENT_3D ( 'NONE', #1611, #410, #1375 ) ;
#2283 = ORIENTED_EDGE ( 'NONE', *, *, #2173, .T. ) ;
#2284 = VECTOR ( 'NONE', #2264, 1000.000000000000000 ) ;
#2285 = LINE ( 'NONE', #2981, #1896 ) ;
#2286 = CARTESIAN_POINT ( 'NONE',  ( -14.49721676793699920, -5.800000000000000711, 3.399999999999996358 ) ) ;
#2287 = ORIENTED_EDGE ( 'NONE', *, *, #1279, .F. ) ;
#2288 = ORIENTED_EDGE ( 'NONE', *, *, #2456, .T. ) ;
#2289 = ADVANCED_FACE ( 'NONE', ( #630, #1570 ), #360, .T. ) ;
#2290 = EDGE_CURVE ( 'NONE', #68, #2692, #1841, .T. ) ;
#2291 = LINE ( 'NONE', #2729, #2377 ) ;
#2292 = DIRECTION ( 'NONE',  ( -1.298934084353239066E-16, 0.7071067811865471286, -0.7071067811865479058 ) ) ;
#2293 = ORIENTED_EDGE ( 'NONE', *, *, #2652, .T. ) ;
#2294 = DIRECTION ( 'NONE',  ( -0.000000000000000000, 1.000000000000000000, -0.000000000000000000 ) ) ;
#2295 = FACE_OUTER_BOUND ( 'NONE', #201, .T. ) ;
#2296 = ORIENTED_EDGE ( 'NONE', *, *, #593, .F. ) ;
#2297 = CARTESIAN_POINT ( 'NONE',  ( -10.82264973081037951, -0.3000000000000025424, -6.535889741755010363 ) ) ;
#2298 = CARTESIAN_POINT ( 'NONE',  ( -2.880211829158753734, -5.299999999999993605, 10.44774230492995848 ) ) ;
#2299 = ORIENTED_EDGE ( 'NONE', *, *, #1275, .T. ) ;
#2300 = ORIENTED_EDGE ( 'NONE', *, *, #689, .F. ) ;
#2301 = VERTEX_POINT ( 'NONE', #1061 ) ;
#2302 = CARTESIAN_POINT ( 'NONE',  ( -9.922649730810377378, -5.799999999999999822, 7.806828091810600334 ) ) ;
#2303 = AXIS2_PLACEMENT_3D ( 'NONE', #1410, #248, #1648 ) ;
#2304 = CARTESIAN_POINT ( 'NONE',  ( 12.08578643762690064, 0.2000000000000048683, -5.000000000000000000 ) ) ;
#2305 = DIRECTION ( 'NONE',  ( -0.1941490085400763288, 0.7071067811865470176, 0.6799309983247610045 ) ) ;
#2306 = EDGE_CURVE ( 'NONE', #597, #555, #1120, .T. ) ;
#2307 = EDGE_CURVE ( 'NONE', #798, #2055, #696, .T. ) ;
#2308 = VERTEX_POINT ( 'NONE', #2682 ) ;
#2309 = DIRECTION ( 'NONE',  ( 0.000000000000000000, 0.000000000000000000, 1.000000000000000000 ) ) ;
#2310 = CARTESIAN_POINT ( 'NONE',  ( -11.92264973081037915, 0.2000000000000001221, -3.399999999999996803 ) ) ;
#2311 = AXIS2_PLACEMENT_3D ( 'NONE', #1679, #1451, #2107 ) ;
#2312 = FACE_OUTER_BOUND ( 'NONE', #1027, .T. ) ;
#2313 = DIRECTION ( 'NONE',  ( 1.000000000000000000, 1.495451272393799789E-16, 0.000000000000000000 ) ) ;
#2314 = DIRECTION ( 'NONE',  ( -1.000000000000000000, 0.000000000000000000, 0.000000000000000000 ) ) ;
#2315 = ORIENTED_EDGE ( 'NONE', *, *, #393, .F. ) ;
#2316 = VERTEX_POINT ( 'NONE', #2459 ) ;
#2317 = CARTESIAN_POINT ( 'NONE',  ( -2.880211829158749737, -0.3000000000000016542, -10.44774230492995848 ) ) ;
#2318 = CARTESIAN_POINT ( 'NONE',  ( 10.48578643762690099, 0.2000000000000042299, 6.745402340387840034 ) ) ;
#2319 = PLANE ( 'NONE',  #1109 ) ;
#2320 = VECTOR ( 'NONE', #236, 1000.000000000000000 ) ;
#2321 = ORIENTED_EDGE ( 'NONE', *, *, #2582, .F. ) ;
#2322 = CARTESIAN_POINT ( 'NONE',  ( -10.82264973081037773, -5.299999999999995381, -5.000000000000000000 ) ) ;
#2323 = CARTESIAN_POINT ( 'NONE',  ( -4.922649730810379154, -5.799999999999998934, -1.350000000000000089 ) ) ;
#2324 = AXIS2_PLACEMENT_3D ( 'NONE', #2783, #2982, #716 ) ;
#2325 = VECTOR ( 'NONE', #785, 999.9999999999998863 ) ;
#2326 = EDGE_CURVE ( 'NONE', #2058, #2134, #1555, .T. ) ;
#2327 = ADVANCED_FACE ( 'NONE', ( #1313 ), #2039, .F. ) ;
#2328 = CONICAL_SURFACE ( 'NONE', #144, 1.600000000000004086, 0.7853981633974485010 ) ;
#2329 = DIRECTION ( 'NONE',  ( -0.000000000000000000, 1.000000000000000000, -0.000000000000000000 ) ) ;
#2330 = CARTESIAN_POINT ( 'NONE',  ( 12.94972441736410218, -5.799999999999995381, 3.900000000000000355 ) ) ;
#2331 = FACE_OUTER_BOUND ( 'NONE', #1923, .T. ) ;
#2332 = DIRECTION ( 'NONE',  ( 1.000000000000000000, 1.495451272393799789E-16, 0.000000000000000000 ) ) ;
#2333 = ORIENTED_EDGE ( 'NONE', *, *, #2175, .F. ) ;
#2334 = EDGE_LOOP ( 'NONE', ( #2683, #797, #818, #1961 ) ) ;
#2335 = CARTESIAN_POINT ( 'NONE',  ( -4.922649730810380042, 0.2000000000000014266, -1.850000000000004308 ) ) ;
#2336 = CARTESIAN_POINT ( 'NONE',  ( -15.89721676793699423, -5.800000000000000711, -2.000000000000000000 ) ) ;
#2337 = LINE ( 'NONE', #1428, #575 ) ;
#2338 = ORIENTED_EDGE ( 'NONE', *, *, #1535, .T. ) ;
#2339 = CARTESIAN_POINT ( 'NONE',  ( -10.32264973081037418, 0.2000000000000004274, 2.000000000000000000 ) ) ;
#2340 = CARTESIAN_POINT ( 'NONE',  ( -10.82264973081037773, -5.299999999999995381, 7.806828091810600334 ) ) ;
#2341 = EDGE_CURVE ( 'NONE', #1653, #692, #2898, .T. ) ;
#2342 = FACE_OUTER_BOUND ( 'NONE', #1785, .T. ) ;
#2343 = DIRECTION ( 'NONE',  ( -0.7071067811865470176, -0.7071067811865481278, 0.000000000000000000 ) ) ;
#2344 = DIRECTION ( 'NONE',  ( -0.000000000000000000, 1.000000000000000000, -0.000000000000000000 ) ) ;
#2345 = EDGE_CURVE ( 'NONE', #2591, #1731, #2741, .T. ) ;
#2346 = ORIENTED_EDGE ( 'NONE', *, *, #1196, .F. ) ;
#2347 = APPROVAL ( #83, 'UNSPECIFIED' ) ;
#2348 = ORIENTED_EDGE ( 'NONE', *, *, #1494, .F. ) ;
#2349 = DIRECTION ( 'NONE',  ( -0.000000000000000000, 1.000000000000000000, -0.000000000000000000 ) ) ;
#2350 = DIRECTION ( 'NONE',  ( -0.9363291775690446572, -1.720008795387306435E-16, 0.3511234415883912607 ) ) ;
#2351 = VERTEX_POINT ( 'NONE', #2575 ) ;
#2352 = CARTESIAN_POINT ( 'NONE',  ( -10.82264973081037773, -5.799999999999999822, -7.806828091810600334 ) ) ;
#2353 = CARTESIAN_POINT ( 'NONE',  ( 10.98578643762690277, -5.299999999999990941, 5.000000000000000000 ) ) ;
#2354 = VECTOR ( 'NONE', #2695, 1000.000000000000114 ) ;
#2355 = VECTOR ( 'NONE', #2907, 1000.000000000000000 ) ;
#2356 = CARTESIAN_POINT ( 'NONE',  ( -4.922649730810379154, -5.299999999999997158, 0.000000000000000000 ) ) ;
#2357 = CARTESIAN_POINT ( 'NONE',  ( -14.49721676793699920, -5.299999999999996270, -3.900000000000000355 ) ) ;
#2358 = DIRECTION ( 'NONE',  ( 0.000000000000000000, -1.000000000000000000, 0.000000000000000000 ) ) ;
#2359 = ORIENTED_EDGE ( 'NONE', *, *, #259, .T. ) ;
#2360 = ORIENTED_EDGE ( 'NONE', *, *, #2252, .T. ) ;
#2361 = PLANE ( 'NONE',  #2213 ) ;
#2362 = EDGE_CURVE ( 'NONE', #370, #341, #1620, .T. ) ;
#2363 = EDGE_CURVE ( 'NONE', #2011, #2116, #42, .T. ) ;
#2364 = ORIENTED_EDGE ( 'NONE', *, *, #131, .F. ) ;
#2365 = APPROVAL_ROLE ( '' ) ;
#2366 = ORIENTED_EDGE ( 'NONE', *, *, #1383, .T. ) ;
#2367 = LINE ( 'NONE', #2636, #1 ) ;
#2368 = CARTESIAN_POINT ( 'NONE',  ( -10.06309910744572278, 0.2000000000000004829, -8.181359762838219751 ) ) ;
#2369 = CIRCLE ( 'NONE', #2987, 1.850000000000000089 ) ;
#2370 = AXIS2_PLACEMENT_3D ( 'NONE', #1449, #2373, #2145 ) ;
#2371 = DIRECTION ( 'NONE',  ( 0.000000000000000000, 0.000000000000000000, 1.000000000000000000 ) ) ;
#2372 = DIRECTION ( 'NONE',  ( 0.000000000000000000, 0.000000000000000000, -1.000000000000000000 ) ) ;
#2373 = DIRECTION ( 'NONE',  ( -0.000000000000000000, 1.000000000000000000, -0.000000000000000000 ) ) ;
#2374 = CONICAL_SURFACE ( 'NONE', #1644, 0.3999999999999966915, 0.7853981633974476129 ) ;
#2375 = ORIENTED_EDGE ( 'NONE', *, *, #1999, .F. ) ;
#2376 = LINE ( 'NONE', #472, #2826 ) ;
#2377 = VECTOR ( 'NONE', #654, 1000.000000000000114 ) ;
#2378 = VECTOR ( 'NONE', #2642, 1000.000000000000000 ) ;
#2379 = ORIENTED_EDGE ( 'NONE', *, *, #2962, .F. ) ;
#2380 = AXIS2_PLACEMENT_3D ( 'NONE', #2863, #319, #780 ) ;
#2381 =( LENGTH_UNIT ( ) NAMED_UNIT ( * ) SI_UNIT ( .MILLI., .METRE. ) );
#2382 = EDGE_CURVE ( 'NONE', #883, #2116, #2543, .T. ) ;
#2383 = EDGE_CURVE ( 'NONE', #1560, #834, #722, .T. ) ;
#2384 = LINE ( 'NONE', #928, #232 ) ;
#2385 = ORIENTED_EDGE ( 'NONE', *, *, #2522, .F. ) ;
#2386 = CARTESIAN_POINT ( 'NONE',  ( 2.577350269189625287, -0.3000000000000007661, 1.350000000000000089 ) ) ;
#2387 = CARTESIAN_POINT ( 'NONE',  ( -11.92264973081038626, -5.799999999999999822, 3.399999999999996358 ) ) ;
#2388 = CARTESIAN_POINT ( 'NONE',  ( -2.633100484259955909, -5.799999999999998046, -11.31315318030784667 ) ) ;
#2389 = FACE_OUTER_BOUND ( 'NONE', #848, .T. ) ;
#2390 = VERTEX_POINT ( 'NONE', #264 ) ;
#2391 = DIRECTION ( 'NONE',  ( -1.000000000000000000, -1.904679492204260742E-16, 0.000000000000000000 ) ) ;
#2392 = EDGE_LOOP ( 'NONE', ( #2900, #2441, #632, #905 ) ) ;
#2393 = PERSON_AND_ORGANIZATION ( #1079, #386 ) ;
#2394 = ORIENTED_EDGE ( 'NONE', *, *, #2400, .T. ) ;
#2395 = CARTESIAN_POINT ( 'NONE',  ( 18.43551085499100139, -5.299999999999990052, 2.000000000000000000 ) ) ;
#2396 = ORIENTED_EDGE ( 'NONE', *, *, #2196, .F. ) ;
#2397 = PLANE ( 'NONE',  #409 ) ;
#2398 = CARTESIAN_POINT ( 'NONE',  ( 16.53551085499100282, -0.2999999999999981570, 2.000000000000000000 ) ) ;
#2399 = PRODUCT_DEFINITION ( 'UNKNOWN', '', #2616, #89 ) ;
#2400 = EDGE_CURVE ( 'NONE', #1766, #640, #1370, .T. ) ;
#2401 = DIRECTION ( 'NONE',  ( -1.836970198721029688E-16, 1.000000000000000000, 0.000000000000000000 ) ) ;
#2402 = LINE ( 'NONE', #332, #581 ) ;
#2403 = ORIENTED_EDGE ( 'NONE', *, *, #41, .F. ) ;
#2404 = CARTESIAN_POINT ( 'NONE',  ( 6.535510854991002816, -3.799999999999996714, 3.551475717527325805E-16 ) ) ;
#2405 = ORIENTED_EDGE ( 'NONE', *, *, #2218, .T. ) ;
#2406 = ORIENTED_EDGE ( 'NONE', *, *, #1958, .F. ) ;
#2407 = CARTESIAN_POINT ( 'NONE',  ( -13.29721676793699636, -3.799999999999999822, 3.551475717527315451E-16 ) ) ;
#2408 = VERTEX_POINT ( 'NONE', #2061 ) ;
#2409 = DIRECTION ( 'NONE',  ( -1.836970198721029441E-16, 1.000000000000000000, 0.000000000000000000 ) ) ;
#2410 = CARTESIAN_POINT ( 'NONE',  ( -10.39721676793699601, -5.799999999999999822, -7.703719777548943412E-31 ) ) ;
#2411 = ORIENTED_EDGE ( 'NONE', *, *, #805, .T. ) ;
#2412 = ADVANCED_BREP_SHAPE_REPRESENTATION ( 'cut_holder', ( #656, #725 ), #334 ) ;
#2413 = ORIENTED_EDGE ( 'NONE', *, *, #1006, .T. ) ;
#2414 = DIRECTION ( 'NONE',  ( -1.836970198721029441E-16, 1.000000000000000000, 0.000000000000000000 ) ) ;
#2415 = DIRECTION ( 'NONE',  ( 0.000000000000000000, 0.000000000000000000, -1.000000000000000000 ) ) ;
#2416 = ADVANCED_FACE ( 'NONE', ( #1414 ), #969, .T. ) ;
#2417 = EDGE_CURVE ( 'NONE', #209, #2420, #1850, .T. ) ;
#2418 = AXIS2_PLACEMENT_3D ( 'NONE', #1628, #453, #1907 ) ;
#2419 = AXIS2_PLACEMENT_3D ( 'NONE', #2844, #1273, #1516 ) ;
#2420 = VERTEX_POINT ( 'NONE', #2743 ) ;
#2421 = FACE_OUTER_BOUND ( 'NONE', #1892, .T. ) ;
#2422 = AXIS2_PLACEMENT_3D ( 'NONE', #243, #1612, #2314 ) ;
#2423 = ORIENTED_EDGE ( 'NONE', *, *, #866, .T. ) ;
#2424 = AXIS2_PLACEMENT_3D ( 'NONE', #1804, #2718, #614 ) ;
#2425 = ORIENTED_EDGE ( 'NONE', *, *, #2689, .F. ) ;
#2426 = CIRCLE ( 'NONE', #922, 1.399999999999996803 ) ;
#2427 = AXIS2_PLACEMENT_3D ( 'NONE', #1757, #1023, #549 ) ;
#2428 = CARTESIAN_POINT ( 'NONE',  ( -7.497216767936997428, -3.799999999999998934, -7.703719777548943412E-31 ) ) ;
#2429 = ORIENTED_EDGE ( 'NONE', *, *, #2030, .F. ) ;
#2430 = DIRECTION ( 'NONE',  ( 0.7071067811865467956, -0.7071067811865483499, 0.000000000000000000 ) ) ;
#2431 = CARTESIAN_POINT ( 'NONE',  ( -3.196222926588304425, -5.799999999999998934, -11.29043856474209662 ) ) ;
#2432 = EDGE_LOOP ( 'NONE', ( #566, #2046, #1271, #1326 ) ) ;
#2433 = CARTESIAN_POINT ( 'NONE',  ( 10.33289778252569846, -5.299999999999990052, 7.610813215765723783 ) ) ;
#2434 = LINE ( 'NONE', #317, #2378 ) ;
#2435 = EDGE_CURVE ( 'NONE', #598, #2890, #2095, .T. ) ;
#2436 = CYLINDRICAL_SURFACE ( 'NONE', #2427, 1.350000000000000533 ) ;
#2437 = DIRECTION ( 'NONE',  ( -1.836970198721029688E-16, 1.000000000000000000, 0.000000000000000000 ) ) ;
#2438 = ADVANCED_FACE ( 'NONE', ( #476 ), #525, .T. ) ;
#2439 = VERTEX_POINT ( 'NONE', #1900 ) ;
#2440 = PERSON_AND_ORGANIZATION_ROLE ( 'design_supplier' ) ;
#2441 = ORIENTED_EDGE ( 'NONE', *, *, #2946, .F. ) ;
#2442 = PLANE ( 'NONE',  #1069 ) ;
#2443 = ORIENTED_EDGE ( 'NONE', *, *, #1557, .F. ) ;
#2444 = CARTESIAN_POINT ( 'NONE',  ( 16.53551085499100282, 0.2000000000000053402, -3.399999999999996803 ) ) ;
#2445 = CARTESIAN_POINT ( 'NONE',  ( -11.92264973081035961, -5.799999999999999822, 5.000000000000000000 ) ) ;
#2446 = ORIENTED_EDGE ( 'NONE', *, *, #2156, .T. ) ;
#2447 = CARTESIAN_POINT ( 'NONE',  ( 10.98578643762690099, -0.3000000000000007661, 5.000000000000000000 ) ) ;
#2448 = DIRECTION ( 'NONE',  ( 0.9615676393087544405, 1.766371097464713951E-16, -0.2745681609986653227 ) ) ;
#2449 = CONICAL_SURFACE ( 'NONE', #1247, 1.399999999999995914, 0.7853981633974463916 ) ;
#2450 = FACE_OUTER_BOUND ( 'NONE', #1761, .T. ) ;
#2451 = DIRECTION ( 'NONE',  ( -1.000000000000000000, -2.032879073410346452E-16, 0.000000000000000000 ) ) ;
#2452 = EDGE_LOOP ( 'NONE', ( #2348, #1581, #200, #1770 ) ) ;
#2453 = CALENDAR_DATE ( 2025, 5, 12 ) ;
#2454 = ORIENTED_EDGE ( 'NONE', *, *, #1132, .T. ) ;
#2455 = EDGE_CURVE ( 'NONE', #1731, #1763, #2337, .T. ) ;
#2456 = EDGE_CURVE ( 'NONE', #2130, #2006, #2990, .T. ) ;
#2457 = DIRECTION ( 'NONE',  ( -1.000000000000000000, 0.000000000000000000, 0.000000000000000000 ) ) ;
#2458 = FACE_OUTER_BOUND ( 'NONE', #790, .T. ) ;
#2459 = CARTESIAN_POINT ( 'NONE',  ( -10.82264973081037951, -0.3000000000000025424, 7.806828091810600334 ) ) ;
#2460 = ORIENTED_EDGE ( 'NONE', *, *, #2638, .F. ) ;
#2461 = DIRECTION ( 'NONE',  ( -1.836970198721029441E-16, 1.000000000000000000, 0.000000000000000000 ) ) ;
#2462 = DIRECTION ( 'NONE',  ( 0.000000000000000000, -0.000000000000000000, 1.000000000000000000 ) ) ;
#2463 = DIRECTION ( 'NONE',  ( 0.000000000000000000, 0.000000000000000000, 1.000000000000000000 ) ) ;
#2464 = LINE ( 'NONE', #1111, #1558 ) ;
#2465 = ORIENTED_EDGE ( 'NONE', *, *, #1694, .T. ) ;
#2466 = SHAPE_DEFINITION_REPRESENTATION ( #1452, #2412 ) ;
#2467 = ORIENTED_EDGE ( 'NONE', *, *, #1422, .T. ) ;
#2468 = VECTOR ( 'NONE', #2915, 1000.000000000000000 ) ;
#2469 = AXIS2_PLACEMENT_3D ( 'NONE', #1606, #971, #250 ) ;
#2470 = AXIS2_PLACEMENT_3D ( 'NONE', #713, #268, #743 ) ;
#2471 = CONICAL_SURFACE ( 'NONE', #920, 1.100000000000000311, 0.7853981633974485010 ) ;
#2472 = ADVANCED_FACE ( 'NONE', ( #459 ), #1938, .T. ) ;
#2473 = LINE ( 'NONE', #357, #1362 ) ;
#2474 = CARTESIAN_POINT ( 'NONE',  ( 10.08578643762690241, -5.299999999999990941, 6.745402340387840034 ) ) ;
#2475 = DIRECTION ( 'NONE',  ( -1.000000000000000000, -8.834239923955961690E-16, 0.000000000000000000 ) ) ;
#2476 = ADVANCED_FACE ( 'NONE', ( #446 ), #1150, .F. ) ;
#2477 = VECTOR ( 'NONE', #2857, 1000.000000000000000 ) ;
#2478 = ADVANCED_FACE ( 'NONE', ( #1395 ), #2319, .F. ) ;
#2479 = ORIENTED_EDGE ( 'NONE', *, *, #1939, .T. ) ;
#2480 = CARTESIAN_POINT ( 'NONE',  ( 16.53551085499100282, 0.2000000000000053402, -2.000000000000000000 ) ) ;
#2481 = DIRECTION ( 'NONE',  ( -0.7071067811865493491, -0.7071067811865456854, 0.000000000000000000 ) ) ;
#2482 = CARTESIAN_POINT ( 'NONE',  ( -3.196222926588306201, -5.299999999999994493, 11.29043856474209484 ) ) ;
#2483 = ORIENTED_EDGE ( 'NONE', *, *, #1293, .T. ) ;
#2484 = EDGE_LOOP ( 'NONE', ( #584, #1645 ) ) ;
#2485 = VECTOR ( 'NONE', #495, 1000.000000000000000 ) ;
#2486 = CARTESIAN_POINT ( 'NONE',  ( 18.43551085499100139, -0.2999999999999981570, 2.000000000000000000 ) ) ;
#2487 = DIRECTION ( 'NONE',  ( -1.836970198721029688E-16, 1.000000000000000000, 0.000000000000000000 ) ) ;
#2488 = ADVANCED_FACE ( 'NONE', ( #1880 ), #1866, .F. ) ;
#2489 = ORIENTED_EDGE ( 'NONE', *, *, #131, .T. ) ;
#2490 = LINE ( 'NONE', #659, #2818 ) ;
#2491 = ADVANCED_FACE ( 'NONE', ( #2807 ), #2590, .F. ) ;
#2492 = AXIS2_PLACEMENT_3D ( 'NONE', #895, #2684, #1067 ) ;
#2493 = DIRECTION ( 'NONE',  ( -1.000000000000000000, -1.836970198721029688E-16, 0.000000000000000000 ) ) ;
#2494 = PLANE ( 'NONE',  #2159 ) ;
#2495 = AXIS2_PLACEMENT_3D ( 'NONE', #1936, #1576, #2725 ) ;
#2496 = ORIENTED_EDGE ( 'NONE', *, *, #1999, .T. ) ;
#2497 = ORIENTED_EDGE ( 'NONE', *, *, #1881, .F. ) ;
#2498 = VECTOR ( 'NONE', #2809, 1000.000000000000114 ) ;
#2499 = CONICAL_SURFACE ( 'NONE', #806, 1.399999999999995026, 0.7853981633974480570 ) ;
#2500 = CARTESIAN_POINT ( 'NONE',  ( -2.880211829158753734, -5.799999999999998046, 10.44774230492995848 ) ) ;
#2501 = DIRECTION ( 'NONE',  ( -1.836970198721029441E-16, 1.000000000000000000, 0.000000000000000000 ) ) ;
#2502 = EDGE_LOOP ( 'NONE', ( #2856, #1366, #2902, #2394 ) ) ;
#2503 = DIRECTION ( 'NONE',  ( 0.000000000000000000, 0.000000000000000000, -1.000000000000000000 ) ) ;
#2504 = EDGE_CURVE ( 'NONE', #247, #718, #754, .T. ) ;
#2505 = LINE ( 'NONE', #2714, #627 ) ;
#2506 = CARTESIAN_POINT ( 'NONE',  ( -14.49721676793699920, -5.800000000000000711, -3.900000000000000355 ) ) ;
#2507 = ADVANCED_FACE ( 'NONE', ( #17 ), #2374, .T. ) ;
#2508 = VERTEX_POINT ( 'NONE', #2428 ) ;
#2509 = ORIENTED_EDGE ( 'NONE', *, *, #2913, .T. ) ;
#2510 = FACE_OUTER_BOUND ( 'NONE', #1629, .T. ) ;
#2511 = CARTESIAN_POINT ( 'NONE',  ( -2.633100484259958574, -0.3000000000000014322, -11.31315318030784134 ) ) ;
#2512 = ORIENTED_EDGE ( 'NONE', *, *, #2735, .T. ) ;
#2513 = VECTOR ( 'NONE', #1184, 1000.000000000000114 ) ;
#2514 = ORIENTED_EDGE ( 'NONE', *, *, #2156, .F. ) ;
#2515 = LINE ( 'NONE', #434, #2077 ) ;
#2516 = VECTOR ( 'NONE', #372, 1000.000000000000227 ) ;
#2517 = DIRECTION ( 'NONE',  ( 0.000000000000000000, 0.000000000000000000, 1.000000000000000000 ) ) ;
#2518 = AXIS2_PLACEMENT_3D ( 'NONE', #2597, #34, #2800 ) ;
#2519 = VECTOR ( 'NONE', #1336, 1000.000000000000000 ) ;
#2520 = DIRECTION ( 'NONE',  ( 0.000000000000000000, 0.000000000000000000, -1.000000000000000000 ) ) ;
#2521 = DIRECTION ( 'NONE',  ( 1.000000000000000000, 1.836970198721029688E-16, 0.000000000000000000 ) ) ;
#2522 = EDGE_CURVE ( 'NONE', #428, #1538, #1683, .T. ) ;
#2523 = ORIENTED_EDGE ( 'NONE', *, *, #2049, .T. ) ;
#2524 = ORIENTED_EDGE ( 'NONE', *, *, #2830, .F. ) ;
#2525 = DIRECTION ( 'NONE',  ( -1.836970198721029441E-16, 1.000000000000000000, 0.000000000000000000 ) ) ;
#2526 = EDGE_CURVE ( 'NONE', #1229, #1867, #2634, .T. ) ;
#2527 = CARTESIAN_POINT ( 'NONE',  ( -2.880211829158753734, -5.799999999999998046, 10.44774230492995848 ) ) ;
#2528 = DIRECTION ( 'NONE',  ( 0.000000000000000000, 0.000000000000000000, 1.000000000000000000 ) ) ;
#2529 = VECTOR ( 'NONE', #2887, 1000.000000000000114 ) ;
#2530 = ORIENTED_EDGE ( 'NONE', *, *, #2961, .T. ) ;
#2531 = DIRECTION ( 'NONE',  ( 1.298934084353240052E-16, -0.7071067811865476838, -0.7071067811865473507 ) ) ;
#2532 = DIRECTION ( 'NONE',  ( -1.836970198721029441E-16, 1.000000000000000000, 0.000000000000000000 ) ) ;
#2533 = DIRECTION ( 'NONE',  ( -1.000000000000000000, -2.032879073410333140E-16, 0.000000000000000000 ) ) ;
#2534 = DIRECTION ( 'NONE',  ( 1.000000000000000000, 1.836970198721029688E-16, 0.000000000000000000 ) ) ;
#2535 = FACE_OUTER_BOUND ( 'NONE', #2770, .T. ) ;
#2536 = ORIENTED_EDGE ( 'NONE', *, *, #782, .F. ) ;
#2537 = ORIENTED_EDGE ( 'NONE', *, *, #1236, .F. ) ;
#2538 = ORIENTED_EDGE ( 'NONE', *, *, #1118, .F. ) ;
#2539 = CARTESIAN_POINT ( 'NONE',  ( -11.92264973081037915, -0.3000000000000025424, -5.000000000000000000 ) ) ;
#2540 = PLANE ( 'NONE',  #829 ) ;
#2541 = VECTOR ( 'NONE', #2521, 1000.000000000000000 ) ;
#2542 = ADVANCED_FACE ( 'NONE', ( #553 ), #2605, .T. ) ;
#2543 = LINE ( 'NONE', #954, #474 ) ;
#2544 = EDGE_CURVE ( 'NONE', #175, #2204, #542, .T. ) ;
#2545 = ORIENTED_EDGE ( 'NONE', *, *, #1154, .T. ) ;
#2546 = DIRECTION ( 'NONE',  ( 0.000000000000000000, 0.000000000000000000, 1.000000000000000000 ) ) ;
#2547 = CARTESIAN_POINT ( 'NONE',  ( -3.196222926588304425, -5.799999999999998934, -11.29043856474209839 ) ) ;
#2548 = AXIS2_PLACEMENT_3D ( 'NONE', #2758, #1616, #2093 ) ;
#2549 = CARTESIAN_POINT ( 'NONE',  ( -9.922649730810379154, 0.2000000000000005107, -7.806828091810600334 ) ) ;
#2550 = DIRECTION ( 'NONE',  ( -1.000000000000000000, 0.000000000000000000, 0.000000000000000000 ) ) ;
#2551 = DIRECTION ( 'NONE',  ( -1.298934084353240052E-16, 0.7071067811865475727, 0.7071067811865475727 ) ) ;
#2552 = FACE_OUTER_BOUND ( 'NONE', #1774, .T. ) ;
#2553 = ORIENTED_EDGE ( 'NONE', *, *, #1806, .F. ) ;
#2554 = ORIENTED_EDGE ( 'NONE', *, *, #155, .F. ) ;
#2555 = FACE_OUTER_BOUND ( 'NONE', #2150, .T. ) ;
#2556 = CARTESIAN_POINT ( 'NONE',  ( -14.49721676793699920, -5.800000000000000711, -3.399999999999995470 ) ) ;
#2557 = DIRECTION ( 'NONE',  ( 8.673617379883967433E-16, -1.000000000000000000, 0.000000000000000000 ) ) ;
#2558 = AXIS2_PLACEMENT_3D ( 'NONE', #746, #1874, #1660 ) ;
#2559 = AXIS2_PLACEMENT_3D ( 'NONE', #301, #1720, #791 ) ;
#2560 = EDGE_CURVE ( 'NONE', #489, #428, #2384, .T. ) ;
#2561 = ADVANCED_FACE ( 'NONE', ( #2870 ), #2855, .F. ) ;
#2562 = EDGE_LOOP ( 'NONE', ( #2717, #1912, #643, #2315 ) ) ;
#2563 = CARTESIAN_POINT ( 'NONE',  ( -10.32264973081037418, -5.799999999999999822, 5.000000000000000000 ) ) ;
#2564 = CARTESIAN_POINT ( 'NONE',  ( -4.922649730810379154, -5.299999999999997158, -1.350000000000000089 ) ) ;
#2565 = VECTOR ( 'NONE', #1853, 1000.000000000000000 ) ;
#2566 = EDGE_CURVE ( 'NONE', #876, #2784, #1730, .T. ) ;
#2567 = AXIS2_PLACEMENT_3D ( 'NONE', #1254, #1288, #2845 ) ;
#2568 = PLANE ( 'NONE',  #2034 ) ;
#2569 = LINE ( 'NONE', #1434, #2090 ) ;
#2570 = FACE_OUTER_BOUND ( 'NONE', #2092, .T. ) ;
#2571 = AXIS2_PLACEMENT_3D ( 'NONE', #350, #779, #1022 ) ;
#2572 = ORIENTED_EDGE ( 'NONE', *, *, #2252, .F. ) ;
#2573 = ORIENTED_EDGE ( 'NONE', *, *, #596, .F. ) ;
#2574 = DIRECTION ( 'NONE',  ( -1.836970198721029441E-16, 1.000000000000000000, 0.000000000000000000 ) ) ;
#2575 = CARTESIAN_POINT ( 'NONE',  ( -4.922649730810379154, -5.799999999999998934, -1.850000000000000311 ) ) ;
#2576 = VERTEX_POINT ( 'NONE', #1854 ) ;
#2577 = PLANE ( 'NONE',  #2125 ) ;
#2578 = DIRECTION ( 'NONE',  ( 1.000000000000000000, 1.495451272393799789E-16, 0.000000000000000000 ) ) ;
#2579 = CARTESIAN_POINT ( 'NONE',  ( -9.922649730810377378, -5.799999999999999822, 7.806828091810600334 ) ) ;
#2580 = CARTESIAN_POINT ( 'NONE',  ( 16.53551085499100282, -5.299999999999990052, -3.899999999999999023 ) ) ;
#2581 = FACE_OUTER_BOUND ( 'NONE', #998, .T. ) ;
#2582 = EDGE_CURVE ( 'NONE', #341, #717, #667, .T. ) ;
#2583 = EDGE_CURVE ( 'NONE', #686, #974, #2622, .T. ) ;
#2584 = VERTEX_POINT ( 'NONE', #801 ) ;
#2585 = EDGE_LOOP ( 'NONE', ( #2983, #272, #1502, #2744 ) ) ;
#2586 = DIRECTION ( 'NONE',  ( 0.000000000000000000, 0.000000000000000000, 1.000000000000000000 ) ) ;
#2587 = AXIS2_PLACEMENT_3D ( 'NONE', #635, #2733, #870 ) ;
#2588 = ORIENTED_EDGE ( 'NONE', *, *, #2978, .F. ) ;
#2589 = APPROVAL_STATUS ( 'not_yet_approved' ) ;
#2590 = CYLINDRICAL_SURFACE ( 'NONE', #671, 1.100000000000000311 ) ;
#2591 = VERTEX_POINT ( 'NONE', #104 ) ;
#2592 = LINE ( 'NONE', #1913, #858 ) ;
#2593 = DIRECTION ( 'NONE',  ( -1.000000000000000000, 0.000000000000000000, 0.000000000000000000 ) ) ;
#2594 = VECTOR ( 'NONE', #1104, 1000.000000000000114 ) ;
#2595 = CIRCLE ( 'NONE', #2311, 1.399999999999993250 ) ;
#2596 = FACE_OUTER_BOUND ( 'NONE', #1662, .T. ) ;
#2597 = CARTESIAN_POINT ( 'NONE',  ( 9.435510854991003171, -5.799999999999996270, 1.925929944387235853E-31 ) ) ;
#2598 = LINE ( 'NONE', #516, #2179 ) ;
#2599 = EDGE_CURVE ( 'NONE', #887, #2623, #915, .T. ) ;
#2600 = ADVANCED_FACE ( 'NONE', ( #1231 ), #1315, .T. ) ;
#2601 = ORIENTED_EDGE ( 'NONE', *, *, #1460, .F. ) ;
#2602 = CARTESIAN_POINT ( 'NONE',  ( -15.89721676793699423, -5.800000000000000711, -2.000000000000000000 ) ) ;
#2603 = ORIENTED_EDGE ( 'NONE', *, *, #1236, .T. ) ;
#2604 = COORDINATED_UNIVERSAL_TIME_OFFSET ( 0, 0, .AHEAD. ) ;
#2605 = CYLINDRICAL_SURFACE ( 'NONE', #2228, 0.8999999999999998002 ) ;
#2606 = EDGE_LOOP ( 'NONE', ( #119, #2037, #80, #2137 ) ) ;
#2607 = DIRECTION ( 'NONE',  ( 0.000000000000000000, 0.000000000000000000, 1.000000000000000000 ) ) ;
#2608 = CARTESIAN_POINT ( 'NONE',  ( 2.577350269189625731, 0.2000000000000027867, -1.850000000000003642 ) ) ;
#2609 = AXIS2_PLACEMENT_3D ( 'NONE', #894, #1883, #1819 ) ;
#2610 = AXIS2_PLACEMENT_3D ( 'NONE', #682, #1205, #256 ) ;
#2611 = FACE_OUTER_BOUND ( 'NONE', #266, .T. ) ;
#2612 = DIRECTION ( 'NONE',  ( 0.000000000000000000, -0.7071067811865474617, 0.7071067811865476838 ) ) ;
#2613 = CIRCLE ( 'NONE', #1836, 0.3999999999999975797 ) ;
#2614 = ORIENTED_EDGE ( 'NONE', *, *, #2251, .T. ) ;
#2615 = CARTESIAN_POINT ( 'NONE',  ( 2.577350269189625287, 0.2000000000000027867, 0.000000000000000000 ) ) ;
#2616 = PRODUCT_DEFINITION_FORMATION_WITH_SPECIFIED_SOURCE ( 'ANY', '', #496, .NOT_KNOWN. ) ;
#2617 = CIRCLE ( 'NONE', #2665, 0.9000000000000005773 ) ;
#2618 = ORIENTED_EDGE ( 'NONE', *, *, #1858, .T. ) ;
#2619 = CALENDAR_DATE ( 2025, 5, 12 ) ;
#2620 = EDGE_CURVE ( 'NONE', #2390, #517, #309, .T. ) ;
#2621 = ADVANCED_FACE ( 'NONE', ( #1625 ), #2988, .F. ) ;
#2622 = LINE ( 'NONE', #71, #330 ) ;
#2623 = VERTEX_POINT ( 'NONE', #2099 ) ;
#2624 = CARTESIAN_POINT ( 'NONE',  ( -4.922649730810380042, -0.3000000000000025424, 0.000000000000000000 ) ) ;
#2625 = DIRECTION ( 'NONE',  ( -0.3511234415883912607, -6.450032982702389578E-17, -0.9363291775690446572 ) ) ;
#2626 = LINE ( 'NONE', #591, #1988 ) ;
#2627 = CARTESIAN_POINT ( 'NONE',  ( 17.41196986330896479, 0.2000000000000055067, 5.069455018068509844 ) ) ;
#2628 = AXIS2_PLACEMENT_3D ( 'NONE', #1718, #1033, #788 ) ;
#2629 = DIRECTION ( 'NONE',  ( 0.000000000000000000, 0.000000000000000000, 1.000000000000000000 ) ) ;
#2630 = CARTESIAN_POINT ( 'NONE',  ( 10.33289778252569668, -5.799999999999996270, -7.610813215765722006 ) ) ;
#2631 = VERTEX_POINT ( 'NONE', #943 ) ;
#2632 = DIRECTION ( 'NONE',  ( 0.000000000000000000, 0.000000000000000000, -1.000000000000000000 ) ) ;
#2633 = EDGE_CURVE ( 'NONE', #2199, #640, #1871, .T. ) ;
#2634 = LINE ( 'NONE', #1030, #1160 ) ;
#2635 = EDGE_LOOP ( 'NONE', ( #2338, #322, #220, #2536 ) ) ;
#2636 = CARTESIAN_POINT ( 'NONE',  ( 16.53551085499100282, -5.799999999999994493, -3.399999999999996803 ) ) ;
#2637 = DIRECTION ( 'NONE',  ( 1.836970198721029441E-16, -1.000000000000000000, 0.000000000000000000 ) ) ;
#2638 = EDGE_CURVE ( 'NONE', #454, #368, #2836, .T. ) ;
#2639 = ORIENTED_EDGE ( 'NONE', *, *, #2306, .T. ) ;
#2640 = ORIENTED_EDGE ( 'NONE', *, *, #117, .F. ) ;
#2641 = DIRECTION ( 'NONE',  ( 0.000000000000000000, 0.000000000000000000, 1.000000000000000000 ) ) ;
#2642 = DIRECTION ( 'NONE',  ( -1.836970198721029441E-16, 1.000000000000000000, 0.000000000000000000 ) ) ;
#2643 = AXIS2_PLACEMENT_3D ( 'NONE', #2302, #2525, #1603 ) ;
#2644 = ORIENTED_EDGE ( 'NONE', *, *, #2961, .F. ) ;
#2645 = LINE ( 'NONE', #995, #1974 ) ;
#2646 = ORIENTED_EDGE ( 'NONE', *, *, #2560, .T. ) ;
#2647 = ORIENTED_EDGE ( 'NONE', *, *, #1196, .T. ) ;
#2648 = DIRECTION ( 'NONE',  ( -1.000000000000000000, 0.000000000000000000, 0.000000000000000000 ) ) ;
#2649 = ORIENTED_EDGE ( 'NONE', *, *, #1693, .T. ) ;
#2650 = CARTESIAN_POINT ( 'NONE',  ( -10.82264973081036352, -5.299999999999995381, 5.000000000000000000 ) ) ;
#2651 = CARTESIAN_POINT ( 'NONE',  ( 12.08578643762690241, -5.799999999999995381, 3.899999999999999911 ) ) ;
#2652 = EDGE_CURVE ( 'NONE', #1709, #994, #1595, .T. ) ;
#2653 = ORIENTED_EDGE ( 'NONE', *, *, #1789, .F. ) ;
#2654 = CARTESIAN_POINT ( 'NONE',  ( -2.880211829158753734, -5.799999999999998046, 10.84774230492995351 ) ) ;
#2655 = PLANE ( 'NONE',  #1270 ) ;
#2656 = VECTOR ( 'NONE', #1497, 1000.000000000000000 ) ;
#2657 = PRODUCT_RELATED_PRODUCT_CATEGORY ( 'detail', '', ( #496 ) ) ;
#2658 = VECTOR ( 'NONE', #76, 1000.000000000000000 ) ;
#2659 = DIRECTION ( 'NONE',  ( -1.000000000000000000, -1.836970198721029688E-16, 0.000000000000000000 ) ) ;
#2660 = DIRECTION ( 'NONE',  ( 0.000000000000000000, 0.000000000000000000, 1.000000000000000000 ) ) ;
#2661 = AXIS2_PLACEMENT_3D ( 'NONE', #47, #1609, #2578 ) ;
#2662 = ORIENTED_EDGE ( 'NONE', *, *, #427, .T. ) ;
#2663 = AXIS2_PLACEMENT_3D ( 'NONE', #2200, #1569, #2246 ) ;
#2664 = EDGE_LOOP ( 'NONE', ( #103, #962, #1602, #626, #2479, #1065, #2270, #2668, #376, #2957, #1338, #2819, #1297, #933, #1398, #2018, #310, #282, #967, #1630, #1647, #1567, #172, #1286, #1982, #1851, #2899, #108 ) ) ;
#2665 = AXIS2_PLACEMENT_3D ( 'NONE', #1575, #168, #622 ) ;
#2666 = CONICAL_SURFACE ( 'NONE', #1367, 0.3999999999999963030, 0.7853981633974482790 ) ;
#2667 = LINE ( 'NONE', #817, #2847 ) ;
#2668 = ORIENTED_EDGE ( 'NONE', *, *, #2889, .T. ) ;
#2669 = LINE ( 'NONE', #1148, #2354 ) ;
#2670 = LINE ( 'NONE', #988, #1230 ) ;
#2671 = ORIENTED_EDGE ( 'NONE', *, *, #2003, .F. ) ;
#2672 = DIRECTION ( 'NONE',  ( -1.000000000000000000, 0.000000000000000000, 2.168404344971031351E-15 ) ) ;
#2673 = CARTESIAN_POINT ( 'NONE',  ( 10.19561370202636574, -5.799999999999995381, -7.130029396111340567 ) ) ;
#2674 = ADVANCED_FACE ( 'NONE', ( #2951 ), #879, .F. ) ;
#2675 = CARTESIAN_POINT ( 'NONE',  ( 16.53551085499100282, 0.2000000000000053402, 3.399999999999996358 ) ) ;
#2676 = CARTESIAN_POINT ( 'NONE',  ( -10.32264973081037418, -5.799999999999999822, -7.806828091810600334 ) ) ;
#2677 = ADVANCED_FACE ( 'NONE', ( #2905 ), #1113, .F. ) ;
#2678 = EDGE_LOOP ( 'NONE', ( #1259, #1040, #2403, #1056 ) ) ;
#2679 = EDGE_LOOP ( 'NONE', ( #1349, #1813, #751, #2201 ) ) ;
#2680 = FACE_OUTER_BOUND ( 'NONE', #1920, .T. ) ;
#2681 = DIRECTION ( 'NONE',  ( -1.836970198721029441E-16, 1.000000000000000000, 0.000000000000000000 ) ) ;
#2682 = CARTESIAN_POINT ( 'NONE',  ( -6.272649730810380575, -0.3000000000000025424, 0.000000000000000000 ) ) ;
#2683 = ORIENTED_EDGE ( 'NONE', *, *, #2173, .F. ) ;
#2684 = DIRECTION ( 'NONE',  ( 0.000000000000000000, -1.000000000000000000, 0.000000000000000000 ) ) ;
#2685 = DIRECTION ( 'NONE',  ( -0.1941490085400758014, -0.7071067811865479058, -0.6799309983247602274 ) ) ;
#2686 = DIRECTION ( 'NONE',  ( 1.000000000000000000, 1.495451272393799296E-16, 0.000000000000000000 ) ) ;
#2687 = CARTESIAN_POINT ( 'NONE',  ( 16.53551085499100282, -5.799999999999994493, -3.899999999999999023 ) ) ;
#2688 = EDGE_CURVE ( 'NONE', #1973, #370, #2704, .T. ) ;
#2689 = EDGE_CURVE ( 'NONE', #2823, #1560, #2260, .T. ) ;
#2690 = EDGE_LOOP ( 'NONE', ( #36, #2072, #388, #1537 ) ) ;
#2691 = CALENDAR_DATE ( 2025, 5, 12 ) ;
#2692 = VERTEX_POINT ( 'NONE', #150 ) ;
#2693 = VECTOR ( 'NONE', #1952, 1000.000000000000000 ) ;
#2694 = FACE_OUTER_BOUND ( 'NONE', #1151, .T. ) ;
#2695 = DIRECTION ( 'NONE',  ( -0.9363291775690446572, -1.720008795387306435E-16, -0.3511234415883912607 ) ) ;
#2696 = DIRECTION ( 'NONE',  ( 0.000000000000000000, 0.000000000000000000, 1.000000000000000000 ) ) ;
#2697 = ORIENTED_EDGE ( 'NONE', *, *, #951, .F. ) ;
#2698 = DIRECTION ( 'NONE',  ( -1.836970198721029441E-16, 1.000000000000000000, 0.000000000000000000 ) ) ;
#2699 = CARTESIAN_POINT ( 'NONE',  ( 16.53551085499100282, 0.2000000000000053402, 3.399999999999996358 ) ) ;
#2700 = DIRECTION ( 'NONE',  ( 0.2482817665807119656, -0.7071067811865474617, -0.6620847108818936899 ) ) ;
#2701 = AXIS2_PLACEMENT_3D ( 'NONE', #1929, #1949, #1467 ) ;
#2702 = ORIENTED_EDGE ( 'NONE', *, *, #633, .F. ) ;
#2703 = ORIENTED_EDGE ( 'NONE', *, *, #1276, .T. ) ;
#2704 = CIRCLE ( 'NONE', #2663, 1.100000000000000311 ) ;
#2705 = EDGE_CURVE ( 'NONE', #2197, #2591, #1058, .T. ) ;
#2706 = VECTOR ( 'NONE', #723, 1000.000000000000000 ) ;
#2707 = CARTESIAN_POINT ( 'NONE',  ( -2.633100484259956797, -0.3000000000000025424, 11.31315318030783956 ) ) ;
#2708 = EDGE_CURVE ( 'NONE', #1926, #355, #875, .T. ) ;
#2709 = CARTESIAN_POINT ( 'NONE',  ( -11.92264973081037738, -5.799999999999999822, -3.399999999999996803 ) ) ;
#2710 = EDGE_CURVE ( 'NONE', #1437, #1249, #2667, .T. ) ;
#2711 = AXIS2_PLACEMENT_3D ( 'NONE', #2085, #992, #5 ) ;
#2712 = ORIENTED_EDGE ( 'NONE', *, *, #2583, .F. ) ;
#2713 = PLANE ( 'NONE',  #796 ) ;
#2714 = CARTESIAN_POINT ( 'NONE',  ( -11.92264973081037738, -5.799999999999999822, -3.399999999999996803 ) ) ;
#2715 = DIRECTION ( 'NONE',  ( 0.9363291775690446572, 1.720008795387306188E-16, 0.3511234415883913162 ) ) ;
#2716 = ORIENTED_EDGE ( 'NONE', *, *, #2688, .T. ) ;
#2717 = ORIENTED_EDGE ( 'NONE', *, *, #1294, .F. ) ;
#2718 = DIRECTION ( 'NONE',  ( -0.000000000000000000, 1.000000000000000000, -0.000000000000000000 ) ) ;
#2719 = CARTESIAN_POINT ( 'NONE',  ( -2.770384564759290402, -5.799999999999998046, 10.83236936065345901 ) ) ;
#2720 = EDGE_CURVE ( 'NONE', #538, #2754, #836, .T. ) ;
#2721 = ADVANCED_FACE ( 'NONE', ( #2694 ), #2442, .T. ) ;
#2722 = VERTEX_POINT ( 'NONE', #1976 ) ;
#2723 = FACE_OUTER_BOUND ( 'NONE', #2334, .T. ) ;
#2724 = CARTESIAN_POINT ( 'NONE',  ( -10.82264973081037773, -5.799999999999999822, -5.000000000000000000 ) ) ;
#2725 = DIRECTION ( 'NONE',  ( -1.000000000000000000, -1.863472483959456062E-16, 0.000000000000000000 ) ) ;
#2726 = VERTEX_POINT ( 'NONE', #1296 ) ;
#2727 = ORIENTED_EDGE ( 'NONE', *, *, #1599, .F. ) ;
#2728 = VECTOR ( 'NONE', #2574, 1000.000000000000000 ) ;
#2729 = CARTESIAN_POINT ( 'NONE',  ( 2.577350269189626175, -5.799999999999997158, 1.850000000000000533 ) ) ;
#2730 = LINE ( 'NONE', #2921, #1112 ) ;
#2731 = ORIENTED_EDGE ( 'NONE', *, *, #2307, .T. ) ;
#2732 = CARTESIAN_POINT ( 'NONE',  ( -2.880211829158753734, -5.299999999999993605, 10.44774230492995848 ) ) ;
#2733 = DIRECTION ( 'NONE',  ( -1.836970198721029688E-16, 1.000000000000000000, 0.000000000000000000 ) ) ;
#2734 = ORIENTED_EDGE ( 'NONE', *, *, #1789, .T. ) ;
#2735 = EDGE_CURVE ( 'NONE', #1763, #2722, #1217, .T. ) ;
#2736 = DIRECTION ( 'NONE',  ( 1.836970198721029934E-16, -1.000000000000000000, -0.000000000000000000 ) ) ;
#2737 = PLANE ( 'NONE',  #2925 ) ;
#2738 = ORIENTED_EDGE ( 'NONE', *, *, #1276, .F. ) ;
#2739 = ORIENTED_EDGE ( 'NONE', *, *, #847, .F. ) ;
#2740 = DIRECTION ( 'NONE',  ( 0.9363291775690446572, 1.720008795387306435E-16, -0.3511234415883912607 ) ) ;
#2741 = CIRCLE ( 'NONE', #2180, 0.8999999999999998002 ) ;
#2742 = CARTESIAN_POINT ( 'NONE',  ( -2.633100484259956797, -5.299999999999993605, 11.31315318030783779 ) ) ;
#2743 = CARTESIAN_POINT ( 'NONE',  ( -2.770384564759292623, 0.2000000000000017875, -10.83236936065345901 ) ) ;
#2744 = ORIENTED_EDGE ( 'NONE', *, *, #952, .F. ) ;
#2745 = CARTESIAN_POINT ( 'NONE',  ( -13.07456703712661827, -5.800000000000000711, -3.900000000000000355 ) ) ;
#2746 = VECTOR ( 'NONE', #2959, 1000.000000000000000 ) ;
#2747 = DIRECTION ( 'NONE',  ( 0.000000000000000000, -1.000000000000000000, 0.000000000000000000 ) ) ;
#2748 = VECTOR ( 'NONE', #548, 1000.000000000000000 ) ;
#2749 = CONICAL_SURFACE ( 'NONE', #1221, 1.899999999999998801, 0.7853981633974480570 ) ;
#2750 = DIRECTION ( 'NONE',  ( 0.000000000000000000, 0.000000000000000000, 1.000000000000000000 ) ) ;
#2751 = LINE ( 'NONE', #2297, #2284 ) ;
#2752 = CARTESIAN_POINT ( 'NONE',  ( -15.89721676793699423, 0.1999999999999993727, 2.000000000000000000 ) ) ;
#2753 = ADVANCED_FACE ( 'NONE', ( #2934 ), #2471, .F. ) ;
#2754 = VERTEX_POINT ( 'NONE', #2486 ) ;
#2755 = ORIENTED_EDGE ( 'NONE', *, *, #21, .T. ) ;
#2756 = EDGE_CURVE ( 'NONE', #368, #246, #2132, .T. ) ;
#2757 = ORIENTED_EDGE ( 'NONE', *, *, #1755, .F. ) ;
#2758 = CARTESIAN_POINT ( 'NONE',  ( 16.53551085499100282, -5.799999999999994493, -2.000000000000000000 ) ) ;
#2759 = DIRECTION ( 'NONE',  ( 1.000000000000000000, 2.990902544787598592E-16, 0.000000000000000000 ) ) ;
#2760 = DIRECTION ( 'NONE',  ( -1.836970198721029441E-16, 1.000000000000000000, 0.000000000000000000 ) ) ;
#2761 = AXIS2_PLACEMENT_3D ( 'NONE', #1733, #1686, #529 ) ;
#2762 = ORIENTED_EDGE ( 'NONE', *, *, #891, .F. ) ;
#2763 = LINE ( 'NONE', #2779, #769 ) ;
#2764 = FACE_OUTER_BOUND ( 'NONE', #1001, .T. ) ;
#2765 = CARTESIAN_POINT ( 'NONE',  ( -10.32264973081037418, 0.2000000000000004274, 2.000000000000000000 ) ) ;
#2766 = CARTESIAN_POINT ( 'NONE',  ( -2.633100484259957685, -0.3000000000000016542, 11.31315318030783779 ) ) ;
#2767 = DIRECTION ( 'NONE',  ( 1.298934084353239559E-16, -0.7071067811865473507, 0.7071067811865477948 ) ) ;
#2768 = DIRECTION ( 'NONE',  ( -1.836970198721029441E-16, 1.000000000000000000, 0.000000000000000000 ) ) ;
#2769 = EDGE_LOOP ( 'NONE', ( #1450, #653, #1374, #815 ) ) ;
#2770 = EDGE_LOOP ( 'NONE', ( #864, #1105, #2703, #2649 ) ) ;
#2771 = CARTESIAN_POINT ( 'NONE',  ( 10.98578643762690277, -5.299999999999990941, -5.000000000000000000 ) ) ;
#2772 = ADVANCED_FACE ( 'NONE', ( #2680 ), #1090, .F. ) ;
#2773 = EDGE_CURVE ( 'NONE', #2011, #2073, #2473, .T. ) ;
#2774 = LINE ( 'NONE', #27, #2229 ) ;
#2775 = DIRECTION ( 'NONE',  ( 1.836970198721029934E-16, -1.000000000000000000, -0.000000000000000000 ) ) ;
#2776 = CC_DESIGN_PERSON_AND_ORGANIZATION_ASSIGNMENT ( #2393, #387, ( #2616 ) ) ;
#2777 = VECTOR ( 'NONE', #120, 1000.000000000000000 ) ;
#2778 = ORIENTED_EDGE ( 'NONE', *, *, #2720, .F. ) ;
#2779 = CARTESIAN_POINT ( 'NONE',  ( 10.33289778252569846, -5.799999999999996270, 7.610813215765723783 ) ) ;
#2780 = CARTESIAN_POINT ( 'NONE',  ( 10.33289778252569846, -5.299999999999990052, 7.610813215765723783 ) ) ;
#2781 = FACE_BOUND ( 'NONE', #260, .T. ) ;
#2782 = DIRECTION ( 'NONE',  ( 1.000000000000000000, 1.836970198721029688E-16, -0.000000000000000000 ) ) ;
#2783 = CARTESIAN_POINT ( 'NONE',  ( -9.922649730810377378, -5.299999999999995381, -7.806828091810600334 ) ) ;
#2784 = VERTEX_POINT ( 'NONE', #390 ) ;
#2785 = ORIENTED_EDGE ( 'NONE', *, *, #21, .F. ) ;
#2786 = CARTESIAN_POINT ( 'NONE',  ( -3.020661205794104021, -5.799999999999998046, -10.82227397595757168 ) ) ;
#2787 = FACE_OUTER_BOUND ( 'NONE', #1525, .T. ) ;
#2788 = DIRECTION ( 'NONE',  ( 0.000000000000000000, 0.000000000000000000, 1.000000000000000000 ) ) ;
#2789 = ADVANCED_FACE ( 'NONE', ( #1327 ), #2280, .T. ) ;
#2790 = EDGE_CURVE ( 'NONE', #1146, #2631, #1790, .T. ) ;
#2791 = EDGE_LOOP ( 'NONE', ( #1384, #1439, #1509, #1129 ) ) ;
#2792 = CARTESIAN_POINT ( 'NONE',  ( 10.48578643762690277, -5.799999999999995381, 6.745402340387840034 ) ) ;
#2793 = LINE ( 'NONE', #2323, #2485 ) ;
#2794 = EDGE_CURVE ( 'NONE', #2390, #2754, #1119, .T. ) ;
#2795 = CIRCLE ( 'NONE', #1458, 0.3999999999999975797 ) ;
#2796 = VECTOR ( 'NONE', #2121, 1000.000000000000000 ) ;
#2797 = VECTOR ( 'NONE', #202, 1000.000000000000000 ) ;
#2798 = CONICAL_SURFACE ( 'NONE', #2567, 1.399999999999995914, 0.7853981633974480570 ) ;
#2799 = CARTESIAN_POINT ( 'NONE',  ( -10.32264973081037418, -5.799999999999999822, -7.806828091810600334 ) ) ;
#2800 = DIRECTION ( 'NONE',  ( 1.000000000000000000, 2.990902544787598592E-16, 0.000000000000000000 ) ) ;
#2801 = CARTESIAN_POINT ( 'NONE',  ( 16.53551085499100282, -0.2999999999999981570, -3.899999999999999023 ) ) ;
#2802 = AXIS2_PLACEMENT_3D ( 'NONE', #1985, #582, #2659 ) ;
#2803 = EDGE_LOOP ( 'NONE', ( #23, #1542, #1981, #2702 ) ) ;
#2804 = ORIENTED_EDGE ( 'NONE', *, *, #2773, .F. ) ;
#2805 = DIRECTION ( 'NONE',  ( 0.000000000000000000, -1.000000000000000000, 0.000000000000000000 ) ) ;
#2806 = ORIENTED_EDGE ( 'NONE', *, *, #973, .T. ) ;
#2807 = FACE_OUTER_BOUND ( 'NONE', #2984, .T. ) ;
#2808 = ORIENTED_EDGE ( 'NONE', *, *, #1557, .T. ) ;
#2809 = DIRECTION ( 'NONE',  ( 0.7071067811865474617, -0.7071067811865474617, 0.000000000000000000 ) ) ;
#2810 = FACE_OUTER_BOUND ( 'NONE', #2690, .T. ) ;
#2811 = EDGE_CURVE ( 'NONE', #865, #883, #1895, .T. ) ;
#2812 = ADVANCED_FACE ( 'NONE', ( #2787 ), #2540, .T. ) ;
#2813 = CARTESIAN_POINT ( 'NONE',  ( 10.33289778252569668, -5.299999999999990941, -7.610813215765722006 ) ) ;
#2814 = CARTESIAN_POINT ( 'NONE',  ( -14.49721676793699920, -5.800000000000000711, 2.000000000000000000 ) ) ;
#2815 = DIRECTION ( 'NONE',  ( 0.000000000000000000, 0.000000000000000000, 1.000000000000000000 ) ) ;
#2816 = ORIENTED_EDGE ( 'NONE', *, *, #1063, .T. ) ;
#2817 = DIRECTION ( 'NONE',  ( -0.9363291775690446572, -1.720008795387306435E-16, -0.3511234415883912607 ) ) ;
#2818 = VECTOR ( 'NONE', #1820, 1000.000000000000114 ) ;
#2819 = ORIENTED_EDGE ( 'NONE', *, *, #2522, .T. ) ;
#2820 = LINE ( 'NONE', #1260, #1749 ) ;
#2821 = VECTOR ( 'NONE', #1747, 1000.000000000000000 ) ;
#2822 = CARTESIAN_POINT ( 'NONE',  ( 10.98578643762690632, -5.799999999999996270, 6.745402340387840034 ) ) ;
#2823 = VERTEX_POINT ( 'NONE', #953 ) ;
#2824 = CARTESIAN_POINT ( 'NONE',  ( -2.880211829158753734, -5.299999999999993605, 11.34774230492995706 ) ) ;
#2825 = CARTESIAN_POINT ( 'NONE',  ( -3.020661205794105797, 0.2000000000000017319, -10.82227397595757168 ) ) ;
#2826 = VECTOR ( 'NONE', #2148, 1000.000000000000000 ) ;
#2827 = DIRECTION ( 'NONE',  ( -1.836970198721029441E-16, 1.000000000000000000, 0.000000000000000000 ) ) ;
#2828 = DIRECTION ( 'NONE',  ( -1.836970198721029441E-16, 1.000000000000000000, 0.000000000000000000 ) ) ;
#2829 = ADVANCED_FACE ( 'NONE', ( #1413 ), #2328, .F. ) ;
#2830 = EDGE_CURVE ( 'NONE', #2025, #1059, #2613, .T. ) ;
#2831 = ORIENTED_EDGE ( 'NONE', *, *, #727, .F. ) ;
#2832 = DIRECTION ( 'NONE',  ( 0.000000000000000000, 0.7071067811865473507, 0.7071067811865477948 ) ) ;
#2833 = VERTEX_POINT ( 'NONE', #1166 ) ;
#2834 = CARTESIAN_POINT ( 'NONE',  ( 10.98578643762690277, -5.299999999999990941, -6.745402340387840034 ) ) ;
#2835 = ORIENTED_EDGE ( 'NONE', *, *, #934, .F. ) ;
#2836 = LINE ( 'NONE', #2166, #1407 ) ;
#2837 = ORIENTED_EDGE ( 'NONE', *, *, #1177, .T. ) ;
#2838 = CARTESIAN_POINT ( 'NONE',  ( -2.770384564759290846, -5.799999999999998046, 10.83236936065345724 ) ) ;
#2839 = FACE_OUTER_BOUND ( 'NONE', #813, .T. ) ;
#2840 = VECTOR ( 'NONE', #700, 1000.000000000000000 ) ;
#2841 = AXIS2_PLACEMENT_3D ( 'NONE', #1419, #680, #1610 ) ;
#2842 = VECTOR ( 'NONE', #1546, 1000.000000000000000 ) ;
#2843 = VECTOR ( 'NONE', #2305, 1000.000000000000000 ) ;
#2844 = CARTESIAN_POINT ( 'NONE',  ( 9.908933814305427745, 0.2000000000000041189, -15.67087210849488876 ) ) ;
#2845 = DIRECTION ( 'NONE',  ( 0.000000000000000000, 0.000000000000000000, -1.000000000000000000 ) ) ;
#2846 = AXIS2_PLACEMENT_3D ( 'NONE', #1446, #253, #1833 ) ;
#2847 = VECTOR ( 'NONE', #1076, 1000.000000000000000 ) ;
#2848 = CARTESIAN_POINT ( 'NONE',  ( -10.23866082823991874, -5.299999999999995381, 8.649524351622742913 ) ) ;
#2849 = PLANE ( 'NONE',  #315 ) ;
#2850 = CONICAL_SURFACE ( 'NONE', #238, 1.399999999999993916, 0.7853981633974480570 ) ;
#2851 = EDGE_CURVE ( 'NONE', #824, #347, #216, .T. ) ;
#2852 = EDGE_CURVE ( 'NONE', #2078, #1291, #530, .T. ) ;
#2853 = ORIENTED_EDGE ( 'NONE', *, *, #1635, .F. ) ;
#2854 = CALENDAR_DATE ( 2025, 5, 12 ) ;
#2855 = PLANE ( 'NONE',  #2945 ) ;
#2856 = ORIENTED_EDGE ( 'NONE', *, *, #2633, .F. ) ;
#2857 = DIRECTION ( 'NONE',  ( -1.836970198721029441E-16, 1.000000000000000000, 0.000000000000000000 ) ) ;
#2858 = CARTESIAN_POINT ( 'NONE',  ( -10.06309910744572456, 0.2000000000000004829, 8.181359762838217975 ) ) ;
#2859 = EDGE_LOOP ( 'NONE', ( #2509, #1514, #2300, #1684 ) ) ;
#2860 = DIRECTION ( 'NONE',  ( -1.000000000000000000, -1.836970198721029688E-16, -0.000000000000000000 ) ) ;
#2861 = DIRECTION ( 'NONE',  ( -1.000000000000000000, -1.836970198721029688E-16, 0.000000000000000000 ) ) ;
#2862 = AXIS2_PLACEMENT_3D ( 'NONE', #2431, #2625, #1047 ) ;
#2863 = CARTESIAN_POINT ( 'NONE',  ( -2.880211829158753734, -5.299999999999993605, 10.44774230492995848 ) ) ;
#2864 = LINE ( 'NONE', #367, #2878 ) ;
#2865 = ORIENTED_EDGE ( 'NONE', *, *, #645, .F. ) ;
#2866 = DATE_TIME_ROLE ( 'creation_date' ) ;
#2867 = ORIENTED_EDGE ( 'NONE', *, *, #1822, .T. ) ;
#2868 = EDGE_CURVE ( 'NONE', #2890, #1486, #1997, .T. ) ;
#2869 = EDGE_CURVE ( 'NONE', #538, #517, #2774, .T. ) ;
#2870 = FACE_OUTER_BOUND ( 'NONE', #9, .T. ) ;
#2871 = ORIENTED_EDGE ( 'NONE', *, *, #353, .F. ) ;
#2872 = PLANE ( 'NONE',  #364 ) ;
#2873 = EDGE_CURVE ( 'NONE', #400, #1560, #2075, .T. ) ;
#2874 = LINE ( 'NONE', #1235, #2529 ) ;
#2875 = EDGE_LOOP ( 'NONE', ( #2734, #2537, #2572, #918 ) ) ;
#2876 = CARTESIAN_POINT ( 'NONE',  ( -15.89721676793699423, 0.1999999999999993727, 2.000000000000000000 ) ) ;
#2877 = CARTESIAN_POINT ( 'NONE',  ( -4.922649730810380042, 0.2000000000000014266, 1.850000000000004308 ) ) ;
#2878 = VECTOR ( 'NONE', #1986, 1000.000000000000000 ) ;
#2879 = CARTESIAN_POINT ( 'NONE',  ( -10.82264973081036530, -0.3000000000000033751, 5.000000000000000000 ) ) ;
#2880 = DIRECTION ( 'NONE',  ( 1.000000000000000000, 1.836970198721029688E-16, 0.000000000000000000 ) ) ;
#2881 = ORIENTED_EDGE ( 'NONE', *, *, #2417, .T. ) ;
#2882 = COORDINATED_UNIVERSAL_TIME_OFFSET ( 0, 0, .AHEAD. ) ;
#2883 = ORIENTED_EDGE ( 'NONE', *, *, #187, .F. ) ;
#2884 = CARTESIAN_POINT ( 'NONE',  ( -9.922649730810377378, -5.299999999999995381, -7.806828091810600334 ) ) ;
#2885 = ORIENTED_EDGE ( 'NONE', *, *, #727, .T. ) ;
#2886 = LINE ( 'NONE', #2935, #2821 ) ;
#2887 = DIRECTION ( 'NONE',  ( 0.7071067811865474617, 0.7071067811865474617, 0.000000000000000000 ) ) ;
#2888 = EDGE_CURVE ( 'NONE', #2059, #1437, #1394, .T. ) ;
#2889 = EDGE_CURVE ( 'NONE', #1059, #2420, #1619, .T. ) ;
#2890 = VERTEX_POINT ( 'NONE', #249 ) ;
#2891 = LINE ( 'NONE', #2388, #1357 ) ;
#2892 = CARTESIAN_POINT ( 'NONE',  ( -4.922649730810380042, -0.3000000000000025424, 1.350000000000000089 ) ) ;
#2893 = VECTOR ( 'NONE', #2221, 1000.000000000000114 ) ;
#2894 = AXIS2_PLACEMENT_3D ( 'NONE', #1136, #1170, #252 ) ;
#2895 = CONICAL_SURFACE ( 'NONE', #1454, 0.3999999999999949707, 0.7853981633974491672 ) ;
#2896 = EDGE_LOOP ( 'NONE', ( #1265, #625, #1280, #1463 ) ) ;
#2897 = LINE ( 'NONE', #1278, #993 ) ;
#2898 = CIRCLE ( 'NONE', #1834, 1.099999999999995870 ) ;
#2899 = ORIENTED_EDGE ( 'NONE', *, *, #1064, .T. ) ;
#2900 = ORIENTED_EDGE ( 'NONE', *, *, #613, .F. ) ;
#2901 = AXIS2_PLACEMENT_3D ( 'NONE', #938, #1865, #2759 ) ;
#2902 = ORIENTED_EDGE ( 'NONE', *, *, #955, .T. ) ;
#2903 = VECTOR ( 'NONE', #1721, 1000.000000000000000 ) ;
#2904 = CIRCLE ( 'NONE', #2380, 0.8999999999999980238 ) ;
#2905 = FACE_OUTER_BOUND ( 'NONE', #1614, .T. ) ;
#2906 = ORIENTED_EDGE ( 'NONE', *, *, #2980, .T. ) ;
#2907 = DIRECTION ( 'NONE',  ( 0.000000000000000000, -0.7071067811865480168, 0.7071067811865470176 ) ) ;
#2908 = DIRECTION ( 'NONE',  ( 0.7071067811865467956, 0.7071067811865483499, 0.000000000000000000 ) ) ;
#2909 = ORIENTED_EDGE ( 'NONE', *, *, #2868, .F. ) ;
#2910 = DIRECTION ( 'NONE',  ( -0.7071067811865474617, -0.7071067811865475727, -0.000000000000000000 ) ) ;
#2911 = DIRECTION ( 'NONE',  ( 0.9615676393087544405, 0.000000000000000000, -0.2745681609986653227 ) ) ;
#2912 = EDGE_CURVE ( 'NONE', #1122, #1831, #188, .T. ) ;
#2913 = EDGE_CURVE ( 'NONE', #1831, #640, #1828, .T. ) ;
#2914 = VERTEX_POINT ( 'NONE', #1815 ) ;
#2915 = DIRECTION ( 'NONE',  ( -0.9363291775690446572, -1.720008795387306188E-16, -0.3511234415883913162 ) ) ;
#2916 = VECTOR ( 'NONE', #589, 1000.000000000000000 ) ;
#2917 = ORIENTED_EDGE ( 'NONE', *, *, #2889, .F. ) ;
#2918 = ORIENTED_EDGE ( 'NONE', *, *, #2175, .T. ) ;
#2919 = DIRECTION ( 'NONE',  ( 0.000000000000000000, 0.000000000000000000, 1.000000000000000000 ) ) ;
#2920 = DIRECTION ( 'NONE',  ( -1.000000000000000000, 0.000000000000000000, 0.000000000000000000 ) ) ;
#2921 = CARTESIAN_POINT ( 'NONE',  ( -10.32264973081037418, 0.2000000000000004274, 2.000000000000000000 ) ) ;
#2922 = ORIENTED_EDGE ( 'NONE', *, *, #1939, .F. ) ;
#2923 = CARTESIAN_POINT ( 'NONE',  ( -2.633100484259956797, -5.299999999999993605, 11.31315318030783779 ) ) ;
#2924 = AXIS2_PLACEMENT_3D ( 'NONE', #583, #2437, #2451 ) ;
#2925 = AXIS2_PLACEMENT_3D ( 'NONE', #2968, #2057, #899 ) ;
#2926 = CARTESIAN_POINT ( 'NONE',  ( -10.82264973081037773, -5.299999999999995381, -6.535889741755010363 ) ) ;
#2927 = EDGE_CURVE ( 'NONE', #213, #355, #2291, .T. ) ;
#2928 = CARTESIAN_POINT ( 'NONE',  ( -10.82264973081037773, -5.299999999999995381, 7.806828091810600334 ) ) ;
#2929 = ADVANCED_FACE ( 'NONE', ( #2510 ), #1697, .F. ) ;
#2930 = VERTEX_POINT ( 'NONE', #2742 ) ;
#2931 = EDGE_CURVE ( 'NONE', #1229, #70, #674, .T. ) ;
#2932 = ORIENTED_EDGE ( 'NONE', *, *, #1953, .F. ) ;
#2933 = CONICAL_SURFACE ( 'NONE', #125, 0.9000000000000023537, 0.7853981633974479459 ) ;
#2934 = FACE_OUTER_BOUND ( 'NONE', #2953, .T. ) ;
#2935 = CARTESIAN_POINT ( 'NONE',  ( -7.497216767936997428, -3.799999999999998934, -7.703719777548943412E-31 ) ) ;
#2936 = CARTESIAN_POINT ( 'NONE',  ( 10.98578643762690632, -5.299999999999990941, 6.745402340387840034 ) ) ;
#2937 = ORIENTED_EDGE ( 'NONE', *, *, #100, .F. ) ;
#2938 = CARTESIAN_POINT ( 'NONE',  ( 17.93551085499099784, 0.2000000000000055900, 2.000000000000000000 ) ) ;
#2939 = DIRECTION ( 'NONE',  ( 1.836970198721029688E-16, -1.000000000000000000, 0.000000000000000000 ) ) ;
#2940 = DIRECTION ( 'NONE',  ( 0.000000000000000000, 0.000000000000000000, -1.000000000000000000 ) ) ;
#2941 = CIRCLE ( 'NONE', #2894, 0.3999999999999958589 ) ;
#2942 = CIRCLE ( 'NONE', #140, 1.899999999999998801 ) ;
#2943 = EDGE_LOOP ( 'NONE', ( #477, #551, #1728, #415 ) ) ;
#2944 = ORIENTED_EDGE ( 'NONE', *, *, #2560, .F. ) ;
#2945 = AXIS2_PLACEMENT_3D ( 'NONE', #1925, #568, #2083 ) ;
#2946 = EDGE_CURVE ( 'NONE', #543, #1709, #777, .T. ) ;
#2947 = EDGE_CURVE ( 'NONE', #1249, #2226, #1028, .T. ) ;
#2948 = AXIS2_PLACEMENT_3D ( 'NONE', #616, #2487, #402 ) ;
#2949 = AXIS2_PLACEMENT_3D ( 'NONE', #2527, #445, #1849 ) ;
#2950 = VECTOR ( 'NONE', #302, 1000.000000000000000 ) ;
#2951 = FACE_OUTER_BOUND ( 'NONE', #2164, .T. ) ;
#2952 = CYLINDRICAL_SURFACE ( 'NONE', #1037, 0.9000000000000002442 ) ;
#2953 = EDGE_LOOP ( 'NONE', ( #2032, #329, #1075, #1343 ) ) ;
#2954 = CYLINDRICAL_SURFACE ( 'NONE', #2126, 1.899999999999999023 ) ;
#2955 = DIRECTION ( 'NONE',  ( 0.000000000000000000, 0.000000000000000000, -1.000000000000000000 ) ) ;
#2956 = DIRECTION ( 'NONE',  ( 0.000000000000000000, 0.7071067811865471286, 0.7071067811865479058 ) ) ;
#2957 = ORIENTED_EDGE ( 'NONE', *, *, #2326, .T. ) ;
#2958 = VERTEX_POINT ( 'NONE', #1213 ) ;
#2959 = DIRECTION ( 'NONE',  ( 0.1941490085400762733, -0.7071067811865471286, 0.6799309983247608935 ) ) ;
#2960 = DIRECTION ( 'NONE',  ( -0.000000000000000000, 1.000000000000000000, -0.000000000000000000 ) ) ;
#2961 = EDGE_CURVE ( 'NONE', #2631, #2025, #1924, .T. ) ;
#2962 = EDGE_CURVE ( 'NONE', #786, #1146, #2136, .T. ) ;
#2963 = ORIENTED_EDGE ( 'NONE', *, *, #1314, .T. ) ;
#2964 = DIRECTION ( 'NONE',  ( 1.298934084353240299E-16, -0.7071067811865477948, 0.7071067811865473507 ) ) ;
#2965 = CARTESIAN_POINT ( 'NONE',  ( 10.48578643762690099, 0.2000000000000042299, 6.745402340387840034 ) ) ;
#2966 = VECTOR ( 'NONE', #2517, 1000.000000000000000 ) ;
#2967 = DIRECTION ( 'NONE',  ( -1.000000000000000000, -2.032879073410341768E-16, 0.000000000000000000 ) ) ;
#2968 = CARTESIAN_POINT ( 'NONE',  ( -10.39721676793699601, -3.799999999999999378, -7.703719777548943412E-31 ) ) ;
#2969 = ORIENTED_EDGE ( 'NONE', *, *, #800, .T. ) ;
#2970 = ORIENTED_EDGE ( 'NONE', *, *, #689, .T. ) ;
#2971 = VECTOR ( 'NONE', #2261, 1000.000000000000000 ) ;
#2972 = VECTOR ( 'NONE', #2022, 1000.000000000000000 ) ;
#2973 = DIRECTION ( 'NONE',  ( -0.000000000000000000, 1.000000000000000000, -0.000000000000000000 ) ) ;
#2974 = DIRECTION ( 'NONE',  ( -0.000000000000000000, 1.000000000000000000, -0.000000000000000000 ) ) ;
#2975 = ORIENTED_EDGE ( 'NONE', *, *, #2290, .T. ) ;
#2976 = FACE_OUTER_BOUND ( 'NONE', #2679, .T. ) ;
#2977 = CARTESIAN_POINT ( 'NONE',  ( 10.48578643762689921, 0.2000000000000042299, -6.745402340387840034 ) ) ;
#2978 = EDGE_CURVE ( 'NONE', #1089, #901, #2820, .T. ) ;
#2979 = ORIENTED_EDGE ( 'NONE', *, *, #2794, .F. ) ;
#2980 = EDGE_CURVE ( 'NONE', #1371, #2301, #1796, .T. ) ;
#2981 = CARTESIAN_POINT ( 'NONE',  ( 10.98578643762690277, -5.299999999999990941, 5.000000000000000000 ) ) ;
#2982 = DIRECTION ( 'NONE',  ( -0.000000000000000000, 1.000000000000000000, -0.000000000000000000 ) ) ;
#2983 = ORIENTED_EDGE ( 'NONE', *, *, #407, .T. ) ;
#2984 = EDGE_LOOP ( 'NONE', ( #22, #2906, #1989, #2423 ) ) ;
#2985 = ORIENTED_EDGE ( 'NONE', *, *, #520, .T. ) ;
#2986 = LINE ( 'NONE', #2217, #1676 ) ;
#2987 = AXIS2_PLACEMENT_3D ( 'NONE', #533, #2401, #349 ) ;
#2988 = CONICAL_SURFACE ( 'NONE', #1013, 1.100000000000000311, 0.7853981633974482790 ) ;
#2989 = DIRECTION ( 'NONE',  ( 1.000000000000000000, 1.836970198721029688E-16, 0.000000000000000000 ) ) ;
#2990 = LINE ( 'NONE', #1199, #2796 ) ;
#2991 = AXIS2_PLACEMENT_3D ( 'NONE', #11, #1632, #190 ) ;
#2992 = EDGE_LOOP ( 'NONE', ( #1727, #1908, #2296, #536, #835 ) ) ;
#2993 = PLANE ( 'NONE',  #1403 ) ;
#2994 = APPROVAL_PERSON_ORGANIZATION ( #1548, #545, #1503 ) ;
#2995 = LINE ( 'NONE', #1171, #822 ) ;
ENDSEC;
END-ISO-10303-21;
