ISO-10303-21;
HEADER;
FILE_DESCRIPTION (( 'STEP AP203' ),
    '1' );
FILE_NAME ('support_plate_top.STEP',
    '2025-12-05T12:00:38',
    ( '' ),
    ( '' ),
    '',
    '',
    '' );
FILE_SCHEMA (( 'CONFIG_CONTROL_DESIGN' ));
ENDSEC;

DATA;
#1 = DIRECTION ( 'NONE',  ( 0.000000000000000000, 0.000000000000000000, 1.000000000000000000 ) ) ;
#2 = ORIENTED_EDGE ( 'NONE', *, *, #1877, .T. ) ;
#3 = CARTESIAN_POINT ( 'NONE',  ( 39.49999999999999289, 0.000000000000000000, 27.59999999999999787 ) ) ;
#4 = CARTESIAN_POINT ( 'NONE',  ( 7.299999999999991829, 3.000000000000000000, 27.60000000000000142 ) ) ;
#5 = CARTESIAN_POINT ( 'NONE',  ( -13.29999999999999893, 0.000000000000000000, -15.60000000000000675 ) ) ;
#6 = CARTESIAN_POINT ( 'NONE',  ( 23.40000000000000213, 0.000000000000000000, 17.60000000000001918 ) ) ;
#7 = ADVANCED_FACE ( 'NONE', ( #1110 ), #500, .F. ) ;
#8 = EDGE_LOOP ( 'NONE', ( #289, #2066, #2513, #2061 ) ) ;
#9 = APPROVAL_DATE_TIME ( #436, #2375 ) ;
#10 = DIRECTION ( 'NONE',  ( -0.000000000000000000, 1.000000000000000000, -0.000000000000000000 ) ) ;
#11 = ADVANCED_FACE ( 'NONE', ( #725 ), #2415, .F. ) ;
#12 = ORIENTED_EDGE ( 'NONE', *, *, #2347, .T. ) ;
#13 = CARTESIAN_POINT ( 'NONE',  ( -35.39999999999999858, -7.000000000000000000, 23.50000000000001066 ) ) ;
#14 = ORIENTED_EDGE ( 'NONE', *, *, #206, .F. ) ;
#15 = VECTOR ( 'NONE', #1848, 1000.000000000000000 ) ;
#16 = DIRECTION ( 'NONE',  ( 0.000000000000000000, 1.000000000000000000, -0.000000000000000000 ) ) ;
#17 = DIRECTION ( 'NONE',  ( -0.000000000000000000, 1.000000000000000000, -0.000000000000000000 ) ) ;
#18 = DIRECTION ( 'NONE',  ( 0.000000000000000000, 0.000000000000000000, 1.000000000000000000 ) ) ;
#19 = LINE ( 'NONE', #2111, #21 ) ;
#20 = ORIENTED_EDGE ( 'NONE', *, *, #1937, .T. ) ;
#21 = VECTOR ( 'NONE', #2088, 1000.000000000000000 ) ;
#22 = ORIENTED_EDGE ( 'NONE', *, *, #1502, .F. ) ;
#23 = DATE_AND_TIME ( #850, #1231 ) ;
#24 = EDGE_CURVE ( 'NONE', #501, #1789, #1383, .T. ) ;
#25 = CARTESIAN_POINT ( 'NONE',  ( 48.49999999999999289, 3.000000000000000000, 39.75000000000000711 ) ) ;
#26 = EDGE_CURVE ( 'NONE', #528, #1640, #1329, .T. ) ;
#27 = LINE ( 'NONE', #2585, #1331 ) ;
#28 = ORIENTED_EDGE ( 'NONE', *, *, #2059, .F. ) ;
#29 = FACE_BOUND ( 'NONE', #77, .T. ) ;
#30 = CARTESIAN_POINT ( 'NONE',  ( -23.40000000000001279, 0.000000000000000000, 17.60000000000001208 ) ) ;
#31 = DIRECTION ( 'NONE',  ( -0.000000000000000000, -1.000000000000000000, -0.000000000000000000 ) ) ;
#32 = ORIENTED_EDGE ( 'NONE', *, *, #586, .F. ) ;
#33 = ORIENTED_EDGE ( 'NONE', *, *, #956, .F. ) ;
#34 = CARTESIAN_POINT ( 'NONE',  ( 35.40000000000002700, -7.000000000000000000, 23.50000000000001066 ) ) ;
#35 = AXIS2_PLACEMENT_3D ( 'NONE', #192, #1432, #1466 ) ;
#36 = ORIENTED_EDGE ( 'NONE', *, *, #2626, .T. ) ;
#37 = CC_DESIGN_APPROVAL ( #2012, ( #1401 ) ) ;
#38 = DATE_AND_TIME ( #2536, #344 ) ;
#39 = DIRECTION ( 'NONE',  ( 0.000000000000000000, 0.000000000000000000, 1.000000000000000000 ) ) ;
#40 = CARTESIAN_POINT ( 'NONE',  ( 51.49999999999999289, 3.000000000000000000, -42.50000000000000711 ) ) ;
#41 = EDGE_CURVE ( 'NONE', #439, #790, #1359, .T. ) ;
#42 = DIRECTION ( 'NONE',  ( 0.000000000000000000, 0.000000000000000000, -1.000000000000000000 ) ) ;
#43 = DIRECTION ( 'NONE',  ( -0.000000000000000000, 1.000000000000000000, -0.000000000000000000 ) ) ;
#44 = CARTESIAN_POINT ( 'NONE',  ( -48.50000000000001421, -0.4000000000000001887, -36.50000000000001421 ) ) ;
#45 = EDGE_LOOP ( 'NONE', ( #2176, #1486, #2113, #603 ) ) ;
#46 = ADVANCED_FACE ( 'NONE', ( #920 ), #1345, .T. ) ;
#47 = DIRECTION ( 'NONE',  ( -0.7071067811865459074, -0.000000000000000000, -0.7071067811865491270 ) ) ;
#48 = EDGE_LOOP ( 'NONE', ( #64, #1287, #135, #2192 ) ) ;
#49 = DIRECTION ( 'NONE',  ( 0.000000000000000000, 0.000000000000000000, 1.000000000000000000 ) ) ;
#50 = DIRECTION ( 'NONE',  ( 0.7071067811865462405, -0.7071067811865489050, 0.000000000000000000 ) ) ;
#51 = CIRCLE ( 'NONE', #1596, 1.000000000000000888 ) ;
#52 = CARTESIAN_POINT ( 'NONE',  ( -33.50000000000001421, -8.000000000000000000, 15.59999999999999964 ) ) ;
#53 = ADVANCED_FACE ( 'NONE', ( #2180 ), #292, .F. ) ;
#54 = CIRCLE ( 'NONE', #1417, 1.000000000000000888 ) ;
#55 = AXIS2_PLACEMENT_3D ( 'NONE', #2158, #911, #1524 ) ;
#56 = CARTESIAN_POINT ( 'NONE',  ( 48.49999999999999289, 3.000000000000000000, -39.75000000000000711 ) ) ;
#57 = PLANE ( 'NONE',  #2297 ) ;
#58 = CIRCLE ( 'NONE', #2558, 3.249999999999996003 ) ;
#59 = ORIENTED_EDGE ( 'NONE', *, *, #108, .T. ) ;
#60 = CARTESIAN_POINT ( 'NONE',  ( -35.39999999999999858, 0.000000000000000000, 23.50000000000001066 ) ) ;
#61 = AXIS2_PLACEMENT_3D ( 'NONE', #220, #208, #2276 ) ;
#62 = ADVANCED_FACE ( 'NONE', ( #526 ), #513, .F. ) ;
#63 = VECTOR ( 'NONE', #1130, 1000.000000000000000 ) ;
#64 = ORIENTED_EDGE ( 'NONE', *, *, #277, .F. ) ;
#65 = CARTESIAN_POINT ( 'NONE',  ( 11.40000000000002345, -7.000000000000000000, 23.50000000000001066 ) ) ;
#66 = VECTOR ( 'NONE', #2275, 1000.000000000000000 ) ;
#67 = FACE_OUTER_BOUND ( 'NONE', #1839, .T. ) ;
#68 = DIRECTION ( 'NONE',  ( 0.000000000000000000, 1.000000000000000000, -0.000000000000000000 ) ) ;
#69 = DIRECTION ( 'NONE',  ( 0.000000000000000000, 0.000000000000000000, 1.000000000000000000 ) ) ;
#70 = DIRECTION ( 'NONE',  ( -0.000000000000000000, 1.000000000000000000, -0.000000000000000000 ) ) ;
#71 = DIRECTION ( 'NONE',  ( 0.000000000000000000, 0.000000000000000000, 1.000000000000000000 ) ) ;
#72 = ORIENTED_EDGE ( 'NONE', *, *, #1468, .F. ) ;
#73 = ORIENTED_EDGE ( 'NONE', *, *, #2702, .F. ) ;
#74 = LINE ( 'NONE', #2040, #1566 ) ;
#75 = ORIENTED_EDGE ( 'NONE', *, *, #1141, .T. ) ;
#76 = ADVANCED_FACE ( 'NONE', ( #117 ), #960, .T. ) ;
#77 = EDGE_LOOP ( 'NONE', ( #1975, #239 ) ) ;
#78 = VECTOR ( 'NONE', #2219, 1000.000000000000000 ) ;
#79 = EDGE_CURVE ( 'NONE', #1594, #1253, #1605, .T. ) ;
#80 = FACE_BOUND ( 'NONE', #2028, .T. ) ;
#81 = DIRECTION ( 'NONE',  ( 0.000000000000000000, 0.000000000000000000, 1.000000000000000000 ) ) ;
#82 = FACE_BOUND ( 'NONE', #354, .T. ) ;
#83 = CYLINDRICAL_SURFACE ( 'NONE', #517, 1.700000000000000178 ) ;
#84 = LINE ( 'NONE', #1134, #2126 ) ;
#85 = ORIENTED_EDGE ( 'NONE', *, *, #1707, .T. ) ;
#86 = CARTESIAN_POINT ( 'NONE',  ( 23.40000000000000213, -9.000000000000000000, 17.60000000000001918 ) ) ;
#87 = ORIENTED_EDGE ( 'NONE', *, *, #343, .T. ) ;
#88 = DIRECTION ( 'NONE',  ( 0.000000000000000000, -1.000000000000000000, 0.000000000000000000 ) ) ;
#89 = ADVANCED_FACE ( 'NONE', ( #1078 ), #2376, .F. ) ;
#90 = ORIENTED_EDGE ( 'NONE', *, *, #2082, .T. ) ;
#91 = LINE ( 'NONE', #563, #591 ) ;
#92 = EDGE_CURVE ( 'NONE', #1579, #1325, #1949, .T. ) ;
#93 = CYLINDRICAL_SURFACE ( 'NONE', #2509, 1.700000000000000178 ) ;
#94 = CIRCLE ( 'NONE', #803, 1.700000000000000178 ) ;
#95 = CARTESIAN_POINT ( 'NONE',  ( -7.300000000000007816, 3.000000000000000000, 27.60000000000000142 ) ) ;
#96 = CARTESIAN_POINT ( 'NONE',  ( -33.50000000000001421, -8.000000000000000000, 15.59999999999999964 ) ) ;
#97 = DIRECTION ( 'NONE',  ( 0.000000000000000000, 1.000000000000000000, 0.000000000000000000 ) ) ;
#98 = ORIENTED_EDGE ( 'NONE', *, *, #1556, .T. ) ;
#99 = LINE ( 'NONE', #2248, #1966 ) ;
#100 = VECTOR ( 'NONE', #1752, 1000.000000000000000 ) ;
#101 = CIRCLE ( 'NONE', #1421, 2.150000000000000799 ) ;
#102 = DIRECTION ( 'NONE',  ( 0.7071067811865459074, 0.000000000000000000, 0.7071067811865491270 ) ) ;
#103 = CIRCLE ( 'NONE', #1687, 1.700000000000000178 ) ;
#104 = ORIENTED_EDGE ( 'NONE', *, *, #1573, .T. ) ;
#105 = ADVANCED_FACE ( 'NONE', ( #67 ), #207, .F. ) ;
#106 = CARTESIAN_POINT ( 'NONE',  ( 54.49999999999999289, -8.500000000000003553, 39.50000000000000711 ) ) ;
#107 = AXIS2_PLACEMENT_3D ( 'NONE', #2052, #805, #2265 ) ;
#108 = EDGE_CURVE ( 'NONE', #1135, #1034, #278, .T. ) ;
#109 = DIRECTION ( 'NONE',  ( 0.6785983445458456664, -0.6785983445458433350, -0.2810846377148327191 ) ) ;
#110 = ORIENTED_EDGE ( 'NONE', *, *, #2466, .T. ) ;
#111 = VERTEX_POINT ( 'NONE', #403 ) ;
#112 = LINE ( 'NONE', #1832, #2235 ) ;
#113 = CARTESIAN_POINT ( 'NONE',  ( -48.50000000000001421, 3.000000000000000000, -36.50000000000001421 ) ) ;
#114 = EDGE_LOOP ( 'NONE', ( #509, #1454, #520, #14 ) ) ;
#115 = DIRECTION ( 'NONE',  ( 0.000000000000000000, 0.000000000000000000, 1.000000000000000000 ) ) ;
#116 = DIRECTION ( 'NONE',  ( -2.154935995002244899E-16, 0.000000000000000000, -1.000000000000000000 ) ) ;
#117 = FACE_OUTER_BOUND ( 'NONE', #794, .T. ) ;
#118 = ORIENTED_EDGE ( 'NONE', *, *, #1441, .F. ) ;
#119 = EDGE_LOOP ( 'NONE', ( #1899, #2590 ) ) ;
#120 = ORIENTED_EDGE ( 'NONE', *, *, #366, .T. ) ;
#121 = CIRCLE ( 'NONE', #2403, 2.000000000000005329 ) ;
#122 = CYLINDRICAL_SURFACE ( 'NONE', #456, 2.000000000000001776 ) ;
#123 = VECTOR ( 'NONE', #2475, 1000.000000000000000 ) ;
#124 = DIRECTION ( 'NONE',  ( -0.000000000000000000, 1.000000000000000000, -0.000000000000000000 ) ) ;
#125 = DIRECTION ( 'NONE',  ( -0.000000000000000000, 1.000000000000000000, -0.000000000000000000 ) ) ;
#126 = UNCERTAINTY_MEASURE_WITH_UNIT (LENGTH_MEASURE( 1.000000000000000082E-05 ), #1552, 'distance_accuracy_value', 'NONE');
#127 = EDGE_CURVE ( 'NONE', #1106, #652, #1042, .T. ) ;
#128 = DIRECTION ( 'NONE',  ( -0.000000000000000000, 1.000000000000000000, -0.000000000000000000 ) ) ;
#129 = EDGE_LOOP ( 'NONE', ( #2560, #494, #1202, #1056 ) ) ;
#130 = DIRECTION ( 'NONE',  ( 0.000000000000000000, 0.000000000000000000, 1.000000000000000000 ) ) ;
#131 = CARTESIAN_POINT ( 'NONE',  ( -46.64644660940682286, -9.000000000000000000, 46.64644660940660970 ) ) ;
#132 = CARTESIAN_POINT ( 'NONE',  ( -35.39999999999999858, 0.000000000000000000, 21.50000000000000355 ) ) ;
#133 = ORIENTED_EDGE ( 'NONE', *, *, #527, .F. ) ;
#134 = ORIENTED_EDGE ( 'NONE', *, *, #802, .F. ) ;
#135 = ORIENTED_EDGE ( 'NONE', *, *, #1842, .T. ) ;
#136 = FACE_OUTER_BOUND ( 'NONE', #942, .T. ) ;
#137 = LINE ( 'NONE', #1404, #1330 ) ;
#138 = ORIENTED_EDGE ( 'NONE', *, *, #2293, .F. ) ;
#139 = DIRECTION ( 'NONE',  ( -0.000000000000000000, 1.000000000000000000, -0.000000000000000000 ) ) ;
#140 = DIRECTION ( 'NONE',  ( 0.000000000000000000, -1.000000000000000000, 0.000000000000000000 ) ) ;
#141 = EDGE_LOOP ( 'NONE', ( #962, #2525, #1137, #1128 ) ) ;
#142 = FACE_OUTER_BOUND ( 'NONE', #639, .T. ) ;
#143 = EDGE_CURVE ( 'NONE', #1527, #1762, #2085, .T. ) ;
#144 = LINE ( 'NONE', #363, #1952 ) ;
#145 = DIRECTION ( 'NONE',  ( 0.000000000000000000, 0.000000000000000000, -1.000000000000000000 ) ) ;
#146 = ADVANCED_FACE ( 'NONE', ( #197 ), #1964, .F. ) ;
#147 = EDGE_LOOP ( 'NONE', ( #1629, #2015, #90, #1317 ) ) ;
#148 = CIRCLE ( 'NONE', #941, 1.000000000000000888 ) ;
#149 = AXIS2_PLACEMENT_3D ( 'NONE', #2504, #622, #18 ) ;
#150 = LINE ( 'NONE', #1362, #2039 ) ;
#151 = CARTESIAN_POINT ( 'NONE',  ( -7.300000000000007816, 3.000000000000000000, 27.60000000000000142 ) ) ;
#152 = ORIENTED_EDGE ( 'NONE', *, *, #614, .F. ) ;
#153 = CARTESIAN_POINT ( 'NONE',  ( -11.40000000000000746, -7.000000000000000000, -23.50000000000000000 ) ) ;
#154 = DIRECTION ( 'NONE',  ( 0.000000000000000000, -0.000000000000000000, -1.000000000000000000 ) ) ;
#155 = ORIENTED_EDGE ( 'NONE', *, *, #1573, .F. ) ;
#156 = CARTESIAN_POINT ( 'NONE',  ( 35.40000000000000568, -7.000000000000000000, -23.50000000000001421 ) ) ;
#157 = CARTESIAN_POINT ( 'NONE',  ( 48.49999999999999289, -9.000000000000001776, 38.20000000000000995 ) ) ;
#158 = LINE ( 'NONE', #2426, #1907 ) ;
#159 = ADVANCED_FACE ( 'NONE', ( #1756 ), #844, .F. ) ;
#160 = ORIENTED_EDGE ( 'NONE', *, *, #2195, .F. ) ;
#161 = DIRECTION ( 'NONE',  ( 0.000000000000000000, 0.000000000000000000, -1.000000000000000000 ) ) ;
#162 = EDGE_CURVE ( 'NONE', #2470, #187, #2531, .T. ) ;
#163 = PERSON_AND_ORGANIZATION ( #565, #833 ) ;
#164 = AXIS2_PLACEMENT_3D ( 'NONE', #2036, #139, #977 ) ;
#165 = CIRCLE ( 'NONE', #515, 2.150000000000002576 ) ;
#166 = DIRECTION ( 'NONE',  ( -0.000000000000000000, 1.000000000000000000, -0.000000000000000000 ) ) ;
#167 = CARTESIAN_POINT ( 'NONE',  ( -48.50000000000001421, -9.000000000000001776, 34.80000000000001847 ) ) ;
#168 = ORIENTED_EDGE ( 'NONE', *, *, #1226, .F. ) ;
#169 = AXIS2_PLACEMENT_3D ( 'NONE', #1008, #375, #2666 ) ;
#170 = DIRECTION ( 'NONE',  ( -0.000000000000000000, 1.000000000000000000, -0.000000000000000000 ) ) ;
#171 = CARTESIAN_POINT ( 'NONE',  ( 35.40000000000002700, 0.000000000000000000, 21.50000000000000355 ) ) ;
#172 = DIRECTION ( 'NONE',  ( -0.000000000000000000, 1.000000000000000000, -0.000000000000000000 ) ) ;
#173 = DIRECTION ( 'NONE',  ( 0.000000000000000000, 0.000000000000000000, -1.000000000000000000 ) ) ;
#174 = ORIENTED_EDGE ( 'NONE', *, *, #350, .F. ) ;
#175 = ADVANCED_FACE ( 'NONE', ( #80, #1683 ), #1950, .F. ) ;
#176 = ORIENTED_EDGE ( 'NONE', *, *, #291, .T. ) ;
#177 = DIRECTION ( 'NONE',  ( 0.000000000000000000, 0.000000000000000000, 1.000000000000000000 ) ) ;
#178 = EDGE_CURVE ( 'NONE', #211, #2161, #1167, .T. ) ;
#179 = LINE ( 'NONE', #1668, #2055 ) ;
#180 = LINE ( 'NONE', #800, #1987 ) ;
#181 = EDGE_LOOP ( 'NONE', ( #2624, #1776, #337, #738 ) ) ;
#182 = DIRECTION ( 'NONE',  ( 0.000000000000000000, 0.000000000000000000, 1.000000000000000000 ) ) ;
#183 = CARTESIAN_POINT ( 'NONE',  ( 35.40000000000000568, -7.000000000000000000, -25.50000000000001421 ) ) ;
#184 = DIRECTION ( 'NONE',  ( 0.000000000000000000, 0.000000000000000000, 1.000000000000000000 ) ) ;
#185 = DIRECTION ( 'NONE',  ( 0.000000000000000000, 0.000000000000000000, 1.000000000000000000 ) ) ;
#186 = EDGE_LOOP ( 'NONE', ( #1419, #1943 ) ) ;
#187 = VERTEX_POINT ( 'NONE', #859 ) ;
#188 = AXIS2_PLACEMENT_3D ( 'NONE', #1917, #663, #1942 ) ;
#189 = AXIS2_PLACEMENT_3D ( 'NONE', #535, #348, #1191 ) ;
#190 = VECTOR ( 'NONE', #2532, 999.9999999999998863 ) ;
#191 = AXIS2_PLACEMENT_3D ( 'NONE', #2400, #2194, #1798 ) ;
#192 = CARTESIAN_POINT ( 'NONE',  ( -11.40000000000000746, -7.000000000000000000, -23.50000000000000000 ) ) ;
#193 = ORIENTED_EDGE ( 'NONE', *, *, #2658, .F. ) ;
#194 = ORIENTED_EDGE ( 'NONE', *, *, #1241, .F. ) ;
#195 = ADVANCED_FACE ( 'NONE', ( #429 ), #1457, .F. ) ;
#196 = DIRECTION ( 'NONE',  ( 0.000000000000000000, 1.000000000000000000, 0.000000000000000000 ) ) ;
#197 = FACE_OUTER_BOUND ( 'NONE', #458, .T. ) ;
#198 = LINE ( 'NONE', #1043, #2433 ) ;
#199 = CARTESIAN_POINT ( 'NONE',  ( -54.50000000000000711, 3.000000000000000000, -42.50000000000000711 ) ) ;
#200 = VECTOR ( 'NONE', #384, 1000.000000000000000 ) ;
#201 = EDGE_LOOP ( 'NONE', ( #1870, #1314, #776, #1494 ) ) ;
#202 = CARTESIAN_POINT ( 'NONE',  ( 35.40000000000000568, -7.000000000000000000, -23.50000000000001421 ) ) ;
#203 = VERTEX_POINT ( 'NONE', #2596 ) ;
#204 = AXIS2_PLACEMENT_3D ( 'NONE', #218, #858, #2274 ) ;
#205 = DIRECTION ( 'NONE',  ( 1.000000000000000000, 0.000000000000000000, -0.000000000000000000 ) ) ;
#206 = EDGE_CURVE ( 'NONE', #1532, #2602, #441, .T. ) ;
#207 = PLANE ( 'NONE',  #630 ) ;
#208 = DIRECTION ( 'NONE',  ( -0.000000000000000000, 1.000000000000000000, -0.000000000000000000 ) ) ;
#209 = CARTESIAN_POINT ( 'NONE',  ( 48.49999999999999289, -0.4000000000000001887, -36.50000000000001421 ) ) ;
#210 = AXIS2_PLACEMENT_3D ( 'NONE', #912, #1749, #2259 ) ;
#211 = VERTEX_POINT ( 'NONE', #1283 ) ;
#212 = EDGE_CURVE ( 'NONE', #2371, #2346, #2521, .T. ) ;
#213 = EDGE_LOOP ( 'NONE', ( #2458, #2427, #1570, #2191 ) ) ;
#214 = APPROVAL_DATE_TIME ( #254, #1666 ) ;
#215 = DIRECTION ( 'NONE',  ( 0.000000000000000000, -1.000000000000000000, 0.000000000000000000 ) ) ;
#216 = CARTESIAN_POINT ( 'NONE',  ( 11.40000000000001457, -7.000000000000000000, -23.50000000000000711 ) ) ;
#217 = ORIENTED_EDGE ( 'NONE', *, *, #2073, .T. ) ;
#218 = CARTESIAN_POINT ( 'NONE',  ( -48.50000000000001421, 3.000000000000000000, -36.50000000000001421 ) ) ;
#219 = CARTESIAN_POINT ( 'NONE',  ( 23.40000000000000213, 0.000000000000000000, 17.60000000000001918 ) ) ;
#220 = CARTESIAN_POINT ( 'NONE',  ( -33.50000000000001421, -8.000000000000000000, -15.59999999999999964 ) ) ;
#221 = CARTESIAN_POINT ( 'NONE',  ( 7.299999999999991829, 0.000000000000000000, -27.59999999999999432 ) ) ;
#222 = EDGE_CURVE ( 'NONE', #1415, #1981, #2583, .T. ) ;
#223 = ORIENTED_EDGE ( 'NONE', *, *, #1864, .F. ) ;
#224 = EDGE_CURVE ( 'NONE', #2635, #1240, #91, .T. ) ;
#225 = PERSON_AND_ORGANIZATION ( #565, #833 ) ;
#226 = CARTESIAN_POINT ( 'NONE',  ( -48.50000000000001421, 3.000000000000000000, 36.50000000000001421 ) ) ;
#227 = AXIS2_PLACEMENT_3D ( 'NONE', #40, #1732, #1320 ) ;
#228 = CARTESIAN_POINT ( 'NONE',  ( 48.49999999999999289, 3.000000000000000000, 36.50000000000001421 ) ) ;
#229 = EDGE_LOOP ( 'NONE', ( #1887, #2207, #1617, #2477 ) ) ;
#230 = CIRCLE ( 'NONE', #1113, 2.150000000000000799 ) ;
#231 = CARTESIAN_POINT ( 'NONE',  ( 11.40000000000002345, -7.000000000000000000, 21.50000000000001066 ) ) ;
#232 = DIRECTION ( 'NONE',  ( 0.000000000000000000, 0.000000000000000000, -1.000000000000000000 ) ) ;
#233 = CARTESIAN_POINT ( 'NONE',  ( -13.29999999999999893, 0.000000000000000000, -15.60000000000000675 ) ) ;
#234 = CARTESIAN_POINT ( 'NONE',  ( -48.50000000000001421, -0.4000000000000001887, 36.50000000000001421 ) ) ;
#235 = AXIS2_PLACEMENT_3D ( 'NONE', #1369, #1730, #654 ) ;
#236 = AXIS2_PLACEMENT_3D ( 'NONE', #1053, #1470, #2314 ) ;
#237 = ORIENTED_EDGE ( 'NONE', *, *, #1212, .T. ) ;
#238 = AXIS2_PLACEMENT_3D ( 'NONE', #1180, #598, #2637 ) ;
#239 = ORIENTED_EDGE ( 'NONE', *, *, #2157, .F. ) ;
#240 = COORDINATED_UNIVERSAL_TIME_OFFSET ( 0, 0, .AHEAD. ) ;
#241 = PLANE ( 'NONE',  #2122 ) ;
#242 = EDGE_CURVE ( 'NONE', #739, #2402, #280, .T. ) ;
#243 = ADVANCED_FACE ( 'NONE', ( #1800 ), #122, .F. ) ;
#244 = DIRECTION ( 'NONE',  ( 0.000000000000000000, -1.000000000000000000, 0.000000000000000000 ) ) ;
#245 = ORIENTED_EDGE ( 'NONE', *, *, #1371, .T. ) ;
#246 = FACE_BOUND ( 'NONE', #1257, .T. ) ;
#247 = DIRECTION ( 'NONE',  ( 0.000000000000000000, 0.000000000000000000, 1.000000000000000000 ) ) ;
#248 = DIRECTION ( 'NONE',  ( 0.000000000000000000, 0.000000000000000000, 1.000000000000000000 ) ) ;
#249 = VERTEX_POINT ( 'NONE', #518 ) ;
#250 = ORIENTED_EDGE ( 'NONE', *, *, #1426, .T. ) ;
#251 = CARTESIAN_POINT ( 'NONE',  ( -33.50000000000001421, -8.000000000000000000, -13.44999999999999929 ) ) ;
#252 = VERTEX_POINT ( 'NONE', #1173 ) ;
#253 = ORIENTED_EDGE ( 'NONE', *, *, #2127, .F. ) ;
#254 = DATE_AND_TIME ( #1266, #2365 ) ;
#255 = DIRECTION ( 'NONE',  ( 0.000000000000000000, 0.000000000000000000, 1.000000000000000000 ) ) ;
#256 = EDGE_CURVE ( 'NONE', #739, #1480, #1785, .T. ) ;
#257 = CARTESIAN_POINT ( 'NONE',  ( 7.299999999999991829, 0.000000000000000000, 27.60000000000000142 ) ) ;
#258 = EDGE_CURVE ( 'NONE', #2045, #471, #150, .T. ) ;
#259 = DIRECTION ( 'NONE',  ( 0.000000000000000000, 0.000000000000000000, 1.000000000000000000 ) ) ;
#260 = DIRECTION ( 'NONE',  ( 0.000000000000000000, 1.000000000000000000, 0.000000000000000000 ) ) ;
#261 = LINE ( 'NONE', #2588, #2033 ) ;
#262 = VERTEX_POINT ( 'NONE', #297 ) ;
#263 = DIRECTION ( 'NONE',  ( -0.000000000000000000, 1.000000000000000000, -0.000000000000000000 ) ) ;
#264 = ORIENTED_EDGE ( 'NONE', *, *, #1426, .F. ) ;
#265 = ORIENTED_EDGE ( 'NONE', *, *, #2366, .T. ) ;
#266 = DIRECTION ( 'NONE',  ( -0.000000000000000000, 1.000000000000000000, -0.000000000000000000 ) ) ;
#267 = CARTESIAN_POINT ( 'NONE',  ( 23.40000000000000213, -9.000000000000000000, -18.59999999999998010 ) ) ;
#268 = LINE ( 'NONE', #1748, #368 ) ;
#269 = AXIS2_PLACEMENT_3D ( 'NONE', #1307, #866, #2147 ) ;
#270 = LINE ( 'NONE', #1512, #1268 ) ;
#271 = EDGE_CURVE ( 'NONE', #1242, #595, #1653, .T. ) ;
#272 = CARTESIAN_POINT ( 'NONE',  ( -51.29289321881344677, -9.000000000000000000, -42.00000000000000711 ) ) ;
#273 = VECTOR ( 'NONE', #31, 1000.000000000000000 ) ;
#274 = ORIENTED_EDGE ( 'NONE', *, *, #1286, .F. ) ;
#275 = CARTESIAN_POINT ( 'NONE',  ( 48.49999999999999289, -0.4000000000000001887, 36.50000000000001421 ) ) ;
#276 = VECTOR ( 'NONE', #2288, 1000.000000000000000 ) ;
#277 = EDGE_CURVE ( 'NONE', #842, #2163, #356, .T. ) ;
#278 = CIRCLE ( 'NONE', #766, 1.699999999999993072 ) ;
#279 = DIRECTION ( 'NONE',  ( -1.000000000000000000, -0.000000000000000000, 1.077467997501122450E-16 ) ) ;
#280 = CIRCLE ( 'NONE', #547, 3.249999999999996003 ) ;
#281 = AXIS2_PLACEMENT_3D ( 'NONE', #199, #1045, #2303 ) ;
#282 = CARTESIAN_POINT ( 'NONE',  ( -54.50000000000000711, 3.000000000000000000, 42.50000000000000711 ) ) ;
#283 = PLANE ( 'NONE',  #227 ) ;
#284 = DIRECTION ( 'NONE',  ( -0.000000000000000000, 1.000000000000000000, -0.000000000000000000 ) ) ;
#285 = FACE_OUTER_BOUND ( 'NONE', #986, .T. ) ;
#286 = DIRECTION ( 'NONE',  ( 0.000000000000000000, 0.000000000000000000, 1.000000000000000000 ) ) ;
#287 = EDGE_LOOP ( 'NONE', ( #110, #1529, #1151, #1184 ) ) ;
#288 = ORIENTED_EDGE ( 'NONE', *, *, #350, .T. ) ;
#289 = ORIENTED_EDGE ( 'NONE', *, *, #1197, .F. ) ;
#290 = DIRECTION ( 'NONE',  ( 0.000000000000000000, 0.000000000000000000, -1.000000000000000000 ) ) ;
#291 = EDGE_CURVE ( 'NONE', #252, #1558, #548, .T. ) ;
#292 = CYLINDRICAL_SURFACE ( 'NONE', #1033, 1.000000000000000888 ) ;
#293 = ADVANCED_FACE ( 'NONE', ( #2607 ), #2031, .F. ) ;
#294 = AXIS2_PLACEMENT_3D ( 'NONE', #13, #1062, #1478 ) ;
#295 = EDGE_LOOP ( 'NONE', ( #2337, #329, #1856, #36 ) ) ;
#296 = AXIS2_PLACEMENT_3D ( 'NONE', #1119, #1525, #1760 ) ;
#297 = CARTESIAN_POINT ( 'NONE',  ( -48.50000000000001421, -9.000000000000001776, -34.80000000000001847 ) ) ;
#298 = FACE_OUTER_BOUND ( 'NONE', #2295, .T. ) ;
#299 = FACE_OUTER_BOUND ( 'NONE', #1669, .T. ) ;
#300 = DIRECTION ( 'NONE',  ( -0.000000000000000000, -1.000000000000000000, -0.000000000000000000 ) ) ;
#301 = ORIENTED_EDGE ( 'NONE', *, *, #1627, .F. ) ;
#302 = ORIENTED_EDGE ( 'NONE', *, *, #1306, .T. ) ;
#303 = PLANE ( 'NONE',  #1684 ) ;
#304 = EDGE_CURVE ( 'NONE', #2343, #2708, #1213, .T. ) ;
#305 = ORIENTED_EDGE ( 'NONE', *, *, #2677, .F. ) ;
#306 = ORIENTED_EDGE ( 'NONE', *, *, #2059, .T. ) ;
#307 = EDGE_CURVE ( 'NONE', #1767, #2343, #1549, .T. ) ;
#308 = VERTEX_POINT ( 'NONE', #1828 ) ;
#309 = DIRECTION ( 'NONE',  ( -0.000000000000000000, 1.000000000000000000, -0.000000000000000000 ) ) ;
#310 = CARTESIAN_POINT ( 'NONE',  ( -11.40000000000000213, -7.000000000000000000, 21.50000000000001066 ) ) ;
#311 = FACE_OUTER_BOUND ( 'NONE', #1355, .T. ) ;
#312 = DIRECTION ( 'NONE',  ( -0.000000000000000000, -0.000000000000000000, 1.000000000000000000 ) ) ;
#313 = EDGE_LOOP ( 'NONE', ( #1841, #1497, #665, #2305 ) ) ;
#314 = CARTESIAN_POINT ( 'NONE',  ( -54.00000000000000711, -9.000000000000000000, 0.000000000000000000 ) ) ;
#315 = AXIS2_PLACEMENT_3D ( 'NONE', #1516, #483, #1724 ) ;
#316 = LINE ( 'NONE', #2685, #1548 ) ;
#317 = AXIS2_PLACEMENT_3D ( 'NONE', #1377, #2218, #729 ) ;
#318 = ORIENTED_EDGE ( 'NONE', *, *, #1107, .T. ) ;
#319 = CIRCLE ( 'NONE', #1254, 2.150000000000002576 ) ;
#320 = VECTOR ( 'NONE', #102, 1000.000000000000000 ) ;
#321 = EDGE_LOOP ( 'NONE', ( #1281, #1455 ) ) ;
#322 = EDGE_LOOP ( 'NONE', ( #695, #28, #2386, #1097 ) ) ;
#323 = AXIS2_PLACEMENT_3D ( 'NONE', #1348, #1990, #2183 ) ;
#324 = EDGE_CURVE ( 'NONE', #2602, #2208, #2306, .T. ) ;
#325 = DIRECTION ( 'NONE',  ( -0.000000000000000000, 1.000000000000000000, -0.000000000000000000 ) ) ;
#326 = AXIS2_PLACEMENT_3D ( 'NONE', #2686, #1224, #2482 ) ;
#327 = CYLINDRICAL_SURFACE ( 'NONE', #891, 3.249999999999996003 ) ;
#328 = EDGE_CURVE ( 'NONE', #2346, #2371, #2131, .T. ) ;
#329 = ORIENTED_EDGE ( 'NONE', *, *, #2292, .F. ) ;
#330 = CARTESIAN_POINT ( 'NONE',  ( -33.50000000000001421, -8.000000000000000000, 17.75000000000000355 ) ) ;
#331 = DIRECTION ( 'NONE',  ( -0.000000000000000000, 1.000000000000000000, -0.000000000000000000 ) ) ;
#332 = EDGE_LOOP ( 'NONE', ( #1927, #338, #602, #2675 ) ) ;
#333 = PLANE ( 'NONE',  #470 ) ;
#334 = LINE ( 'NONE', #981, #66 ) ;
#335 = LINE ( 'NONE', #763, #2693 ) ;
#336 = ORIENTED_EDGE ( 'NONE', *, *, #854, .T. ) ;
#337 = ORIENTED_EDGE ( 'NONE', *, *, #1086, .T. ) ;
#338 = ORIENTED_EDGE ( 'NONE', *, *, #1773, .F. ) ;
#339 = AXIS2_PLACEMENT_3D ( 'NONE', #216, #631, #1269 ) ;
#340 = AXIS2_PLACEMENT_3D ( 'NONE', #1395, #2237, #2670 ) ;
#341 = DIRECTION ( 'NONE',  ( 0.7071067811865491270, 0.000000000000000000, -0.7071067811865459074 ) ) ;
#342 = CIRCLE ( 'NONE', #2057, 1.699999999999993072 ) ;
#343 = EDGE_CURVE ( 'NONE', #662, #1480, #1509, .T. ) ;
#344 = LOCAL_TIME ( 12, 0, 38.00000000000000000, #423 ) ;
#345 = CARTESIAN_POINT ( 'NONE',  ( -54.50000000000000711, -8.500000000000000000, -39.50000000000000711 ) ) ;
#346 = EDGE_LOOP ( 'NONE', ( #413, #1198 ) ) ;
#347 = DIRECTION ( 'NONE',  ( -0.000000000000000000, 1.000000000000000000, -0.000000000000000000 ) ) ;
#348 = DIRECTION ( 'NONE',  ( 1.000000000000000000, -0.000000000000000000, 0.000000000000000000 ) ) ;
#349 = ORIENTED_EDGE ( 'NONE', *, *, #664, .T. ) ;
#350 = EDGE_CURVE ( 'NONE', #2697, #2359, #934, .T. ) ;
#351 = CYLINDRICAL_SURFACE ( 'NONE', #869, 2.000000000000001776 ) ;
#352 = CARTESIAN_POINT ( 'NONE',  ( 23.40000000000000213, -9.000000000000000000, -16.59999999999998010 ) ) ;
#353 = FACE_OUTER_BOUND ( 'NONE', #295, .T. ) ;
#354 = EDGE_LOOP ( 'NONE', ( #2490, #1040 ) ) ;
#355 = ORIENTED_EDGE ( 'NONE', *, *, #79, .F. ) ;
#356 = LINE ( 'NONE', #2420, #2089 ) ;
#357 = CARTESIAN_POINT ( 'NONE',  ( -11.40000000000000213, -7.000000000000000000, 23.50000000000001066 ) ) ;
#358 = PLANE ( 'NONE',  #1747 ) ;
#359 = DIRECTION ( 'NONE',  ( 0.7071067811865459074, 0.000000000000000000, 0.7071067811865491270 ) ) ;
#360 = ORIENTED_EDGE ( 'NONE', *, *, #700, .F. ) ;
#361 = DIRECTION ( 'NONE',  ( -0.7071067811865462405, -0.7071067811865489050, 0.000000000000000000 ) ) ;
#362 = ADVANCED_FACE ( 'NONE', ( #532 ), #2228, .F. ) ;
#363 = CARTESIAN_POINT ( 'NONE',  ( -23.40000000000000924, -9.000000000000000000, -16.59999999999998721 ) ) ;
#364 = CARTESIAN_POINT ( 'NONE',  ( -35.40000000000000568, -7.000000000000000000, -23.50000000000000000 ) ) ;
#365 = AXIS2_PLACEMENT_3D ( 'NONE', #86, #929, #1356 ) ;
#366 = EDGE_CURVE ( 'NONE', #420, #474, #1564, .T. ) ;
#367 = AXIS2_PLACEMENT_3D ( 'NONE', #34, #876, #290 ) ;
#368 = VECTOR ( 'NONE', #1282, 1000.000000000000000 ) ;
#369 = ORIENTED_EDGE ( 'NONE', *, *, #446, .F. ) ;
#370 = VECTOR ( 'NONE', #1833, 1000.000000000000000 ) ;
#371 = DIRECTION ( 'NONE',  ( -0.000000000000000000, 1.000000000000000000, -0.000000000000000000 ) ) ;
#372 = AXIS2_PLACEMENT_3D ( 'NONE', #923, #2329, #2109 ) ;
#373 = APPROVAL_DATE_TIME ( #23, #2012 ) ;
#374 = CIRCLE ( 'NONE', #771, 1.700000000000000178 ) ;
#375 = DIRECTION ( 'NONE',  ( 0.000000000000000000, 1.000000000000000000, 0.000000000000000000 ) ) ;
#376 = CARTESIAN_POINT ( 'NONE',  ( -23.40000000000001279, -9.000000000000000000, 17.60000000000001208 ) ) ;
#377 = ORIENTED_EDGE ( 'NONE', *, *, #586, .T. ) ;
#378 = DIRECTION ( 'NONE',  ( 0.000000000000000000, 1.000000000000000000, 0.000000000000000000 ) ) ;
#379 = CARTESIAN_POINT ( 'NONE',  ( -33.50000000000001421, -8.000000000000000000, -13.44999999999999929 ) ) ;
#380 = LINE ( 'NONE', #2042, #493 ) ;
#381 = ADVANCED_FACE ( 'NONE', ( #136 ), #975, .F. ) ;
#382 = EDGE_LOOP ( 'NONE', ( #1001, #1620, #2273, #1016 ) ) ;
#383 = EDGE_CURVE ( 'NONE', #187, #2408, #2062, .T. ) ;
#384 = DIRECTION ( 'NONE',  ( -1.000000000000000000, 0.000000000000000000, 0.000000000000000000 ) ) ;
#385 = VECTOR ( 'NONE', #1805, 1000.000000000000000 ) ;
#386 = VECTOR ( 'NONE', #672, 1000.000000000000000 ) ;
#387 = CARTESIAN_POINT ( 'NONE',  ( -46.50513327847309597, -16.49486672152688271, -36.18841777457826936 ) ) ;
#388 = CARTESIAN_POINT ( 'NONE',  ( 35.40000000000002700, -7.000000000000000000, 21.50000000000000355 ) ) ;
#389 = ORIENTED_EDGE ( 'NONE', *, *, #1911, .F. ) ;
#390 = CARTESIAN_POINT ( 'NONE',  ( 11.40000000000002345, 0.000000000000000000, 23.50000000000001066 ) ) ;
#391 = CARTESIAN_POINT ( 'NONE',  ( -33.50000000000001421, 0.000000000000000000, -17.75000000000000355 ) ) ;
#392 = CARTESIAN_POINT ( 'NONE',  ( -33.50000000000001421, -8.000000000000000000, -15.59999999999999964 ) ) ;
#393 = CARTESIAN_POINT ( 'NONE',  ( 11.40000000000001457, 0.000000000000000000, -21.50000000000000711 ) ) ;
#394 = VERTEX_POINT ( 'NONE', #2676 ) ;
#395 = ORIENTED_EDGE ( 'NONE', *, *, #796, .F. ) ;
#396 = CARTESIAN_POINT ( 'NONE',  ( -33.50000000000001421, -8.000000000000000000, 17.75000000000000355 ) ) ;
#397 = EDGE_CURVE ( 'NONE', #474, #2247, #1655, .T. ) ;
#398 = DIRECTION ( 'NONE',  ( 0.000000000000000000, 0.000000000000000000, -1.000000000000000000 ) ) ;
#399 = DIRECTION ( 'NONE',  ( 0.000000000000000000, -1.000000000000000000, 0.000000000000000000 ) ) ;
#400 = VERTEX_POINT ( 'NONE', #2047 ) ;
#401 = ORIENTED_EDGE ( 'NONE', *, *, #1241, .T. ) ;
#402 = FACE_OUTER_BOUND ( 'NONE', #1587, .T. ) ;
#403 = CARTESIAN_POINT ( 'NONE',  ( 23.40000000000000213, -9.000000000000000000, 16.60000000000001918 ) ) ;
#404 = CARTESIAN_POINT ( 'NONE',  ( -39.50000000000000711, 0.000000000000000000, -27.59999999999999432 ) ) ;
#405 = DIRECTION ( 'NONE',  ( 0.000000000000000000, 1.000000000000000000, 0.000000000000000000 ) ) ;
#406 = VERTEX_POINT ( 'NONE', #815 ) ;
#407 = CIRCLE ( 'NONE', #269, 1.999999999999998224 ) ;
#408 = VECTOR ( 'NONE', #2381, 1000.000000000000000 ) ;
#409 = EDGE_CURVE ( 'NONE', #2227, #2659, #1255, .T. ) ;
#410 = VECTOR ( 'NONE', #779, 1000.000000000000000 ) ;
#411 = AXIS2_PLACEMENT_3D ( 'NONE', #219, #1534, #701 ) ;
#412 = CARTESIAN_POINT ( 'NONE',  ( -33.50000000000001421, -8.000000000000000000, -17.75000000000000355 ) ) ;
#413 = ORIENTED_EDGE ( 'NONE', *, *, #716, .T. ) ;
#414 = EDGE_CURVE ( 'NONE', #790, #2470, #1230, .T. ) ;
#415 = CARTESIAN_POINT ( 'NONE',  ( 23.40000000000000213, 0.000000000000000000, -18.59999999999998010 ) ) ;
#416 = CARTESIAN_POINT ( 'NONE',  ( -13.29999999999999893, -8.000000000000000000, 17.75000000000001776 ) ) ;
#417 = DIRECTION ( 'NONE',  ( 0.000000000000000000, 1.000000000000000000, -0.000000000000000000 ) ) ;
#418 = CARTESIAN_POINT ( 'NONE',  ( -48.50000000000001421, -0.4000000000000001887, 36.50000000000001421 ) ) ;
#419 = CIRCLE ( 'NONE', #2134, 3.249999999999996003 ) ;
#420 = VERTEX_POINT ( 'NONE', #589 ) ;
#421 = ORIENTED_EDGE ( 'NONE', *, *, #772, .T. ) ;
#422 = VERTEX_POINT ( 'NONE', #396 ) ;
#423 = COORDINATED_UNIVERSAL_TIME_OFFSET ( 0, 0, .AHEAD. ) ;
#424 = DIRECTION ( 'NONE',  ( 0.000000000000000000, 0.000000000000000000, 1.000000000000000000 ) ) ;
#425 = ADVANCED_FACE ( 'NONE', ( #2270 ), #1018, .F. ) ;
#426 = EDGE_LOOP ( 'NONE', ( #1277, #2221 ) ) ;
#427 = AXIS2_PLACEMENT_3D ( 'NONE', #1365, #953, #1585 ) ;
#428 = DIRECTION ( 'NONE',  ( 0.000000000000000000, 0.000000000000000000, -1.000000000000000000 ) ) ;
#429 = FACE_OUTER_BOUND ( 'NONE', #873, .T. ) ;
#430 = PLANE ( 'NONE',  #2302 ) ;
#431 = EDGE_CURVE ( 'NONE', #2346, #595, #1413, .T. ) ;
#432 = FACE_BOUND ( 'NONE', #1670, .T. ) ;
#433 = CIRCLE ( 'NONE', #1704, 1.700000000000000178 ) ;
#434 = EDGE_LOOP ( 'NONE', ( #1941, #902 ) ) ;
#435 = ORIENTED_EDGE ( 'NONE', *, *, #938, .T. ) ;
#436 = DATE_AND_TIME ( #1503, #1575 ) ;
#437 = DIRECTION ( 'NONE',  ( 0.000000000000000000, -0.000000000000000000, -1.000000000000000000 ) ) ;
#438 = CARTESIAN_POINT ( 'NONE',  ( -23.40000000000001279, -9.000000000000000000, 16.60000000000001208 ) ) ;
#439 = VERTEX_POINT ( 'NONE', #795 ) ;
#440 = DIRECTION ( 'NONE',  ( -0.000000000000000000, -0.000000000000000000, 1.000000000000000000 ) ) ;
#441 = LINE ( 'NONE', #835, #990 ) ;
#442 = DIRECTION ( 'NONE',  ( 0.000000000000000000, 0.000000000000000000, 1.000000000000000000 ) ) ;
#443 = CARTESIAN_POINT ( 'NONE',  ( -54.50000000000000711, 3.000000000000000000, 39.49999999999996447 ) ) ;
#444 = EDGE_CURVE ( 'NONE', #2606, #1893, #2487, .T. ) ;
#445 = ORIENTED_EDGE ( 'NONE', *, *, #506, .F. ) ;
#446 = EDGE_CURVE ( 'NONE', #2538, #1763, #2472, .T. ) ;
#447 = DIRECTION ( 'NONE',  ( 0.000000000000000000, 1.000000000000000000, 0.000000000000000000 ) ) ;
#448 = CIRCLE ( 'NONE', #365, 1.000000000000000888 ) ;
#449 = CARTESIAN_POINT ( 'NONE',  ( -35.40000000000000568, -7.000000000000000000, -21.50000000000000000 ) ) ;
#450 = AXIS2_PLACEMENT_3D ( 'NONE', #1830, #937, #1350 ) ;
#451 = VERTEX_POINT ( 'NONE', #971 ) ;
#452 = LINE ( 'NONE', #1116, #2690 ) ;
#453 = LINE ( 'NONE', #491, #697 ) ;
#454 = CARTESIAN_POINT ( 'NONE',  ( -51.49999999999997868, -8.500000000000000000, 42.50000000000000711 ) ) ;
#455 = VERTEX_POINT ( 'NONE', #2068 ) ;
#456 = AXIS2_PLACEMENT_3D ( 'NONE', #1402, #1811, #1389 ) ;
#457 = DIRECTION ( 'NONE',  ( 0.000000000000000000, 1.000000000000000000, 0.000000000000000000 ) ) ;
#458 = EDGE_LOOP ( 'NONE', ( #773, #857, #987, #2014 ) ) ;
#459 = VECTOR ( 'NONE', #177, 1000.000000000000000 ) ;
#460 = EDGE_CURVE ( 'NONE', #1882, #1913, #334, .T. ) ;
#461 = ORIENTED_EDGE ( 'NONE', *, *, #307, .T. ) ;
#462 = APPROVAL_STATUS ( 'not_yet_approved' ) ;
#463 = DIRECTION ( 'NONE',  ( -0.000000000000000000, 1.000000000000000000, -0.000000000000000000 ) ) ;
#464 = EDGE_CURVE ( 'NONE', #1658, #947, #1780, .T. ) ;
#465 = DIRECTION ( 'NONE',  ( -0.000000000000000000, 1.000000000000000000, -0.000000000000000000 ) ) ;
#466 = FACE_BOUND ( 'NONE', #2000, .T. ) ;
#467 = CYLINDRICAL_SURFACE ( 'NONE', #2104, 1.000000000000000888 ) ;
#468 = DIRECTION ( 'NONE',  ( 0.7071067811865491270, -0.000000000000000000, -0.7071067811865459074 ) ) ;
#469 = EDGE_LOOP ( 'NONE', ( #884, #2071 ) ) ;
#470 = AXIS2_PLACEMENT_3D ( 'NONE', #314, #361, #2009 ) ;
#471 = VERTEX_POINT ( 'NONE', #2492 ) ;
#472 = LINE ( 'NONE', #1109, #1028 ) ;
#473 = ORIENTED_EDGE ( 'NONE', *, *, #1692, .T. ) ;
#474 = VERTEX_POINT ( 'NONE', #1622 ) ;
#475 = DIRECTION ( 'NONE',  ( 0.2810846377148343844, -0.6785983445458428909, -0.6785983445458453334 ) ) ;
#476 = ADVANCED_FACE ( 'NONE', ( #1851 ), #2684, .T. ) ;
#477 = LINE ( 'NONE', #1508, #1442 ) ;
#478 = DIRECTION ( 'NONE',  ( -0.4999999999999987788, -0.7071067811865475727, -0.5000000000000011102 ) ) ;
#479 = FACE_OUTER_BOUND ( 'NONE', #502, .T. ) ;
#480 = DIRECTION ( 'NONE',  ( -0.000000000000000000, 1.000000000000000000, -0.000000000000000000 ) ) ;
#481 = ORIENTED_EDGE ( 'NONE', *, *, #545, .T. ) ;
#482 = ORIENTED_EDGE ( 'NONE', *, *, #206, .T. ) ;
#483 = DIRECTION ( 'NONE',  ( -0.000000000000000000, 1.000000000000000000, -0.000000000000000000 ) ) ;
#484 = DIRECTION ( 'NONE',  ( 0.000000000000000000, 1.000000000000000000, 0.000000000000000000 ) ) ;
#485 = DIRECTION ( 'NONE',  ( 0.000000000000000000, 0.000000000000000000, 1.000000000000000000 ) ) ;
#486 = CARTESIAN_POINT ( 'NONE',  ( 23.40000000000000213, -9.000000000000000000, 17.60000000000001918 ) ) ;
#487 = ADVANCED_FACE ( 'NONE', ( #1821 ), #1660, .F. ) ;
#488 = CIRCLE ( 'NONE', #2030, 1.999999999999998224 ) ;
#489 = CYLINDRICAL_SURFACE ( 'NONE', #1547, 2.000000000000005329 ) ;
#490 = AXIS2_PLACEMENT_3D ( 'NONE', #1708, #675, #1759 ) ;
#491 = CARTESIAN_POINT ( 'NONE',  ( -54.50000000000000711, 3.000000000000000000, -39.50000000000000711 ) ) ;
#492 = DIRECTION ( 'NONE',  ( 0.000000000000000000, 0.000000000000000000, 1.000000000000000000 ) ) ;
#493 = VECTOR ( 'NONE', #2053, 1000.000000000000000 ) ;
#494 = ORIENTED_EDGE ( 'NONE', *, *, #444, .T. ) ;
#495 = EDGE_CURVE ( 'NONE', #2444, #1183, #419, .T. ) ;
#496 = ORIENTED_EDGE ( 'NONE', *, *, #838, .F. ) ;
#497 = DIRECTION ( 'NONE',  ( -1.000000000000000000, 0.000000000000000000, 1.077467997501122450E-16 ) ) ;
#498 = VECTOR ( 'NONE', #2701, 1000.000000000000000 ) ;
#499 = VERTEX_POINT ( 'NONE', #171 ) ;
#500 = CYLINDRICAL_SURFACE ( 'NONE', #1507, 1.999999999999998224 ) ;
#501 = VERTEX_POINT ( 'NONE', #391 ) ;
#502 = EDGE_LOOP ( 'NONE', ( #955, #2501 ) ) ;
#503 = DIRECTION ( 'NONE',  ( 0.000000000000000000, 0.000000000000000000, -1.000000000000000000 ) ) ;
#504 = CARTESIAN_POINT ( 'NONE',  ( -7.300000000000007816, 3.000000000000000000, 27.60000000000000142 ) ) ;
#505 = CARTESIAN_POINT ( 'NONE',  ( 35.40000000000002700, -7.000000000000000000, 25.50000000000001421 ) ) ;
#506 = EDGE_CURVE ( 'NONE', #422, #1882, #541, .T. ) ;
#507 = DIRECTION ( 'NONE',  ( 0.000000000000000000, 0.000000000000000000, -1.000000000000000000 ) ) ;
#508 = PLANE ( 'NONE',  #1599 ) ;
#509 = ORIENTED_EDGE ( 'NONE', *, *, #2716, .T. ) ;
#510 = ORIENTED_EDGE ( 'NONE', *, *, #1877, .F. ) ;
#511 = DIRECTION ( 'NONE',  ( 1.000000000000000000, 0.000000000000000000, -1.077467997501122450E-16 ) ) ;
#512 = EDGE_CURVE ( 'NONE', #552, #2708, #611, .T. ) ;
#513 = CYLINDRICAL_SURFACE ( 'NONE', #191, 2.000000000000001776 ) ;
#514 = VECTOR ( 'NONE', #855, 1000.000000000000000 ) ;
#515 = AXIS2_PLACEMENT_3D ( 'NONE', #2313, #16, #1850 ) ;
#516 = VERTEX_POINT ( 'NONE', #792 ) ;
#517 = AXIS2_PLACEMENT_3D ( 'NONE', #659, #2138, #247 ) ;
#518 = CARTESIAN_POINT ( 'NONE',  ( 39.49999999999999289, 0.000000000000000000, -27.59999999999999787 ) ) ;
#519 =( NAMED_UNIT ( * ) SI_UNIT ( $, .STERADIAN. ) SOLID_ANGLE_UNIT ( ) );
#520 = ORIENTED_EDGE ( 'NONE', *, *, #324, .F. ) ;
#521 = DIRECTION ( 'NONE',  ( -0.7071067811865459074, 0.000000000000000000, -0.7071067811865491270 ) ) ;
#522 = FACE_OUTER_BOUND ( 'NONE', #801, .T. ) ;
#523 = EDGE_LOOP ( 'NONE', ( #1301, #2242 ) ) ;
#524 = CARTESIAN_POINT ( 'NONE',  ( 11.40000000000002345, -7.000000000000000000, 21.50000000000001066 ) ) ;
#525 = CARTESIAN_POINT ( 'NONE',  ( -23.40000000000000924, 0.000000000000000000, -17.59999999999998721 ) ) ;
#526 = FACE_OUTER_BOUND ( 'NONE', #1654, .T. ) ;
#527 = EDGE_CURVE ( 'NONE', #2408, #619, #1648, .T. ) ;
#528 = VERTEX_POINT ( 'NONE', #1237 ) ;
#529 = VERTEX_POINT ( 'NONE', #183 ) ;
#530 = ORIENTED_EDGE ( 'NONE', *, *, #1992, .F. ) ;
#531 = ADVANCED_FACE ( 'NONE', ( #2224 ), #584, .F. ) ;
#532 = FACE_OUTER_BOUND ( 'NONE', #692, .T. ) ;
#533 = DIRECTION ( 'NONE',  ( 0.000000000000000000, 1.000000000000000000, 0.000000000000000000 ) ) ;
#534 = DIRECTION ( 'NONE',  ( 0.000000000000000000, 0.000000000000000000, 1.000000000000000000 ) ) ;
#535 = CARTESIAN_POINT ( 'NONE',  ( 7.299999999999991829, 3.000000000000000000, 27.60000000000000142 ) ) ;
#536 = ORIENTED_EDGE ( 'NONE', *, *, #1479, .T. ) ;
#537 = DIRECTION ( 'NONE',  ( 0.000000000000000000, 0.000000000000000000, 1.000000000000000000 ) ) ;
#538 = AXIS2_PLACEMENT_3D ( 'NONE', #2350, #463, #255 ) ;
#539 = CARTESIAN_POINT ( 'NONE',  ( -48.50000000000001421, -0.4000000000000001887, 39.75000000000000711 ) ) ;
#540 = AXIS2_PLACEMENT_3D ( 'NONE', #608, #1009, #1433 ) ;
#541 = CIRCLE ( 'NONE', #1733, 2.150000000000000799 ) ;
#542 = CIRCLE ( 'NONE', #1163, 2.150000000000002576 ) ;
#543 = ORIENTED_EDGE ( 'NONE', *, *, #2229, .F. ) ;
#544 = ORIENTED_EDGE ( 'NONE', *, *, #2063, .F. ) ;
#545 = EDGE_CURVE ( 'NONE', #1527, #2465, #1635, .T. ) ;
#546 = VERTEX_POINT ( 'NONE', #573 ) ;
#547 = AXIS2_PLACEMENT_3D ( 'NONE', #2243, #2404, #1201 ) ;
#548 = LINE ( 'NONE', #1976, #2567 ) ;
#549 = EDGE_CURVE ( 'NONE', #2697, #666, #2043, .T. ) ;
#550 = VECTOR ( 'NONE', #1396, 1000.000000000000000 ) ;
#551 = DIRECTION ( 'NONE',  ( 0.000000000000000000, 1.000000000000000000, 0.000000000000000000 ) ) ;
#552 = VERTEX_POINT ( 'NONE', #352 ) ;
#553 = DIRECTION ( 'NONE',  ( -0.4999999999999965028, -0.7071067811865540120, 0.4999999999999942268 ) ) ;
#554 = CARTESIAN_POINT ( 'NONE',  ( -54.50000000000000711, 3.000000000000000000, -39.50000000000000711 ) ) ;
#555 = ORIENTED_EDGE ( 'NONE', *, *, #2639, .F. ) ;
#556 = DIRECTION ( 'NONE',  ( 0.000000000000000000, 0.000000000000000000, 1.000000000000000000 ) ) ;
#557 = LINE ( 'NONE', #2238, #1076 ) ;
#558 = CARTESIAN_POINT ( 'NONE',  ( -48.50000000000001421, 3.000000000000000000, 39.75000000000000711 ) ) ;
#559 = VERTEX_POINT ( 'NONE', #2249 ) ;
#560 = EDGE_LOOP ( 'NONE', ( #2589, #1667, #1473, #932 ) ) ;
#561 = VERTEX_POINT ( 'NONE', #379 ) ;
#562 = CIRCLE ( 'NONE', #2102, 2.150000000000000799 ) ;
#563 = CARTESIAN_POINT ( 'NONE',  ( -54.50000000000000711, 3.000000000000000000, -39.50000000000000711 ) ) ;
#564 = VECTOR ( 'NONE', #2587, 1000.000000000000000 ) ;
#565 = PERSON ( 'UNSPECIFIED', 'UNSPECIFIED', 'UNSPECIFIED', ('UNSPECIFIED'), ('UNSPECIFIED'), ('UNSPECIFIED') ) ;
#566 = EDGE_CURVE ( 'NONE', #2269, #1253, #1607, .T. ) ;
#567 = ORIENTED_EDGE ( 'NONE', *, *, #2099, .F. ) ;
#568 = CYLINDRICAL_SURFACE ( 'NONE', #2318, 1.000000000000000888 ) ;
#569 = DIRECTION ( 'NONE',  ( 0.000000000000000000, 1.000000000000000000, -0.000000000000000000 ) ) ;
#570 = ORIENTED_EDGE ( 'NONE', *, *, #212, .T. ) ;
#571 = EDGE_CURVE ( 'NONE', #1214, #781, #557, .T. ) ;
#572 = LINE ( 'NONE', #1409, #829 ) ;
#573 = CARTESIAN_POINT ( 'NONE',  ( -35.40000000000000568, 0.000000000000000000, -25.50000000000000355 ) ) ;
#574 = DIRECTION ( 'NONE',  ( -1.000000000000000000, 0.000000000000000000, 2.154935995002244899E-16 ) ) ;
#575 = ORIENTED_EDGE ( 'NONE', *, *, #664, .F. ) ;
#576 = VERTEX_POINT ( 'NONE', #2480 ) ;
#577 = CARTESIAN_POINT ( 'NONE',  ( -51.49999999999997868, -9.000000000000000000, 42.00000000000000711 ) ) ;
#578 = ORIENTED_EDGE ( 'NONE', *, *, #2317, .F. ) ;
#579 = DIRECTION ( 'NONE',  ( 0.000000000000000000, 1.000000000000000000, 0.000000000000000000 ) ) ;
#580 = EDGE_CURVE ( 'NONE', #1344, #1985, #144, .T. ) ;
#581 = CYLINDRICAL_SURFACE ( 'NONE', #1728, 3.249999999999996003 ) ;
#582 = VERTEX_POINT ( 'NONE', #157 ) ;
#583 = DIRECTION ( 'NONE',  ( 0.000000000000000000, 0.000000000000000000, -1.000000000000000000 ) ) ;
#584 = CYLINDRICAL_SURFACE ( 'NONE', #1871, 3.249999999999996003 ) ;
#585 = DIRECTION ( 'NONE',  ( 0.000000000000000000, 0.000000000000000000, 1.000000000000000000 ) ) ;
#586 = EDGE_CURVE ( 'NONE', #2522, #2204, #1170, .T. ) ;
#587 = ORIENTED_EDGE ( 'NONE', *, *, #1845, .T. ) ;
#588 = AXIS2_PLACEMENT_3D ( 'NONE', #2150, #1311, #286 ) ;
#589 = CARTESIAN_POINT ( 'NONE',  ( 51.49999999999997868, -8.500000000000003553, 42.50000000000000711 ) ) ;
#590 = AXIS2_PLACEMENT_3D ( 'NONE', #525, #215, #1896 ) ;
#591 = VECTOR ( 'NONE', #2216, 1000.000000000000000 ) ;
#592 = VECTOR ( 'NONE', #2660, 1000.000000000000000 ) ;
#593 = DIRECTION ( 'NONE',  ( -0.000000000000000000, 1.000000000000000000, -0.000000000000000000 ) ) ;
#594 = FACE_OUTER_BOUND ( 'NONE', #637, .T. ) ;
#595 = VERTEX_POINT ( 'NONE', #393 ) ;
#596 = CARTESIAN_POINT ( 'NONE',  ( -48.50000000000001421, -0.4000000000000001887, -33.25000000000001421 ) ) ;
#597 = ADVANCED_FACE ( 'NONE', ( #636, #1263, #2505, #2494, #1869, #1250, #1239, #432, #2331 ), #1853, .T. ) ;
#598 = DIRECTION ( 'NONE',  ( 0.000000000000000000, 1.000000000000000000, 0.000000000000000000 ) ) ;
#599 = LINE ( 'NONE', #2656, #1072 ) ;
#600 = FACE_OUTER_BOUND ( 'NONE', #48, .T. ) ;
#601 = EDGE_CURVE ( 'NONE', #2565, #947, #19, .T. ) ;
#602 = ORIENTED_EDGE ( 'NONE', *, *, #1725, .F. ) ;
#603 = ORIENTED_EDGE ( 'NONE', *, *, #366, .F. ) ;
#604 = CARTESIAN_POINT ( 'NONE',  ( -48.50000000000001421, 3.000000000000000000, 36.50000000000001421 ) ) ;
#605 = AXIS2_PLACEMENT_3D ( 'NONE', #2223, #1820, #2625 ) ;
#606 = CIRCLE ( 'NONE', #1228, 1.999999999999998224 ) ;
#607 = CARTESIAN_POINT ( 'NONE',  ( -39.50000000000000711, 3.000000000000000000, -27.59999999999999432 ) ) ;
#608 = CARTESIAN_POINT ( 'NONE',  ( -23.40000000000000924, -9.000000000000000000, -17.59999999999998721 ) ) ;
#609 = ORIENTED_EDGE ( 'NONE', *, *, #2003, .T. ) ;
#610 = CARTESIAN_POINT ( 'NONE',  ( -33.50000000000001421, 0.000000000000000000, 15.59999999999999964 ) ) ;
#611 = LINE ( 'NONE', #1836, #1127 ) ;
#612 = CYLINDRICAL_SURFACE ( 'NONE', #149, 2.150000000000006128 ) ;
#613 = DIRECTION ( 'NONE',  ( 0.000000000000000000, 0.000000000000000000, 1.000000000000000000 ) ) ;
#614 = EDGE_CURVE ( 'NONE', #1386, #780, #2084, .T. ) ;
#615 = ORIENTED_EDGE ( 'NONE', *, *, #1422, .T. ) ;
#616 = EDGE_CURVE ( 'NONE', #2016, #839, #1459, .T. ) ;
#617 = DIRECTION ( 'NONE',  ( 0.000000000000000000, 0.000000000000000000, 1.000000000000000000 ) ) ;
#618 = ORIENTED_EDGE ( 'NONE', *, *, #2046, .T. ) ;
#619 = VERTEX_POINT ( 'NONE', #824 ) ;
#620 = CARTESIAN_POINT ( 'NONE',  ( -35.40000000000000568, 0.000000000000000000, -23.50000000000000000 ) ) ;
#621 = CARTESIAN_POINT ( 'NONE',  ( 46.64644660940660970, -9.000000000000000000, 46.64644660940682286 ) ) ;
#622 = DIRECTION ( 'NONE',  ( -0.000000000000000000, 1.000000000000000000, -0.000000000000000000 ) ) ;
#623 = CARTESIAN_POINT ( 'NONE',  ( -7.300000000000007816, 3.000000000000000000, -27.59999999999999787 ) ) ;
#624 = ORIENTED_EDGE ( 'NONE', *, *, #409, .F. ) ;
#625 = PRODUCT_DEFINITION ( 'UNKNOWN', '', #1313, #2622 ) ;
#626 = CIRCLE ( 'NONE', #2166, 1.999999999999998224 ) ;
#627 = VECTOR ( 'NONE', #300, 1000.000000000000000 ) ;
#628 = AXIS2_PLACEMENT_3D ( 'NONE', #1181, #1608, #1623 ) ;
#629 = EDGE_CURVE ( 'NONE', #559, #2080, #1485, .T. ) ;
#630 = AXIS2_PLACEMENT_3D ( 'NONE', #1901, #1261, #1333 ) ;
#631 = DIRECTION ( 'NONE',  ( -0.000000000000000000, 1.000000000000000000, -0.000000000000000000 ) ) ;
#632 = EDGE_LOOP ( 'NONE', ( #1031, #1172, #481, #609 ) ) ;
#633 = DIRECTION ( 'NONE',  ( -0.000000000000000000, 1.000000000000000000, -0.000000000000000000 ) ) ;
#634 = DIRECTION ( 'NONE',  ( 0.000000000000000000, 0.000000000000000000, 1.000000000000000000 ) ) ;
#635 = FACE_OUTER_BOUND ( 'NONE', #1500, .T. ) ;
#636 = FACE_BOUND ( 'NONE', #1984, .T. ) ;
#637 = EDGE_LOOP ( 'NONE', ( #1367, #2103, #1783, #2261, #849, #250, #979, #1303 ) ) ;
#638 = EDGE_LOOP ( 'NONE', ( #2424, #194, #1378, #104 ) ) ;
#639 = EDGE_LOOP ( 'NONE', ( #1825, #1884 ) ) ;
#640 = DIRECTION ( 'NONE',  ( 1.000000000000000000, 0.000000000000000000, 0.000000000000000000 ) ) ;
#641 = DIRECTION ( 'NONE',  ( 0.000000000000000000, 0.000000000000000000, -1.000000000000000000 ) ) ;
#642 = CARTESIAN_POINT ( 'NONE',  ( 11.40000000000002345, 0.000000000000000000, 23.50000000000001066 ) ) ;
#643 = ORIENTED_EDGE ( 'NONE', *, *, #838, .T. ) ;
#644 = EDGE_CURVE ( 'NONE', #1253, #1594, #2569, .T. ) ;
#645 = AXIS2_PLACEMENT_3D ( 'NONE', #228, #2527, #1898 ) ;
#646 = AXIS2_PLACEMENT_3D ( 'NONE', #2654, #1384, #2613 ) ;
#647 = CARTESIAN_POINT ( 'NONE',  ( -48.50000000000001421, -0.4000000000000001887, -36.50000000000001421 ) ) ;
#648 = DIRECTION ( 'NONE',  ( -0.7071067811865491270, 0.000000000000000000, 0.7071067811865459074 ) ) ;
#649 = DIRECTION ( 'NONE',  ( -1.000000000000000000, 0.000000000000000000, 0.000000000000000000 ) ) ;
#650 = DIRECTION ( 'NONE',  ( -0.000000000000000000, 1.000000000000000000, -0.000000000000000000 ) ) ;
#651 = VECTOR ( 'NONE', #43, 1000.000000000000000 ) ;
#652 = VERTEX_POINT ( 'NONE', #1698 ) ;
#653 = DATE_TIME_ROLE ( 'creation_date' ) ;
#654 = DIRECTION ( 'NONE',  ( 0.000000000000000000, 0.000000000000000000, 1.000000000000000000 ) ) ;
#655 = DIRECTION ( 'NONE',  ( 0.000000000000000000, 0.000000000000000000, 1.000000000000000000 ) ) ;
#656 = VERTEX_POINT ( 'NONE', #1904 ) ;
#657 = FACE_OUTER_BOUND ( 'NONE', #181, .T. ) ;
#658 = EDGE_CURVE ( 'NONE', #252, #1415, #2091, .T. ) ;
#659 = CARTESIAN_POINT ( 'NONE',  ( -48.50000000000001421, 3.000000000000000000, 36.50000000000001421 ) ) ;
#660 = DIRECTION ( 'NONE',  ( 0.000000000000000000, 1.000000000000000000, 0.000000000000000000 ) ) ;
#661 = ORIENTED_EDGE ( 'NONE', *, *, #1845, .F. ) ;
#662 = VERTEX_POINT ( 'NONE', #1652 ) ;
#663 = DIRECTION ( 'NONE',  ( 0.000000000000000000, 1.000000000000000000, 0.000000000000000000 ) ) ;
#664 = EDGE_CURVE ( 'NONE', #249, #1751, #861, .T. ) ;
#665 = ORIENTED_EDGE ( 'NONE', *, *, #1768, .T. ) ;
#666 = VERTEX_POINT ( 'NONE', #2277 ) ;
#667 = ORIENTED_EDGE ( 'NONE', *, *, #1960, .T. ) ;
#668 = PERSON_AND_ORGANIZATION ( #565, #833 ) ;
#669 = DIRECTION ( 'NONE',  ( 0.000000000000000000, -0.000000000000000000, 1.000000000000000000 ) ) ;
#670 = VECTOR ( 'NONE', #263, 1000.000000000000000 ) ;
#671 = AXIS2_PLACEMENT_3D ( 'NONE', #234, #1080, #492 ) ;
#672 = DIRECTION ( 'NONE',  ( -0.000000000000000000, 1.000000000000000000, -0.000000000000000000 ) ) ;
#673 = CIRCLE ( 'NONE', #1159, 3.249999999999996003 ) ;
#674 = CIRCLE ( 'NONE', #628, 1.699999999999993072 ) ;
#675 = DIRECTION ( 'NONE',  ( -0.000000000000000000, 1.000000000000000000, -0.000000000000000000 ) ) ;
#676 = AXIS2_PLACEMENT_3D ( 'NONE', #1753, #2593, #945 ) ;
#677 = DIRECTION ( 'NONE',  ( -0.000000000000000000, 1.000000000000000000, -0.000000000000000000 ) ) ;
#678 = CARTESIAN_POINT ( 'NONE',  ( -39.50000000000000711, 0.000000000000000000, 27.60000000000000853 ) ) ;
#679 = ORIENTED_EDGE ( 'NONE', *, *, #2677, .T. ) ;
#680 = EDGE_LOOP ( 'NONE', ( #2234, #510 ) ) ;
#681 = DIRECTION ( 'NONE',  ( 0.000000000000000000, 0.000000000000000000, 1.000000000000000000 ) ) ;
#682 = VECTOR ( 'NONE', #2010, 1000.000000000000000 ) ;
#683 = VERTEX_POINT ( 'NONE', #846 ) ;
#684 = ADVANCED_FACE ( 'NONE', ( #600 ), #1674, .T. ) ;
#685 = FACE_OUTER_BOUND ( 'NONE', #1804, .T. ) ;
#686 = CC_DESIGN_PERSON_AND_ORGANIZATION_ASSIGNMENT ( #225, #2334, ( #1313 ) ) ;
#687 = CARTESIAN_POINT ( 'NONE',  ( -48.50000000000001421, -0.4000000000000001887, -38.20000000000000995 ) ) ;
#688 = FACE_OUTER_BOUND ( 'NONE', #1394, .T. ) ;
#689 = DIRECTION ( 'NONE',  ( 0.000000000000000000, 0.000000000000000000, 1.000000000000000000 ) ) ;
#690 = DIRECTION ( 'NONE',  ( 0.000000000000000000, 0.000000000000000000, 1.000000000000000000 ) ) ;
#691 = ORIENTED_EDGE ( 'NONE', *, *, #1725, .T. ) ;
#692 = EDGE_LOOP ( 'NONE', ( #1429, #643, #798, #2616 ) ) ;
#693 = AXIS2_PLACEMENT_3D ( 'NONE', #1405, #1601, #2436 ) ;
#694 = AXIS2_PLACEMENT_3D ( 'NONE', #1435, #1052, #843 ) ;
#695 = ORIENTED_EDGE ( 'NONE', *, *, #444, .F. ) ;
#696 = CARTESIAN_POINT ( 'NONE',  ( -48.50000000000001421, 3.000000000000000000, 33.25000000000001421 ) ) ;
#697 = VECTOR ( 'NONE', #1298, 1000.000000000000000 ) ;
#698 = EDGE_LOOP ( 'NONE', ( #2136, #1094 ) ) ;
#699 = DIRECTION ( 'NONE',  ( -0.7071067811865459074, -0.000000000000000000, -0.7071067811865491270 ) ) ;
#700 = EDGE_CURVE ( 'NONE', #1412, #394, #374, .T. ) ;
#701 = DIRECTION ( 'NONE',  ( 0.000000000000000000, 0.000000000000000000, 1.000000000000000000 ) ) ;
#702 = ADVANCED_FACE ( 'NONE', ( #1450 ), #2289, .F. ) ;
#703 = CARTESIAN_POINT ( 'NONE',  ( 48.49999999999999289, -0.4000000000000001887, -36.50000000000001421 ) ) ;
#704 = PLANE ( 'NONE',  #1499 ) ;
#705 = CARTESIAN_POINT ( 'NONE',  ( -13.29999999999999893, -8.000000000000000000, 17.75000000000001776 ) ) ;
#706 = FACE_BOUND ( 'NONE', #1058, .T. ) ;
#707 = ORIENTED_EDGE ( 'NONE', *, *, #712, .F. ) ;
#708 = FACE_OUTER_BOUND ( 'NONE', #2546, .T. ) ;
#709 = ORIENTED_EDGE ( 'NONE', *, *, #1207, .F. ) ;
#710 = ORIENTED_EDGE ( 'NONE', *, *, #716, .F. ) ;
#711 = ORIENTED_EDGE ( 'NONE', *, *, #26, .T. ) ;
#712 = EDGE_CURVE ( 'NONE', #528, #2163, #1880, .T. ) ;
#713 = DIRECTION ( 'NONE',  ( 0.000000000000000000, -1.000000000000000000, 0.000000000000000000 ) ) ;
#714 = DIRECTION ( 'NONE',  ( 0.000000000000000000, 0.000000000000000000, -1.000000000000000000 ) ) ;
#715 = CIRCLE ( 'NONE', #1860, 3.249999999999996003 ) ;
#716 = EDGE_CURVE ( 'NONE', #2708, #2343, #148, .T. ) ;
#717 = DIRECTION ( 'NONE',  ( -0.7071067811865491270, 0.000000000000000000, 0.7071067811865459074 ) ) ;
#718 = AXIS2_PLACEMENT_3D ( 'NONE', #60, #903, #1714 ) ;
#719 = VECTOR ( 'NONE', #109, 999.9999999999998863 ) ;
#720 = DIRECTION ( 'NONE',  ( -0.000000000000000000, -1.000000000000000000, -0.000000000000000000 ) ) ;
#721 = CARTESIAN_POINT ( 'NONE',  ( 48.49999999999999289, -0.4000000000000001887, -38.20000000000000995 ) ) ;
#722 = CIRCLE ( 'NONE', #2256, 1.000000000000000888 ) ;
#723 = VERTEX_POINT ( 'NONE', #1275 ) ;
#724 = PLANE ( 'NONE',  #1156 ) ;
#725 = FACE_OUTER_BOUND ( 'NONE', #1713, .T. ) ;
#726 = EDGE_LOOP ( 'NONE', ( #301, #2035 ) ) ;
#727 = ORIENTED_EDGE ( 'NONE', *, *, #1551, .F. ) ;
#728 = CARTESIAN_POINT ( 'NONE',  ( -51.49999999999997868, 3.000000000000000000, 42.50000000000000711 ) ) ;
#729 = DIRECTION ( 'NONE',  ( 0.000000000000000000, 0.000000000000000000, 1.000000000000000000 ) ) ;
#730 = EDGE_LOOP ( 'NONE', ( #1142, #862, #1149, #2125 ) ) ;
#731 = CARTESIAN_POINT ( 'NONE',  ( 48.49999999999999289, -0.4000000000000001887, 36.50000000000001421 ) ) ;
#732 = EDGE_CURVE ( 'NONE', #2142, #529, #2605, .T. ) ;
#733 = FACE_BOUND ( 'NONE', #346, .T. ) ;
#734 = VERTEX_POINT ( 'NONE', #1926 ) ;
#735 = CARTESIAN_POINT ( 'NONE',  ( -48.50000000000001421, 3.000000000000000000, 39.75000000000000711 ) ) ;
#736 = CARTESIAN_POINT ( 'NONE',  ( -48.50000000000001421, 3.000000000000000000, 36.50000000000001421 ) ) ;
#737 = EDGE_CURVE ( 'NONE', #652, #559, #1969, .T. ) ;
#738 = ORIENTED_EDGE ( 'NONE', *, *, #904, .T. ) ;
#739 = VERTEX_POINT ( 'NONE', #1493 ) ;
#740 = DIRECTION ( 'NONE',  ( 0.000000000000000000, 1.000000000000000000, -0.000000000000000000 ) ) ;
#741 = FACE_OUTER_BOUND ( 'NONE', #885, .T. ) ;
#742 = EDGE_LOOP ( 'NONE', ( #237, #2500 ) ) ;
#743 = CARTESIAN_POINT ( 'NONE',  ( -13.29999999999999893, -8.000000000000000000, -17.75000000000000711 ) ) ;
#744 = FACE_BOUND ( 'NONE', #1199, .T. ) ;
#745 = VERTEX_POINT ( 'NONE', #272 ) ;
#746 = PLANE ( 'NONE',  #605 ) ;
#747 = EDGE_CURVE ( 'NONE', #552, #1767, #809, .T. ) ;
#748 = DIRECTION ( 'NONE',  ( 0.000000000000000000, -1.000000000000000000, 0.000000000000000000 ) ) ;
#749 = DIRECTION ( 'NONE',  ( 1.077467997501122450E-16, -0.000000000000000000, 1.000000000000000000 ) ) ;
#750 = EDGE_CURVE ( 'NONE', #1958, #963, #2473, .T. ) ;
#751 = ORIENTED_EDGE ( 'NONE', *, *, #1357, .F. ) ;
#752 = ORIENTED_EDGE ( 'NONE', *, *, #328, .T. ) ;
#753 = DIRECTION ( 'NONE',  ( 0.000000000000000000, 0.000000000000000000, -1.000000000000000000 ) ) ;
#754 = CARTESIAN_POINT ( 'NONE',  ( 48.49999999999999289, 3.000000000000000000, 36.50000000000001421 ) ) ;
#755 = CYLINDRICAL_SURFACE ( 'NONE', #693, 1.700000000000000178 ) ;
#756 = PLANE ( 'NONE',  #189 ) ;
#757 = EDGE_LOOP ( 'NONE', ( #819, #1999, #2649, #1831 ) ) ;
#758 = FACE_OUTER_BOUND ( 'NONE', #2252, .T. ) ;
#759 = CIRCLE ( 'NONE', #590, 1.000000000000000888 ) ;
#760 = VECTOR ( 'NONE', #440, 1000.000000000000000 ) ;
#761 = APPLICATION_CONTEXT ( 'configuration controlled 3d designs of mechanical parts and assemblies' ) ;
#762 = DIRECTION ( 'NONE',  ( -0.000000000000000000, 1.000000000000000000, -0.000000000000000000 ) ) ;
#763 = CARTESIAN_POINT ( 'NONE',  ( 48.49999999999999289, 3.000000000000000000, -38.20000000000000995 ) ) ;
#764 = AXIS2_PLACEMENT_3D ( 'NONE', #2615, #484, #2167 ) ;
#765 = AXIS2_PLACEMENT_3D ( 'NONE', #1013, #2266, #2638 ) ;
#766 = AXIS2_PLACEMENT_3D ( 'NONE', #1743, #2170, #2097 ) ;
#767 = EDGE_CURVE ( 'NONE', #1327, #1755, #84, .T. ) ;
#768 = ORIENTED_EDGE ( 'NONE', *, *, #852, .F. ) ;
#769 = VECTOR ( 'NONE', #648, 1000.000000000000000 ) ;
#770 = CARTESIAN_POINT ( 'NONE',  ( 48.49999999999999289, 3.000000000000000000, -36.50000000000001421 ) ) ;
#771 = AXIS2_PLACEMENT_3D ( 'NONE', #418, #1662, #613 ) ;
#772 = EDGE_CURVE ( 'NONE', #2528, #1763, #103, .T. ) ;
#773 = ORIENTED_EDGE ( 'NONE', *, *, #1276, .T. ) ;
#774 = DIRECTION ( 'NONE',  ( 0.000000000000000000, -0.000000000000000000, -1.000000000000000000 ) ) ;
#775 = DIRECTION ( 'NONE',  ( 0.000000000000000000, 0.000000000000000000, 1.000000000000000000 ) ) ;
#776 = ORIENTED_EDGE ( 'NONE', *, *, #1044, .T. ) ;
#777 = FACE_OUTER_BOUND ( 'NONE', #2140, .T. ) ;
#778 = CARTESIAN_POINT ( 'NONE',  ( -33.50000000000001421, -8.000000000000000000, 15.59999999999999964 ) ) ;
#779 = DIRECTION ( 'NONE',  ( 0.2810846377148252806, 0.6785983445458447783, -0.6785983445458472207 ) ) ;
#780 = VERTEX_POINT ( 'NONE', #721 ) ;
#781 = VERTEX_POINT ( 'NONE', #678 ) ;
#782 = VECTOR ( 'NONE', #1781, 1000.000000000000000 ) ;
#783 = ADVANCED_FACE ( 'NONE', ( #2601 ), #57, .T. ) ;
#784 = CARTESIAN_POINT ( 'NONE',  ( -11.40000000000000213, -7.000000000000000000, 21.50000000000001066 ) ) ;
#785 = AXIS2_PLACEMENT_3D ( 'NONE', #2048, #2020, #521 ) ;
#786 = APPROVAL_ROLE ( '' ) ;
#787 = EDGE_CURVE ( 'NONE', #111, #1594, #261, .T. ) ;
#788 = DIRECTION ( 'NONE',  ( -0.000000000000000000, 1.000000000000000000, -0.000000000000000000 ) ) ;
#789 = LINE ( 'NONE', #1204, #370 ) ;
#790 = VERTEX_POINT ( 'NONE', #2557 ) ;
#791 = CARTESIAN_POINT ( 'NONE',  ( 23.40000000000000213, -9.000000000000000000, 18.60000000000001918 ) ) ;
#792 = CARTESIAN_POINT ( 'NONE',  ( 48.49999999999999289, -0.4000000000000001887, 38.20000000000000995 ) ) ;
#793 = CARTESIAN_POINT ( 'NONE',  ( 48.49999999999999289, -9.000000000000001776, 34.80000000000001137 ) ) ;
#794 = EDGE_LOOP ( 'NONE', ( #575, #72, #1164, #435 ) ) ;
#795 = CARTESIAN_POINT ( 'NONE',  ( 51.29289321881344677, -9.000000000000000000, -42.00000000000000711 ) ) ;
#796 = EDGE_CURVE ( 'NONE', #1168, #1326, #892, .T. ) ;
#797 = CALENDAR_DATE ( 2025, 5, 12 ) ;
#798 = ORIENTED_EDGE ( 'NONE', *, *, #2466, .F. ) ;
#799 = CARTESIAN_POINT ( 'NONE',  ( 35.40000000000002700, 0.000000000000000000, 23.50000000000001066 ) ) ;
#800 = CARTESIAN_POINT ( 'NONE',  ( -39.50000000000000711, 0.000000000000000000, -27.59999999999999432 ) ) ;
#801 = EDGE_LOOP ( 'NONE', ( #2372, #217, #2431, #349 ) ) ;
#802 = EDGE_CURVE ( 'NONE', #1640, #1382, #2573, .T. ) ;
#803 = AXIS2_PLACEMENT_3D ( 'NONE', #2435, #124, #965 ) ;
#804 = CARTESIAN_POINT ( 'NONE',  ( -48.50000000000001421, -0.4000000000000001887, 33.25000000000001421 ) ) ;
#805 = DIRECTION ( 'NONE',  ( 0.000000000000000000, 1.000000000000000000, 0.000000000000000000 ) ) ;
#806 = CARTESIAN_POINT ( 'NONE',  ( -23.40000000000000924, 0.000000000000000000, -17.59999999999998721 ) ) ;
#807 = DIRECTION ( 'NONE',  ( 0.000000000000000000, 0.000000000000000000, 1.000000000000000000 ) ) ;
#808 = CC_DESIGN_DATE_AND_TIME_ASSIGNMENT ( #1099, #1932, ( #1401 ) ) ;
#809 = CIRCLE ( 'NONE', #1769, 1.000000000000000888 ) ;
#810 = VECTOR ( 'NONE', #2188, 1000.000000000000000 ) ;
#811 = EDGE_LOOP ( 'NONE', ( #1017, #2050 ) ) ;
#812 = VECTOR ( 'NONE', #128, 1000.000000000000000 ) ;
#813 = AXIS2_PLACEMENT_3D ( 'NONE', #2578, #699, #88 ) ;
#814 = ORIENTED_EDGE ( 'NONE', *, *, #2332, .F. ) ;
#815 = CARTESIAN_POINT ( 'NONE',  ( -33.50000000000001421, -8.000000000000000000, -17.75000000000000355 ) ) ;
#816 = AXIS2_PLACEMENT_3D ( 'NONE', #2647, #1145, #2446 ) ;
#817 = DIRECTION ( 'NONE',  ( 0.000000000000000000, 1.000000000000000000, -0.000000000000000000 ) ) ;
#818 = PLANE ( 'NONE',  #2432 ) ;
#819 = ORIENTED_EDGE ( 'NONE', *, *, #571, .T. ) ;
#820 = DIRECTION ( 'NONE',  ( 0.000000000000000000, -1.000000000000000000, 0.000000000000000000 ) ) ;
#821 = EDGE_CURVE ( 'NONE', #1480, #662, #58, .T. ) ;
#822 = DIRECTION ( 'NONE',  ( -0.000000000000000000, 1.000000000000000000, -0.000000000000000000 ) ) ;
#823 = DIRECTION ( 'NONE',  ( 0.000000000000000000, 0.000000000000000000, 1.000000000000000000 ) ) ;
#824 = CARTESIAN_POINT ( 'NONE',  ( -54.00000000000000711, -9.000000000000000000, 39.29289321881340413 ) ) ;
#825 = EDGE_CURVE ( 'NONE', #1789, #501, #230, .T. ) ;
#826 = ORIENTED_EDGE ( 'NONE', *, *, #1306, .F. ) ;
#827 = ORIENTED_EDGE ( 'NONE', *, *, #2082, .F. ) ;
#828 = VERTEX_POINT ( 'NONE', #2160 ) ;
#829 = VECTOR ( 'NONE', #205, 1000.000000000000000 ) ;
#830 = FACE_OUTER_BOUND ( 'NONE', #229, .T. ) ;
#831 = EDGE_LOOP ( 'NONE', ( #369, #2486, #968, #421 ) ) ;
#832 = EDGE_LOOP ( 'NONE', ( #1007, #318, #1584, #389 ) ) ;
#833 = ORGANIZATION ( 'UNSPECIFIED', 'UNSPECIFIED', '' ) ;
#834 = CYLINDRICAL_SURFACE ( 'NONE', #2664, 2.150000000000000799 ) ;
#835 = CARTESIAN_POINT ( 'NONE',  ( -23.40000000000001279, -9.000000000000000000, 18.60000000000001208 ) ) ;
#836 = CARTESIAN_POINT ( 'NONE',  ( 23.40000000000000213, 0.000000000000000000, 18.60000000000001918 ) ) ;
#837 = CARTESIAN_POINT ( 'NONE',  ( -13.29999999999999893, -8.000000000000000000, 15.60000000000001386 ) ) ;
#838 = EDGE_CURVE ( 'NONE', #2016, #400, #1526, .T. ) ;
#839 = VERTEX_POINT ( 'NONE', #443 ) ;
#840 = ADVANCED_FACE ( 'NONE', ( #1710 ), #1120, .F. ) ;
#841 = CARTESIAN_POINT ( 'NONE',  ( -23.40000000000000924, 0.000000000000000000, -18.59999999999998721 ) ) ;
#842 = VERTEX_POINT ( 'NONE', #1299 ) ;
#843 = DIRECTION ( 'NONE',  ( 0.000000000000000000, 0.000000000000000000, 1.000000000000000000 ) ) ;
#844 = CYLINDRICAL_SURFACE ( 'NONE', #1428, 2.000000000000001776 ) ;
#845 = DIRECTION ( 'NONE',  ( 0.000000000000000000, -0.000000000000000000, -1.000000000000000000 ) ) ;
#846 = CARTESIAN_POINT ( 'NONE',  ( -13.29999999999999893, 0.000000000000000000, -17.75000000000000711 ) ) ;
#847 = CIRCLE ( 'NONE', #2689, 3.249999999999996003 ) ;
#848 =( GEOMETRIC_REPRESENTATION_CONTEXT ( 3 ) GLOBAL_UNCERTAINTY_ASSIGNED_CONTEXT ( ( #126 ) ) GLOBAL_UNIT_ASSIGNED_CONTEXT ( ( #1552, #1774, #519 ) ) REPRESENTATION_CONTEXT ( 'NONE', 'WORKASPACE' ) );
#849 = ORIENTED_EDGE ( 'NONE', *, *, #1911, .T. ) ;
#850 = CALENDAR_DATE ( 2025, 5, 12 ) ;
#851 = CYLINDRICAL_SURFACE ( 'NONE', #235, 1.000000000000000888 ) ;
#852 = EDGE_CURVE ( 'NONE', #1183, #2444, #1425, .T. ) ;
#853 = AXIS2_PLACEMENT_3D ( 'NONE', #1817, #97, #2410 ) ;
#854 = EDGE_CURVE ( 'NONE', #1640, #1214, #1750, .T. ) ;
#855 = DIRECTION ( 'NONE',  ( -0.000000000000000000, 1.000000000000000000, -0.000000000000000000 ) ) ;
#856 = AXIS2_PLACEMENT_3D ( 'NONE', #2199, #740, #1581 ) ;
#857 = ORIENTED_EDGE ( 'NONE', *, *, #397, .T. ) ;
#858 = DIRECTION ( 'NONE',  ( -0.000000000000000000, 1.000000000000000000, -0.000000000000000000 ) ) ;
#859 = CARTESIAN_POINT ( 'NONE',  ( 51.29289321881344677, -9.000000000000000000, 42.00000000000000711 ) ) ;
#860 = PLANE ( 'NONE',  #2087 ) ;
#861 = LINE ( 'NONE', #221, #2222 ) ;
#862 = ORIENTED_EDGE ( 'NONE', *, *, #1391, .T. ) ;
#863 = EDGE_LOOP ( 'NONE', ( #152, #1699 ) ) ;
#864 = CARTESIAN_POINT ( 'NONE',  ( -35.39999999999999858, -7.000000000000000000, 23.50000000000001066 ) ) ;
#865 = ADVANCED_FACE ( 'NONE', ( #706, #1916, #872, #2190, #1162, #733, #522 ), #508, .F. ) ;
#866 = DIRECTION ( 'NONE',  ( 0.000000000000000000, 1.000000000000000000, 0.000000000000000000 ) ) ;
#867 = ORIENTED_EDGE ( 'NONE', *, *, #2195, .T. ) ;
#868 = ADVANCED_FACE ( 'NONE', ( #1792, #2021 ), #1569, .F. ) ;
#869 = AXIS2_PLACEMENT_3D ( 'NONE', #156, #1634, #556 ) ;
#870 = CARTESIAN_POINT ( 'NONE',  ( 48.49999999999999289, 3.000000000000000000, -34.80000000000001137 ) ) ;
#871 = LINE ( 'NONE', #1437, #2169 ) ;
#872 = FACE_BOUND ( 'NONE', #1095, .T. ) ;
#873 = EDGE_LOOP ( 'NONE', ( #906, #615, #1171, #160 ) ) ;
#874 = LOCAL_TIME ( 12, 0, 38.00000000000000000, #240 ) ;
#875 = ORIENTED_EDGE ( 'NONE', *, *, #2581, .T. ) ;
#876 = DIRECTION ( 'NONE',  ( 0.000000000000000000, 1.000000000000000000, -0.000000000000000000 ) ) ;
#877 = EDGE_LOOP ( 'NONE', ( #2668, #1003 ) ) ;
#878 = CARTESIAN_POINT ( 'NONE',  ( 11.40000000000002345, -7.000000000000000000, 25.50000000000000711 ) ) ;
#879 = DIRECTION ( 'NONE',  ( 0.000000000000000000, 0.000000000000000000, -1.000000000000000000 ) ) ;
#880 = DIRECTION ( 'NONE',  ( 0.000000000000000000, -1.000000000000000000, 0.000000000000000000 ) ) ;
#881 = LINE ( 'NONE', #1720, #2454 ) ;
#882 = EDGE_CURVE ( 'NONE', #1240, #2016, #789, .T. ) ;
#883 = CARTESIAN_POINT ( 'NONE',  ( -33.50000000000001421, 0.000000000000000000, -15.59999999999999964 ) ) ;
#884 = ORIENTED_EDGE ( 'NONE', *, *, #549, .T. ) ;
#885 = EDGE_LOOP ( 'NONE', ( #1051, #223, #867, #265 ) ) ;
#886 = CARTESIAN_POINT ( 'NONE',  ( -46.80000000000001847, -0.4000000000000001887, 36.50000000000001421 ) ) ;
#887 = ORIENTED_EDGE ( 'NONE', *, *, #2563, .F. ) ;
#888 = DIRECTION ( 'NONE',  ( 0.000000000000000000, 0.000000000000000000, 1.000000000000000000 ) ) ;
#889 = DIRECTION ( 'NONE',  ( 0.000000000000000000, -1.000000000000000000, 0.000000000000000000 ) ) ;
#890 = VECTOR ( 'NONE', #47, 1000.000000000000000 ) ;
#891 = AXIS2_PLACEMENT_3D ( 'NONE', #1158, #2619, #1583 ) ;
#892 = CIRCLE ( 'NONE', #2692, 1.700000000000000178 ) ;
#893 = LINE ( 'NONE', #449, #386 ) ;
#894 = VECTOR ( 'NONE', #1626, 1000.000000000000000 ) ;
#895 = VECTOR ( 'NONE', #2543, 1000.000000000000000 ) ;
#896 = DIRECTION ( 'NONE',  ( -0.000000000000000000, 1.000000000000000000, -0.000000000000000000 ) ) ;
#897 = CYLINDRICAL_SURFACE ( 'NONE', #2582, 3.249999999999996003 ) ;
#898 = DIRECTION ( 'NONE',  ( -0.000000000000000000, 1.000000000000000000, -0.000000000000000000 ) ) ;
#899 = ORIENTED_EDGE ( 'NONE', *, *, #566, .T. ) ;
#900 = EDGE_LOOP ( 'NONE', ( #473, #1855 ) ) ;
#901 = VECTOR ( 'NONE', #991, 1000.000000000000000 ) ;
#902 = ORIENTED_EDGE ( 'NONE', *, *, #2644, .F. ) ;
#903 = DIRECTION ( 'NONE',  ( 0.000000000000000000, 1.000000000000000000, 0.000000000000000000 ) ) ;
#904 = EDGE_CURVE ( 'NONE', #2197, #1122, #1376, .T. ) ;
#905 = AXIS2_PLACEMENT_3D ( 'NONE', #604, #371, #1443 ) ;
#906 = ORIENTED_EDGE ( 'NONE', *, *, #92, .F. ) ;
#907 = EDGE_CURVE ( 'NONE', #2635, #839, #1380, .T. ) ;
#908 = DIRECTION ( 'NONE',  ( -0.000000000000000000, 1.000000000000000000, -0.000000000000000000 ) ) ;
#909 = DIRECTION ( 'NONE',  ( 1.000000000000000000, 0.000000000000000000, 0.000000000000000000 ) ) ;
#910 = CYLINDRICAL_SURFACE ( 'NONE', #1745, 1.000000000000000888 ) ;
#911 = DIRECTION ( 'NONE',  ( 0.000000000000000000, -1.000000000000000000, 0.000000000000000000 ) ) ;
#912 = CARTESIAN_POINT ( 'NONE',  ( 46.64644660940660970, -9.000000000000000000, 46.64644660940682286 ) ) ;
#913 = DIRECTION ( 'NONE',  ( 0.000000000000000000, 0.000000000000000000, 1.000000000000000000 ) ) ;
#914 = ORIENTED_EDGE ( 'NONE', *, *, #1102, .F. ) ;
#915 = AXIS2_PLACEMENT_3D ( 'NONE', #1758, #244, #1101 ) ;
#916 = CIRCLE ( 'NONE', #340, 1.000000000000000888 ) ;
#917 = CARTESIAN_POINT ( 'NONE',  ( -11.40000000000000213, -7.000000000000000000, 23.50000000000001066 ) ) ;
#918 = CIRCLE ( 'NONE', #169, 2.150000000000006128 ) ;
#919 = ADVANCED_FACE ( 'NONE', ( #1393 ), #2437, .F. ) ;
#920 = FACE_OUTER_BOUND ( 'NONE', #742, .T. ) ;
#921 = ADVANCED_FACE ( 'NONE', ( #1366 ), #1352, .F. ) ;
#922 = ORIENTED_EDGE ( 'NONE', *, *, #545, .F. ) ;
#923 = CARTESIAN_POINT ( 'NONE',  ( 50.19999999999999574, -0.4000000000000001887, 36.50000000000001421 ) ) ;
#924 = PLANE ( 'NONE',  #2145 ) ;
#925 = PLANE ( 'NONE',  #2032 ) ;
#926 = CARTESIAN_POINT ( 'NONE',  ( -48.50000000000001421, -9.000000000000001776, -36.50000000000001421 ) ) ;
#927 = DIRECTION ( 'NONE',  ( 0.000000000000000000, 0.000000000000000000, -1.000000000000000000 ) ) ;
#928 = EDGE_LOOP ( 'NONE', ( #1593, #1694 ) ) ;
#929 = DIRECTION ( 'NONE',  ( 0.000000000000000000, -1.000000000000000000, 0.000000000000000000 ) ) ;
#930 = EDGE_LOOP ( 'NONE', ( #624, #2356, #2374, #2320 ) ) ;
#931 = ORIENTED_EDGE ( 'NONE', *, *, #512, .T. ) ;
#932 = ORIENTED_EDGE ( 'NONE', *, *, #2146, .F. ) ;
#933 = EDGE_CURVE ( 'NONE', #1427, #308, #2037, .T. ) ;
#934 = LINE ( 'NONE', #1770, #946 ) ;
#935 = FACE_OUTER_BOUND ( 'NONE', #2226, .T. ) ;
#936 = CIRCLE ( 'NONE', #1812, 3.249999999999996003 ) ;
#937 = DIRECTION ( 'NONE',  ( 0.000000000000000000, 1.000000000000000000, 0.000000000000000000 ) ) ;
#938 = EDGE_CURVE ( 'NONE', #203, #1751, #2667, .T. ) ;
#939 = DIRECTION ( 'NONE',  ( 0.000000000000000000, 0.000000000000000000, 1.000000000000000000 ) ) ;
#940 = FACE_OUTER_BOUND ( 'NONE', #322, .T. ) ;
#941 = AXIS2_PLACEMENT_3D ( 'NONE', #1686, #2519, #2316 ) ;
#942 = EDGE_LOOP ( 'NONE', ( #2629, #768, #2072, #667 ) ) ;
#943 = DIRECTION ( 'NONE',  ( -0.000000000000000000, 1.000000000000000000, -0.000000000000000000 ) ) ;
#944 = AXIS2_PLACEMENT_3D ( 'NONE', #864, #1701, #2155 ) ;
#945 = DIRECTION ( 'NONE',  ( 0.000000000000000000, -0.000000000000000000, 1.000000000000000000 ) ) ;
#946 = VECTOR ( 'NONE', #2434, 1000.000000000000000 ) ;
#947 = VERTEX_POINT ( 'NONE', #1148 ) ;
#948 = DIRECTION ( 'NONE',  ( 0.7071067811865491270, -0.000000000000000000, -0.7071067811865459074 ) ) ;
#949 = ADVANCED_FACE ( 'NONE', ( #2233 ), #756, .T. ) ;
#950 = CARTESIAN_POINT ( 'NONE',  ( 11.40000000000002345, -7.000000000000000000, 25.50000000000000711 ) ) ;
#951 = ORIENTED_EDGE ( 'NONE', *, *, #2608, .F. ) ;
#952 = EDGE_LOOP ( 'NONE', ( #961, #1681, #1541, #2060 ) ) ;
#953 = DIRECTION ( 'NONE',  ( 0.000000000000000000, 1.000000000000000000, 0.000000000000000000 ) ) ;
#954 = CARTESIAN_POINT ( 'NONE',  ( -51.49999999999999289, 3.000000000000000000, -42.50000000000000711 ) ) ;
#955 = ORIENTED_EDGE ( 'NONE', *, *, #956, .T. ) ;
#956 = EDGE_CURVE ( 'NONE', #2604, #1562, #1030, .T. ) ;
#957 = CARTESIAN_POINT ( 'NONE',  ( -23.40000000000001279, -9.000000000000000000, 17.60000000000001208 ) ) ;
#958 = PLANE ( 'NONE',  #2168 ) ;
#959 = VECTOR ( 'NONE', #820, 1000.000000000000000 ) ;
#960 = PLANE ( 'NONE',  #2645 ) ;
#961 = ORIENTED_EDGE ( 'NONE', *, *, #242, .F. ) ;
#962 = ORIENTED_EDGE ( 'NONE', *, *, #571, .F. ) ;
#963 = VERTEX_POINT ( 'NONE', #1980 ) ;
#964 = DIRECTION ( 'NONE',  ( -0.000000000000000000, 1.000000000000000000, -0.000000000000000000 ) ) ;
#965 = DIRECTION ( 'NONE',  ( 0.000000000000000000, 0.000000000000000000, 1.000000000000000000 ) ) ;
#966 = DIRECTION ( 'NONE',  ( 0.000000000000000000, 0.000000000000000000, 1.000000000000000000 ) ) ;
#967 = FACE_BOUND ( 'NONE', #1723, .T. ) ;
#968 = ORIENTED_EDGE ( 'NONE', *, *, #2702, .T. ) ;
#969 = CARTESIAN_POINT ( 'NONE',  ( 39.49999999999999289, 3.000000000000000000, 27.59999999999999787 ) ) ;
#970 = ADVANCED_FACE ( 'NONE', ( #940 ), #978, .F. ) ;
#971 = CARTESIAN_POINT ( 'NONE',  ( 11.40000000000002345, 0.000000000000000000, 21.50000000000001066 ) ) ;
#972 = DIRECTION ( 'NONE',  ( 1.000000000000000000, 0.000000000000000000, -2.154935995002244899E-16 ) ) ;
#973 = VERTEX_POINT ( 'NONE', #954 ) ;
#974 = ORIENTED_EDGE ( 'NONE', *, *, #1556, .F. ) ;
#975 = CYLINDRICAL_SURFACE ( 'NONE', #905, 3.249999999999996003 ) ;
#976 = DIRECTION ( 'NONE',  ( -0.000000000000000000, 1.000000000000000000, -0.000000000000000000 ) ) ;
#977 = DIRECTION ( 'NONE',  ( 0.000000000000000000, 0.000000000000000000, 1.000000000000000000 ) ) ;
#978 = CYLINDRICAL_SURFACE ( 'NONE', #983, 1.999999999999998224 ) ;
#979 = ORIENTED_EDGE ( 'NONE', *, *, #907, .T. ) ;
#980 = LINE ( 'NONE', #2412, #782 ) ;
#981 = CARTESIAN_POINT ( 'NONE',  ( -33.50000000000001421, -8.000000000000000000, 13.44999999999999929 ) ) ;
#982 = CARTESIAN_POINT ( 'NONE',  ( 11.40000000000002345, -7.000000000000000000, 23.50000000000001066 ) ) ;
#983 = AXIS2_PLACEMENT_3D ( 'NONE', #2651, #1778, #775 ) ;
#984 = ADVANCED_FACE ( 'NONE', ( #2220 ), #2610, .F. ) ;
#985 = CIRCLE ( 'NONE', #1381, 2.000000000000001776 ) ;
#986 = EDGE_LOOP ( 'NONE', ( #1346, #2280, #2268, #1316 ) ) ;
#987 = ORIENTED_EDGE ( 'NONE', *, *, #1663, .T. ) ;
#988 = EDGE_LOOP ( 'NONE', ( #2652, #461, #710, #2575 ) ) ;
#989 = ADVANCED_FACE ( 'NONE', ( #744, #967, #1619, #1803, #2476, #594, #1631 ), #818, .F. ) ;
#990 = VECTOR ( 'NONE', #1448, 1000.000000000000000 ) ;
#991 = DIRECTION ( 'NONE',  ( -0.000000000000000000, 1.000000000000000000, -0.000000000000000000 ) ) ;
#992 = CARTESIAN_POINT ( 'NONE',  ( -52.01636321135611496, -10.98363678864388504, 38.47124395813485620 ) ) ;
#993 = VERTEX_POINT ( 'NONE', #1862 ) ;
#994 = CARTESIAN_POINT ( 'NONE',  ( -23.40000000000001279, -9.000000000000000000, 18.60000000000001208 ) ) ;
#995 = DIRECTION ( 'NONE',  ( -0.000000000000000000, -1.000000000000000000, 0.000000000000000000 ) ) ;
#996 = ORIENTED_EDGE ( 'NONE', *, *, #1019, .T. ) ;
#997 = DIRECTION ( 'NONE',  ( 0.000000000000000000, 0.000000000000000000, 1.000000000000000000 ) ) ;
#998 = DIRECTION ( 'NONE',  ( -0.000000000000000000, 1.000000000000000000, -0.000000000000000000 ) ) ;
#999 = FACE_OUTER_BOUND ( 'NONE', #469, .T. ) ;
#1000 = EDGE_LOOP ( 'NONE', ( #1235, #395, #2095, #2640 ) ) ;
#1001 = ORIENTED_EDGE ( 'NONE', *, *, #2363, .F. ) ;
#1002 = ADVANCED_FACE ( 'NONE', ( #2464 ), #581, .F. ) ;
#1003 = ORIENTED_EDGE ( 'NONE', *, *, #2209, .F. ) ;
#1004 = AXIS2_PLACEMENT_3D ( 'NONE', #1260, #2083, #182 ) ;
#1005 = DIRECTION ( 'NONE',  ( -0.000000000000000000, 1.000000000000000000, -0.000000000000000000 ) ) ;
#1006 = ADVANCED_FACE ( 'NONE', ( #1645 ), #2489, .F. ) ;
#1007 = ORIENTED_EDGE ( 'NONE', *, *, #1858, .T. ) ;
#1008 = CARTESIAN_POINT ( 'NONE',  ( -13.29999999999999893, 0.000000000000000000, 15.60000000000001386 ) ) ;
#1009 = DIRECTION ( 'NONE',  ( -0.000000000000000000, 1.000000000000000000, -0.000000000000000000 ) ) ;
#1010 = EDGE_LOOP ( 'NONE', ( #155, #1995 ) ) ;
#1011 = DIRECTION ( 'NONE',  ( 0.000000000000000000, 0.000000000000000000, 1.000000000000000000 ) ) ;
#1012 = DIRECTION ( 'NONE',  ( 0.000000000000000000, 0.000000000000000000, -1.000000000000000000 ) ) ;
#1013 = CARTESIAN_POINT ( 'NONE',  ( 48.49999999999999289, -0.4000000000000001887, -36.50000000000001421 ) ) ;
#1014 = DIRECTION ( 'NONE',  ( 0.000000000000000000, 1.000000000000000000, 0.000000000000000000 ) ) ;
#1015 = EDGE_LOOP ( 'NONE', ( #306, #2389 ) ) ;
#1016 = ORIENTED_EDGE ( 'NONE', *, *, #1768, .F. ) ;
#1017 = ORIENTED_EDGE ( 'NONE', *, *, #2378, .T. ) ;
#1018 = CYLINDRICAL_SURFACE ( 'NONE', #2351, 1.000000000000000888 ) ;
#1019 = EDGE_CURVE ( 'NONE', #745, #2398, #2680, .T. ) ;
#1020 = CARTESIAN_POINT ( 'NONE',  ( -13.29999999999999893, -8.000000000000000000, -13.45000000000000462 ) ) ;
#1021 = CARTESIAN_POINT ( 'NONE',  ( 0.000000000000000000, 3.000000000000000000, 0.000000000000000000 ) ) ;
#1022 = ORIENTED_EDGE ( 'NONE', *, *, #732, .F. ) ;
#1023 = EDGE_CURVE ( 'NONE', #666, #499, #1418, .T. ) ;
#1024 = CARTESIAN_POINT ( 'NONE',  ( -51.49999999999997868, 3.000000000000000000, 42.50000000000000711 ) ) ;
#1025 = CARTESIAN_POINT ( 'NONE',  ( -48.50000000000001421, 3.000000000000000000, -36.50000000000001421 ) ) ;
#1026 = CARTESIAN_POINT ( 'NONE',  ( 51.81206391339019035, -7.746611067966076014, 43.25338893203394264 ) ) ;
#1027 = DIRECTION ( 'NONE',  ( 0.000000000000000000, 0.000000000000000000, 1.000000000000000000 ) ) ;
#1028 = VECTOR ( 'NONE', #2141, 1000.000000000000000 ) ;
#1029 = AXIS2_PLACEMENT_3D ( 'NONE', #1297, #2379, #42 ) ;
#1030 = CIRCLE ( 'NONE', #1650, 2.150000000000002576 ) ;
#1031 = ORIENTED_EDGE ( 'NONE', *, *, #2073, .F. ) ;
#1032 = AXIS2_PLACEMENT_3D ( 'NONE', #30, #2517, #1079 ) ;
#1033 = AXIS2_PLACEMENT_3D ( 'NONE', #1765, #1973, #1560 ) ;
#1034 = VERTEX_POINT ( 'NONE', #167 ) ;
#1035 = VECTOR ( 'NONE', #405, 1000.000000000000000 ) ;
#1036 = CARTESIAN_POINT ( 'NONE',  ( 54.49999999999999289, 3.000000000000000000, -39.49999999999999289 ) ) ;
#1037 = EDGE_CURVE ( 'NONE', #2163, #1214, #180, .T. ) ;
#1038 = EDGE_LOOP ( 'NONE', ( #1956, #176, #1075, #2620 ) ) ;
#1039 = ORIENTED_EDGE ( 'NONE', *, *, #1615, .T. ) ;
#1040 = ORIENTED_EDGE ( 'NONE', *, *, #2173, .F. ) ;
#1041 = CYLINDRICAL_SURFACE ( 'NONE', #204, 3.249999999999996003 ) ;
#1042 = LINE ( 'NONE', #282, #1819 ) ;
#1043 = CARTESIAN_POINT ( 'NONE',  ( -13.29999999999999893, -8.000000000000000000, -17.75000000000000711 ) ) ;
#1044 = EDGE_CURVE ( 'NONE', #203, #1527, #2078, .T. ) ;
#1045 = DIRECTION ( 'NONE',  ( 0.000000000000000000, 0.000000000000000000, 1.000000000000000000 ) ) ;
#1046 = ORIENTED_EDGE ( 'NONE', *, *, #1408, .F. ) ;
#1047 = AXIS2_PLACEMENT_3D ( 'NONE', #2597, #2336, #1349 ) ;
#1048 = CIRCLE ( 'NONE', #1182, 2.000000000000005329 ) ;
#1049 = AXIS2_PLACEMENT_3D ( 'NONE', #153, #579, #534 ) ;
#1050 = DIRECTION ( 'NONE',  ( -0.000000000000000000, 1.000000000000000000, -0.000000000000000000 ) ) ;
#1051 = ORIENTED_EDGE ( 'NONE', *, *, #1422, .F. ) ;
#1052 = DIRECTION ( 'NONE',  ( -0.000000000000000000, 1.000000000000000000, -0.000000000000000000 ) ) ;
#1053 = CARTESIAN_POINT ( 'NONE',  ( 35.40000000000000568, 0.000000000000000000, -23.50000000000001421 ) ) ;
#1054 = DIRECTION ( 'NONE',  ( 0.000000000000000000, -1.000000000000000000, 0.000000000000000000 ) ) ;
#1055 = DIRECTION ( 'NONE',  ( 0.000000000000000000, -1.000000000000000000, 0.000000000000000000 ) ) ;
#1056 = ORIENTED_EDGE ( 'NONE', *, *, #258, .F. ) ;
#1057 = EDGE_CURVE ( 'NONE', #1727, #1532, #2081, .T. ) ;
#1058 = EDGE_LOOP ( 'NONE', ( #1810, #2154 ) ) ;
#1059 = ADVANCED_FACE ( 'NONE', ( #999 ), #958, .F. ) ;
#1060 = PERSON_AND_ORGANIZATION ( #565, #833 ) ;
#1061 = CARTESIAN_POINT ( 'NONE',  ( -54.50000000000000711, 3.000000000000000000, 42.50000000000000711 ) ) ;
#1062 = DIRECTION ( 'NONE',  ( 0.000000000000000000, 1.000000000000000000, 0.000000000000000000 ) ) ;
#1063 = ORIENTED_EDGE ( 'NONE', *, *, #882, .T. ) ;
#1064 = DIRECTION ( 'NONE',  ( 0.000000000000000000, 0.000000000000000000, -1.000000000000000000 ) ) ;
#1065 = DIRECTION ( 'NONE',  ( 0.000000000000000000, 0.000000000000000000, 1.000000000000000000 ) ) ;
#1066 = LINE ( 'NONE', #2493, #276 ) ;
#1067 = DIRECTION ( 'NONE',  ( 0.000000000000000000, 0.000000000000000000, 1.000000000000000000 ) ) ;
#1068 = ADVANCED_FACE ( 'NONE', ( #1210 ), #1411, .T. ) ;
#1069 = ORIENTED_EDGE ( 'NONE', *, *, #1679, .T. ) ;
#1070 = SECURITY_CLASSIFICATION_LEVEL ( 'unclassified' ) ;
#1071 = CARTESIAN_POINT ( 'NONE',  ( -48.50000000000001421, 3.000000000000000000, -33.25000000000001421 ) ) ;
#1072 = VECTOR ( 'NONE', #1649, 1000.000000000000000 ) ;
#1073 = EDGE_CURVE ( 'NONE', #839, #1106, #380, .T. ) ;
#1074 = LINE ( 'NONE', #504, #2129 ) ;
#1075 = ORIENTED_EDGE ( 'NONE', *, *, #1537, .T. ) ;
#1076 = VECTOR ( 'NONE', #1195, 1000.000000000000000 ) ;
#1077 = DIRECTION ( 'NONE',  ( 0.000000000000000000, -0.7071067811865489050, 0.7071067811865462405 ) ) ;
#1078 = FACE_OUTER_BOUND ( 'NONE', #147, .T. ) ;
#1079 = DIRECTION ( 'NONE',  ( 0.000000000000000000, 0.000000000000000000, -1.000000000000000000 ) ) ;
#1080 = DIRECTION ( 'NONE',  ( -0.000000000000000000, 1.000000000000000000, -0.000000000000000000 ) ) ;
#1081 = EDGE_LOOP ( 'NONE', ( #138, #1982, #2038, #1370 ) ) ;
#1082 = ORIENTED_EDGE ( 'NONE', *, *, #328, .F. ) ;
#1083 = PERSON_AND_ORGANIZATION ( #565, #833 ) ;
#1084 = EDGE_CURVE ( 'NONE', #781, #842, #316, .T. ) ;
#1085 = CARTESIAN_POINT ( 'NONE',  ( -54.50000000000000711, -8.500000000000000000, 39.49999999999996447 ) ) ;
#1086 = EDGE_CURVE ( 'NONE', #576, #2197, #158, .T. ) ;
#1087 = DIRECTION ( 'NONE',  ( 0.000000000000000000, 1.000000000000000000, 0.000000000000000000 ) ) ;
#1088 = CIRCLE ( 'NONE', #2580, 2.000000000000001776 ) ;
#1089 = ORIENTED_EDGE ( 'NONE', *, *, #178, .T. ) ;
#1090 = FACE_OUTER_BOUND ( 'NONE', #2674, .T. ) ;
#1091 = CC_DESIGN_PERSON_AND_ORGANIZATION_ASSIGNMENT ( #1639, #1895, ( #1401 ) ) ;
#1092 = DIRECTION ( 'NONE',  ( -0.000000000000000000, 1.000000000000000000, -0.000000000000000000 ) ) ;
#1093 = DIRECTION ( 'NONE',  ( -0.000000000000000000, 1.000000000000000000, -0.000000000000000000 ) ) ;
#1094 = ORIENTED_EDGE ( 'NONE', *, *, #92, .T. ) ;
#1095 = EDGE_LOOP ( 'NONE', ( #2151, #2090 ) ) ;
#1096 = DIRECTION ( 'NONE',  ( 0.000000000000000000, 0.000000000000000000, 1.000000000000000000 ) ) ;
#1097 = ORIENTED_EDGE ( 'NONE', *, *, #1881, .T. ) ;
#1098 = EDGE_LOOP ( 'NONE', ( #401, #1225 ) ) ;
#1099 = DATE_AND_TIME ( #797, #874 ) ;
#1100 = DIRECTION ( 'NONE',  ( -0.000000000000000000, -1.000000000000000000, -0.000000000000000000 ) ) ;
#1101 = DIRECTION ( 'NONE',  ( 0.000000000000000000, -0.000000000000000000, -1.000000000000000000 ) ) ;
#1102 = EDGE_CURVE ( 'NONE', #1755, #1985, #722, .T. ) ;
#1103 = FACE_BOUND ( 'NONE', #1010, .T. ) ;
#1104 = CARTESIAN_POINT ( 'NONE',  ( -48.50000000000001421, -0.4000000000000001887, 34.80000000000001137 ) ) ;
#1105 = CARTESIAN_POINT ( 'NONE',  ( 48.49999999999999289, -9.000000000000001776, -36.50000000000001421 ) ) ;
#1106 = VERTEX_POINT ( 'NONE', #1796 ) ;
#1107 = EDGE_CURVE ( 'NONE', #2709, #2398, #599, .T. ) ;
#1108 = ORIENTED_EDGE ( 'NONE', *, *, #224, .T. ) ;
#1109 = CARTESIAN_POINT ( 'NONE',  ( -39.50000000000000711, 3.000000000000000000, 27.60000000000000853 ) ) ;
#1110 = FACE_OUTER_BOUND ( 'NONE', #129, .T. ) ;
#1111 = CARTESIAN_POINT ( 'NONE',  ( -47.24031489186652522, -18.78378955949391838, 32.21621044050606031 ) ) ;
#1112 = VECTOR ( 'NONE', #1511, 1000.000000000000000 ) ;
#1113 = AXIS2_PLACEMENT_3D ( 'NONE', #883, #660, #690 ) ;
#1114 = CARTESIAN_POINT ( 'NONE',  ( -23.40000000000001279, -9.000000000000000000, 17.60000000000001208 ) ) ;
#1115 = AXIS2_PLACEMENT_3D ( 'NONE', #982, #1589, #585 ) ;
#1116 = CARTESIAN_POINT ( 'NONE',  ( -11.40000000000000746, -7.000000000000000000, -21.50000000000000000 ) ) ;
#1117 = AXIS2_PLACEMENT_3D ( 'NONE', #2516, #1889, #634 ) ;
#1118 = CC_DESIGN_PERSON_AND_ORGANIZATION_ASSIGNMENT ( #668, #1474, ( #1675 ) ) ;
#1119 = CARTESIAN_POINT ( 'NONE',  ( 11.40000000000001457, 0.000000000000000000, -23.50000000000000711 ) ) ;
#1120 = CYLINDRICAL_SURFACE ( 'NONE', #1865, 1.999999999999998224 ) ;
#1121 = ORIENTED_EDGE ( 'NONE', *, *, #324, .T. ) ;
#1122 = VERTEX_POINT ( 'NONE', #132 ) ;
#1123 = AXIS2_PLACEMENT_3D ( 'NONE', #2002, #713, #753 ) ;
#1124 = ORIENTED_EDGE ( 'NONE', *, *, #2003, .F. ) ;
#1125 = DIRECTION ( 'NONE',  ( 0.000000000000000000, -0.000000000000000000, -1.000000000000000000 ) ) ;
#1126 = EDGE_CURVE ( 'NONE', #780, #1386, #1689, .T. ) ;
#1127 = VECTOR ( 'NONE', #822, 1000.000000000000000 ) ;
#1128 = ORIENTED_EDGE ( 'NONE', *, *, #2292, .T. ) ;
#1129 = ORIENTED_EDGE ( 'NONE', *, *, #24, .T. ) ;
#1130 = DIRECTION ( 'NONE',  ( -0.000000000000000000, -1.000000000000000000, -0.000000000000000000 ) ) ;
#1131 = FACE_OUTER_BOUND ( 'NONE', #698, .T. ) ;
#1132 = CYLINDRICAL_SURFACE ( 'NONE', #490, 2.150000000000006128 ) ;
#1133 = CARTESIAN_POINT ( 'NONE',  ( -33.50000000000001421, 0.000000000000000000, 15.59999999999999964 ) ) ;
#1134 = CARTESIAN_POINT ( 'NONE',  ( -23.40000000000000924, -9.000000000000000000, -18.59999999999998721 ) ) ;
#1135 = VERTEX_POINT ( 'NONE', #2250 ) ;
#1136 = CIRCLE ( 'NONE', #646, 3.249999999999996003 ) ;
#1137 = ORIENTED_EDGE ( 'NONE', *, *, #802, .T. ) ;
#1138 = CARTESIAN_POINT ( 'NONE',  ( -7.300000000000007816, 0.000000000000000000, -27.59999999999999787 ) ) ;
#1139 = AXIS2_PLACEMENT_3D ( 'NONE', #1133, #1553, #507 ) ;
#1140 = ORIENTED_EDGE ( 'NONE', *, *, #1719, .F. ) ;
#1141 = EDGE_CURVE ( 'NONE', #2311, #745, #2239, .T. ) ;
#1142 = ORIENTED_EDGE ( 'NONE', *, *, #212, .F. ) ;
#1143 = ORIENTED_EDGE ( 'NONE', *, *, #1829, .F. ) ;
#1144 = ADVANCED_FACE ( 'NONE', ( #1808 ), #1424, .F. ) ;
#1145 = DIRECTION ( 'NONE',  ( 0.000000000000000000, -1.000000000000000000, 0.000000000000000000 ) ) ;
#1146 = DIRECTION ( 'NONE',  ( 0.000000000000000000, 0.000000000000000000, 1.000000000000000000 ) ) ;
#1147 = CARTESIAN_POINT ( 'NONE',  ( -23.40000000000000924, -9.000000000000000000, -16.59999999999998721 ) ) ;
#1148 = CARTESIAN_POINT ( 'NONE',  ( -11.40000000000000746, 0.000000000000000000, -25.50000000000000355 ) ) ;
#1149 = ORIENTED_EDGE ( 'NONE', *, *, #271, .T. ) ;
#1150 = CYLINDRICAL_SURFACE ( 'NONE', #1522, 1.000000000000000888 ) ;
#1151 = ORIENTED_EDGE ( 'NONE', *, *, #1408, .T. ) ;
#1152 = ADVANCED_FACE ( 'NONE', ( #353 ), #1166, .T. ) ;
#1153 = EDGE_LOOP ( 'NONE', ( #2107, #1082, #2559, #536 ) ) ;
#1154 = CARTESIAN_POINT ( 'NONE',  ( 23.40000000000000213, -9.000000000000000000, -18.59999999999998010 ) ) ;
#1155 = ADVANCED_FACE ( 'NONE', ( #2672 ), #2627, .F. ) ;
#1156 = AXIS2_PLACEMENT_3D ( 'NONE', #886, #2399, #1125 ) ;
#1157 = VECTOR ( 'NONE', #468, 1000.000000000000000 ) ;
#1158 = CARTESIAN_POINT ( 'NONE',  ( 48.49999999999999289, 3.000000000000000000, -36.50000000000001421 ) ) ;
#1159 = AXIS2_PLACEMENT_3D ( 'NONE', #754, #1390, #1600 ) ;
#1160 = VERTEX_POINT ( 'NONE', #793 ) ;
#1161 = CARTESIAN_POINT ( 'NONE',  ( 23.40000000000000213, -9.000000000000000000, 17.60000000000001918 ) ) ;
#1162 = FACE_BOUND ( 'NONE', #928, .T. ) ;
#1163 = AXIS2_PLACEMENT_3D ( 'NONE', #5, #1879, #2123 ) ;
#1164 = ORIENTED_EDGE ( 'NONE', *, *, #1226, .T. ) ;
#1165 = DIRECTION ( 'NONE',  ( -0.000000000000000000, 1.000000000000000000, -0.000000000000000000 ) ) ;
#1166 = PLANE ( 'NONE',  #1462 ) ;
#1167 = CIRCLE ( 'NONE', #236, 2.000000000000001776 ) ;
#1168 = VERTEX_POINT ( 'NONE', #1636 ) ;
#1169 = ORIENTED_EDGE ( 'NONE', *, *, #2447, .F. ) ;
#1170 = CIRCLE ( 'NONE', #1510, 3.249999999999996003 ) ;
#1171 = ORIENTED_EDGE ( 'NONE', *, *, #750, .T. ) ;
#1172 = ORIENTED_EDGE ( 'NONE', *, *, #143, .F. ) ;
#1173 = CARTESIAN_POINT ( 'NONE',  ( -13.29999999999999893, -8.000000000000000000, 13.45000000000000462 ) ) ;
#1174 = EDGE_CURVE ( 'NONE', #1326, #780, #335, .T. ) ;
#1175 = LINE ( 'NONE', #2004, #810 ) ;
#1176 = CARTESIAN_POINT ( 'NONE',  ( 48.49999999999999289, -0.4000000000000001887, -39.75000000000000711 ) ) ;
#1177 = CARTESIAN_POINT ( 'NONE',  ( -13.29999999999999893, -8.000000000000000000, -15.60000000000000675 ) ) ;
#1178 = EDGE_LOOP ( 'NONE', ( #1461, #1399, #1300, #87 ) ) ;
#1179 = DIRECTION ( 'NONE',  ( -0.000000000000000000, 1.000000000000000000, -0.000000000000000000 ) ) ;
#1180 = CARTESIAN_POINT ( 'NONE',  ( -11.40000000000000213, -7.000000000000000000, 23.50000000000001066 ) ) ;
#1181 = CARTESIAN_POINT ( 'NONE',  ( -48.50000000000001421, -9.000000000000001776, 36.50000000000001421 ) ) ;
#1182 = AXIS2_PLACEMENT_3D ( 'NONE', #2467, #1206, #583 ) ;
#1183 = VERTEX_POINT ( 'NONE', #539 ) ;
#1184 = ORIENTED_EDGE ( 'NONE', *, *, #127, .F. ) ;
#1185 = AXIS2_PLACEMENT_3D ( 'NONE', #799, #1641, #398 ) ;
#1186 = ORIENTED_EDGE ( 'NONE', *, *, #1677, .F. ) ;
#1187 = DIRECTION ( 'NONE',  ( 0.000000000000000000, -1.000000000000000000, 0.000000000000000000 ) ) ;
#1188 = DIRECTION ( 'NONE',  ( -0.000000000000000000, -1.000000000000000000, -0.000000000000000000 ) ) ;
#1189 = CYLINDRICAL_SURFACE ( 'NONE', #164, 2.150000000000002576 ) ;
#1190 = EDGE_CURVE ( 'NONE', #439, #2709, #1385, .T. ) ;
#1191 = DIRECTION ( 'NONE',  ( 0.000000000000000000, 0.000000000000000000, -1.000000000000000000 ) ) ;
#1192 = ORIENTED_EDGE ( 'NONE', *, *, #26, .F. ) ;
#1193 = CARTESIAN_POINT ( 'NONE',  ( 54.49999999999999289, -8.500000000000000000, -39.49999999999999289 ) ) ;
#1194 = ADVANCED_BREP_SHAPE_REPRESENTATION ( 'support_plate_top', ( #1582, #1545 ), #848 ) ;
#1195 = DIRECTION ( 'NONE',  ( -0.000000000000000000, -0.000000000000000000, 1.000000000000000000 ) ) ;
#1196 = DIRECTION ( 'NONE',  ( -0.000000000000000000, 1.000000000000000000, -0.000000000000000000 ) ) ;
#1197 = EDGE_CURVE ( 'NONE', #1034, #1135, #674, .T. ) ;
#1198 = ORIENTED_EDGE ( 'NONE', *, *, #304, .T. ) ;
#1199 = EDGE_LOOP ( 'NONE', ( #2534, #32 ) ) ;
#1200 = VERTEX_POINT ( 'NONE', #2457 ) ;
#1201 = DIRECTION ( 'NONE',  ( 0.000000000000000000, 0.000000000000000000, 1.000000000000000000 ) ) ;
#1202 = ORIENTED_EDGE ( 'NONE', *, *, #2644, .T. ) ;
#1203 = FACE_OUTER_BOUND ( 'NONE', #332, .T. ) ;
#1204 = CARTESIAN_POINT ( 'NONE',  ( -54.50000000000000711, -8.500000000000000000, 39.49999999999996447 ) ) ;
#1205 = ORIENTED_EDGE ( 'NONE', *, *, #1243, .T. ) ;
#1206 = DIRECTION ( 'NONE',  ( 0.000000000000000000, 1.000000000000000000, -0.000000000000000000 ) ) ;
#1207 = EDGE_CURVE ( 'NONE', #1183, #2204, #2442, .T. ) ;
#1208 = CIRCLE ( 'NONE', #2211, 2.000000000000001776 ) ;
#1209 = CARTESIAN_POINT ( 'NONE',  ( 23.40000000000000213, -9.000000000000000000, 18.60000000000001918 ) ) ;
#1210 = FACE_OUTER_BOUND ( 'NONE', #141, .T. ) ;
#1211 = VECTOR ( 'NONE', #1219, 1000.000000000000114 ) ;
#1212 = EDGE_CURVE ( 'NONE', #1518, #1561, #985, .T. ) ;
#1213 = CIRCLE ( 'NONE', #816, 1.000000000000000888 ) ;
#1214 = VERTEX_POINT ( 'NONE', #404 ) ;
#1215 = DIRECTION ( 'NONE',  ( 0.000000000000000000, 1.000000000000000000, -0.000000000000000000 ) ) ;
#1216 = COORDINATED_UNIVERSAL_TIME_OFFSET ( 0, 0, .AHEAD. ) ;
#1217 = ORIENTED_EDGE ( 'NONE', *, *, #2347, .F. ) ;
#1218 = PLANE ( 'NONE',  #785 ) ;
#1219 = DIRECTION ( 'NONE',  ( -0.2810846377148167319, 0.6785983445458464436, -0.6785983445458489971 ) ) ;
#1220 = ORIENTED_EDGE ( 'NONE', *, *, #2695, .T. ) ;
#1221 = CARTESIAN_POINT ( 'NONE',  ( 39.49999999999999289, 3.000000000000000000, 27.59999999999999787 ) ) ;
#1222 = DIRECTION ( 'NONE',  ( 0.000000000000000000, 0.000000000000000000, 1.000000000000000000 ) ) ;
#1223 = DIRECTION ( 'NONE',  ( 0.000000000000000000, 0.000000000000000000, -1.000000000000000000 ) ) ;
#1224 = DIRECTION ( 'NONE',  ( 0.000000000000000000, -1.000000000000000000, 0.000000000000000000 ) ) ;
#1225 = ORIENTED_EDGE ( 'NONE', *, *, #658, .T. ) ;
#1226 = EDGE_CURVE ( 'NONE', #734, #203, #1066, .T. ) ;
#1227 = ORIENTED_EDGE ( 'NONE', *, *, #821, .F. ) ;
#1228 = AXIS2_PLACEMENT_3D ( 'NONE', #642, #817, #2325 ) ;
#1229 = AXIS2_PLACEMENT_3D ( 'NONE', #1588, #943, #2425 ) ;
#1230 = LINE ( 'NONE', #2460, #459 ) ;
#1231 = LOCAL_TIME ( 12, 0, 38.00000000000000000, #1216 ) ;
#1232 = ADVANCED_FACE ( 'NONE', ( #635 ), #1890, .F. ) ;
#1233 = FACE_OUTER_BOUND ( 'NONE', #1081, .T. ) ;
#1234 = DIRECTION ( 'NONE',  ( -0.000000000000000000, 1.000000000000000000, -0.000000000000000000 ) ) ;
#1235 = ORIENTED_EDGE ( 'NONE', *, *, #1174, .F. ) ;
#1236 = CARTESIAN_POINT ( 'NONE',  ( -13.29999999999999893, -8.000000000000000000, -15.60000000000000675 ) ) ;
#1237 = CARTESIAN_POINT ( 'NONE',  ( -7.300000000000007816, 3.000000000000000000, -27.59999999999999787 ) ) ;
#1238 = CARTESIAN_POINT ( 'NONE',  ( 48.49999999999999289, -9.000000000000001776, -38.20000000000000995 ) ) ;
#1239 = FACE_BOUND ( 'NONE', #1784, .T. ) ;
#1240 = VERTEX_POINT ( 'NONE', #1868 ) ;
#1241 = EDGE_CURVE ( 'NONE', #1415, #252, #1948, .T. ) ;
#1242 = VERTEX_POINT ( 'NONE', #1483 ) ;
#1243 = EDGE_CURVE ( 'NONE', #828, #1122, #1903, .T. ) ;
#1244 = CYLINDRICAL_SURFACE ( 'NONE', #1571, 2.150000000000000799 ) ;
#1245 = DIRECTION ( 'NONE',  ( 0.000000000000000000, 0.000000000000000000, -1.000000000000000000 ) ) ;
#1246 = ORIENTED_EDGE ( 'NONE', *, *, #1290, .F. ) ;
#1247 = DIRECTION ( 'NONE',  ( -0.000000000000000000, 1.000000000000000000, -0.000000000000000000 ) ) ;
#1248 = CARTESIAN_POINT ( 'NONE',  ( -33.50000000000001421, -8.000000000000000000, -15.59999999999999964 ) ) ;
#1249 = LINE ( 'NONE', #1673, #498 ) ;
#1250 = FACE_BOUND ( 'NONE', #877, .T. ) ;
#1251 = VECTOR ( 'NONE', #465, 1000.000000000000000 ) ;
#1252 = AXIS2_PLACEMENT_3D ( 'NONE', #376, #399, #1245 ) ;
#1253 = VERTEX_POINT ( 'NONE', #836 ) ;
#1254 = AXIS2_PLACEMENT_3D ( 'NONE', #233, #417, #1458 ) ;
#1255 = CIRCLE ( 'NONE', #2561, 1.999999999999998224 ) ;
#1256 = FACE_OUTER_BOUND ( 'NONE', #2688, .T. ) ;
#1257 = EDGE_LOOP ( 'NONE', ( #2450, #951 ) ) ;
#1258 = ORIENTED_EDGE ( 'NONE', *, *, #1842, .F. ) ;
#1259 = EDGE_CURVE ( 'NONE', #400, #420, #871, .T. ) ;
#1260 = CARTESIAN_POINT ( 'NONE',  ( 48.49999999999999289, 3.000000000000000000, -36.50000000000001421 ) ) ;
#1261 = DIRECTION ( 'NONE',  ( 0.000000000000000000, -1.000000000000000000, 0.000000000000000000 ) ) ;
#1262 = LINE ( 'NONE', #1026, #190 ) ;
#1263 = FACE_BOUND ( 'NONE', #2417, .T. ) ;
#1264 = EDGE_CURVE ( 'NONE', #420, #187, #1262, .T. ) ;
#1265 = ORIENTED_EDGE ( 'NONE', *, *, #1044, .F. ) ;
#1266 = CALENDAR_DATE ( 2025, 5, 12 ) ;
#1267 = VECTOR ( 'NONE', #593, 1000.000000000000000 ) ;
#1268 = VECTOR ( 'NONE', #720, 1000.000000000000000 ) ;
#1269 = DIRECTION ( 'NONE',  ( 0.000000000000000000, 0.000000000000000000, 1.000000000000000000 ) ) ;
#1270 = ORIENTED_EDGE ( 'NONE', *, *, #1937, .F. ) ;
#1271 = FACE_OUTER_BOUND ( 'NONE', #2687, .T. ) ;
#1272 = EDGE_CURVE ( 'NONE', #1562, #683, #198, .T. ) ;
#1273 = DIRECTION ( 'NONE',  ( -0.000000000000000000, 1.000000000000000000, -0.000000000000000000 ) ) ;
#1274 = DIRECTION ( 'NONE',  ( -0.000000000000000000, 1.000000000000000000, -0.000000000000000000 ) ) ;
#1275 = CARTESIAN_POINT ( 'NONE',  ( 11.40000000000002345, 0.000000000000000000, 25.50000000000000711 ) ) ;
#1276 = EDGE_CURVE ( 'NONE', #559, #474, #1249, .T. ) ;
#1277 = ORIENTED_EDGE ( 'NONE', *, *, #506, .T. ) ;
#1278 = CARTESIAN_POINT ( 'NONE',  ( 0.000000000000000000, 0.000000000000000000, 0.000000000000000000 ) ) ;
#1279 = CARTESIAN_POINT ( 'NONE',  ( -33.50000000000001421, 0.000000000000000000, 13.44999999999999929 ) ) ;
#1280 = CYLINDRICAL_SURFACE ( 'NONE', #645, 1.700000000000000178 ) ;
#1281 = ORIENTED_EDGE ( 'NONE', *, *, #2127, .T. ) ;
#1282 = DIRECTION ( 'NONE',  ( -0.000000000000000000, 1.000000000000000000, -0.000000000000000000 ) ) ;
#1283 = CARTESIAN_POINT ( 'NONE',  ( 35.40000000000000568, 0.000000000000000000, -25.50000000000001421 ) ) ;
#1284 = DIRECTION ( 'NONE',  ( 1.000000000000000000, 0.000000000000000000, 0.000000000000000000 ) ) ;
#1285 = DIRECTION ( 'NONE',  ( 0.000000000000000000, -1.000000000000000000, 0.000000000000000000 ) ) ;
#1286 = EDGE_CURVE ( 'NONE', #683, #1200, #319, .T. ) ;
#1287 = ORIENTED_EDGE ( 'NONE', *, *, #2626, .F. ) ;
#1288 = CIRCLE ( 'NONE', #2471, 2.000000000000001776 ) ;
#1289 = EDGE_LOOP ( 'NONE', ( #1793, #193 ) ) ;
#1290 = EDGE_CURVE ( 'NONE', #2208, #2602, #2518, .T. ) ;
#1291 = COORDINATED_UNIVERSAL_TIME_OFFSET ( 0, 0, .AHEAD. ) ;
#1292 = LINE ( 'NONE', #1111, #2429 ) ;
#1293 = AXIS2_PLACEMENT_3D ( 'NONE', #1338, #1721, #927 ) ;
#1294 = DIRECTION ( 'NONE',  ( -0.7071067811865459074, -0.000000000000000000, -0.7071067811865491270 ) ) ;
#1295 = ORIENTED_EDGE ( 'NONE', *, *, #224, .F. ) ;
#1296 = VECTOR ( 'NONE', #2441, 1000.000000000000000 ) ;
#1297 = CARTESIAN_POINT ( 'NONE',  ( 11.40000000000002345, -7.000000000000000000, 23.50000000000001066 ) ) ;
#1298 = DIRECTION ( 'NONE',  ( -0.7071067811865491270, -0.000000000000000000, 0.7071067811865459074 ) ) ;
#1299 = CARTESIAN_POINT ( 'NONE',  ( -7.300000000000007816, 0.000000000000000000, 27.60000000000000142 ) ) ;
#1300 = ORIENTED_EDGE ( 'NONE', *, *, #1962, .T. ) ;
#1301 = ORIENTED_EDGE ( 'NONE', *, *, #2366, .F. ) ;
#1302 = CARTESIAN_POINT ( 'NONE',  ( 48.49999999999999289, -9.000000000000001776, 36.50000000000001421 ) ) ;
#1303 = ORIENTED_EDGE ( 'NONE', *, *, #1073, .T. ) ;
#1304 = ORIENTED_EDGE ( 'NONE', *, *, #1712, .T. ) ;
#1305 = LINE ( 'NONE', #2568, #1598 ) ;
#1306 = EDGE_CURVE ( 'NONE', #1200, #683, #542, .T. ) ;
#1307 = CARTESIAN_POINT ( 'NONE',  ( -11.40000000000000213, 0.000000000000000000, 23.50000000000001066 ) ) ;
#1308 = AXIS2_PLACEMENT_3D ( 'NONE', #2679, #2118, #424 ) ;
#1309 = FACE_OUTER_BOUND ( 'NONE', #757, .T. ) ;
#1310 = DIRECTION ( 'NONE',  ( 0.000000000000000000, -1.000000000000000000, 0.000000000000000000 ) ) ;
#1311 = DIRECTION ( 'NONE',  ( -0.000000000000000000, 1.000000000000000000, -0.000000000000000000 ) ) ;
#1312 = ORIENTED_EDGE ( 'NONE', *, *, #383, .T. ) ;
#1313 = PRODUCT_DEFINITION_FORMATION_WITH_SPECIFIED_SOURCE ( 'ANY', '', #1675, .NOT_KNOWN. ) ;
#1314 = ORIENTED_EDGE ( 'NONE', *, *, #938, .F. ) ;
#1315 = LINE ( 'NONE', #2591, #1374 ) ;
#1316 = ORIENTED_EDGE ( 'NONE', *, *, #580, .F. ) ;
#1317 = ORIENTED_EDGE ( 'NONE', *, *, #825, .T. ) ;
#1318 = DIRECTION ( 'NONE',  ( 1.000000000000000000, -0.000000000000000000, 0.000000000000000000 ) ) ;
#1319 = EDGE_CURVE ( 'NONE', #406, #561, #1506, .T. ) ;
#1320 = DIRECTION ( 'NONE',  ( 0.000000000000000000, -1.000000000000000000, 0.000000000000000000 ) ) ;
#1321 = ADVANCED_FACE ( 'NONE', ( #2098 ), #612, .F. ) ;
#1322 = CARTESIAN_POINT ( 'NONE',  ( -48.50000000000001421, 3.000000000000000000, 33.25000000000001421 ) ) ;
#1323 = DIRECTION ( 'NONE',  ( 0.000000000000000000, 0.000000000000000000, 1.000000000000000000 ) ) ;
#1324 = CARTESIAN_POINT ( 'NONE',  ( 23.40000000000000213, -9.000000000000000000, -17.59999999999998010 ) ) ;
#1325 = VERTEX_POINT ( 'NONE', #1471 ) ;
#1326 = VERTEX_POINT ( 'NONE', #1238 ) ;
#1327 = VERTEX_POINT ( 'NONE', #1449 ) ;
#1328 = DIRECTION ( 'NONE',  ( -0.000000000000000000, 1.000000000000000000, -0.000000000000000000 ) ) ;
#1329 = LINE ( 'NONE', #1576, #2299 ) ;
#1330 = VECTOR ( 'NONE', #976, 1000.000000000000000 ) ;
#1331 = VECTOR ( 'NONE', #1912, 1000.000000000000000 ) ;
#1332 = AXIS2_PLACEMENT_3D ( 'NONE', #1397, #1822, #1223 ) ;
#1333 = DIRECTION ( 'NONE',  ( 0.000000000000000000, -0.000000000000000000, -1.000000000000000000 ) ) ;
#1334 = DIRECTION ( 'NONE',  ( 0.000000000000000000, 0.000000000000000000, -1.000000000000000000 ) ) ;
#1335 = CARTESIAN_POINT ( 'NONE',  ( -23.40000000000000924, -9.000000000000000000, -17.59999999999998721 ) ) ;
#1336 = CARTESIAN_POINT ( 'NONE',  ( 35.40000000000000568, -7.000000000000000000, -25.50000000000001421 ) ) ;
#1337 = ADVANCED_FACE ( 'NONE', ( #2315 ), #860, .F. ) ;
#1338 = CARTESIAN_POINT ( 'NONE',  ( 35.40000000000000568, -7.000000000000000000, -23.50000000000001421 ) ) ;
#1339 = ORIENTED_EDGE ( 'NONE', *, *, #2658, .T. ) ;
#1340 = VECTOR ( 'NONE', #964, 1000.000000000000000 ) ;
#1341 = ORIENTED_EDGE ( 'NONE', *, *, #1057, .T. ) ;
#1342 = DIRECTION ( 'NONE',  ( 0.000000000000000000, 0.000000000000000000, 1.000000000000000000 ) ) ;
#1343 = ADVANCED_FACE ( 'NONE', ( #1685 ), #430, .T. ) ;
#1344 = VERTEX_POINT ( 'NONE', #1147 ) ;
#1345 = PLANE ( 'NONE',  #676 ) ;
#1346 = ORIENTED_EDGE ( 'NONE', *, *, #2267, .T. ) ;
#1347 = ORIENTED_EDGE ( 'NONE', *, *, #2209, .T. ) ;
#1348 = CARTESIAN_POINT ( 'NONE',  ( -48.50000000000001421, 3.000000000000000000, -36.50000000000001421 ) ) ;
#1349 = DIRECTION ( 'NONE',  ( 0.000000000000000000, 0.000000000000000000, 1.000000000000000000 ) ) ;
#1350 = DIRECTION ( 'NONE',  ( 0.000000000000000000, 0.000000000000000000, 1.000000000000000000 ) ) ;
#1351 = DIRECTION ( 'NONE',  ( 0.000000000000000000, 0.000000000000000000, -1.000000000000000000 ) ) ;
#1352 = PLANE ( 'NONE',  #1946 ) ;
#1353 = EDGE_LOOP ( 'NONE', ( #1787, #2201 ) ) ;
#1354 = CIRCLE ( 'NONE', #1004, 3.249999999999996003 ) ;
#1355 = EDGE_LOOP ( 'NONE', ( #2547, #2, #899, #355 ) ) ;
#1356 = DIRECTION ( 'NONE',  ( 0.000000000000000000, 0.000000000000000000, 1.000000000000000000 ) ) ;
#1357 = EDGE_CURVE ( 'NONE', #1882, #422, #1840, .T. ) ;
#1358 = CIRCLE ( 'NONE', #1049, 2.000000000000001776 ) ;
#1359 = LINE ( 'NONE', #1961, #320 ) ;
#1360 = ADVANCED_FACE ( 'NONE', ( #285 ), #467, .F. ) ;
#1361 = ORIENTED_EDGE ( 'NONE', *, *, #1276, .F. ) ;
#1362 = CARTESIAN_POINT ( 'NONE',  ( -11.40000000000000213, -7.000000000000000000, 25.50000000000000711 ) ) ;
#1363 = CARTESIAN_POINT ( 'NONE',  ( -23.40000000000001279, 0.000000000000000000, 18.60000000000001208 ) ) ;
#1364 = EDGE_LOOP ( 'NONE', ( #2717, #360 ) ) ;
#1365 = CARTESIAN_POINT ( 'NONE',  ( -13.29999999999999893, 0.000000000000000000, 15.60000000000001386 ) ) ;
#1366 = FACE_OUTER_BOUND ( 'NONE', #2128, .T. ) ;
#1367 = ORIENTED_EDGE ( 'NONE', *, *, #127, .T. ) ;
#1368 = DIRECTION ( 'NONE',  ( -0.000000000000000000, -1.000000000000000000, -0.000000000000000000 ) ) ;
#1369 = CARTESIAN_POINT ( 'NONE',  ( 23.40000000000000213, -9.000000000000000000, -17.59999999999998010 ) ) ;
#1370 = ORIENTED_EDGE ( 'NONE', *, *, #2581, .F. ) ;
#1371 = EDGE_CURVE ( 'NONE', #455, #1913, #2715, .T. ) ;
#1372 = ORIENTED_EDGE ( 'NONE', *, *, #397, .F. ) ;
#1373 = DIRECTION ( 'NONE',  ( 0.000000000000000000, 0.000000000000000000, -1.000000000000000000 ) ) ;
#1374 = VECTOR ( 'NONE', #511, 1000.000000000000000 ) ;
#1375 = AXIS2_PLACEMENT_3D ( 'NONE', #1991, #551, #1978 ) ;
#1376 = CIRCLE ( 'NONE', #853, 2.000000000000005329 ) ;
#1377 = CARTESIAN_POINT ( 'NONE',  ( -35.39999999999999858, -7.000000000000000000, 23.50000000000001066 ) ) ;
#1378 = ORIENTED_EDGE ( 'NONE', *, *, #222, .T. ) ;
#1379 = CARTESIAN_POINT ( 'NONE',  ( 35.40000000000002700, -7.000000000000000000, 23.50000000000001066 ) ) ;
#1380 = LINE ( 'NONE', #1994, #1814 ) ;
#1381 = AXIS2_PLACEMENT_3D ( 'NONE', #2713, #1915, #442 ) ;
#1382 = VERTEX_POINT ( 'NONE', #2159 ) ;
#1383 = CIRCLE ( 'NONE', #764, 2.150000000000000799 ) ;
#1384 = DIRECTION ( 'NONE',  ( -0.000000000000000000, 1.000000000000000000, -0.000000000000000000 ) ) ;
#1385 = LINE ( 'NONE', #2225, #410 ) ;
#1386 = VERTEX_POINT ( 'NONE', #1492 ) ;
#1387 = ORIENTED_EDGE ( 'NONE', *, *, #162, .T. ) ;
#1388 = ADVANCED_FACE ( 'NONE', ( #2149 ), #897, .F. ) ;
#1389 = DIRECTION ( 'NONE',  ( 0.000000000000000000, 0.000000000000000000, 1.000000000000000000 ) ) ;
#1390 = DIRECTION ( 'NONE',  ( -0.000000000000000000, 1.000000000000000000, -0.000000000000000000 ) ) ;
#1391 = EDGE_CURVE ( 'NONE', #2371, #1242, #1979, .T. ) ;
#1392 = CARTESIAN_POINT ( 'NONE',  ( 51.49999999999999289, 3.000000000000000000, -42.50000000000000711 ) ) ;
#1393 = FACE_OUTER_BOUND ( 'NONE', #287, .T. ) ;
#1394 = EDGE_LOOP ( 'NONE', ( #2507, #305, #2164, #1875 ) ) ;
#1395 = CARTESIAN_POINT ( 'NONE',  ( -23.40000000000000924, -9.000000000000000000, -17.59999999999998721 ) ) ;
#1396 = DIRECTION ( 'NONE',  ( -0.7071067811865459074, 0.000000000000000000, -0.7071067811865491270 ) ) ;
#1397 = CARTESIAN_POINT ( 'NONE',  ( -39.50000000000000711, 3.000000000000000000, 27.60000000000000853 ) ) ;
#1398 = CIRCLE ( 'NONE', #2449, 3.249999999999996003 ) ;
#1399 = ORIENTED_EDGE ( 'NONE', *, *, #2378, .F. ) ;
#1400 = ORIENTED_EDGE ( 'NONE', *, *, #1290, .T. ) ;
#1401 = SECURITY_CLASSIFICATION ( '', '', #1070 ) ;
#1402 = CARTESIAN_POINT ( 'NONE',  ( -35.40000000000000568, -7.000000000000000000, -23.50000000000000000 ) ) ;
#1403 = ADVANCED_FACE ( 'NONE', ( #479 ), #2394, .F. ) ;
#1404 = CARTESIAN_POINT ( 'NONE',  ( -48.50000000000001421, 3.000000000000000000, -34.80000000000001137 ) ) ;
#1405 = CARTESIAN_POINT ( 'NONE',  ( 48.49999999999999289, 3.000000000000000000, 36.50000000000001421 ) ) ;
#1406 = DIRECTION ( 'NONE',  ( 0.000000000000000000, -1.000000000000000000, 0.000000000000000000 ) ) ;
#1407 = ORIENTED_EDGE ( 'NONE', *, *, #2498, .T. ) ;
#1408 = EDGE_CURVE ( 'NONE', #420, #652, #2174, .T. ) ;
#1409 = CARTESIAN_POINT ( 'NONE',  ( 51.49999999999999289, -9.000000000000000000, -42.00000000000000711 ) ) ;
#1410 = DIRECTION ( 'NONE',  ( 0.000000000000000000, 0.000000000000000000, 1.000000000000000000 ) ) ;
#1411 = PLANE ( 'NONE',  #1332 ) ;
#1412 = VERTEX_POINT ( 'NONE', #1104 ) ;
#1413 = LINE ( 'NONE', #2254, #592 ) ;
#1414 = PERSON_AND_ORGANIZATION ( #565, #833 ) ;
#1415 = VERTEX_POINT ( 'NONE', #705 ) ;
#1416 = CYLINDRICAL_SURFACE ( 'NONE', #2187, 2.000000000000005329 ) ;
#1417 = AXIS2_PLACEMENT_3D ( 'NONE', #486, #2171, #655 ) ;
#1418 = LINE ( 'NONE', #388, #2514 ) ;
#1419 = ORIENTED_EDGE ( 'NONE', *, *, #772, .F. ) ;
#1420 = LINE ( 'NONE', #2023, #1788 ) ;
#1421 = AXIS2_PLACEMENT_3D ( 'NONE', #610, #1481, #2502 ) ;
#1422 = EDGE_CURVE ( 'NONE', #1579, #1958, #2354, .T. ) ;
#1423 = CARTESIAN_POINT ( 'NONE',  ( 7.299999999999991829, 3.000000000000000000, 27.60000000000000142 ) ) ;
#1424 = CYLINDRICAL_SURFACE ( 'NONE', #2646, 2.000000000000001776 ) ;
#1425 = CIRCLE ( 'NONE', #671, 3.249999999999996003 ) ;
#1426 = EDGE_CURVE ( 'NONE', #973, #2635, #453, .T. ) ;
#1427 = VERTEX_POINT ( 'NONE', #1538 ) ;
#1428 = AXIS2_PLACEMENT_3D ( 'NONE', #1672, #17, #2503 ) ;
#1429 = ORIENTED_EDGE ( 'NONE', *, *, #616, .F. ) ;
#1430 = CARTESIAN_POINT ( 'NONE',  ( -48.50000000000001421, 3.000000000000000000, -38.20000000000000995 ) ) ;
#1431 = DIRECTION ( 'NONE',  ( 0.000000000000000000, 0.000000000000000000, 1.000000000000000000 ) ) ;
#1432 = DIRECTION ( 'NONE',  ( 0.000000000000000000, 1.000000000000000000, 0.000000000000000000 ) ) ;
#1433 = DIRECTION ( 'NONE',  ( 0.000000000000000000, 0.000000000000000000, 1.000000000000000000 ) ) ;
#1434 = ORIENTED_EDGE ( 'NONE', *, *, #1690, .T. ) ;
#1435 = CARTESIAN_POINT ( 'NONE',  ( 48.49999999999999289, -9.000000000000001776, -36.50000000000001421 ) ) ;
#1436 = DIRECTION ( 'NONE',  ( -0.000000000000000000, 1.000000000000000000, -0.000000000000000000 ) ) ;
#1437 = CARTESIAN_POINT ( 'NONE',  ( 51.49999999999997868, -8.500000000000000000, 42.50000000000000711 ) ) ;
#1438 = CARTESIAN_POINT ( 'NONE',  ( -7.300000000000007816, 3.000000000000000000, 27.60000000000000142 ) ) ;
#1439 = ADVANCED_FACE ( 'NONE', ( #299 ), #83, .F. ) ;
#1440 = EDGE_LOOP ( 'NONE', ( #618, #2278, #1467, #2029 ) ) ;
#1441 = EDGE_CURVE ( 'NONE', #529, #211, #1735, .T. ) ;
#1442 = VECTOR ( 'NONE', #1294, 1000.000000000000000 ) ;
#1443 = DIRECTION ( 'NONE',  ( 0.000000000000000000, 0.000000000000000000, 1.000000000000000000 ) ) ;
#1444 = DIRECTION ( 'NONE',  ( 0.000000000000000000, 1.000000000000000000, 0.000000000000000000 ) ) ;
#1445 = CARTESIAN_POINT ( 'NONE',  ( -51.81206391339019035, -7.746611067966147068, -43.25338893203386448 ) ) ;
#1446 = ORIENTED_EDGE ( 'NONE', *, *, #882, .F. ) ;
#1447 = FACE_OUTER_BOUND ( 'NONE', #2075, .T. ) ;
#1448 = DIRECTION ( 'NONE',  ( -0.000000000000000000, 1.000000000000000000, -0.000000000000000000 ) ) ;
#1449 = CARTESIAN_POINT ( 'NONE',  ( -23.40000000000000924, -9.000000000000000000, -18.59999999999998721 ) ) ;
#1450 = FACE_OUTER_BOUND ( 'NONE', #832, .T. ) ;
#1451 = ORIENTED_EDGE ( 'NONE', *, *, #1371, .F. ) ;
#1452 = EDGE_CURVE ( 'NONE', #656, #1931, #881, .T. ) ;
#1453 = CARTESIAN_POINT ( 'NONE',  ( 7.299999999999991829, 0.000000000000000000, -27.59999999999999432 ) ) ;
#1454 = ORIENTED_EDGE ( 'NONE', *, *, #1677, .T. ) ;
#1455 = ORIENTED_EDGE ( 'NONE', *, *, #2293, .T. ) ;
#1456 = DIRECTION ( 'NONE',  ( 0.000000000000000000, 0.000000000000000000, 1.000000000000000000 ) ) ;
#1457 = CYLINDRICAL_SURFACE ( 'NONE', #1609, 3.249999999999996003 ) ;
#1458 = DIRECTION ( 'NONE',  ( 0.000000000000000000, 0.000000000000000000, -1.000000000000000000 ) ) ;
#1459 = LINE ( 'NONE', #2703, #1035 ) ;
#1460 = AXIS2_PLACEMENT_3D ( 'NONE', #113, #331, #2623 ) ;
#1461 = ORIENTED_EDGE ( 'NONE', *, *, #256, .F. ) ;
#1462 = AXIS2_PLACEMENT_3D ( 'NONE', #1837, #116, #574 ) ;
#1463 = AXIS2_PLACEMENT_3D ( 'NONE', #2712, #1696, #1065 ) ;
#1464 = EDGE_CURVE ( 'NONE', #262, #2538, #342, .T. ) ;
#1465 = VECTOR ( 'NONE', #173, 1000.000000000000000 ) ;
#1466 = DIRECTION ( 'NONE',  ( 0.000000000000000000, 0.000000000000000000, 1.000000000000000000 ) ) ;
#1467 = ORIENTED_EDGE ( 'NONE', *, *, #644, .F. ) ;
#1468 = EDGE_CURVE ( 'NONE', #734, #249, #270, .T. ) ;
#1469 = DIRECTION ( 'NONE',  ( 0.000000000000000000, 0.000000000000000000, 1.000000000000000000 ) ) ;
#1470 = DIRECTION ( 'NONE',  ( 0.000000000000000000, 1.000000000000000000, -0.000000000000000000 ) ) ;
#1471 = CARTESIAN_POINT ( 'NONE',  ( 48.49999999999999289, -0.4000000000000001887, -33.25000000000001421 ) ) ;
#1472 = DIRECTION ( 'NONE',  ( -0.000000000000000000, -1.000000000000000000, -0.000000000000000000 ) ) ;
#1473 = ORIENTED_EDGE ( 'NONE', *, *, #1858, .F. ) ;
#1474 = PERSON_AND_ORGANIZATION_ROLE ( 'design_owner' ) ;
#1475 = DIRECTION ( 'NONE',  ( -0.000000000000000000, 1.000000000000000000, -0.000000000000000000 ) ) ;
#1476 = VECTOR ( 'NONE', #1247, 1000.000000000000000 ) ;
#1477 = AXIS2_PLACEMENT_3D ( 'NONE', #1936, #1310, #2572 ) ;
#1478 = DIRECTION ( 'NONE',  ( 0.000000000000000000, 0.000000000000000000, 1.000000000000000000 ) ) ;
#1479 = EDGE_CURVE ( 'NONE', #595, #1242, #1885, .T. ) ;
#1480 = VERTEX_POINT ( 'NONE', #2369 ) ;
#1481 = DIRECTION ( 'NONE',  ( 0.000000000000000000, 1.000000000000000000, -0.000000000000000000 ) ) ;
#1482 = DIRECTION ( 'NONE',  ( 0.000000000000000000, 0.000000000000000000, 1.000000000000000000 ) ) ;
#1483 = CARTESIAN_POINT ( 'NONE',  ( 11.40000000000001457, 0.000000000000000000, -25.50000000000000355 ) ) ;
#1484 = ADVANCED_FACE ( 'NONE', ( #1954 ), #2600, .T. ) ;
#1485 = LINE ( 'NONE', #2714, #1465 ) ;
#1486 = ORIENTED_EDGE ( 'NONE', *, *, #162, .F. ) ;
#1487 = APPROVAL_ROLE ( '' ) ;
#1488 = CARTESIAN_POINT ( 'NONE',  ( 39.49999999999999289, 3.000000000000000000, 27.59999999999999787 ) ) ;
#1489 = CARTESIAN_POINT ( 'NONE',  ( -35.40000000000000568, -7.000000000000000000, -25.50000000000000355 ) ) ;
#1490 = ORIENTED_EDGE ( 'NONE', *, *, #343, .F. ) ;
#1491 = CARTESIAN_POINT ( 'NONE',  ( -35.39999999999999858, -7.000000000000000000, 23.50000000000001066 ) ) ;
#1492 = CARTESIAN_POINT ( 'NONE',  ( 48.49999999999999289, -0.4000000000000001887, -34.80000000000001137 ) ) ;
#1493 = CARTESIAN_POINT ( 'NONE',  ( -48.50000000000001421, -0.4000000000000001887, -39.75000000000000711 ) ) ;
#1494 = ORIENTED_EDGE ( 'NONE', *, *, #143, .T. ) ;
#1495 = CARTESIAN_POINT ( 'NONE',  ( -11.40000000000000213, -7.000000000000000000, 25.50000000000000711 ) ) ;
#1496 = ADVANCED_FACE ( 'NONE', ( #2463 ), #1416, .F. ) ;
#1497 = ORIENTED_EDGE ( 'NONE', *, *, #1212, .F. ) ;
#1498 = CIRCLE ( 'NONE', #315, 1.700000000000000178 ) ;
#1499 = AXIS2_PLACEMENT_3D ( 'NONE', #1536, #1077, #2034 ) ;
#1500 = EDGE_LOOP ( 'NONE', ( #2181, #85, #1129, #827 ) ) ;
#1501 = VECTOR ( 'NONE', #1539, 1000.000000000000000 ) ;
#1502 = EDGE_CURVE ( 'NONE', #2565, #1637, #1358, .T. ) ;
#1503 = CALENDAR_DATE ( 2025, 5, 12 ) ;
#1504 = CIRCLE ( 'NONE', #367, 2.000000000000005329 ) ;
#1505 = CYLINDRICAL_SURFACE ( 'NONE', #538, 1.700000000000000178 ) ;
#1506 = CIRCLE ( 'NONE', #2564, 2.150000000000000799 ) ;
#1507 = AXIS2_PLACEMENT_3D ( 'NONE', #2360, #1740, #888 ) ;
#1508 = CARTESIAN_POINT ( 'NONE',  ( 51.49999999999999289, -8.500000000000000000, -42.50000000000000711 ) ) ;
#1509 = CIRCLE ( 'NONE', #323, 3.249999999999996003 ) ;
#1510 = AXIS2_PLACEMENT_3D ( 'NONE', #2533, #650, #1067 ) ;
#1511 = DIRECTION ( 'NONE',  ( -0.000000000000000000, 1.000000000000000000, -0.000000000000000000 ) ) ;
#1512 = CARTESIAN_POINT ( 'NONE',  ( 39.49999999999999289, 3.000000000000000000, -27.59999999999999787 ) ) ;
#1513 = CARTESIAN_POINT ( 'NONE',  ( -39.50000000000000711, 3.000000000000000000, 27.60000000000000853 ) ) ;
#1514 = ORIENTED_EDGE ( 'NONE', *, *, #1174, .T. ) ;
#1515 = VERTEX_POINT ( 'NONE', #2409 ) ;
#1516 = CARTESIAN_POINT ( 'NONE',  ( 48.49999999999999289, -0.4000000000000001887, 36.50000000000001421 ) ) ;
#1517 = ADVANCED_FACE ( 'NONE', ( #1816 ), #358, .F. ) ;
#1518 = VERTEX_POINT ( 'NONE', #1790 ) ;
#1519 = PLANE ( 'NONE',  #2385 ) ;
#1520 = ADVANCED_FACE ( 'NONE', ( #2005 ), #2244, .T. ) ;
#1521 = CARTESIAN_POINT ( 'NONE',  ( 35.40000000000000568, -7.000000000000000000, -21.50000000000001066 ) ) ;
#1522 = AXIS2_PLACEMENT_3D ( 'NONE', #957, #1165, #537 ) ;
#1523 = AXIS2_PLACEMENT_3D ( 'NONE', #2202, #553, #1568 ) ;
#1524 = DIRECTION ( 'NONE',  ( 0.000000000000000000, -0.000000000000000000, -1.000000000000000000 ) ) ;
#1525 = DIRECTION ( 'NONE',  ( 0.000000000000000000, 1.000000000000000000, -0.000000000000000000 ) ) ;
#1526 = LINE ( 'NONE', #454, #408 ) ;
#1527 = VERTEX_POINT ( 'NONE', #2621 ) ;
#1528 = CC_DESIGN_APPROVAL ( #1666, ( #1313 ) ) ;
#1529 = ORIENTED_EDGE ( 'NONE', *, *, #1259, .T. ) ;
#1530 = CARTESIAN_POINT ( 'NONE',  ( -48.50000000000001421, 3.000000000000000000, 36.50000000000001421 ) ) ;
#1531 = VERTEX_POINT ( 'NONE', #1392 ) ;
#1532 = VERTEX_POINT ( 'NONE', #994 ) ;
#1533 = EDGE_CURVE ( 'NONE', #1135, #394, #112, .T. ) ;
#1534 = DIRECTION ( 'NONE',  ( 0.000000000000000000, -1.000000000000000000, 0.000000000000000000 ) ) ;
#1535 = FACE_OUTER_BOUND ( 'NONE', #1945, .T. ) ;
#1536 = CARTESIAN_POINT ( 'NONE',  ( 0.000000000000000000, -9.000000000000000000, 42.00000000000000711 ) ) ;
#1537 = EDGE_CURVE ( 'NONE', #1558, #1981, #918, .T. ) ;
#1538 = CARTESIAN_POINT ( 'NONE',  ( 48.49999999999999289, -0.4000000000000001887, 33.25000000000001421 ) ) ;
#1539 = DIRECTION ( 'NONE',  ( -0.000000000000000000, -0.000000000000000000, 1.000000000000000000 ) ) ;
#1540 = ORIENTED_EDGE ( 'NONE', *, *, #737, .F. ) ;
#1541 = ORIENTED_EDGE ( 'NONE', *, *, #821, .T. ) ;
#1542 = CARTESIAN_POINT ( 'NONE',  ( 48.49999999999999289, 3.000000000000000000, 34.80000000000001137 ) ) ;
#1543 = ORIENTED_EDGE ( 'NONE', *, *, #414, .T. ) ;
#1544 = CIRCLE ( 'NONE', #2339, 2.000000000000001776 ) ;
#1545 = AXIS2_PLACEMENT_3D ( 'NONE', #1278, #1431, #640 ) ;
#1546 = ORIENTED_EDGE ( 'NONE', *, *, #2267, .F. ) ;
#1547 = AXIS2_PLACEMENT_3D ( 'NONE', #1491, #2353, #69 ) ;
#1548 = VECTOR ( 'NONE', #972, 1000.000000000000000 ) ;
#1549 = LINE ( 'NONE', #1154, #901 ) ;
#1550 = CARTESIAN_POINT ( 'NONE',  ( -33.50000000000001421, 0.000000000000000000, -13.44999999999999929 ) ) ;
#1551 = EDGE_CURVE ( 'NONE', #422, #455, #2609, .T. ) ;
#1552 =( LENGTH_UNIT ( ) NAMED_UNIT ( * ) SI_UNIT ( .MILLI., .METRE. ) );
#1553 = DIRECTION ( 'NONE',  ( 0.000000000000000000, 1.000000000000000000, -0.000000000000000000 ) ) ;
#1554 = DIRECTION ( 'NONE',  ( -0.000000000000000000, 1.000000000000000000, -0.000000000000000000 ) ) ;
#1555 = ORIENTED_EDGE ( 'NONE', *, *, #2282, .T. ) ;
#1556 = EDGE_CURVE ( 'NONE', #516, #1515, #433, .T. ) ;
#1557 = AXIS2_PLACEMENT_3D ( 'NONE', #837, #1014, #807 ) ;
#1558 = VERTEX_POINT ( 'NONE', #1993 ) ;
#1559 = DIRECTION ( 'NONE',  ( -0.000000000000000000, 1.000000000000000000, -0.000000000000000000 ) ) ;
#1560 = DIRECTION ( 'NONE',  ( 0.000000000000000000, 0.000000000000000000, 1.000000000000000000 ) ) ;
#1561 = VERTEX_POINT ( 'NONE', #1618 ) ;
#1562 = VERTEX_POINT ( 'NONE', #743 ) ;
#1563 = ORIENTED_EDGE ( 'NONE', *, *, #1692, .F. ) ;
#1564 = LINE ( 'NONE', #106, #1729 ) ;
#1565 = LINE ( 'NONE', #151, #2512 ) ;
#1566 = VECTOR ( 'NONE', #1179, 1000.000000000000000 ) ;
#1567 = ADVANCED_FACE ( 'NONE', ( #1203 ), #1218, .T. ) ;
#1568 = DIRECTION ( 'NONE',  ( 0.7071067811865459074, 0.000000000000000000, 0.7071067811865491270 ) ) ;
#1569 = PLANE ( 'NONE',  #2213 ) ;
#1570 = ORIENTED_EDGE ( 'NONE', *, *, #1972, .T. ) ;
#1571 = AXIS2_PLACEMENT_3D ( 'NONE', #2694, #2499, #617 ) ;
#1572 = CARTESIAN_POINT ( 'NONE',  ( 23.40000000000000213, -9.000000000000000000, -17.59999999999998010 ) ) ;
#1573 = EDGE_CURVE ( 'NONE', #1981, #1558, #2321, .T. ) ;
#1574 = CARTESIAN_POINT ( 'NONE',  ( 35.40000000000000568, -7.000000000000000000, -23.50000000000001421 ) ) ;
#1575 = LOCAL_TIME ( 12, 0, 38.00000000000000000, #1291 ) ;
#1576 = CARTESIAN_POINT ( 'NONE',  ( -39.50000000000000711, 3.000000000000000000, -27.59999999999999432 ) ) ;
#1577 = ORIENTED_EDGE ( 'NONE', *, *, #1452, .T. ) ;
#1578 = CC_DESIGN_PERSON_AND_ORGANIZATION_ASSIGNMENT ( #163, #2257, ( #625 ) ) ;
#1579 = VERTEX_POINT ( 'NONE', #1176 ) ;
#1580 = ORIENTED_EDGE ( 'NONE', *, *, #1102, .T. ) ;
#1581 = DIRECTION ( 'NONE',  ( 0.000000000000000000, 0.000000000000000000, -1.000000000000000000 ) ) ;
#1582 = MANIFOLD_SOLID_BREP ( 'CBORE for M3 Hex Socket Head Cap Screw1', #1772 ) ;
#1583 = DIRECTION ( 'NONE',  ( 0.000000000000000000, 0.000000000000000000, 1.000000000000000000 ) ) ;
#1584 = ORIENTED_EDGE ( 'NONE', *, *, #2682, .T. ) ;
#1585 = DIRECTION ( 'NONE',  ( 0.000000000000000000, 0.000000000000000000, 1.000000000000000000 ) ) ;
#1586 = CARTESIAN_POINT ( 'NONE',  ( -54.50000000000000711, 3.000000000000000000, 42.50000000000000711 ) ) ;
#1587 = EDGE_LOOP ( 'NONE', ( #2474, #707, #711, #336 ) ) ;
#1588 = CARTESIAN_POINT ( 'NONE',  ( -48.50000000000001421, -9.000000000000001776, -36.50000000000001421 ) ) ;
#1589 = DIRECTION ( 'NONE',  ( -0.000000000000000000, 1.000000000000000000, -0.000000000000000000 ) ) ;
#1590 = DIRECTION ( 'NONE',  ( 1.000000000000000000, 0.000000000000000000, -1.077467997501122450E-16 ) ) ;
#1591 = ADVANCED_FACE ( 'NONE', ( #311 ), #568, .F. ) ;
#1592 = ORIENTED_EDGE ( 'NONE', *, *, #2008, .T. ) ;
#1593 = ORIENTED_EDGE ( 'NONE', *, *, #644, .T. ) ;
#1594 = VERTEX_POINT ( 'NONE', #1802 ) ;
#1595 = ADVANCED_FACE ( 'NONE', ( #2633 ), #755, .F. ) ;
#1596 = AXIS2_PLACEMENT_3D ( 'NONE', #1815, #2648, #2662 ) ;
#1597 = CARTESIAN_POINT ( 'NONE',  ( 11.40000000000001457, -7.000000000000000000, -23.50000000000000711 ) ) ;
#1598 = VECTOR ( 'NONE', #1933, 1000.000000000000000 ) ;
#1599 = AXIS2_PLACEMENT_3D ( 'NONE', #1602, #1406, #154 ) ;
#1600 = DIRECTION ( 'NONE',  ( 0.000000000000000000, 0.000000000000000000, 1.000000000000000000 ) ) ;
#1601 = DIRECTION ( 'NONE',  ( -0.000000000000000000, 1.000000000000000000, -0.000000000000000000 ) ) ;
#1602 = CARTESIAN_POINT ( 'NONE',  ( 0.000000000000000000, 0.000000000000000000, 0.000000000000000000 ) ) ;
#1603 = VECTOR ( 'NONE', #2086, 1000.000000000000000 ) ;
#1604 = ORIENTED_EDGE ( 'NONE', *, *, #446, .T. ) ;
#1605 = CIRCLE ( 'NONE', #411, 1.000000000000000888 ) ;
#1606 = LINE ( 'NONE', #969, #385 ) ;
#1607 = LINE ( 'NONE', #1209, #1296 ) ;
#1608 = DIRECTION ( 'NONE',  ( -0.000000000000000000, 1.000000000000000000, -0.000000000000000000 ) ) ;
#1609 = AXIS2_PLACEMENT_3D ( 'NONE', #1878, #1273, #1482 ) ;
#1610 = EDGE_LOOP ( 'NONE', ( #2418, #1782, #1577, #1688 ) ) ;
#1611 = AXIS2_PLACEMENT_3D ( 'NONE', #1438, #2070, #1027 ) ;
#1612 = ADVANCED_FACE ( 'NONE', ( #2232 ), #1189, .F. ) ;
#1613 = ORIENTED_EDGE ( 'NONE', *, *, #852, .T. ) ;
#1614 = CARTESIAN_POINT ( 'NONE',  ( -48.50000000000001421, 3.000000000000000000, -39.75000000000000711 ) ) ;
#1615 = EDGE_CURVE ( 'NONE', #1763, #2528, #2663, .T. ) ;
#1616 = CARTESIAN_POINT ( 'NONE',  ( -54.50000000000000711, 3.000000000000000000, -39.50000000000000711 ) ) ;
#1617 = ORIENTED_EDGE ( 'NONE', *, *, #1286, .T. ) ;
#1618 = CARTESIAN_POINT ( 'NONE',  ( -35.40000000000000568, -7.000000000000000000, -25.50000000000000355 ) ) ;
#1619 = FACE_BOUND ( 'NONE', #523, .T. ) ;
#1620 = ORIENTED_EDGE ( 'NONE', *, *, #1797, .T. ) ;
#1621 = CARTESIAN_POINT ( 'NONE',  ( -35.39999999999999858, -7.000000000000000000, 23.50000000000001066 ) ) ;
#1622 = CARTESIAN_POINT ( 'NONE',  ( 54.49999999999999289, -8.500000000000003553, 39.50000000000000711 ) ) ;
#1623 = DIRECTION ( 'NONE',  ( 0.000000000000000000, 0.000000000000000000, 1.000000000000000000 ) ) ;
#1624 = VECTOR ( 'NONE', #260, 1000.000000000000000 ) ;
#1625 = ORIENTED_EDGE ( 'NONE', *, *, #1023, .F. ) ;
#1626 = DIRECTION ( 'NONE',  ( -0.000000000000000000, 1.000000000000000000, -0.000000000000000000 ) ) ;
#1627 = EDGE_CURVE ( 'NONE', #723, #451, #606, .T. ) ;
#1628 = PERSON_AND_ORGANIZATION ( #565, #833 ) ;
#1629 = ORIENTED_EDGE ( 'NONE', *, *, #1707, .F. ) ;
#1630 = DIRECTION ( 'NONE',  ( 0.000000000000000000, 0.000000000000000000, 1.000000000000000000 ) ) ;
#1631 = FACE_BOUND ( 'NONE', #1930, .T. ) ;
#1632 = EDGE_LOOP ( 'NONE', ( #544, #253, #875, #98 ) ) ;
#1633 = ADVANCED_FACE ( 'NONE', ( #2511 ), #1693, .F. ) ;
#1634 = DIRECTION ( 'NONE',  ( -0.000000000000000000, 1.000000000000000000, -0.000000000000000000 ) ) ;
#1635 = LINE ( 'NONE', #1423, #682 ) ;
#1636 = CARTESIAN_POINT ( 'NONE',  ( 48.49999999999999289, -9.000000000000001776, -34.80000000000001137 ) ) ;
#1637 = VERTEX_POINT ( 'NONE', #1656 ) ;
#1638 = CARTESIAN_POINT ( 'NONE',  ( 11.40000000000002345, -7.000000000000000000, 23.50000000000001066 ) ) ;
#1639 = PERSON_AND_ORGANIZATION ( #565, #833 ) ;
#1640 = VERTEX_POINT ( 'NONE', #607 ) ;
#1641 = DIRECTION ( 'NONE',  ( 0.000000000000000000, 1.000000000000000000, -0.000000000000000000 ) ) ;
#1642 = EDGE_CURVE ( 'NONE', #828, #576, #1702, .T. ) ;
#1643 = AXIS2_PLACEMENT_3D ( 'NONE', #2524, #447, #669 ) ;
#1644 = VECTOR ( 'NONE', #284, 1000.000000000000000 ) ;
#1645 = FACE_OUTER_BOUND ( 'NONE', #1827, .T. ) ;
#1646 = ORIENTED_EDGE ( 'NONE', *, *, #41, .T. ) ;
#1647 = LINE ( 'NONE', #1695, #1476 ) ;
#1648 = LINE ( 'NONE', #131, #550 ) ;
#1649 = DIRECTION ( 'NONE',  ( -1.000000000000000000, 0.000000000000000000, 0.000000000000000000 ) ) ;
#1650 = AXIS2_PLACEMENT_3D ( 'NONE', #1177, #569, #2203 ) ;
#1651 = ADVANCED_FACE ( 'NONE', ( #1233 ), #1280, .F. ) ;
#1652 = CARTESIAN_POINT ( 'NONE',  ( -48.50000000000001421, 3.000000000000000000, -33.25000000000001421 ) ) ;
#1653 = CIRCLE ( 'NONE', #856, 1.999999999999998224 ) ;
#1654 = EDGE_LOOP ( 'NONE', ( #1963, #1563, #1834, #2013 ) ) ;
#1655 = LINE ( 'NONE', #2691, #2439 ) ;
#1656 = CARTESIAN_POINT ( 'NONE',  ( -11.40000000000000746, -7.000000000000000000, -21.50000000000000000 ) ) ;
#1657 = DIRECTION ( 'NONE',  ( -0.000000000000000000, 1.000000000000000000, -0.000000000000000000 ) ) ;
#1658 = VERTEX_POINT ( 'NONE', #2074 ) ;
#1659 = FACE_OUTER_BOUND ( 'NONE', #952, .T. ) ;
#1660 = CYLINDRICAL_SURFACE ( 'NONE', #2483, 1.999999999999998224 ) ;
#1661 = DIRECTION ( 'NONE',  ( 0.000000000000000000, 1.000000000000000000, 0.000000000000000000 ) ) ;
#1662 = DIRECTION ( 'NONE',  ( -0.000000000000000000, 1.000000000000000000, -0.000000000000000000 ) ) ;
#1663 = EDGE_CURVE ( 'NONE', #2247, #2080, #2488, .T. ) ;
#1664 = AXIS2_PLACEMENT_3D ( 'NONE', #2263, #1997, #115 ) ;
#1665 = EDGE_LOOP ( 'NONE', ( #20, #2411, #2485, #2706 ) ) ;
#1666 = APPROVAL ( #2348, 'UNSPECIFIED' ) ;
#1667 = ORIENTED_EDGE ( 'NONE', *, *, #1773, .T. ) ;
#1668 = CARTESIAN_POINT ( 'NONE',  ( 52.01636321135604391, -10.98363678864394011, -38.47124395813489883 ) ) ;
#1669 = EDGE_LOOP ( 'NONE', ( #1169, #2632, #1722, #1220 ) ) ;
#1670 = EDGE_LOOP ( 'NONE', ( #1546, #2551 ) ) ;
#1671 = LINE ( 'NONE', #1024, #959 ) ;
#1672 = CARTESIAN_POINT ( 'NONE',  ( -11.40000000000000746, -7.000000000000000000, -23.50000000000000000 ) ) ;
#1673 = CARTESIAN_POINT ( 'NONE',  ( 54.49999999999999289, 3.000000000000000000, 39.50000000000000711 ) ) ;
#1674 = PLANE ( 'NONE',  #1611 ) ;
#1675 = PRODUCT ( 'support_plate_top', 'support_plate_top', '', ( #2462 ) ) ;
#1676 = VERTEX_POINT ( 'NONE', #2294 ) ;
#1677 = EDGE_CURVE ( 'NONE', #1727, #2208, #1872, .T. ) ;
#1678 = ORIENTED_EDGE ( 'NONE', *, *, #907, .F. ) ;
#1679 = EDGE_CURVE ( 'NONE', #2604, #1200, #2310, .T. ) ;
#1680 = FACE_OUTER_BOUND ( 'NONE', #2549, .T. ) ;
#1681 = ORIENTED_EDGE ( 'NONE', *, *, #256, .T. ) ;
#1682 = PLANE ( 'NONE',  #2617 ) ;
#1683 = FACE_OUTER_BOUND ( 'NONE', #2438, .T. ) ;
#1684 = AXIS2_PLACEMENT_3D ( 'NONE', #2603, #1971, #497 ) ;
#1685 = FACE_OUTER_BOUND ( 'NONE', #1799, .T. ) ;
#1686 = CARTESIAN_POINT ( 'NONE',  ( 23.40000000000000213, 0.000000000000000000, -17.59999999999998010 ) ) ;
#1687 = AXIS2_PLACEMENT_3D ( 'NONE', #44, #898, #248 ) ;
#1688 = ORIENTED_EDGE ( 'NONE', *, *, #2328, .T. ) ;
#1689 = CIRCLE ( 'NONE', #765, 1.700000000000000178 ) ;
#1690 = EDGE_CURVE ( 'NONE', #656, #1427, #2364, .T. ) ;
#1691 = LINE ( 'NONE', #1488, #2253 ) ;
#1692 = EDGE_CURVE ( 'NONE', #1637, #2565, #2448, .T. ) ;
#1693 = CYLINDRICAL_SURFACE ( 'NONE', #339, 1.999999999999998224 ) ;
#1694 = ORIENTED_EDGE ( 'NONE', *, *, #79, .T. ) ;
#1695 = CARTESIAN_POINT ( 'NONE',  ( -48.50000000000001421, 3.000000000000000000, 34.80000000000001137 ) ) ;
#1696 = DIRECTION ( 'NONE',  ( -0.000000000000000000, 1.000000000000000000, -0.000000000000000000 ) ) ;
#1697 = DIRECTION ( 'NONE',  ( -0.000000000000000000, -0.7071067811865489050, -0.7071067811865462405 ) ) ;
#1698 = CARTESIAN_POINT ( 'NONE',  ( 51.49999999999997868, 3.000000000000000000, 42.50000000000000711 ) ) ;
#1699 = ORIENTED_EDGE ( 'NONE', *, *, #1126, .F. ) ;
#1700 = ORIENTED_EDGE ( 'NONE', *, *, #2508, .F. ) ;
#1701 = DIRECTION ( 'NONE',  ( 0.000000000000000000, 1.000000000000000000, 0.000000000000000000 ) ) ;
#1702 = CIRCLE ( 'NONE', #294, 2.000000000000005329 ) ;
#1703 = CIRCLE ( 'NONE', #2056, 1.999999999999998224 ) ;
#1704 = AXIS2_PLACEMENT_3D ( 'NONE', #731, #788, #1630 ) ;
#1705 = DIRECTION ( 'NONE',  ( -0.000000000000000000, 1.000000000000000000, -0.000000000000000000 ) ) ;
#1706 = EDGE_LOOP ( 'NONE', ( #22, #1928, #1849, #887 ) ) ;
#1707 = EDGE_CURVE ( 'NONE', #406, #501, #2283, .T. ) ;
#1708 = CARTESIAN_POINT ( 'NONE',  ( -13.29999999999999893, -8.000000000000000000, 15.60000000000001386 ) ) ;
#1709 = CARTESIAN_POINT ( 'NONE',  ( -13.29999999999999893, -8.000000000000000000, 15.60000000000001386 ) ) ;
#1710 = FACE_OUTER_BOUND ( 'NONE', #730, .T. ) ;
#1711 = EDGE_LOOP ( 'NONE', ( #1739, #1205, #2007, #2673 ) ) ;
#1712 = EDGE_CURVE ( 'NONE', #499, #2359, #2231, .T. ) ;
#1713 = EDGE_LOOP ( 'NONE', ( #1046, #120, #1361, #1540 ) ) ;
#1714 = DIRECTION ( 'NONE',  ( 0.000000000000000000, 0.000000000000000000, 1.000000000000000000 ) ) ;
#1715 = ORIENTED_EDGE ( 'NONE', *, *, #1190, .F. ) ;
#1716 = LINE ( 'NONE', #1071, #1766 ) ;
#1717 = PLANE ( 'NONE',  #915 ) ;
#1718 = FACE_OUTER_BOUND ( 'NONE', #638, .T. ) ;
#1719 = EDGE_CURVE ( 'NONE', #2311, #1240, #2271, .T. ) ;
#1720 = CARTESIAN_POINT ( 'NONE',  ( 48.49999999999999289, 3.000000000000000000, 39.75000000000000711 ) ) ;
#1721 = DIRECTION ( 'NONE',  ( 0.000000000000000000, 1.000000000000000000, -0.000000000000000000 ) ) ;
#1722 = ORIENTED_EDGE ( 'NONE', *, *, #1533, .T. ) ;
#1723 = EDGE_LOOP ( 'NONE', ( #1490, #1227 ) ) ;
#1724 = DIRECTION ( 'NONE',  ( 0.000000000000000000, 0.000000000000000000, 1.000000000000000000 ) ) ;
#1725 = EDGE_CURVE ( 'NONE', #790, #2247, #179, .T. ) ;
#1726 = AXIS2_PLACEMENT_3D ( 'NONE', #226, #266, #49 ) ;
#1727 = VERTEX_POINT ( 'NONE', #2707 ) ;
#1728 = AXIS2_PLACEMENT_3D ( 'NONE', #2065, #1657, #2284 ) ;
#1729 = VECTOR ( 'NONE', #948, 1000.000000000000000 ) ;
#1730 = DIRECTION ( 'NONE',  ( -0.000000000000000000, 1.000000000000000000, -0.000000000000000000 ) ) ;
#1731 = AXIS2_PLACEMENT_3D ( 'NONE', #1709, #1661, #823 ) ;
#1732 = DIRECTION ( 'NONE',  ( -0.7071067811865491270, 0.000000000000000000, 0.7071067811865459074 ) ) ;
#1733 = AXIS2_PLACEMENT_3D ( 'NONE', #778, #2671, #2025 ) ;
#1734 = CARTESIAN_POINT ( 'NONE',  ( -11.40000000000000746, -7.000000000000000000, -25.50000000000000355 ) ) ;
#1735 = LINE ( 'NONE', #1336, #651 ) ;
#1736 = DIRECTION ( 'NONE',  ( 0.000000000000000000, -0.000000000000000000, 1.000000000000000000 ) ) ;
#1737 = ORIENTED_EDGE ( 'NONE', *, *, #2716, .F. ) ;
#1738 = FACE_OUTER_BOUND ( 'NONE', #8, .T. ) ;
#1739 = ORIENTED_EDGE ( 'NONE', *, *, #1642, .F. ) ;
#1740 = DIRECTION ( 'NONE',  ( -0.000000000000000000, 1.000000000000000000, -0.000000000000000000 ) ) ;
#1741 = ADVANCED_FACE ( 'NONE', ( #830 ), #1244, .F. ) ;
#1742 = LINE ( 'NONE', #878, #1944 ) ;
#1743 = CARTESIAN_POINT ( 'NONE',  ( -48.50000000000001421, -9.000000000000001776, 36.50000000000001421 ) ) ;
#1744 = CARTESIAN_POINT ( 'NONE',  ( -33.50000000000001421, -8.000000000000000000, -15.59999999999999964 ) ) ;
#1745 = AXIS2_PLACEMENT_3D ( 'NONE', #1114, #1705, #81 ) ;
#1746 = CIRCLE ( 'NONE', #1664, 1.700000000000000178 ) ;
#1747 = AXIS2_PLACEMENT_3D ( 'NONE', #2650, #2451, #774 ) ;
#1748 = CARTESIAN_POINT ( 'NONE',  ( 48.49999999999999289, 3.000000000000000000, 38.20000000000000995 ) ) ;
#1749 = DIRECTION ( 'NONE',  ( 0.5000000000000035527, -0.7071067811865409114, 0.5000000000000058842 ) ) ;
#1750 = LINE ( 'NONE', #2139, #273 ) ;
#1751 = VERTEX_POINT ( 'NONE', #1453 ) ;
#1752 = DIRECTION ( 'NONE',  ( -0.000000000000000000, 1.000000000000000000, -0.000000000000000000 ) ) ;
#1753 = CARTESIAN_POINT ( 'NONE',  ( -35.40000000000000568, -7.000000000000000000, -23.50000000000000000 ) ) ;
#1754 = ADVANCED_FACE ( 'NONE', ( #1256 ), #2093, .F. ) ;
#1755 = VERTEX_POINT ( 'NONE', #841 ) ;
#1756 = FACE_OUTER_BOUND ( 'NONE', #1706, .T. ) ;
#1757 = ADVANCED_FACE ( 'NONE', ( #1680 ), #2570, .F. ) ;
#1758 = CARTESIAN_POINT ( 'NONE',  ( 50.19999999999999574, -0.4000000000000001887, -36.50000000000001421 ) ) ;
#1759 = DIRECTION ( 'NONE',  ( 0.000000000000000000, 0.000000000000000000, 1.000000000000000000 ) ) ;
#1760 = DIRECTION ( 'NONE',  ( 0.000000000000000000, 0.000000000000000000, -1.000000000000000000 ) ) ;
#1761 = DIRECTION ( 'NONE',  ( -0.000000000000000000, 1.000000000000000000, -0.000000000000000000 ) ) ;
#1762 = VERTEX_POINT ( 'NONE', #257 ) ;
#1763 = VERTEX_POINT ( 'NONE', #687 ) ;
#1764 = DIRECTION ( 'NONE',  ( 0.000000000000000000, 0.000000000000000000, 1.000000000000000000 ) ) ;
#1765 = CARTESIAN_POINT ( 'NONE',  ( 23.40000000000000213, -9.000000000000000000, 17.60000000000001918 ) ) ;
#1766 = VECTOR ( 'NONE', #908, 1000.000000000000000 ) ;
#1767 = VERTEX_POINT ( 'NONE', #267 ) ;
#1768 = EDGE_CURVE ( 'NONE', #1518, #993, #893, .T. ) ;
#1769 = AXIS2_PLACEMENT_3D ( 'NONE', #1324, #1285, #2370 ) ;
#1770 = CARTESIAN_POINT ( 'NONE',  ( 35.40000000000002700, -7.000000000000000000, 25.50000000000001421 ) ) ;
#1771 = DIRECTION ( 'NONE',  ( -0.000000000000000000, 1.000000000000000000, -0.000000000000000000 ) ) ;
#1772 = CLOSED_SHELL ( 'NONE', ( #1923, #2179, #2430, #1894, #195, #2027, #1002, #1651, #2529, #1321, #1741, #1232, #1496, #1155, #840, #1754, #2661, #7, #159, #243, #53, #425, #1360, #2251, #989, #146, #702, #1921, #919, #2344, #76, #949, #2044, #684, #2416, #1068, #1152, #865, #2526, #597, #1791, #1006, #1989, #1591, #11, #362, #921, #1892, #2217, #2577, #1520, #1343, #2595, #1567, #1484, #1806, #1144, #46, #62, #2024, #970, #476, #2510, #1974, #2198, #1517, #1633, #105, #487, #1910, #1757, #1059, #89, #2312, #2445, #1403, #2544, #783, #1612, #1337, #1595, #175, #1388, #293, #1826, #2599, #984, #868, #531, #1439, #2094, #381 ) ) ;
#1773 = EDGE_CURVE ( 'NONE', #2247, #2709, #477, .T. ) ;
#1774 =( NAMED_UNIT ( * ) PLANE_ANGLE_UNIT ( ) SI_UNIT ( $, .RADIAN. ) );
#1775 = AXIS2_PLACEMENT_3D ( 'NONE', #770, #2017, #2630 ) ;
#1776 = ORIENTED_EDGE ( 'NONE', *, *, #2264, .F. ) ;
#1777 = DIRECTION ( 'NONE',  ( 0.000000000000000000, 1.000000000000000000, -0.000000000000000000 ) ) ;
#1778 = DIRECTION ( 'NONE',  ( -0.000000000000000000, 1.000000000000000000, -0.000000000000000000 ) ) ;
#1779 = EDGE_LOOP ( 'NONE', ( #1451, #2177 ) ) ;
#1780 = CIRCLE ( 'NONE', #107, 2.000000000000001776 ) ;
#1781 = DIRECTION ( 'NONE',  ( 0.000000000000000000, 0.000000000000000000, -1.000000000000000000 ) ) ;
#1782 = ORIENTED_EDGE ( 'NONE', *, *, #1690, .F. ) ;
#1783 = ORIENTED_EDGE ( 'NONE', *, *, #629, .T. ) ;
#1784 = EDGE_LOOP ( 'NONE', ( #1737, #2291 ) ) ;
#1785 = LINE ( 'NONE', #1614, #2262 ) ;
#1786 = LINE ( 'NONE', #345, #1988 ) ;
#1787 = ORIENTED_EDGE ( 'NONE', *, *, #2264, .T. ) ;
#1788 = VECTOR ( 'NONE', #1368, 1000.000000000000000 ) ;
#1789 = VERTEX_POINT ( 'NONE', #1550 ) ;
#1790 = CARTESIAN_POINT ( 'NONE',  ( -35.40000000000000568, -7.000000000000000000, -21.50000000000000000 ) ) ;
#1791 = ADVANCED_FACE ( 'NONE', ( #1535 ), #910, .F. ) ;
#1792 = FACE_BOUND ( 'NONE', #186, .T. ) ;
#1793 = ORIENTED_EDGE ( 'NONE', *, *, #2328, .F. ) ;
#1794 = VECTOR ( 'NONE', #1965, 1000.000000000000000 ) ;
#1795 = CARTESIAN_POINT ( 'NONE',  ( -54.00000000000000711, -9.000000000000000000, -39.29289321881346098 ) ) ;
#1796 = CARTESIAN_POINT ( 'NONE',  ( -51.49999999999997868, 3.000000000000000000, 42.50000000000000711 ) ) ;
#1797 = EDGE_CURVE ( 'NONE', #1561, #546, #2391, .T. ) ;
#1798 = DIRECTION ( 'NONE',  ( 0.000000000000000000, 0.000000000000000000, 1.000000000000000000 ) ) ;
#1799 = EDGE_LOOP ( 'NONE', ( #996, #2019, #1715, #814 ) ) ;
#1800 = FACE_OUTER_BOUND ( 'NONE', #382, .T. ) ;
#1801 = CARTESIAN_POINT ( 'NONE',  ( 23.40000000000000213, 0.000000000000000000, -16.59999999999998010 ) ) ;
#1802 = CARTESIAN_POINT ( 'NONE',  ( 23.40000000000000213, 0.000000000000000000, 16.60000000000001918 ) ) ;
#1803 = FACE_BOUND ( 'NONE', #1289, .T. ) ;
#1804 = EDGE_LOOP ( 'NONE', ( #1108, #1063, #1908, #1678 ) ) ;
#1805 = DIRECTION ( 'NONE',  ( 0.000000000000000000, 0.000000000000000000, -1.000000000000000000 ) ) ;
#1806 = ADVANCED_FACE ( 'NONE', ( #2539 ), #924, .T. ) ;
#1807 = DIRECTION ( 'NONE',  ( 0.000000000000000000, 1.000000000000000000, -0.000000000000000000 ) ) ;
#1808 = FACE_OUTER_BOUND ( 'NONE', #313, .T. ) ;
#1809 = EDGE_CURVE ( 'NONE', #561, #406, #562, .T. ) ;
#1810 = ORIENTED_EDGE ( 'NONE', *, *, #2282, .F. ) ;
#1811 = DIRECTION ( 'NONE',  ( -0.000000000000000000, 1.000000000000000000, -0.000000000000000000 ) ) ;
#1812 = AXIS2_PLACEMENT_3D ( 'NONE', #736, #10, #39 ) ;
#1813 = AXIS2_PLACEMENT_3D ( 'NONE', #1335, #880, #2137 ) ;
#1814 = VECTOR ( 'NONE', #312, 1000.000000000000000 ) ;
#1815 = CARTESIAN_POINT ( 'NONE',  ( -23.40000000000001279, -9.000000000000000000, 17.60000000000001208 ) ) ;
#1816 = FACE_OUTER_BOUND ( 'NONE', #119, .T. ) ;
#1817 = CARTESIAN_POINT ( 'NONE',  ( -35.39999999999999858, 0.000000000000000000, 23.50000000000001066 ) ) ;
#1818 = EDGE_LOOP ( 'NONE', ( #691, #1372, #2388, #2382 ) ) ;
#1819 = VECTOR ( 'NONE', #909, 1000.000000000000000 ) ;
#1820 = DIRECTION ( 'NONE',  ( 0.000000000000000000, 1.000000000000000000, 0.000000000000000000 ) ) ;
#1821 = FACE_OUTER_BOUND ( 'NONE', #213, .T. ) ;
#1822 = DIRECTION ( 'NONE',  ( 1.000000000000000000, -0.000000000000000000, 0.000000000000000000 ) ) ;
#1823 = ORIENTED_EDGE ( 'NONE', *, *, #2332, .T. ) ;
#1824 = AXIS2_PLACEMENT_3D ( 'NONE', #209, #2054, #2100 ) ;
#1825 = ORIENTED_EDGE ( 'NONE', *, *, #1809, .T. ) ;
#1826 = ADVANCED_FACE ( 'NONE', ( #2377, #1131 ), #1717, .F. ) ;
#1827 = EDGE_LOOP ( 'NONE', ( #2428, #1407, #2506, #914 ) ) ;
#1828 = CARTESIAN_POINT ( 'NONE',  ( 48.49999999999999289, 3.000000000000000000, 33.25000000000001421 ) ) ;
#1829 = EDGE_CURVE ( 'NONE', #2161, #211, #1544, .T. ) ;
#1830 = CARTESIAN_POINT ( 'NONE',  ( -11.40000000000000213, 0.000000000000000000, 23.50000000000001066 ) ) ;
#1831 = ORIENTED_EDGE ( 'NONE', *, *, #1037, .T. ) ;
#1832 = CARTESIAN_POINT ( 'NONE',  ( -48.50000000000001421, 3.000000000000000000, 38.20000000000000995 ) ) ;
#1833 = DIRECTION ( 'NONE',  ( 0.000000000000000000, 0.000000000000000000, 1.000000000000000000 ) ) ;
#1834 = ORIENTED_EDGE ( 'NONE', *, *, #2563, .T. ) ;
#1835 = DIRECTION ( 'NONE',  ( 0.000000000000000000, 1.000000000000000000, 0.000000000000000000 ) ) ;
#1836 = CARTESIAN_POINT ( 'NONE',  ( 23.40000000000000213, -9.000000000000000000, -16.59999999999998010 ) ) ;
#1837 = CARTESIAN_POINT ( 'NONE',  ( -39.50000000000000711, 3.000000000000000000, 27.60000000000000853 ) ) ;
#1838 = CIRCLE ( 'NONE', #2319, 1.000000000000000888 ) ;
#1839 = EDGE_LOOP ( 'NONE', ( #752, #570 ) ) ;
#1840 = CIRCLE ( 'NONE', #2535, 2.150000000000000799 ) ;
#1841 = ORIENTED_EDGE ( 'NONE', *, *, #1797, .F. ) ;
#1842 = EDGE_CURVE ( 'NONE', #2611, #528, #1074, .T. ) ;
#1843 = DIRECTION ( 'NONE',  ( 0.000000000000000000, 0.000000000000000000, 1.000000000000000000 ) ) ;
#1844 = SHAPE_DEFINITION_REPRESENTATION ( #2092, #1194 ) ;
#1845 = EDGE_CURVE ( 'NONE', #2142, #2161, #2553, .T. ) ;
#1846 = ORIENTED_EDGE ( 'NONE', *, *, #460, .F. ) ;
#1847 = DIRECTION ( 'NONE',  ( -0.000000000000000000, 1.000000000000000000, -0.000000000000000000 ) ) ;
#1848 = DIRECTION ( 'NONE',  ( -0.000000000000000000, -0.000000000000000000, 1.000000000000000000 ) ) ;
#1849 = ORIENTED_EDGE ( 'NONE', *, *, #2157, .T. ) ;
#1850 = DIRECTION ( 'NONE',  ( 0.000000000000000000, 0.000000000000000000, -1.000000000000000000 ) ) ;
#1851 = FACE_OUTER_BOUND ( 'NONE', #1015, .T. ) ;
#1852 = DIRECTION ( 'NONE',  ( 0.7071067811865491270, 0.000000000000000000, -0.7071067811865459074 ) ) ;
#1853 = PLANE ( 'NONE',  #326 ) ;
#1854 = ORIENTED_EDGE ( 'NONE', *, *, #2413, .F. ) ;
#1855 = ORIENTED_EDGE ( 'NONE', *, *, #1502, .T. ) ;
#1856 = ORIENTED_EDGE ( 'NONE', *, *, #2133, .T. ) ;
#1857 = CARTESIAN_POINT ( 'NONE',  ( 23.40000000000000213, -9.000000000000000000, -17.59999999999998010 ) ) ;
#1858 = EDGE_CURVE ( 'NONE', #1531, #2709, #27, .T. ) ;
#1859 = DIRECTION ( 'NONE',  ( 0.6785983445458476648, 0.6785983445458451113, -0.2810846377148236153 ) ) ;
#1860 = AXIS2_PLACEMENT_3D ( 'NONE', #703, #2367, #1922 ) ;
#1861 = CIRCLE ( 'NONE', #1029, 1.999999999999998224 ) ;
#1862 = CARTESIAN_POINT ( 'NONE',  ( -35.40000000000000568, 0.000000000000000000, -21.50000000000000000 ) ) ;
#1863 = ORIENTED_EDGE ( 'NONE', *, *, #2245, .T. ) ;
#1864 = EDGE_CURVE ( 'NONE', #1325, #1579, #715, .T. ) ;
#1865 = AXIS2_PLACEMENT_3D ( 'NONE', #1955, #1761, #913 ) ;
#1866 = DIRECTION ( 'NONE',  ( 0.000000000000000000, 0.000000000000000000, 1.000000000000000000 ) ) ;
#1867 = CARTESIAN_POINT ( 'NONE',  ( 35.40000000000002700, -7.000000000000000000, 23.50000000000001066 ) ) ;
#1868 = CARTESIAN_POINT ( 'NONE',  ( -54.50000000000000711, -8.500000000000000000, -39.50000000000000711 ) ) ;
#1869 = FACE_OUTER_BOUND ( 'NONE', #2258, .T. ) ;
#1870 = ORIENTED_EDGE ( 'NONE', *, *, #2566, .F. ) ;
#1871 = AXIS2_PLACEMENT_3D ( 'NONE', #1025, #2456, #1222 ) ;
#1872 = LINE ( 'NONE', #438, #123 ) ;
#1873 = EDGE_LOOP ( 'NONE', ( #2296, #2241 ) ) ;
#1874 = ORIENTED_EDGE ( 'NONE', *, *, #2317, .T. ) ;
#1875 = ORIENTED_EDGE ( 'NONE', *, *, #1141, .F. ) ;
#1876 = PLANE ( 'NONE',  #2710 ) ;
#1877 = EDGE_CURVE ( 'NONE', #111, #2269, #54, .T. ) ;
#1878 = CARTESIAN_POINT ( 'NONE',  ( 48.49999999999999289, 3.000000000000000000, -36.50000000000001421 ) ) ;
#1879 = DIRECTION ( 'NONE',  ( 0.000000000000000000, 1.000000000000000000, -0.000000000000000000 ) ) ;
#1880 = LINE ( 'NONE', #623, #2214 ) ;
#1881 = EDGE_CURVE ( 'NONE', #471, #1893, #407, .T. ) ;
#1882 = VERTEX_POINT ( 'NONE', #1934 ) ;
#1883 = CIRCLE ( 'NONE', #694, 1.700000000000000178 ) ;
#1884 = ORIENTED_EDGE ( 'NONE', *, *, #1319, .T. ) ;
#1885 = CIRCLE ( 'NONE', #296, 1.999999999999998224 ) ;
#1886 = CARTESIAN_POINT ( 'NONE',  ( 48.49999999999999289, -0.4000000000000001887, 36.50000000000001421 ) ) ;
#1887 = ORIENTED_EDGE ( 'NONE', *, *, #2395, .F. ) ;
#1888 = CARTESIAN_POINT ( 'NONE',  ( -51.49999999999999289, -8.500000000000000000, -42.50000000000000711 ) ) ;
#1889 = DIRECTION ( 'NONE',  ( -1.000000000000000000, 0.000000000000000000, 0.000000000000000000 ) ) ;
#1890 = CYLINDRICAL_SURFACE ( 'NONE', #61, 2.150000000000000799 ) ;
#1891 = DIRECTION ( 'NONE',  ( -1.000000000000000000, -0.000000000000000000, 1.077467997501122450E-16 ) ) ;
#1892 = ADVANCED_FACE ( 'NONE', ( #2135 ), #283, .F. ) ;
#1893 = VERTEX_POINT ( 'NONE', #2156 ) ;
#1894 = ADVANCED_FACE ( 'NONE', ( #298 ), #93, .F. ) ;
#1895 = PERSON_AND_ORGANIZATION_ROLE ( 'classification_officer' ) ;
#1896 = DIRECTION ( 'NONE',  ( 0.000000000000000000, 0.000000000000000000, -1.000000000000000000 ) ) ;
#1897 = CC_DESIGN_PERSON_AND_ORGANIZATION_ASSIGNMENT ( #1060, #2130, ( #1313 ) ) ;
#1898 = DIRECTION ( 'NONE',  ( 0.000000000000000000, 0.000000000000000000, 1.000000000000000000 ) ) ;
#1899 = ORIENTED_EDGE ( 'NONE', *, *, #732, .T. ) ;
#1900 = DIRECTION ( 'NONE',  ( -1.000000000000000000, 0.000000000000000000, 0.000000000000000000 ) ) ;
#1901 = CARTESIAN_POINT ( 'NONE',  ( 11.40000000000001457, -7.000000000000000000, -23.50000000000000711 ) ) ;
#1902 = VECTOR ( 'NONE', #1328, 1000.000000000000000 ) ;
#1903 = LINE ( 'NONE', #2330, #895 ) ;
#1904 = CARTESIAN_POINT ( 'NONE',  ( 48.49999999999999289, -0.4000000000000001887, 39.75000000000000711 ) ) ;
#1905 = CIRCLE ( 'NONE', #718, 2.000000000000005329 ) ;
#1906 = CIRCLE ( 'NONE', #1375, 2.000000000000001776 ) ;
#1907 = VECTOR ( 'NONE', #172, 1000.000000000000000 ) ;
#1908 = ORIENTED_EDGE ( 'NONE', *, *, #616, .T. ) ;
#1909 = DIRECTION ( 'NONE',  ( 0.000000000000000000, 0.000000000000000000, -1.000000000000000000 ) ) ;
#1910 = ADVANCED_FACE ( 'NONE', ( #935 ), #241, .F. ) ;
#1911 = EDGE_CURVE ( 'NONE', #1531, #973, #1305, .T. ) ;
#1912 = DIRECTION ( 'NONE',  ( 0.000000000000000000, -1.000000000000000000, 0.000000000000000000 ) ) ;
#1913 = VERTEX_POINT ( 'NONE', #1279 ) ;
#1914 = CARTESIAN_POINT ( 'NONE',  ( -48.50000000000001421, -9.000000000000001776, -38.20000000000000284 ) ) ;
#1915 = DIRECTION ( 'NONE',  ( 0.000000000000000000, 1.000000000000000000, 0.000000000000000000 ) ) ;
#1916 = FACE_BOUND ( 'NONE', #726, .T. ) ;
#1917 = CARTESIAN_POINT ( 'NONE',  ( -11.40000000000000746, 0.000000000000000000, -23.50000000000000000 ) ) ;
#1918 = ORIENTED_EDGE ( 'NONE', *, *, #307, .F. ) ;
#1919 = FACE_OUTER_BOUND ( 'NONE', #1353, .T. ) ;
#1920 = AXIS2_PLACEMENT_3D ( 'NONE', #202, #1050, #1 ) ;
#1921 = ADVANCED_FACE ( 'NONE', ( #685 ), #1519, .F. ) ;
#1922 = DIRECTION ( 'NONE',  ( 0.000000000000000000, 0.000000000000000000, 1.000000000000000000 ) ) ;
#1923 = ADVANCED_FACE ( 'NONE', ( #2116 ), #2362, .F. ) ;
#1924 = DIRECTION ( 'NONE',  ( -0.000000000000000000, 1.000000000000000000, -0.000000000000000000 ) ) ;
#1925 = CARTESIAN_POINT ( 'NONE',  ( 48.49999999999999289, 3.000000000000000000, 36.50000000000001421 ) ) ;
#1926 = CARTESIAN_POINT ( 'NONE',  ( 39.49999999999999289, 3.000000000000000000, -27.59999999999999787 ) ) ;
#1927 = ORIENTED_EDGE ( 'NONE', *, *, #1190, .T. ) ;
#1928 = ORIENTED_EDGE ( 'NONE', *, *, #601, .T. ) ;
#1929 = CARTESIAN_POINT ( 'NONE',  ( 35.40000000000000568, -7.000000000000000000, -21.50000000000001066 ) ) ;
#1930 = EDGE_LOOP ( 'NONE', ( #1258, #1986, #134, #1192 ) ) ;
#1931 = VERTEX_POINT ( 'NONE', #25 ) ;
#1932 = DATE_TIME_ROLE ( 'classification_date' ) ;
#1933 = DIRECTION ( 'NONE',  ( -1.000000000000000000, -0.000000000000000000, -0.000000000000000000 ) ) ;
#1934 = CARTESIAN_POINT ( 'NONE',  ( -33.50000000000001421, -8.000000000000000000, 13.44999999999999929 ) ) ;
#1935 = LINE ( 'NONE', #231, #1644 ) ;
#1936 = CARTESIAN_POINT ( 'NONE',  ( -13.29999999999999893, -8.000000000000000000, -15.60000000000000675 ) ) ;
#1937 = EDGE_CURVE ( 'NONE', #400, #2408, #1292, .T. ) ;
#1938 = DIRECTION ( 'NONE',  ( 0.000000000000000000, 0.000000000000000000, 1.000000000000000000 ) ) ;
#1939 = ORIENTED_EDGE ( 'NONE', *, *, #2112, .F. ) ;
#1940 = ORIENTED_EDGE ( 'NONE', *, *, #409, .T. ) ;
#1941 = ORIENTED_EDGE ( 'NONE', *, *, #1881, .F. ) ;
#1942 = DIRECTION ( 'NONE',  ( 0.000000000000000000, 0.000000000000000000, 1.000000000000000000 ) ) ;
#1943 = ORIENTED_EDGE ( 'NONE', *, *, #1615, .F. ) ;
#1944 = VECTOR ( 'NONE', #1475, 1000.000000000000000 ) ;
#1945 = EDGE_LOOP ( 'NONE', ( #1186, #1341, #482, #1246 ) ) ;
#1946 = AXIS2_PLACEMENT_3D ( 'NONE', #554, #359, #995 ) ;
#1947 = CARTESIAN_POINT ( 'NONE',  ( 48.49999999999999289, 3.000000000000000000, -39.75000000000000711 ) ) ;
#1948 = CIRCLE ( 'NONE', #1731, 2.150000000000006128 ) ;
#1949 = CIRCLE ( 'NONE', #1463, 3.249999999999996003 ) ;
#1950 = PLANE ( 'NONE',  #372 ) ;
#1951 = CARTESIAN_POINT ( 'NONE',  ( 53.99999999999999289, -9.000000000000000000, 0.000000000000000000 ) ) ;
#1952 = VECTOR ( 'NONE', #2041, 1000.000000000000000 ) ;
#1953 = LINE ( 'NONE', #870, #1112 ) ;
#1954 = FACE_OUTER_BOUND ( 'NONE', #45, .T. ) ;
#1955 = CARTESIAN_POINT ( 'NONE',  ( 11.40000000000001457, -7.000000000000000000, -23.50000000000000711 ) ) ;
#1956 = ORIENTED_EDGE ( 'NONE', *, *, #658, .F. ) ;
#1957 = EDGE_LOOP ( 'NONE', ( #1918, #1347, #931, #2496 ) ) ;
#1958 = VERTEX_POINT ( 'NONE', #1947 ) ;
#1959 = CARTESIAN_POINT ( 'NONE',  ( 35.40000000000000568, 0.000000000000000000, -21.50000000000001066 ) ) ;
#1960 = EDGE_CURVE ( 'NONE', #2204, #2522, #936, .T. ) ;
#1961 = CARTESIAN_POINT ( 'NONE',  ( 46.64644660940683707, -9.000000000000000000, -46.64644660940663101 ) ) ;
#1962 = EDGE_CURVE ( 'NONE', #2402, #662, #1716, .T. ) ;
#1963 = ORIENTED_EDGE ( 'NONE', *, *, #601, .F. ) ;
#1964 = PLANE ( 'NONE',  #1117 ) ;
#1965 = DIRECTION ( 'NONE',  ( -0.000000000000000000, 1.000000000000000000, -0.000000000000000000 ) ) ;
#1966 = VECTOR ( 'NONE', #2455, 1000.000000000000000 ) ;
#1967 = LINE ( 'NONE', #2571, #760 ) ;
#1968 = CARTESIAN_POINT ( 'NONE',  ( 11.40000000000001457, -7.000000000000000000, -25.50000000000000355 ) ) ;
#1969 = LINE ( 'NONE', #2175, #1157 ) ;
#1970 = EDGE_LOOP ( 'NONE', ( #1121, #1400 ) ) ;
#1971 = DIRECTION ( 'NONE',  ( -1.077467997501122450E-16, 0.000000000000000000, -1.000000000000000000 ) ) ;
#1972 = EDGE_CURVE ( 'NONE', #2659, #723, #1742, .T. ) ;
#1973 = DIRECTION ( 'NONE',  ( -0.000000000000000000, 1.000000000000000000, -0.000000000000000000 ) ) ;
#1974 = ADVANCED_FACE ( 'NONE', ( #1919 ), #2324, .T. ) ;
#1975 = ORIENTED_EDGE ( 'NONE', *, *, #464, .F. ) ;
#1976 = CARTESIAN_POINT ( 'NONE',  ( -13.29999999999999893, -8.000000000000000000, 13.45000000000000462 ) ) ;
#1977 = CARTESIAN_POINT ( 'NONE',  ( -48.50000000000001421, 3.000000000000000000, -36.50000000000001421 ) ) ;
#1978 = DIRECTION ( 'NONE',  ( 0.000000000000000000, 0.000000000000000000, 1.000000000000000000 ) ) ;
#1979 = LINE ( 'NONE', #1968, #2669 ) ;
#1980 = CARTESIAN_POINT ( 'NONE',  ( 48.49999999999999289, 3.000000000000000000, -33.25000000000001421 ) ) ;
#1981 = VERTEX_POINT ( 'NONE', #2614 ) ;
#1982 = ORIENTED_EDGE ( 'NONE', *, *, #2063, .T. ) ;
#1983 = CARTESIAN_POINT ( 'NONE',  ( -23.40000000000001279, 0.000000000000000000, 16.60000000000001208 ) ) ;
#1984 = EDGE_LOOP ( 'NONE', ( #59, #2657 ) ) ;
#1985 = VERTEX_POINT ( 'NONE', #2132 ) ;
#1986 = ORIENTED_EDGE ( 'NONE', *, *, #2133, .F. ) ;
#1987 = VECTOR ( 'NONE', #2272, 1000.000000000000000 ) ;
#1988 = VECTOR ( 'NONE', #2018, 1000.000000000000000 ) ;
#1989 = ADVANCED_FACE ( 'NONE', ( #2537 ), #851, .F. ) ;
#1990 = DIRECTION ( 'NONE',  ( -0.000000000000000000, 1.000000000000000000, -0.000000000000000000 ) ) ;
#1991 = CARTESIAN_POINT ( 'NONE',  ( -35.40000000000000568, 0.000000000000000000, -23.50000000000000000 ) ) ;
#1992 = EDGE_CURVE ( 'NONE', #529, #2142, #1288, .T. ) ;
#1993 = CARTESIAN_POINT ( 'NONE',  ( -13.29999999999999893, 0.000000000000000000, 13.45000000000000462 ) ) ;
#1994 = CARTESIAN_POINT ( 'NONE',  ( -54.50000000000000711, 3.000000000000000000, 42.50000000000000711 ) ) ;
#1995 = ORIENTED_EDGE ( 'NONE', *, *, #1537, .F. ) ;
#1996 = VECTOR ( 'NONE', #1436, 1000.000000000000000 ) ;
#1997 = DIRECTION ( 'NONE',  ( -0.000000000000000000, 1.000000000000000000, -0.000000000000000000 ) ) ;
#1998 = DIRECTION ( 'NONE',  ( 0.000000000000000000, -1.000000000000000000, 0.000000000000000000 ) ) ;
#1999 = ORIENTED_EDGE ( 'NONE', *, *, #1084, .T. ) ;
#2000 = EDGE_LOOP ( 'NONE', ( #1592, #1580 ) ) ;
#2001 = ORIENTED_EDGE ( 'NONE', *, *, #2245, .F. ) ;
#2002 = CARTESIAN_POINT ( 'NONE',  ( -23.40000000000001279, 0.000000000000000000, 17.60000000000001208 ) ) ;
#2003 = EDGE_CURVE ( 'NONE', #2465, #1676, #1691, .T. ) ;
#2004 = CARTESIAN_POINT ( 'NONE',  ( -51.49999999999999289, 3.000000000000000000, -42.50000000000000711 ) ) ;
#2005 = FACE_OUTER_BOUND ( 'NONE', #2212, .T. ) ;
#2006 = DIRECTION ( 'NONE',  ( 0.000000000000000000, 0.000000000000000000, -1.000000000000000000 ) ) ;
#2007 = ORIENTED_EDGE ( 'NONE', *, *, #2173, .T. ) ;
#2008 = EDGE_CURVE ( 'NONE', #1985, #1755, #759, .T. ) ;
#2009 = DIRECTION ( 'NONE',  ( 0.000000000000000000, 0.000000000000000000, 1.000000000000000000 ) ) ;
#2010 = DIRECTION ( 'NONE',  ( 1.000000000000000000, 0.000000000000000000, -1.077467997501122450E-16 ) ) ;
#2011 = CARTESIAN_POINT ( 'NONE',  ( -46.64644660940660970, -9.000000000000000000, -46.64644660940682286 ) ) ;
#2012 = APPROVAL ( #462, 'UNSPECIFIED' ) ;
#2013 = ORIENTED_EDGE ( 'NONE', *, *, #464, .T. ) ;
#2014 = ORIENTED_EDGE ( 'NONE', *, *, #629, .F. ) ;
#2015 = ORIENTED_EDGE ( 'NONE', *, *, #1809, .F. ) ;
#2016 = VERTEX_POINT ( 'NONE', #1085 ) ;
#2017 = DIRECTION ( 'NONE',  ( -0.000000000000000000, 1.000000000000000000, -0.000000000000000000 ) ) ;
#2018 = DIRECTION ( 'NONE',  ( -0.7071067811865491270, -0.000000000000000000, 0.7071067811865459074 ) ) ;
#2019 = ORIENTED_EDGE ( 'NONE', *, *, #1107, .F. ) ;
#2020 = DIRECTION ( 'NONE',  ( 0.4999999999999992228, -0.7071067811865503483, -0.4999999999999969469 ) ) ;
#2021 = FACE_OUTER_BOUND ( 'NONE', #811, .T. ) ;
#2022 = ORIENTED_EDGE ( 'NONE', *, *, #933, .T. ) ;
#2023 = CARTESIAN_POINT ( 'NONE',  ( -39.50000000000000711, 3.000000000000000000, 27.60000000000000853 ) ) ;
#2024 = ADVANCED_FACE ( 'NONE', ( #2552 ), #2335, .T. ) ;
#2025 = DIRECTION ( 'NONE',  ( 0.000000000000000000, 0.000000000000000000, -1.000000000000000000 ) ) ;
#2026 = DIRECTION ( 'NONE',  ( 0.000000000000000000, -0.000000000000000000, -1.000000000000000000 ) ) ;
#2027 = ADVANCED_FACE ( 'NONE', ( #2144 ), #1505, .F. ) ;
#2028 = EDGE_LOOP ( 'NONE', ( #974, #1939 ) ) ;
#2029 = ORIENTED_EDGE ( 'NONE', *, *, #566, .F. ) ;
#2030 = AXIS2_PLACEMENT_3D ( 'NONE', #917, #457, #681 ) ;
#2031 = CYLINDRICAL_SURFACE ( 'NONE', #1775, 1.700000000000000178 ) ;
#2032 = AXIS2_PLACEMENT_3D ( 'NONE', #2368, #478, #717 ) ;
#2033 = VECTOR ( 'NONE', #480, 1000.000000000000000 ) ;
#2034 = DIRECTION ( 'NONE',  ( 1.000000000000000000, 0.000000000000000000, 0.000000000000000000 ) ) ;
#2035 = ORIENTED_EDGE ( 'NONE', *, *, #2461, .F. ) ;
#2036 = CARTESIAN_POINT ( 'NONE',  ( -33.50000000000001421, -8.000000000000000000, 15.59999999999999964 ) ) ;
#2037 = LINE ( 'NONE', #2634, #812 ) ;
#2038 = ORIENTED_EDGE ( 'NONE', *, *, #2112, .T. ) ;
#2039 = VECTOR ( 'NONE', #325, 1000.000000000000000 ) ;
#2040 = CARTESIAN_POINT ( 'NONE',  ( 48.49999999999999289, 3.000000000000000000, -33.25000000000001421 ) ) ;
#2041 = DIRECTION ( 'NONE',  ( -0.000000000000000000, 1.000000000000000000, -0.000000000000000000 ) ) ;
#2042 = CARTESIAN_POINT ( 'NONE',  ( -51.49999999999997868, 3.000000000000000000, 42.50000000000000711 ) ) ;
#2043 = CIRCLE ( 'NONE', #2653, 2.000000000000005329 ) ;
#2044 = ADVANCED_FACE ( 'NONE', ( #2345 ), #303, .T. ) ;
#2045 = VERTEX_POINT ( 'NONE', #1495 ) ;
#2046 = EDGE_CURVE ( 'NONE', #2269, #111, #448, .T. ) ;
#2047 = CARTESIAN_POINT ( 'NONE',  ( -51.49999999999997868, -8.500000000000000000, 42.50000000000000711 ) ) ;
#2048 = CARTESIAN_POINT ( 'NONE',  ( 46.64644660940683707, -9.000000000000000000, -46.64644660940663101 ) ) ;
#2049 = DIRECTION ( 'NONE',  ( 0.000000000000000000, -1.000000000000000000, 0.000000000000000000 ) ) ;
#2050 = ORIENTED_EDGE ( 'NONE', *, *, #242, .T. ) ;
#2051 = CARTESIAN_POINT ( 'NONE',  ( 11.40000000000001457, -7.000000000000000000, -25.50000000000000355 ) ) ;
#2052 = CARTESIAN_POINT ( 'NONE',  ( -11.40000000000000746, 0.000000000000000000, -23.50000000000000000 ) ) ;
#2053 = DIRECTION ( 'NONE',  ( 0.7071067811865459074, -0.000000000000000000, 0.7071067811865491270 ) ) ;
#2054 = DIRECTION ( 'NONE',  ( -0.000000000000000000, 1.000000000000000000, -0.000000000000000000 ) ) ;
#2055 = VECTOR ( 'NONE', #1859, 999.9999999999998863 ) ;
#2056 = AXIS2_PLACEMENT_3D ( 'NONE', #390, #2711, #1064 ) ;
#2057 = AXIS2_PLACEMENT_3D ( 'NONE', #926, #677, #689 ) ;
#2058 = APPROVAL_PERSON_ORGANIZATION ( #1414, #2375, #2309 ) ;
#2059 = EDGE_CURVE ( 'NONE', #2045, #2606, #488, .T. ) ;
#2060 = ORIENTED_EDGE ( 'NONE', *, *, #1962, .F. ) ;
#2061 = ORIENTED_EDGE ( 'NONE', *, *, #1533, .F. ) ;
#2062 = LINE ( 'NONE', #577, #200 ) ;
#2063 = EDGE_CURVE ( 'NONE', #1160, #1515, #2373, .T. ) ;
#2064 = DIRECTION ( 'NONE',  ( -0.6785983445458486640, 0.6785983445458461105, -0.2810846377148183972 ) ) ;
#2065 = CARTESIAN_POINT ( 'NONE',  ( 48.49999999999999289, 3.000000000000000000, 36.50000000000001421 ) ) ;
#2066 = ORIENTED_EDGE ( 'NONE', *, *, #2447, .T. ) ;
#2067 = CARTESIAN_POINT ( 'NONE',  ( 39.49999999999999289, 3.000000000000000000, 27.59999999999999787 ) ) ;
#2068 = CARTESIAN_POINT ( 'NONE',  ( -33.50000000000001421, 0.000000000000000000, 17.75000000000000355 ) ) ;
#2069 = DIRECTION ( 'NONE',  ( 0.000000000000000000, 1.000000000000000000, 0.000000000000000000 ) ) ;
#2070 = DIRECTION ( 'NONE',  ( -1.000000000000000000, 0.000000000000000000, 0.000000000000000000 ) ) ;
#2071 = ORIENTED_EDGE ( 'NONE', *, *, #2162, .T. ) ;
#2072 = ORIENTED_EDGE ( 'NONE', *, *, #1207, .T. ) ;
#2073 = EDGE_CURVE ( 'NONE', #1762, #1676, #1315, .T. ) ;
#2074 = CARTESIAN_POINT ( 'NONE',  ( -11.40000000000000746, 0.000000000000000000, -21.50000000000000000 ) ) ;
#2075 = EDGE_LOOP ( 'NONE', ( #1854, #1124, #1863, #2387 ) ) ;
#2076 = CIRCLE ( 'NONE', #2210, 1.700000000000000178 ) ;
#2077 = AXIS2_PLACEMENT_3D ( 'NONE', #52, #1924, #259 ) ;
#2078 = LINE ( 'NONE', #2260, #15 ) ;
#2079 = APPLICATION_CONTEXT ( 'configuration controlled 3d designs of mechanical parts and assemblies' ) ;
#2080 = VERTEX_POINT ( 'NONE', #2384 ) ;
#2081 = CIRCLE ( 'NONE', #1252, 1.000000000000000888 ) ;
#2082 = EDGE_CURVE ( 'NONE', #561, #1789, #2152, .T. ) ;
#2083 = DIRECTION ( 'NONE',  ( -0.000000000000000000, 1.000000000000000000, -0.000000000000000000 ) ) ;
#2084 = CIRCLE ( 'NONE', #1824, 1.700000000000000178 ) ;
#2085 = LINE ( 'NONE', #4, #63 ) ;
#2086 = DIRECTION ( 'NONE',  ( -0.000000000000000000, 1.000000000000000000, -0.000000000000000000 ) ) ;
#2087 = AXIS2_PLACEMENT_3D ( 'NONE', #2301, #1054, #845 ) ;
#2088 = DIRECTION ( 'NONE',  ( -0.000000000000000000, 1.000000000000000000, -0.000000000000000000 ) ) ;
#2089 = VECTOR ( 'NONE', #1373, 1000.000000000000000 ) ;
#2090 = ORIENTED_EDGE ( 'NONE', *, *, #271, .F. ) ;
#2091 = CIRCLE ( 'NONE', #1557, 2.150000000000006128 ) ;
#2092 = PRODUCT_DEFINITION_SHAPE ( 'NONE', 'NONE',  #625 ) ;
#2093 = CYLINDRICAL_SURFACE ( 'NONE', #1920, 2.000000000000001776 ) ;
#2094 = ADVANCED_FACE ( 'NONE', ( #2548, #708 ), #724, .F. ) ;
#2095 = ORIENTED_EDGE ( 'NONE', *, *, #2508, .T. ) ;
#2096 = DIRECTION ( 'NONE',  ( 0.000000000000000000, 0.000000000000000000, 1.000000000000000000 ) ) ;
#2097 = DIRECTION ( 'NONE',  ( 0.000000000000000000, 0.000000000000000000, 1.000000000000000000 ) ) ;
#2098 = FACE_OUTER_BOUND ( 'NONE', #1038, .T. ) ;
#2099 = EDGE_CURVE ( 'NONE', #1427, #656, #847, .T. ) ;
#2100 = DIRECTION ( 'NONE',  ( 0.000000000000000000, 0.000000000000000000, 1.000000000000000000 ) ) ;
#2101 = ORIENTED_EDGE ( 'NONE', *, *, #1272, .F. ) ;
#2102 = AXIS2_PLACEMENT_3D ( 'NONE', #1744, #1087, #2184 ) ;
#2103 = ORIENTED_EDGE ( 'NONE', *, *, #737, .T. ) ;
#2104 = AXIS2_PLACEMENT_3D ( 'NONE', #2380, #1092, #1323 ) ;
#2105 = APPLICATION_PROTOCOL_DEFINITION ( 'international standard', 'config_control_design', 1994, #761 ) ;
#2106 = DIRECTION ( 'NONE',  ( 0.000000000000000000, 0.000000000000000000, 1.000000000000000000 ) ) ;
#2107 = ORIENTED_EDGE ( 'NONE', *, *, #1391, .F. ) ;
#2108 = DIRECTION ( 'NONE',  ( 1.000000000000000000, 0.000000000000000000, -1.077467997501122450E-16 ) ) ;
#2109 = DIRECTION ( 'NONE',  ( 0.000000000000000000, -0.000000000000000000, -1.000000000000000000 ) ) ;
#2110 = CARTESIAN_POINT ( 'NONE',  ( 0.000000000000000000, -9.000000000000000000, -42.00000000000000711 ) ) ;
#2111 = CARTESIAN_POINT ( 'NONE',  ( -11.40000000000000746, -7.000000000000000000, -25.50000000000000355 ) ) ;
#2112 = EDGE_CURVE ( 'NONE', #1515, #516, #1498, .T. ) ;
#2113 = ORIENTED_EDGE ( 'NONE', *, *, #2279, .F. ) ;
#2114 = EDGE_CURVE ( 'NONE', #2444, #2522, #2562, .T. ) ;
#2115 = APPLICATION_PROTOCOL_DEFINITION ( 'international standard', 'config_control_design', 1994, #2079 ) ;
#2116 = FACE_OUTER_BOUND ( 'NONE', #2307, .T. ) ;
#2117 = ORIENTED_EDGE ( 'NONE', *, *, #2682, .F. ) ;
#2118 = DIRECTION ( 'NONE',  ( -0.000000000000000000, 1.000000000000000000, -0.000000000000000000 ) ) ;
#2119 = ORIENTED_EDGE ( 'NONE', *, *, #2099, .T. ) ;
#2120 = FACE_BOUND ( 'NONE', #434, .T. ) ;
#2121 = CARTESIAN_POINT ( 'NONE',  ( 11.40000000000001457, -7.000000000000000000, -23.50000000000000711 ) ) ;
#2122 = AXIS2_PLACEMENT_3D ( 'NONE', #65, #889, #437 ) ;
#2123 = DIRECTION ( 'NONE',  ( 0.000000000000000000, 0.000000000000000000, -1.000000000000000000 ) ) ;
#2124 = DIRECTION ( 'NONE',  ( -0.000000000000000000, 1.000000000000000000, -0.000000000000000000 ) ) ;
#2125 = ORIENTED_EDGE ( 'NONE', *, *, #431, .F. ) ;
#2126 = VECTOR ( 'NONE', #2124, 1000.000000000000000 ) ;
#2127 = EDGE_CURVE ( 'NONE', #582, #1160, #2076, .T. ) ;
#2128 = EDGE_LOOP ( 'NONE', ( #2117, #679, #1295, #264 ) ) ;
#2129 = VECTOR ( 'NONE', #714, 1000.000000000000000 ) ;
#2130 = PERSON_AND_ORGANIZATION_ROLE ( 'design_supplier' ) ;
#2131 = CIRCLE ( 'NONE', #2349, 1.999999999999998224 ) ;
#2132 = CARTESIAN_POINT ( 'NONE',  ( -23.40000000000000924, 0.000000000000000000, -16.59999999999998721 ) ) ;
#2133 = EDGE_CURVE ( 'NONE', #1382, #2611, #472, .T. ) ;
#2134 = AXIS2_PLACEMENT_3D ( 'NONE', #2655, #762, #2468 ) ;
#2135 = FACE_OUTER_BOUND ( 'NONE', #560, .T. ) ;
#2136 = ORIENTED_EDGE ( 'NONE', *, *, #1864, .T. ) ;
#2137 = DIRECTION ( 'NONE',  ( 0.000000000000000000, 0.000000000000000000, -1.000000000000000000 ) ) ;
#2138 = DIRECTION ( 'NONE',  ( -0.000000000000000000, 1.000000000000000000, -0.000000000000000000 ) ) ;
#2139 = CARTESIAN_POINT ( 'NONE',  ( -39.50000000000000711, 3.000000000000000000, -27.59999999999999432 ) ) ;
#2140 = EDGE_LOOP ( 'NONE', ( #118, #1022, #587, #2705 ) ) ;
#2141 = DIRECTION ( 'NONE',  ( 1.000000000000000000, 0.000000000000000000, -2.154935995002244899E-16 ) ) ;
#2142 = VERTEX_POINT ( 'NONE', #1929 ) ;
#2143 = VECTOR ( 'NONE', #428, 1000.000000000000000 ) ;
#2144 = FACE_OUTER_BOUND ( 'NONE', #2333, .T. ) ;
#2145 = AXIS2_PLACEMENT_3D ( 'NONE', #1951, #50, #879 ) ;
#2146 = EDGE_CURVE ( 'NONE', #2080, #1531, #2193, .T. ) ;
#2147 = DIRECTION ( 'NONE',  ( 0.000000000000000000, 0.000000000000000000, 1.000000000000000000 ) ) ;
#2148 = CYLINDRICAL_SURFACE ( 'NONE', #2077, 2.150000000000002576 ) ;
#2149 = FACE_OUTER_BOUND ( 'NONE', #1610, .T. ) ;
#2150 = CARTESIAN_POINT ( 'NONE',  ( 48.49999999999999289, 3.000000000000000000, -36.50000000000001421 ) ) ;
#2151 = ORIENTED_EDGE ( 'NONE', *, *, #1479, .F. ) ;
#2152 = LINE ( 'NONE', #251, #1902 ) ;
#2153 = EDGE_LOOP ( 'NONE', ( #826, #274 ) ) ;
#2154 = ORIENTED_EDGE ( 'NONE', *, *, #1712, .F. ) ;
#2155 = DIRECTION ( 'NONE',  ( 0.000000000000000000, -0.000000000000000000, 1.000000000000000000 ) ) ;
#2156 = CARTESIAN_POINT ( 'NONE',  ( -11.40000000000000213, 0.000000000000000000, 21.50000000000001066 ) ) ;
#2157 = EDGE_CURVE ( 'NONE', #947, #1658, #2555, .T. ) ;
#2158 = CARTESIAN_POINT ( 'NONE',  ( 0.000000000000000000, 0.000000000000000000, 0.000000000000000000 ) ) ;
#2159 = CARTESIAN_POINT ( 'NONE',  ( -39.50000000000000711, 3.000000000000000000, 27.60000000000000853 ) ) ;
#2160 = CARTESIAN_POINT ( 'NONE',  ( -35.39999999999999858, -7.000000000000000000, 21.50000000000000355 ) ) ;
#2161 = VERTEX_POINT ( 'NONE', #1959 ) ;
#2162 = EDGE_CURVE ( 'NONE', #666, #2697, #1504, .T. ) ;
#2163 = VERTEX_POINT ( 'NONE', #1138 ) ;
#2164 = ORIENTED_EDGE ( 'NONE', *, *, #1019, .F. ) ;
#2165 = DIRECTION ( 'NONE',  ( -0.000000000000000000, 1.000000000000000000, -0.000000000000000000 ) ) ;
#2166 = AXIS2_PLACEMENT_3D ( 'NONE', #357, #533, #2421 ) ;
#2167 = DIRECTION ( 'NONE',  ( 0.000000000000000000, 0.000000000000000000, 1.000000000000000000 ) ) ;
#2168 = AXIS2_PLACEMENT_3D ( 'NONE', #2206, #748, #2026 ) ;
#2169 = VECTOR ( 'NONE', #1284, 1000.000000000000000 ) ;
#2170 = DIRECTION ( 'NONE',  ( -0.000000000000000000, 1.000000000000000000, -0.000000000000000000 ) ) ;
#2171 = DIRECTION ( 'NONE',  ( 0.000000000000000000, -1.000000000000000000, 0.000000000000000000 ) ) ;
#2172 = FACE_BOUND ( 'NONE', #1779, .T. ) ;
#2173 = EDGE_CURVE ( 'NONE', #1122, #2197, #1905, .T. ) ;
#2174 = LINE ( 'NONE', #2341, #1624 ) ;
#2175 = CARTESIAN_POINT ( 'NONE',  ( 54.49999999999999289, 3.000000000000000000, 39.50000000000000711 ) ) ;
#2176 = ORIENTED_EDGE ( 'NONE', *, *, #1264, .T. ) ;
#2177 = ORIENTED_EDGE ( 'NONE', *, *, #2479, .F. ) ;
#2178 = CARTESIAN_POINT ( 'NONE',  ( 51.49999999999999289, 3.000000000000000000, -42.50000000000000711 ) ) ;
#2179 = ADVANCED_FACE ( 'NONE', ( #1738 ), #2576, .F. ) ;
#2180 = FACE_OUTER_BOUND ( 'NONE', #1440, .T. ) ;
#2181 = ORIENTED_EDGE ( 'NONE', *, *, #1319, .F. ) ;
#2182 = EDGE_LOOP ( 'NONE', ( #2001, #922, #1265, #168 ) ) ;
#2183 = DIRECTION ( 'NONE',  ( 0.000000000000000000, 0.000000000000000000, 1.000000000000000000 ) ) ;
#2184 = DIRECTION ( 'NONE',  ( 0.000000000000000000, 0.000000000000000000, 1.000000000000000000 ) ) ;
#2185 = VECTOR ( 'NONE', #1444, 1000.000000000000000 ) ;
#2186 = AXIS2_PLACEMENT_3D ( 'NONE', #1530, #2165, #1764 ) ;
#2187 = AXIS2_PLACEMENT_3D ( 'NONE', #1379, #347, #2422 ) ;
#2188 = DIRECTION ( 'NONE',  ( 0.000000000000000000, 1.000000000000000000, 0.000000000000000000 ) ) ;
#2189 = DIRECTION ( 'NONE',  ( -0.000000000000000000, 1.000000000000000000, -0.000000000000000000 ) ) ;
#2190 = FACE_BOUND ( 'NONE', #2357, .T. ) ;
#2191 = ORIENTED_EDGE ( 'NONE', *, *, #1627, .T. ) ;
#2192 = ORIENTED_EDGE ( 'NONE', *, *, #712, .T. ) ;
#2193 = LINE ( 'NONE', #2178, #890 ) ;
#2194 = DIRECTION ( 'NONE',  ( -0.000000000000000000, 1.000000000000000000, -0.000000000000000000 ) ) ;
#2195 = EDGE_CURVE ( 'NONE', #1325, #963, #74, .T. ) ;
#2196 = EDGE_LOOP ( 'NONE', ( #2326, #2642, #1304, #174 ) ) ;
#2197 = VERTEX_POINT ( 'NONE', #2205 ) ;
#2198 = ADVANCED_FACE ( 'NONE', ( #777 ), #351, .F. ) ;
#2199 = CARTESIAN_POINT ( 'NONE',  ( 11.40000000000001457, 0.000000000000000000, -23.50000000000000711 ) ) ;
#2200 = CARTESIAN_POINT ( 'NONE',  ( -13.29999999999999893, -8.000000000000000000, -13.45000000000000462 ) ) ;
#2201 = ORIENTED_EDGE ( 'NONE', *, *, #1642, .T. ) ;
#2202 = CARTESIAN_POINT ( 'NONE',  ( -46.64644660940682996, -9.000000000000000000, 46.64644660940661680 ) ) ;
#2203 = DIRECTION ( 'NONE',  ( 0.000000000000000000, 0.000000000000000000, -1.000000000000000000 ) ) ;
#2204 = VERTEX_POINT ( 'NONE', #735 ) ;
#2205 = CARTESIAN_POINT ( 'NONE',  ( -35.39999999999999858, 0.000000000000000000, 25.50000000000001421 ) ) ;
#2206 = CARTESIAN_POINT ( 'NONE',  ( 35.40000000000002700, -7.000000000000000000, 23.50000000000001066 ) ) ;
#2207 = ORIENTED_EDGE ( 'NONE', *, *, #1272, .T. ) ;
#2208 = VERTEX_POINT ( 'NONE', #1983 ) ;
#2209 = EDGE_CURVE ( 'NONE', #1767, #552, #1838, .T. ) ;
#2210 = AXIS2_PLACEMENT_3D ( 'NONE', #1302, #2358, #1096 ) ;
#2211 = AXIS2_PLACEMENT_3D ( 'NONE', #620, #378, #1456 ) ;
#2212 = EDGE_LOOP ( 'NONE', ( #2419, #133, #1270, #496 ) ) ;
#2213 = AXIS2_PLACEMENT_3D ( 'NONE', #2423, #140, #2452 ) ;
#2214 = VECTOR ( 'NONE', #1472, 1000.000000000000000 ) ;
#2215 = VECTOR ( 'NONE', #1852, 1000.000000000000000 ) ;
#2216 = DIRECTION ( 'NONE',  ( 0.000000000000000000, -1.000000000000000000, 0.000000000000000000 ) ) ;
#2217 = ADVANCED_FACE ( 'NONE', ( #758 ), #333, .T. ) ;
#2218 = DIRECTION ( 'NONE',  ( -0.000000000000000000, 1.000000000000000000, -0.000000000000000000 ) ) ;
#2219 = DIRECTION ( 'NONE',  ( -0.000000000000000000, 1.000000000000000000, -0.000000000000000000 ) ) ;
#2220 = FACE_OUTER_BOUND ( 'NONE', #831, .T. ) ;
#2221 = ORIENTED_EDGE ( 'NONE', *, *, #1357, .T. ) ;
#2222 = VECTOR ( 'NONE', #1891, 1000.000000000000000 ) ;
#2223 = CARTESIAN_POINT ( 'NONE',  ( -33.50000000000001421, -8.000000000000000000, -15.59999999999999964 ) ) ;
#2224 = FACE_OUTER_BOUND ( 'NONE', #1178, .T. ) ;
#2225 = CARTESIAN_POINT ( 'NONE',  ( 47.24031489186679522, -18.78378955949363061, -32.21621044050634453 ) ) ;
#2226 = EDGE_LOOP ( 'NONE', ( #2678, #1940 ) ) ;
#2227 = VERTEX_POINT ( 'NONE', #524 ) ;
#2228 = PLANE ( 'NONE',  #2308 ) ;
#2229 = EDGE_CURVE ( 'NONE', #619, #2311, #980, .T. ) ;
#2230 = FACE_OUTER_BOUND ( 'NONE', #1711, .T. ) ;
#2231 = CIRCLE ( 'NONE', #1185, 2.000000000000005329 ) ;
#2232 = FACE_OUTER_BOUND ( 'NONE', #2681, .T. ) ;
#2233 = FACE_OUTER_BOUND ( 'NONE', #201, .T. ) ;
#2234 = ORIENTED_EDGE ( 'NONE', *, *, #2046, .F. ) ;
#2235 = VECTOR ( 'NONE', #166, 1000.000000000000000 ) ;
#2236 = PRODUCT_RELATED_PRODUCT_CATEGORY ( 'detail', '', ( #1675 ) ) ;
#2237 = DIRECTION ( 'NONE',  ( 0.000000000000000000, -1.000000000000000000, 0.000000000000000000 ) ) ;
#2238 = CARTESIAN_POINT ( 'NONE',  ( -39.50000000000000711, 0.000000000000000000, 27.60000000000000853 ) ) ;
#2239 = LINE ( 'NONE', #2011, #2215 ) ;
#2240 = CC_DESIGN_APPROVAL ( #2375, ( #625 ) ) ;
#2241 = ORIENTED_EDGE ( 'NONE', *, *, #24, .F. ) ;
#2242 = ORIENTED_EDGE ( 'NONE', *, *, #750, .F. ) ;
#2243 = CARTESIAN_POINT ( 'NONE',  ( -48.50000000000001421, -0.4000000000000001887, -36.50000000000001421 ) ) ;
#2244 = PLANE ( 'NONE',  #1523 ) ;
#2245 = EDGE_CURVE ( 'NONE', #2465, #734, #1606, .T. ) ;
#2246 = DIRECTION ( 'NONE',  ( -1.000000000000000000, 0.000000000000000000, -0.000000000000000000 ) ) ;
#2247 = VERTEX_POINT ( 'NONE', #1193 ) ;
#2248 = CARTESIAN_POINT ( 'NONE',  ( 52.01636321135582364, -10.98363678864415860, 38.47124395813491304 ) ) ;
#2249 = CARTESIAN_POINT ( 'NONE',  ( 54.49999999999999289, 3.000000000000000000, 39.50000000000000711 ) ) ;
#2250 = CARTESIAN_POINT ( 'NONE',  ( -48.50000000000001421, -9.000000000000001776, 38.20000000000000284 ) ) ;
#2251 = ADVANCED_FACE ( 'NONE', ( #2440 ), #1150, .F. ) ;
#2252 = EDGE_LOOP ( 'NONE', ( #555, #1446, #1140, #543 ) ) ;
#2253 = VECTOR ( 'NONE', #1100, 1000.000000000000000 ) ;
#2254 = CARTESIAN_POINT ( 'NONE',  ( 11.40000000000001457, -7.000000000000000000, -21.50000000000000711 ) ) ;
#2255 = CIRCLE ( 'NONE', #450, 1.999999999999998224 ) ;
#2256 = AXIS2_PLACEMENT_3D ( 'NONE', #806, #1998, #145 ) ;
#2257 = PERSON_AND_ORGANIZATION_ROLE ( 'creator' ) ;
#2258 = EDGE_LOOP ( 'NONE', ( #1646, #1543, #1387, #1312, #2704, #2285, #75, #1823 ) ) ;
#2259 = DIRECTION ( 'NONE',  ( 0.7071067811865491270, 0.000000000000000000, -0.7071067811865459074 ) ) ;
#2260 = CARTESIAN_POINT ( 'NONE',  ( 7.299999999999991829, 3.000000000000000000, 27.60000000000000142 ) ) ;
#2261 = ORIENTED_EDGE ( 'NONE', *, *, #2146, .T. ) ;
#2262 = VECTOR ( 'NONE', #2618, 1000.000000000000000 ) ;
#2263 = CARTESIAN_POINT ( 'NONE',  ( 48.49999999999999289, -9.000000000000001776, 36.50000000000001421 ) ) ;
#2264 = EDGE_CURVE ( 'NONE', #576, #828, #121, .T. ) ;
#2265 = DIRECTION ( 'NONE',  ( 0.000000000000000000, 0.000000000000000000, 1.000000000000000000 ) ) ;
#2266 = DIRECTION ( 'NONE',  ( -0.000000000000000000, 1.000000000000000000, -0.000000000000000000 ) ) ;
#2267 = EDGE_CURVE ( 'NONE', #1344, #1327, #916, .T. ) ;
#2268 = ORIENTED_EDGE ( 'NONE', *, *, #2008, .F. ) ;
#2269 = VERTEX_POINT ( 'NONE', #791 ) ;
#2270 = FACE_OUTER_BOUND ( 'NONE', #988, .T. ) ;
#2271 = LINE ( 'NONE', #387, #2361 ) ;
#2272 = DIRECTION ( 'NONE',  ( -1.000000000000000000, -0.000000000000000000, 1.077467997501122450E-16 ) ) ;
#2273 = ORIENTED_EDGE ( 'NONE', *, *, #2608, .T. ) ;
#2274 = DIRECTION ( 'NONE',  ( 0.000000000000000000, 0.000000000000000000, 1.000000000000000000 ) ) ;
#2275 = DIRECTION ( 'NONE',  ( -0.000000000000000000, 1.000000000000000000, -0.000000000000000000 ) ) ;
#2276 = DIRECTION ( 'NONE',  ( 0.000000000000000000, 0.000000000000000000, 1.000000000000000000 ) ) ;
#2277 = CARTESIAN_POINT ( 'NONE',  ( 35.40000000000002700, -7.000000000000000000, 21.50000000000000355 ) ) ;
#2278 = ORIENTED_EDGE ( 'NONE', *, *, #787, .T. ) ;
#2279 = EDGE_CURVE ( 'NONE', #474, #2470, #99, .T. ) ;
#2280 = ORIENTED_EDGE ( 'NONE', *, *, #767, .T. ) ;
#2281 = DIRECTION ( 'NONE',  ( 0.000000000000000000, 0.000000000000000000, -1.000000000000000000 ) ) ;
#2282 = EDGE_CURVE ( 'NONE', #2359, #499, #1048, .T. ) ;
#2283 = LINE ( 'NONE', #412, #1267 ) ;
#2284 = DIRECTION ( 'NONE',  ( 0.000000000000000000, 0.000000000000000000, 1.000000000000000000 ) ) ;
#2285 = ORIENTED_EDGE ( 'NONE', *, *, #2229, .T. ) ;
#2286 = CARTESIAN_POINT ( 'NONE',  ( -51.29289321881341834, -9.000000000000000000, 42.00000000000000711 ) ) ;
#2287 = DIRECTION ( 'NONE',  ( -0.000000000000000000, 1.000000000000000000, -0.000000000000000000 ) ) ;
#2288 = DIRECTION ( 'NONE',  ( -1.000000000000000000, -0.000000000000000000, 1.077467997501122450E-16 ) ) ;
#2289 = PLANE ( 'NONE',  #281 ) ;
#2290 = ORIENTED_EDGE ( 'NONE', *, *, #178, .F. ) ;
#2291 = ORIENTED_EDGE ( 'NONE', *, *, #1057, .F. ) ;
#2292 = EDGE_CURVE ( 'NONE', #1382, #781, #1420, .T. ) ;
#2293 = EDGE_CURVE ( 'NONE', #1160, #582, #1746, .T. ) ;
#2294 = CARTESIAN_POINT ( 'NONE',  ( 39.49999999999999289, 0.000000000000000000, 27.59999999999999787 ) ) ;
#2295 = EDGE_LOOP ( 'NONE', ( #578, #1604, #1039, #73 ) ) ;
#2296 = ORIENTED_EDGE ( 'NONE', *, *, #825, .F. ) ;
#2297 = AXIS2_PLACEMENT_3D ( 'NONE', #2342, #2545, #1736 ) ;
#2298 = CARTESIAN_POINT ( 'NONE',  ( 11.40000000000001457, -7.000000000000000000, -21.50000000000000711 ) ) ;
#2299 = VECTOR ( 'NONE', #279, 1000.000000000000000 ) ;
#2300 = DIRECTION ( 'NONE',  ( 0.000000000000000000, 1.000000000000000000, -0.000000000000000000 ) ) ;
#2301 = CARTESIAN_POINT ( 'NONE',  ( -33.50000000000001421, -8.000000000000000000, 15.59999999999999964 ) ) ;
#2302 = AXIS2_PLACEMENT_3D ( 'NONE', #2110, #1697, #649 ) ;
#2303 = DIRECTION ( 'NONE',  ( 1.000000000000000000, 0.000000000000000000, -0.000000000000000000 ) ) ;
#2304 = AXIS2_PLACEMENT_3D ( 'NONE', #1248, #2287, #485 ) ;
#2305 = ORIENTED_EDGE ( 'NONE', *, *, #2484, .T. ) ;
#2306 = CIRCLE ( 'NONE', #1123, 1.000000000000000888 ) ;
#2307 = EDGE_LOOP ( 'NONE', ( #2594, #2453, #377, #709 ) ) ;
#2308 = AXIS2_PLACEMENT_3D ( 'NONE', #728, #341, #1187 ) ;
#2309 = APPROVAL_ROLE ( '' ) ;
#2310 = LINE ( 'NONE', #1020, #514 ) ;
#2311 = VERTEX_POINT ( 'NONE', #1795 ) ;
#2312 = ADVANCED_FACE ( 'NONE', ( #142 ), #746, .T. ) ;
#2313 = CARTESIAN_POINT ( 'NONE',  ( -13.29999999999999893, -8.000000000000000000, -15.60000000000000675 ) ) ;
#2314 = DIRECTION ( 'NONE',  ( 0.000000000000000000, 0.000000000000000000, -1.000000000000000000 ) ) ;
#2315 = FACE_OUTER_BOUND ( 'NONE', #426, .T. ) ;
#2316 = DIRECTION ( 'NONE',  ( 0.000000000000000000, 0.000000000000000000, 1.000000000000000000 ) ) ;
#2317 = EDGE_CURVE ( 'NONE', #2538, #262, #2405, .T. ) ;
#2318 = AXIS2_PLACEMENT_3D ( 'NONE', #1161, #125, #966 ) ;
#2319 = AXIS2_PLACEMENT_3D ( 'NONE', #1572, #2636, #997 ) ;
#2320 = ORIENTED_EDGE ( 'NONE', *, *, #1972, .F. ) ;
#2321 = CIRCLE ( 'NONE', #427, 2.150000000000006128 ) ;
#2322 = CC_DESIGN_SECURITY_CLASSIFICATION ( #1401, ( #1313 ) ) ;
#2323 = APPROVAL_STATUS ( 'not_yet_approved' ) ;
#2324 = PLANE ( 'NONE',  #944 ) ;
#2325 = DIRECTION ( 'NONE',  ( 0.000000000000000000, 0.000000000000000000, -1.000000000000000000 ) ) ;
#2326 = ORIENTED_EDGE ( 'NONE', *, *, #2162, .F. ) ;
#2327 = CARTESIAN_POINT ( 'NONE',  ( -48.50000000000001421, -0.4000000000000001887, -34.80000000000001137 ) ) ;
#2328 = EDGE_CURVE ( 'NONE', #1931, #308, #1136, .T. ) ;
#2329 = DIRECTION ( 'NONE',  ( 0.000000000000000000, -1.000000000000000000, 0.000000000000000000 ) ) ;
#2330 = CARTESIAN_POINT ( 'NONE',  ( -35.39999999999999858, -7.000000000000000000, 21.50000000000000355 ) ) ;
#2331 = FACE_BOUND ( 'NONE', #680, .T. ) ;
#2332 = EDGE_CURVE ( 'NONE', #745, #439, #572, .T. ) ;
#2333 = EDGE_LOOP ( 'NONE', ( #1217, #1514, #2397, #1700 ) ) ;
#2334 = PERSON_AND_ORGANIZATION_ROLE ( 'creator' ) ;
#2335 = PLANE ( 'NONE',  #1643 ) ;
#2336 = DIRECTION ( 'NONE',  ( -0.000000000000000000, 1.000000000000000000, -0.000000000000000000 ) ) ;
#2337 = ORIENTED_EDGE ( 'NONE', *, *, #1084, .F. ) ;
#2338 = PLANE ( 'NONE',  #55 ) ;
#2339 = AXIS2_PLACEMENT_3D ( 'NONE', #2352, #68, #1334 ) ;
#2340 = CIRCLE ( 'NONE', #1813, 1.000000000000000888 ) ;
#2341 = CARTESIAN_POINT ( 'NONE',  ( 51.49999999999997868, 3.000000000000000000, 42.50000000000000711 ) ) ;
#2342 = CARTESIAN_POINT ( 'NONE',  ( -13.29999999999999893, -8.000000000000000000, 15.60000000000001386 ) ) ;
#2343 = VERTEX_POINT ( 'NONE', #415 ) ;
#2344 = ADVANCED_FACE ( 'NONE', ( #1447 ), #1876, .T. ) ;
#2345 = FACE_OUTER_BOUND ( 'NONE', #632, .T. ) ;
#2346 = VERTEX_POINT ( 'NONE', #2298 ) ;
#2347 = EDGE_CURVE ( 'NONE', #1326, #1168, #1883, .T. ) ;
#2348 = APPROVAL_STATUS ( 'not_yet_approved' ) ;
#2349 = AXIS2_PLACEMENT_3D ( 'NONE', #1597, #2390, #503 ) ;
#2350 = CARTESIAN_POINT ( 'NONE',  ( 48.49999999999999289, 3.000000000000000000, -36.50000000000001421 ) ) ;
#2351 = AXIS2_PLACEMENT_3D ( 'NONE', #1857, #1005, #1843 ) ;
#2352 = CARTESIAN_POINT ( 'NONE',  ( 35.40000000000000568, 0.000000000000000000, -23.50000000000001421 ) ) ;
#2353 = DIRECTION ( 'NONE',  ( -0.000000000000000000, 1.000000000000000000, -0.000000000000000000 ) ) ;
#2354 = LINE ( 'NONE', #56, #564 ) ;
#2355 = CARTESIAN_POINT ( 'NONE',  ( -48.50000000000001421, 3.000000000000000000, -36.50000000000001421 ) ) ;
#2356 = ORIENTED_EDGE ( 'NONE', *, *, #2540, .T. ) ;
#2357 = EDGE_LOOP ( 'NONE', ( #1143, #2290 ) ) ;
#2358 = DIRECTION ( 'NONE',  ( -0.000000000000000000, 1.000000000000000000, -0.000000000000000000 ) ) ;
#2359 = VERTEX_POINT ( 'NONE', #2530 ) ;
#2360 = CARTESIAN_POINT ( 'NONE',  ( -11.40000000000000213, -7.000000000000000000, 23.50000000000001066 ) ) ;
#2361 = VECTOR ( 'NONE', #2064, 1000.000000000000114 ) ;
#2362 = CYLINDRICAL_SURFACE ( 'NONE', #1726, 3.249999999999996003 ) ;
#2363 = EDGE_CURVE ( 'NONE', #1561, #1518, #1088, .T. ) ;
#2364 = CIRCLE ( 'NONE', #2579, 3.249999999999996003 ) ;
#2365 = LOCAL_TIME ( 12, 0, 38.00000000000000000, #2523 ) ;
#2366 = EDGE_CURVE ( 'NONE', #963, #1958, #1354, .T. ) ;
#2367 = DIRECTION ( 'NONE',  ( -0.000000000000000000, 1.000000000000000000, -0.000000000000000000 ) ) ;
#2368 = CARTESIAN_POINT ( 'NONE',  ( -46.64644660940660970, -9.000000000000000000, -46.64644660940682286 ) ) ;
#2369 = CARTESIAN_POINT ( 'NONE',  ( -48.50000000000001421, 3.000000000000000000, -39.75000000000000711 ) ) ;
#2370 = DIRECTION ( 'NONE',  ( 0.000000000000000000, 0.000000000000000000, 1.000000000000000000 ) ) ;
#2371 = VERTEX_POINT ( 'NONE', #2051 ) ;
#2372 = ORIENTED_EDGE ( 'NONE', *, *, #2566, .T. ) ;
#2373 = LINE ( 'NONE', #1542, #100 ) ;
#2374 = ORIENTED_EDGE ( 'NONE', *, *, #2461, .T. ) ;
#2375 = APPROVAL ( #2323, 'UNSPECIFIED' ) ;
#2376 = CYLINDRICAL_SURFACE ( 'NONE', #2304, 2.150000000000000799 ) ;
#2377 = FACE_BOUND ( 'NONE', #863, .T. ) ;
#2378 = EDGE_CURVE ( 'NONE', #2402, #739, #1398, .T. ) ;
#2379 = DIRECTION ( 'NONE',  ( 0.000000000000000000, 1.000000000000000000, -0.000000000000000000 ) ) ;
#2380 = CARTESIAN_POINT ( 'NONE',  ( -23.40000000000000924, -9.000000000000000000, -17.59999999999998721 ) ) ;
#2381 = DIRECTION ( 'NONE',  ( 0.7071067811865459074, -0.000000000000000000, 0.7071067811865491270 ) ) ;
#2382 = ORIENTED_EDGE ( 'NONE', *, *, #414, .F. ) ;
#2383 = ORIENTED_EDGE ( 'NONE', *, *, #1464, .T. ) ;
#2384 = CARTESIAN_POINT ( 'NONE',  ( 54.49999999999999289, 3.000000000000000000, -39.49999999999999289 ) ) ;
#2385 = AXIS2_PLACEMENT_3D ( 'NONE', #1061, #1318, #641 ) ;
#2386 = ORIENTED_EDGE ( 'NONE', *, *, #258, .T. ) ;
#2387 = ORIENTED_EDGE ( 'NONE', *, *, #1468, .T. ) ;
#2388 = ORIENTED_EDGE ( 'NONE', *, *, #2279, .T. ) ;
#2389 = ORIENTED_EDGE ( 'NONE', *, *, #2612, .T. ) ;
#2390 = DIRECTION ( 'NONE',  ( 0.000000000000000000, 1.000000000000000000, -0.000000000000000000 ) ) ;
#2391 = LINE ( 'NONE', #1489, #1794 ) ;
#2392 = AXIS2_PLACEMENT_3D ( 'NONE', #6, #1055, #185 ) ;
#2393 = LINE ( 'NONE', #992, #719 ) ;
#2394 = PLANE ( 'NONE',  #1477 ) ;
#2395 = EDGE_CURVE ( 'NONE', #1562, #2604, #165, .T. ) ;
#2396 = CARTESIAN_POINT ( 'NONE',  ( 7.299999999999991829, 3.000000000000000000, -27.59999999999999432 ) ) ;
#2397 = ORIENTED_EDGE ( 'NONE', *, *, #1126, .T. ) ;
#2398 = VERTEX_POINT ( 'NONE', #1888 ) ;
#2399 = DIRECTION ( 'NONE',  ( 0.000000000000000000, -1.000000000000000000, 0.000000000000000000 ) ) ;
#2400 = CARTESIAN_POINT ( 'NONE',  ( -11.40000000000000746, -7.000000000000000000, -23.50000000000000000 ) ) ;
#2401 = EDGE_LOOP ( 'NONE', ( #2541, #12 ) ) ;
#2402 = VERTEX_POINT ( 'NONE', #596 ) ;
#2403 = AXIS2_PLACEMENT_3D ( 'NONE', #1621, #1835, #130 ) ;
#2404 = DIRECTION ( 'NONE',  ( -0.000000000000000000, 1.000000000000000000, -0.000000000000000000 ) ) ;
#2405 = CIRCLE ( 'NONE', #1229, 1.699999999999993072 ) ;
#2406 = APPROVAL_PERSON_ORGANIZATION ( #1083, #2012, #786 ) ;
#2407 = CYLINDRICAL_SURFACE ( 'NONE', #317, 2.000000000000005329 ) ;
#2408 = VERTEX_POINT ( 'NONE', #2286 ) ;
#2409 = CARTESIAN_POINT ( 'NONE',  ( 48.49999999999999289, -0.4000000000000001887, 34.80000000000001137 ) ) ;
#2410 = DIRECTION ( 'NONE',  ( 0.000000000000000000, 0.000000000000000000, 1.000000000000000000 ) ) ;
#2411 = ORIENTED_EDGE ( 'NONE', *, *, #383, .F. ) ;
#2412 = CARTESIAN_POINT ( 'NONE',  ( -54.00000000000000711, -9.000000000000000000, -39.50000000000000711 ) ) ;
#2413 = EDGE_CURVE ( 'NONE', #1676, #249, #2478, .T. ) ;
#2414 = DIRECTION ( 'NONE',  ( 0.000000000000000000, 1.000000000000000000, -0.000000000000000000 ) ) ;
#2415 = PLANE ( 'NONE',  #813 ) ;
#2416 = ADVANCED_FACE ( 'NONE', ( #402 ), #1682, .T. ) ;
#2417 = EDGE_LOOP ( 'NONE', ( #2383, #1874 ) ) ;
#2418 = ORIENTED_EDGE ( 'NONE', *, *, #933, .F. ) ;
#2419 = ORIENTED_EDGE ( 'NONE', *, *, #2639, .T. ) ;
#2420 = CARTESIAN_POINT ( 'NONE',  ( -7.300000000000007816, 0.000000000000000000, 27.60000000000000142 ) ) ;
#2421 = DIRECTION ( 'NONE',  ( 0.000000000000000000, 0.000000000000000000, 1.000000000000000000 ) ) ;
#2422 = DIRECTION ( 'NONE',  ( 0.000000000000000000, 0.000000000000000000, 1.000000000000000000 ) ) ;
#2423 = CARTESIAN_POINT ( 'NONE',  ( -46.80000000000001847, -0.4000000000000001887, -36.50000000000001421 ) ) ;
#2424 = ORIENTED_EDGE ( 'NONE', *, *, #291, .F. ) ;
#2425 = DIRECTION ( 'NONE',  ( 0.000000000000000000, 0.000000000000000000, 1.000000000000000000 ) ) ;
#2426 = CARTESIAN_POINT ( 'NONE',  ( -35.39999999999999858, -7.000000000000000000, 25.50000000000001421 ) ) ;
#2427 = ORIENTED_EDGE ( 'NONE', *, *, #2495, .F. ) ;
#2428 = ORIENTED_EDGE ( 'NONE', *, *, #767, .F. ) ;
#2429 = VECTOR ( 'NONE', #475, 1000.000000000000000 ) ;
#2430 = ADVANCED_FACE ( 'NONE', ( #1659 ), #1041, .F. ) ;
#2431 = ORIENTED_EDGE ( 'NONE', *, *, #2413, .T. ) ;
#2432 = AXIS2_PLACEMENT_3D ( 'NONE', #1021, #2049, #2696 ) ;
#2433 = VECTOR ( 'NONE', #1274, 1000.000000000000000 ) ;
#2434 = DIRECTION ( 'NONE',  ( -0.000000000000000000, 1.000000000000000000, -0.000000000000000000 ) ) ;
#2435 = CARTESIAN_POINT ( 'NONE',  ( -48.50000000000001421, -0.4000000000000001887, 36.50000000000001421 ) ) ;
#2436 = DIRECTION ( 'NONE',  ( 0.000000000000000000, 0.000000000000000000, 1.000000000000000000 ) ) ;
#2437 = PLANE ( 'NONE',  #2643 ) ;
#2438 = EDGE_LOOP ( 'NONE', ( #1434, #2119 ) ) ;
#2439 = VECTOR ( 'NONE', #2281, 1000.000000000000000 ) ;
#2440 = FACE_OUTER_BOUND ( 'NONE', #114, .T. ) ;
#2441 = DIRECTION ( 'NONE',  ( -0.000000000000000000, 1.000000000000000000, -0.000000000000000000 ) ) ;
#2442 = LINE ( 'NONE', #558, #1603 ) ;
#2443 = ORIENTED_EDGE ( 'NONE', *, *, #1551, .T. ) ;
#2444 = VERTEX_POINT ( 'NONE', #804 ) ;
#2445 = ADVANCED_FACE ( 'NONE', ( #1271 ), #834, .F. ) ;
#2446 = DIRECTION ( 'NONE',  ( 0.000000000000000000, 0.000000000000000000, 1.000000000000000000 ) ) ;
#2447 = EDGE_CURVE ( 'NONE', #1034, #1412, #1647, .T. ) ;
#2448 = CIRCLE ( 'NONE', #35, 2.000000000000001776 ) ;
#2449 = AXIS2_PLACEMENT_3D ( 'NONE', #647, #170, #2096 ) ;
#2450 = ORIENTED_EDGE ( 'NONE', *, *, #2484, .F. ) ;
#2451 = DIRECTION ( 'NONE',  ( 0.000000000000000000, -1.000000000000000000, 0.000000000000000000 ) ) ;
#2452 = DIRECTION ( 'NONE',  ( 0.000000000000000000, -0.000000000000000000, -1.000000000000000000 ) ) ;
#2453 = ORIENTED_EDGE ( 'NONE', *, *, #2114, .T. ) ;
#2454 = VECTOR ( 'NONE', #2556, 1000.000000000000000 ) ;
#2455 = DIRECTION ( 'NONE',  ( -0.6785983445458521057, -0.6785983445458496632, -0.2810846377148016884 ) ) ;
#2456 = DIRECTION ( 'NONE',  ( -0.000000000000000000, 1.000000000000000000, -0.000000000000000000 ) ) ;
#2457 = CARTESIAN_POINT ( 'NONE',  ( -13.29999999999999893, 0.000000000000000000, -13.45000000000000462 ) ) ;
#2458 = ORIENTED_EDGE ( 'NONE', *, *, #2540, .F. ) ;
#2459 = EDGE_LOOP ( 'NONE', ( #567, #2022, #1339, #2497 ) ) ;
#2460 = CARTESIAN_POINT ( 'NONE',  ( 53.99999999999999289, -9.000000000000000000, 39.50000000000000711 ) ) ;
#2461 = EDGE_CURVE ( 'NONE', #451, #723, #1703, .T. ) ;
#2462 = MECHANICAL_CONTEXT ( 'NONE', #761, 'mechanical' ) ;
#2463 = FACE_OUTER_BOUND ( 'NONE', #2196, .T. ) ;
#2464 = FACE_OUTER_BOUND ( 'NONE', #2459, .T. ) ;
#2465 = VERTEX_POINT ( 'NONE', #2067 ) ;
#2466 = EDGE_CURVE ( 'NONE', #1106, #400, #1671, .T. ) ;
#2467 = CARTESIAN_POINT ( 'NONE',  ( 35.40000000000002700, 0.000000000000000000, 23.50000000000001066 ) ) ;
#2468 = DIRECTION ( 'NONE',  ( 0.000000000000000000, 0.000000000000000000, 1.000000000000000000 ) ) ;
#2469 = DIRECTION ( 'NONE',  ( -0.000000000000000000, 1.000000000000000000, -0.000000000000000000 ) ) ;
#2470 = VERTEX_POINT ( 'NONE', #2491 ) ;
#2471 = AXIS2_PLACEMENT_3D ( 'NONE', #1574, #2414, #1909 ) ;
#2472 = LINE ( 'NONE', #1430, #1996 ) ;
#2473 = CIRCLE ( 'NONE', #588, 3.249999999999996003 ) ;
#2474 = ORIENTED_EDGE ( 'NONE', *, *, #1037, .F. ) ;
#2475 = DIRECTION ( 'NONE',  ( -0.000000000000000000, 1.000000000000000000, -0.000000000000000000 ) ) ;
#2476 = FACE_BOUND ( 'NONE', #2182, .T. ) ;
#2477 = ORIENTED_EDGE ( 'NONE', *, *, #1679, .F. ) ;
#2478 = LINE ( 'NONE', #3, #2143 ) ;
#2479 = EDGE_CURVE ( 'NONE', #1913, #455, #101, .T. ) ;
#2480 = CARTESIAN_POINT ( 'NONE',  ( -35.39999999999999858, -7.000000000000000000, 25.50000000000001421 ) ) ;
#2481 = DIRECTION ( 'NONE',  ( 0.000000000000000000, 0.000000000000000000, 1.000000000000000000 ) ) ;
#2482 = DIRECTION ( 'NONE',  ( 0.000000000000000000, -0.000000000000000000, -1.000000000000000000 ) ) ;
#2483 = AXIS2_PLACEMENT_3D ( 'NONE', #2700, #998, #1410 ) ;
#2484 = EDGE_CURVE ( 'NONE', #993, #546, #1208, .T. ) ;
#2485 = ORIENTED_EDGE ( 'NONE', *, *, #1264, .F. ) ;
#2486 = ORIENTED_EDGE ( 'NONE', *, *, #1464, .F. ) ;
#2487 = LINE ( 'NONE', #784, #894 ) ;
#2488 = LINE ( 'NONE', #1036, #2185 ) ;
#2489 = CYLINDRICAL_SURFACE ( 'NONE', #540, 1.000000000000000888 ) ;
#2490 = ORIENTED_EDGE ( 'NONE', *, *, #904, .F. ) ;
#2491 = CARTESIAN_POINT ( 'NONE',  ( 53.99999999999999289, -9.000000000000000000, 39.29289321881347519 ) ) ;
#2492 = CARTESIAN_POINT ( 'NONE',  ( -11.40000000000000213, 0.000000000000000000, 25.50000000000000711 ) ) ;
#2493 = CARTESIAN_POINT ( 'NONE',  ( 7.299999999999991829, 3.000000000000000000, -27.59999999999999432 ) ) ;
#2494 = FACE_BOUND ( 'NONE', #321, .T. ) ;
#2495 = EDGE_CURVE ( 'NONE', #2659, #2227, #1861, .T. ) ;
#2496 = ORIENTED_EDGE ( 'NONE', *, *, #304, .F. ) ;
#2497 = ORIENTED_EDGE ( 'NONE', *, *, #1452, .F. ) ;
#2498 = EDGE_CURVE ( 'NONE', #1327, #1344, #2340, .T. ) ;
#2499 = DIRECTION ( 'NONE',  ( -0.000000000000000000, 1.000000000000000000, -0.000000000000000000 ) ) ;
#2500 = ORIENTED_EDGE ( 'NONE', *, *, #2363, .T. ) ;
#2501 = ORIENTED_EDGE ( 'NONE', *, *, #2395, .T. ) ;
#2502 = DIRECTION ( 'NONE',  ( 0.000000000000000000, 0.000000000000000000, -1.000000000000000000 ) ) ;
#2503 = DIRECTION ( 'NONE',  ( 0.000000000000000000, 0.000000000000000000, 1.000000000000000000 ) ) ;
#2504 = CARTESIAN_POINT ( 'NONE',  ( -13.29999999999999893, -8.000000000000000000, 15.60000000000001386 ) ) ;
#2505 = FACE_BOUND ( 'NONE', #2401, .T. ) ;
#2506 = ORIENTED_EDGE ( 'NONE', *, *, #580, .T. ) ;
#2507 = ORIENTED_EDGE ( 'NONE', *, *, #1719, .T. ) ;
#2508 = EDGE_CURVE ( 'NONE', #1168, #1386, #1953, .T. ) ;
#2509 = AXIS2_PLACEMENT_3D ( 'NONE', #1977, #1771, #1146 ) ;
#2510 = ADVANCED_FACE ( 'NONE', ( #657 ), #489, .F. ) ;
#2511 = FACE_OUTER_BOUND ( 'NONE', #1153, .T. ) ;
#2512 = VECTOR ( 'NONE', #1188, 1000.000000000000000 ) ;
#2513 = ORIENTED_EDGE ( 'NONE', *, *, #700, .T. ) ;
#2514 = VECTOR ( 'NONE', #1234, 1000.000000000000000 ) ;
#2515 = CARTESIAN_POINT ( 'NONE',  ( -39.50000000000000711, 3.000000000000000000, -27.59999999999999432 ) ) ;
#2516 = CARTESIAN_POINT ( 'NONE',  ( 54.49999999999999289, 3.000000000000000000, 42.50000000000000711 ) ) ;
#2517 = DIRECTION ( 'NONE',  ( 0.000000000000000000, -1.000000000000000000, 0.000000000000000000 ) ) ;
#2518 = CIRCLE ( 'NONE', #1032, 1.000000000000000888 ) ;
#2519 = DIRECTION ( 'NONE',  ( 0.000000000000000000, -1.000000000000000000, 0.000000000000000000 ) ) ;
#2520 = ORIENTED_EDGE ( 'NONE', *, *, #495, .T. ) ;
#2521 = CIRCLE ( 'NONE', #2698, 1.999999999999998224 ) ;
#2522 = VERTEX_POINT ( 'NONE', #1322 ) ;
#2523 = COORDINATED_UNIVERSAL_TIME_OFFSET ( 0, 0, .AHEAD. ) ;
#2524 = CARTESIAN_POINT ( 'NONE',  ( -11.40000000000000746, -7.000000000000000000, -23.50000000000000000 ) ) ;
#2525 = ORIENTED_EDGE ( 'NONE', *, *, #854, .F. ) ;
#2526 = ADVANCED_FACE ( 'NONE', ( #2172, #1103, #2554, #2598, #82, #2120, #29, #246, #466, #2542, #1309 ), #2338, .F. ) ;
#2527 = DIRECTION ( 'NONE',  ( -0.000000000000000000, 1.000000000000000000, -0.000000000000000000 ) ) ;
#2528 = VERTEX_POINT ( 'NONE', #2327 ) ;
#2529 = ADVANCED_FACE ( 'NONE', ( #1090 ), #2148, .F. ) ;
#2530 = CARTESIAN_POINT ( 'NONE',  ( 35.40000000000002700, 0.000000000000000000, 25.50000000000001421 ) ) ;
#2531 = LINE ( 'NONE', #621, #769 ) ;
#2532 = DIRECTION ( 'NONE',  ( -0.2810846377147999120, -0.6785983445458499963, -0.6785983445458525498 ) ) ;
#2533 = CARTESIAN_POINT ( 'NONE',  ( -48.50000000000001421, 3.000000000000000000, 36.50000000000001421 ) ) ;
#2534 = ORIENTED_EDGE ( 'NONE', *, *, #1960, .F. ) ;
#2535 = AXIS2_PLACEMENT_3D ( 'NONE', #96, #1777, #1351 ) ;
#2536 = CALENDAR_DATE ( 2025, 5, 12 ) ;
#2537 = FACE_OUTER_BOUND ( 'NONE', #1957, .T. ) ;
#2538 = VERTEX_POINT ( 'NONE', #1914 ) ;
#2539 = FACE_OUTER_BOUND ( 'NONE', #1818, .T. ) ;
#2540 = EDGE_CURVE ( 'NONE', #2227, #451, #1935, .T. ) ;
#2541 = ORIENTED_EDGE ( 'NONE', *, *, #796, .T. ) ;
#2542 = FACE_BOUND ( 'NONE', #1970, .T. ) ;
#2543 = DIRECTION ( 'NONE',  ( -0.000000000000000000, 1.000000000000000000, -0.000000000000000000 ) ) ;
#2544 = ADVANCED_FACE ( 'NONE', ( #1718 ), #1132, .F. ) ;
#2545 = DIRECTION ( 'NONE',  ( 0.000000000000000000, 1.000000000000000000, 0.000000000000000000 ) ) ;
#2546 = EDGE_LOOP ( 'NONE', ( #1613, #2520 ) ) ;
#2547 = ORIENTED_EDGE ( 'NONE', *, *, #787, .F. ) ;
#2548 = FACE_BOUND ( 'NONE', #1364, .T. ) ;
#2549 = EDGE_LOOP ( 'NONE', ( #1625, #2665, #288, #1555 ) ) ;
#2550 = CC_DESIGN_DATE_AND_TIME_ASSIGNMENT ( #38, #653, ( #625 ) ) ;
#2551 = ORIENTED_EDGE ( 'NONE', *, *, #2498, .F. ) ;
#2552 = FACE_OUTER_BOUND ( 'NONE', #900, .T. ) ;
#2553 = LINE ( 'NONE', #1521, #1251 ) ;
#2554 = FACE_BOUND ( 'NONE', #2153, .T. ) ;
#2555 = CIRCLE ( 'NONE', #188, 2.000000000000001776 ) ;
#2556 = DIRECTION ( 'NONE',  ( -0.000000000000000000, 1.000000000000000000, -0.000000000000000000 ) ) ;
#2557 = CARTESIAN_POINT ( 'NONE',  ( 53.99999999999999289, -9.000000000000000000, -39.29289321881344677 ) ) ;
#2558 = AXIS2_PLACEMENT_3D ( 'NONE', #2355, #1554, #1938 ) ;
#2559 = ORIENTED_EDGE ( 'NONE', *, *, #431, .T. ) ;
#2560 = ORIENTED_EDGE ( 'NONE', *, *, #2612, .F. ) ;
#2561 = AXIS2_PLACEMENT_3D ( 'NONE', #1638, #1215, #161 ) ;
#2562 = LINE ( 'NONE', #696, #670 ) ;
#2563 = EDGE_CURVE ( 'NONE', #1637, #1658, #452, .T. ) ;
#2564 = AXIS2_PLACEMENT_3D ( 'NONE', #392, #2069, #184 ) ;
#2565 = VERTEX_POINT ( 'NONE', #1734 ) ;
#2566 = EDGE_CURVE ( 'NONE', #1751, #1762, #1967, .T. ) ;
#2567 = VECTOR ( 'NONE', #309, 1000.000000000000000 ) ;
#2568 = CARTESIAN_POINT ( 'NONE',  ( -54.50000000000000711, 3.000000000000000000, -42.50000000000000711 ) ) ;
#2569 = CIRCLE ( 'NONE', #2392, 1.000000000000000888 ) ;
#2570 = CYLINDRICAL_SURFACE ( 'NONE', #1047, 2.000000000000005329 ) ;
#2571 = CARTESIAN_POINT ( 'NONE',  ( 7.299999999999991829, 0.000000000000000000, 27.60000000000000142 ) ) ;
#2572 = DIRECTION ( 'NONE',  ( 0.000000000000000000, -0.000000000000000000, -1.000000000000000000 ) ) ;
#2573 = LINE ( 'NONE', #1513, #1501 ) ;
#2574 = ORIENTED_EDGE ( 'NONE', *, *, #460, .T. ) ;
#2575 = ORIENTED_EDGE ( 'NONE', *, *, #512, .F. ) ;
#2576 = CYLINDRICAL_SURFACE ( 'NONE', #2186, 1.700000000000000178 ) ;
#2577 = ADVANCED_FACE ( 'NONE', ( #688 ), #925, .T. ) ;
#2578 = CARTESIAN_POINT ( 'NONE',  ( 54.49999999999999289, 3.000000000000000000, 39.50000000000000711 ) ) ;
#2579 = AXIS2_PLACEMENT_3D ( 'NONE', #1886, #1847, #2106 ) ;
#2580 = AXIS2_PLACEMENT_3D ( 'NONE', #2699, #196, #1011 ) ;
#2581 = EDGE_CURVE ( 'NONE', #582, #516, #268, .T. ) ;
#2582 = AXIS2_PLACEMENT_3D ( 'NONE', #1925, #70, #939 ) ;
#2583 = LINE ( 'NONE', #416, #1340 ) ;
#2584 = APPROVAL_PERSON_ORGANIZATION ( #1628, #1666, #1487 ) ;
#2585 = CARTESIAN_POINT ( 'NONE',  ( 51.49999999999999289, 3.000000000000000000, -42.50000000000000711 ) ) ;
#2586 = FACE_OUTER_BOUND ( 'NONE', #1665, .T. ) ;
#2587 = DIRECTION ( 'NONE',  ( -0.000000000000000000, 1.000000000000000000, -0.000000000000000000 ) ) ;
#2588 = CARTESIAN_POINT ( 'NONE',  ( 23.40000000000000213, -9.000000000000000000, 16.60000000000001918 ) ) ;
#2589 = ORIENTED_EDGE ( 'NONE', *, *, #1663, .F. ) ;
#2590 = ORIENTED_EDGE ( 'NONE', *, *, #1992, .T. ) ;
#2591 = CARTESIAN_POINT ( 'NONE',  ( 7.299999999999991829, 0.000000000000000000, 27.60000000000000142 ) ) ;
#2592 = ORIENTED_EDGE ( 'NONE', *, *, #1441, .T. ) ;
#2593 = DIRECTION ( 'NONE',  ( 0.000000000000000000, 1.000000000000000000, 0.000000000000000000 ) ) ;
#2594 = ORIENTED_EDGE ( 'NONE', *, *, #495, .F. ) ;
#2595 = ADVANCED_FACE ( 'NONE', ( #2586 ), #704, .T. ) ;
#2596 = CARTESIAN_POINT ( 'NONE',  ( 7.299999999999991829, 3.000000000000000000, -27.59999999999999432 ) ) ;
#2597 = CARTESIAN_POINT ( 'NONE',  ( 35.40000000000002700, -7.000000000000000000, 23.50000000000001066 ) ) ;
#2598 = FACE_BOUND ( 'NONE', #1873, .T. ) ;
#2599 = ADVANCED_FACE ( 'NONE', ( #741 ), #327, .F. ) ;
#2600 = PLANE ( 'NONE',  #210 ) ;
#2601 = FACE_OUTER_BOUND ( 'NONE', #1098, .T. ) ;
#2602 = VERTEX_POINT ( 'NONE', #1363 ) ;
#2603 = CARTESIAN_POINT ( 'NONE',  ( 7.299999999999991829, 3.000000000000000000, 27.60000000000000142 ) ) ;
#2604 = VERTEX_POINT ( 'NONE', #2200 ) ;
#2605 = CIRCLE ( 'NONE', #1293, 2.000000000000001776 ) ;
#2606 = VERTEX_POINT ( 'NONE', #310 ) ;
#2607 = FACE_OUTER_BOUND ( 'NONE', #1000, .T. ) ;
#2608 = EDGE_CURVE ( 'NONE', #546, #993, #1906, .T. ) ;
#2609 = LINE ( 'NONE', #330, #78 ) ;
#2610 = CYLINDRICAL_SURFACE ( 'NONE', #1460, 1.700000000000000178 ) ;
#2611 = VERTEX_POINT ( 'NONE', #95 ) ;
#2612 = EDGE_CURVE ( 'NONE', #2606, #2045, #626, .T. ) ;
#2613 = DIRECTION ( 'NONE',  ( 0.000000000000000000, 0.000000000000000000, 1.000000000000000000 ) ) ;
#2614 = CARTESIAN_POINT ( 'NONE',  ( -13.29999999999999893, 0.000000000000000000, 17.75000000000001776 ) ) ;
#2615 = CARTESIAN_POINT ( 'NONE',  ( -33.50000000000001421, 0.000000000000000000, -15.59999999999999964 ) ) ;
#2616 = ORIENTED_EDGE ( 'NONE', *, *, #1073, .F. ) ;
#2617 = AXIS2_PLACEMENT_3D ( 'NONE', #2515, #2683, #2108 ) ;
#2618 = DIRECTION ( 'NONE',  ( -0.000000000000000000, 1.000000000000000000, -0.000000000000000000 ) ) ;
#2619 = DIRECTION ( 'NONE',  ( -0.000000000000000000, 1.000000000000000000, -0.000000000000000000 ) ) ;
#2620 = ORIENTED_EDGE ( 'NONE', *, *, #222, .F. ) ;
#2621 = CARTESIAN_POINT ( 'NONE',  ( 7.299999999999991829, 3.000000000000000000, 27.60000000000000142 ) ) ;
#2622 = DESIGN_CONTEXT ( 'detailed design', #2079, 'design' ) ;
#2623 = DIRECTION ( 'NONE',  ( 0.000000000000000000, 0.000000000000000000, 1.000000000000000000 ) ) ;
#2624 = ORIENTED_EDGE ( 'NONE', *, *, #1243, .F. ) ;
#2625 = DIRECTION ( 'NONE',  ( 0.000000000000000000, -0.000000000000000000, 1.000000000000000000 ) ) ;
#2626 = EDGE_CURVE ( 'NONE', #2611, #842, #1565, .T. ) ;
#2627 = CYLINDRICAL_SURFACE ( 'NONE', #1115, 1.999999999999998224 ) ;
#2628 = CARTESIAN_POINT ( 'NONE',  ( 7.299999999999991829, 3.000000000000000000, -27.59999999999999432 ) ) ;
#2629 = ORIENTED_EDGE ( 'NONE', *, *, #2114, .F. ) ;
#2630 = DIRECTION ( 'NONE',  ( 0.000000000000000000, 0.000000000000000000, 1.000000000000000000 ) ) ;
#2631 = CARTESIAN_POINT ( 'NONE',  ( 51.49999999999999289, -8.500000000000000000, -42.50000000000000711 ) ) ;
#2632 = ORIENTED_EDGE ( 'NONE', *, *, #108, .F. ) ;
#2633 = FACE_OUTER_BOUND ( 'NONE', #1632, .T. ) ;
#2634 = CARTESIAN_POINT ( 'NONE',  ( 48.49999999999999289, 3.000000000000000000, 33.25000000000001421 ) ) ;
#2635 = VERTEX_POINT ( 'NONE', #1616 ) ;
#2636 = DIRECTION ( 'NONE',  ( 0.000000000000000000, -1.000000000000000000, 0.000000000000000000 ) ) ;
#2637 = DIRECTION ( 'NONE',  ( 0.000000000000000000, -0.000000000000000000, 1.000000000000000000 ) ) ;
#2638 = DIRECTION ( 'NONE',  ( 0.000000000000000000, 0.000000000000000000, 1.000000000000000000 ) ) ;
#2639 = EDGE_CURVE ( 'NONE', #2016, #619, #2393, .T. ) ;
#2640 = ORIENTED_EDGE ( 'NONE', *, *, #614, .T. ) ;
#2641 = ORIENTED_EDGE ( 'NONE', *, *, #2479, .T. ) ;
#2642 = ORIENTED_EDGE ( 'NONE', *, *, #1023, .T. ) ;
#2643 = AXIS2_PLACEMENT_3D ( 'NONE', #1586, #2006, #2246 ) ;
#2644 = EDGE_CURVE ( 'NONE', #1893, #471, #2255, .T. ) ;
#2645 = AXIS2_PLACEMENT_3D ( 'NONE', #2628, #749, #1590 ) ;
#2646 = AXIS2_PLACEMENT_3D ( 'NONE', #364, #1196, #2481 ) ;
#2647 = CARTESIAN_POINT ( 'NONE',  ( 23.40000000000000213, 0.000000000000000000, -17.59999999999998010 ) ) ;
#2648 = DIRECTION ( 'NONE',  ( 0.000000000000000000, -1.000000000000000000, 0.000000000000000000 ) ) ;
#2649 = ORIENTED_EDGE ( 'NONE', *, *, #277, .T. ) ;
#2650 = CARTESIAN_POINT ( 'NONE',  ( 35.40000000000000568, -7.000000000000000000, -23.50000000000001421 ) ) ;
#2651 = CARTESIAN_POINT ( 'NONE',  ( -11.40000000000000213, -7.000000000000000000, 23.50000000000001066 ) ) ;
#2652 = ORIENTED_EDGE ( 'NONE', *, *, #747, .T. ) ;
#2653 = AXIS2_PLACEMENT_3D ( 'NONE', #1867, #1807, #1012 ) ;
#2654 = CARTESIAN_POINT ( 'NONE',  ( 48.49999999999999289, 3.000000000000000000, 36.50000000000001421 ) ) ;
#2655 = CARTESIAN_POINT ( 'NONE',  ( -48.50000000000001421, -0.4000000000000001887, 36.50000000000001421 ) ) ;
#2656 = CARTESIAN_POINT ( 'NONE',  ( -51.49999999999999289, -8.500000000000000000, -42.50000000000000711 ) ) ;
#2657 = ORIENTED_EDGE ( 'NONE', *, *, #1197, .T. ) ;
#2658 = EDGE_CURVE ( 'NONE', #308, #1931, #673, .T. ) ;
#2659 = VERTEX_POINT ( 'NONE', #950 ) ;
#2660 = DIRECTION ( 'NONE',  ( -0.000000000000000000, 1.000000000000000000, -0.000000000000000000 ) ) ;
#2661 = ADVANCED_FACE ( 'NONE', ( #2230 ), #2407, .F. ) ;
#2662 = DIRECTION ( 'NONE',  ( 0.000000000000000000, 0.000000000000000000, -1.000000000000000000 ) ) ;
#2663 = CIRCLE ( 'NONE', #1308, 1.700000000000000178 ) ;
#2664 = AXIS2_PLACEMENT_3D ( 'NONE', #1236, #633, #1469 ) ;
#2665 = ORIENTED_EDGE ( 'NONE', *, *, #549, .F. ) ;
#2666 = DIRECTION ( 'NONE',  ( 0.000000000000000000, 0.000000000000000000, 1.000000000000000000 ) ) ;
#2667 = LINE ( 'NONE', #2396, #627 ) ;
#2668 = ORIENTED_EDGE ( 'NONE', *, *, #747, .F. ) ;
#2669 = VECTOR ( 'NONE', #2189, 1000.000000000000000 ) ;
#2670 = DIRECTION ( 'NONE',  ( 0.000000000000000000, 0.000000000000000000, -1.000000000000000000 ) ) ;
#2671 = DIRECTION ( 'NONE',  ( 0.000000000000000000, 1.000000000000000000, -0.000000000000000000 ) ) ;
#2672 = FACE_OUTER_BOUND ( 'NONE', #930, .T. ) ;
#2673 = ORIENTED_EDGE ( 'NONE', *, *, #1086, .F. ) ;
#2674 = EDGE_LOOP ( 'NONE', ( #751, #2574, #2641, #727 ) ) ;
#2675 = ORIENTED_EDGE ( 'NONE', *, *, #41, .F. ) ;
#2676 = CARTESIAN_POINT ( 'NONE',  ( -48.50000000000001421, -0.4000000000000001887, 38.20000000000000995 ) ) ;
#2677 = EDGE_CURVE ( 'NONE', #2398, #1240, #1786, .T. ) ;
#2678 = ORIENTED_EDGE ( 'NONE', *, *, #2495, .T. ) ;
#2679 = CARTESIAN_POINT ( 'NONE',  ( -48.50000000000001421, -0.4000000000000001887, -36.50000000000001421 ) ) ;
#2680 = LINE ( 'NONE', #1445, #1211 ) ;
#2681 = EDGE_LOOP ( 'NONE', ( #1846, #445, #2443, #245 ) ) ;
#2682 = EDGE_CURVE ( 'NONE', #2398, #973, #1175, .T. ) ;
#2683 = DIRECTION ( 'NONE',  ( 1.077467997501122450E-16, -0.000000000000000000, 1.000000000000000000 ) ) ;
#2684 = PLANE ( 'NONE',  #238 ) ;
#2685 = CARTESIAN_POINT ( 'NONE',  ( -39.50000000000000711, 0.000000000000000000, 27.60000000000000853 ) ) ;
#2686 = CARTESIAN_POINT ( 'NONE',  ( 0.000000000000000000, -9.000000000000000000, 0.000000000000000000 ) ) ;
#2687 = EDGE_LOOP ( 'NONE', ( #2101, #33, #1069, #302 ) ) ;
#2688 = EDGE_LOOP ( 'NONE', ( #530, #2592, #1089, #661 ) ) ;
#2689 = AXIS2_PLACEMENT_3D ( 'NONE', #275, #1559, #1342 ) ;
#2690 = VECTOR ( 'NONE', #896, 1000.000000000000000 ) ;
#2691 = CARTESIAN_POINT ( 'NONE',  ( 54.49999999999999289, -8.500000000000000000, -39.49999999999999289 ) ) ;
#2692 = AXIS2_PLACEMENT_3D ( 'NONE', #1105, #1093, #71 ) ;
#2693 = VECTOR ( 'NONE', #2469, 1000.000000000000000 ) ;
#2694 = CARTESIAN_POINT ( 'NONE',  ( -13.29999999999999893, -8.000000000000000000, -15.60000000000000675 ) ) ;
#2695 = EDGE_CURVE ( 'NONE', #394, #1412, #94, .T. ) ;
#2696 = DIRECTION ( 'NONE',  ( 0.000000000000000000, -0.000000000000000000, -1.000000000000000000 ) ) ;
#2697 = VERTEX_POINT ( 'NONE', #505 ) ;
#2698 = AXIS2_PLACEMENT_3D ( 'NONE', #2121, #2300, #232 ) ;
#2699 = CARTESIAN_POINT ( 'NONE',  ( -35.40000000000000568, -7.000000000000000000, -23.50000000000000000 ) ) ;
#2700 = CARTESIAN_POINT ( 'NONE',  ( 11.40000000000002345, -7.000000000000000000, 23.50000000000001066 ) ) ;
#2701 = DIRECTION ( 'NONE',  ( 0.000000000000000000, -1.000000000000000000, 0.000000000000000000 ) ) ;
#2702 = EDGE_CURVE ( 'NONE', #262, #2528, #137, .T. ) ;
#2703 = CARTESIAN_POINT ( 'NONE',  ( -54.50000000000000711, 3.000000000000000000, 39.49999999999996447 ) ) ;
#2704 = ORIENTED_EDGE ( 'NONE', *, *, #527, .T. ) ;
#2705 = ORIENTED_EDGE ( 'NONE', *, *, #1829, .T. ) ;
#2706 = ORIENTED_EDGE ( 'NONE', *, *, #1259, .F. ) ;
#2707 = CARTESIAN_POINT ( 'NONE',  ( -23.40000000000001279, -9.000000000000000000, 16.60000000000001208 ) ) ;
#2708 = VERTEX_POINT ( 'NONE', #1801 ) ;
#2709 = VERTEX_POINT ( 'NONE', #2631 ) ;
#2710 = AXIS2_PLACEMENT_3D ( 'NONE', #1221, #1900, #1866 ) ;
#2711 = DIRECTION ( 'NONE',  ( 0.000000000000000000, 1.000000000000000000, -0.000000000000000000 ) ) ;
#2712 = CARTESIAN_POINT ( 'NONE',  ( 48.49999999999999289, -0.4000000000000001887, -36.50000000000001421 ) ) ;
#2713 = CARTESIAN_POINT ( 'NONE',  ( -35.40000000000000568, -7.000000000000000000, -23.50000000000000000 ) ) ;
#2714 = CARTESIAN_POINT ( 'NONE',  ( 54.49999999999999289, 3.000000000000000000, 42.50000000000000711 ) ) ;
#2715 = CIRCLE ( 'NONE', #1139, 2.150000000000000799 ) ;
#2716 = EDGE_CURVE ( 'NONE', #1532, #1727, #51, .T. ) ;
#2717 = ORIENTED_EDGE ( 'NONE', *, *, #2695, .F. ) ;
ENDSEC;
END-ISO-10303-21;
