ISO-10303-21;
HEADER;
FILE_DESCRIPTION (( 'STEP AP203' ),
    '1' );
FILE_NAME ('support_plate_bottom.STEP',
    '2025-12-05T11:55:41',
    ( '' ),
    ( '' ),
    'SwSTEP 2.0',
    'SolidWorks 2020',
    '' );
FILE_SCHEMA (( 'CONFIG_CONTROL_DESIGN' ));
ENDSEC;

DATA;
#1 = DIRECTION ( 'NONE',  ( 0.000000000000000000, 0.000000000000000000, 1.000000000000000000 ) ) ;
#2 = ORIENTED_EDGE ( 'NONE', *, *, #2039, .T. ) ;
#3 = LINE ( 'NONE', #1814, #1884 ) ;
#4 = FACE_OUTER_BOUND ( 'NONE', #1311, .T. ) ;
#5 = ORIENTED_EDGE ( 'NONE', *, *, #1927, .T. ) ;
#6 = CARTESIAN_POINT ( 'NONE',  ( -51.49999999999999289, -8.500000000000000000, -42.50000000000000711 ) ) ;
#7 = APPROVAL_PERSON_ORGANIZATION ( #807, #2046, #267 ) ;
#8 = CARTESIAN_POINT ( 'NONE',  ( -23.40000000000001279, 0.000000000000000000, 16.60000000000001208 ) ) ;
#9 = EDGE_CURVE ( 'NONE', #2301, #2337, #504, .T. ) ;
#10 = CARTESIAN_POINT ( 'NONE',  ( 11.40000000000001457, -7.000000000000000000, -21.50000000000000711 ) ) ;
#11 = LINE ( 'NONE', #257, #1407 ) ;
#12 = CIRCLE ( 'NONE', #2064, 1.000000000000000888 ) ;
#13 = ORIENTED_EDGE ( 'NONE', *, *, #1094, .F. ) ;
#14 = CARTESIAN_POINT ( 'NONE',  ( -39.50000000000000711, 3.000000000000000000, 27.60000000000000853 ) ) ;
#15 = EDGE_LOOP ( 'NONE', ( #1114, #426 ) ) ;
#16 = CARTESIAN_POINT ( 'NONE',  ( 48.49999999999999289, 3.000000000000000000, -36.50000000000001421 ) ) ;
#17 = FACE_BOUND ( 'NONE', #1157, .T. ) ;
#18 = ORIENTED_EDGE ( 'NONE', *, *, #2283, .F. ) ;
#19 = CIRCLE ( 'NONE', #1378, 1.000000000000000888 ) ;
#20 = CARTESIAN_POINT ( 'NONE',  ( 35.40000000000002700, 0.000000000000000000, 23.50000000000001066 ) ) ;
#21 = CIRCLE ( 'NONE', #1342, 1.700000000000000178 ) ;
#22 = CARTESIAN_POINT ( 'NONE',  ( 23.40000000000000213, 0.000000000000000000, 17.60000000000001918 ) ) ;
#23 = CARTESIAN_POINT ( 'NONE',  ( -51.49999999999999289, -8.500000000000000000, -42.50000000000000711 ) ) ;
#24 = DIRECTION ( 'NONE',  ( 0.000000000000000000, 0.000000000000000000, 1.000000000000000000 ) ) ;
#25 = CARTESIAN_POINT ( 'NONE',  ( 39.49999999999999289, 0.000000000000000000, -27.59999999999999787 ) ) ;
#26 = EDGE_CURVE ( 'NONE', #795, #1885, #452, .T. ) ;
#27 = VERTEX_POINT ( 'NONE', #106 ) ;
#28 = DIRECTION ( 'NONE',  ( 0.000000000000000000, -0.000000000000000000, -1.000000000000000000 ) ) ;
#29 = DIRECTION ( 'NONE',  ( 0.000000000000000000, 0.000000000000000000, -1.000000000000000000 ) ) ;
#30 = DIRECTION ( 'NONE',  ( 0.000000000000000000, 0.000000000000000000, 1.000000000000000000 ) ) ;
#31 = ORIENTED_EDGE ( 'NONE', *, *, #1868, .F. ) ;
#32 = DIRECTION ( 'NONE',  ( 0.000000000000000000, 1.000000000000000000, -0.000000000000000000 ) ) ;
#33 = DIRECTION ( 'NONE',  ( -0.000000000000000000, 1.000000000000000000, -0.000000000000000000 ) ) ;
#34 = ORIENTED_EDGE ( 'NONE', *, *, #44, .T. ) ;
#35 = EDGE_CURVE ( 'NONE', #773, #1317, #288, .T. ) ;
#36 = DIRECTION ( 'NONE',  ( 0.000000000000000000, 0.000000000000000000, 1.000000000000000000 ) ) ;
#37 = EDGE_CURVE ( 'NONE', #776, #1069, #2156, .T. ) ;
#38 = ORIENTED_EDGE ( 'NONE', *, *, #1443, .F. ) ;
#39 = DIRECTION ( 'NONE',  ( 0.000000000000000000, -0.000000000000000000, -1.000000000000000000 ) ) ;
#40 = DIRECTION ( 'NONE',  ( 0.2810846377148252806, 0.6785983445458447783, -0.6785983445458472207 ) ) ;
#41 = CIRCLE ( 'NONE', #775, 2.000000000000001776 ) ;
#42 = ORIENTED_EDGE ( 'NONE', *, *, #888, .F. ) ;
#43 = LINE ( 'NONE', #566, #1708 ) ;
#44 = EDGE_CURVE ( 'NONE', #1747, #1824, #1588, .T. ) ;
#45 = AXIS2_PLACEMENT_3D ( 'NONE', #2187, #2166, #1086 ) ;
#46 = AXIS2_PLACEMENT_3D ( 'NONE', #660, #1418, #2150 ) ;
#47 = EDGE_CURVE ( 'NONE', #160, #89, #2222, .T. ) ;
#48 = FACE_BOUND ( 'NONE', #1550, .T. ) ;
#49 = CIRCLE ( 'NONE', #662, 1.999999999999998224 ) ;
#50 = ORIENTED_EDGE ( 'NONE', *, *, #2331, .F. ) ;
#51 = LINE ( 'NONE', #1739, #469 ) ;
#52 = CARTESIAN_POINT ( 'NONE',  ( -35.39999999999999858, -7.000000000000000000, 25.50000000000001421 ) ) ;
#53 = VECTOR ( 'NONE', #2281, 1000.000000000000000 ) ;
#54 = ORIENTED_EDGE ( 'NONE', *, *, #370, .F. ) ;
#55 = FACE_OUTER_BOUND ( 'NONE', #2110, .T. ) ;
#56 = AXIS2_PLACEMENT_3D ( 'NONE', #191, #2032, #164 ) ;
#57 = CARTESIAN_POINT ( 'NONE',  ( -23.40000000000001279, 0.000000000000000000, 18.60000000000001208 ) ) ;
#58 = EDGE_LOOP ( 'NONE', ( #1427, #342, #273, #2015 ) ) ;
#59 = CARTESIAN_POINT ( 'NONE',  ( -51.49999999999997868, 3.000000000000000000, 42.50000000000000711 ) ) ;
#60 = EDGE_LOOP ( 'NONE', ( #2101, #368, #140, #1791 ) ) ;
#61 = EDGE_CURVE ( 'NONE', #1049, #787, #588, .T. ) ;
#62 = CARTESIAN_POINT ( 'NONE',  ( 48.49999999999999289, -0.4000000000000001887, 36.50000000000001421 ) ) ;
#63 = EDGE_CURVE ( 'NONE', #1941, #1885, #785, .T. ) ;
#64 = DIRECTION ( 'NONE',  ( 0.7071067811865459074, 0.000000000000000000, 0.7071067811865491270 ) ) ;
#65 = LINE ( 'NONE', #824, #712 ) ;
#66 = ORIENTED_EDGE ( 'NONE', *, *, #678, .T. ) ;
#67 = EDGE_LOOP ( 'NONE', ( #1416, #516, #880, #2104 ) ) ;
#68 = CARTESIAN_POINT ( 'NONE',  ( -7.300000000000007816, 3.000000000000000000, 27.60000000000000142 ) ) ;
#69 = CARTESIAN_POINT ( 'NONE',  ( 11.40000000000001457, -7.000000000000000000, -25.50000000000000355 ) ) ;
#70 = ORIENTED_EDGE ( 'NONE', *, *, #2004, .T. ) ;
#71 = DATE_TIME_ROLE ( 'creation_date' ) ;
#72 = EDGE_CURVE ( 'NONE', #1747, #572, #1417, .T. ) ;
#73 = VERTEX_POINT ( 'NONE', #1054 ) ;
#74 = ADVANCED_FACE ( 'NONE', ( #1938 ), #276, .T. ) ;
#75 = DIRECTION ( 'NONE',  ( 0.6785983445458476648, 0.6785983445458451113, -0.2810846377148236153 ) ) ;
#76 = DIRECTION ( 'NONE',  ( 0.7071067811865462405, -0.7071067811865489050, 0.000000000000000000 ) ) ;
#77 = ORIENTED_EDGE ( 'NONE', *, *, #571, .T. ) ;
#78 = CARTESIAN_POINT ( 'NONE',  ( 7.299999999999991829, 3.000000000000000000, 27.60000000000000142 ) ) ;
#79 = CARTESIAN_POINT ( 'NONE',  ( 51.81206391339019035, -7.746611067966076014, 43.25338893203394264 ) ) ;
#80 = EDGE_LOOP ( 'NONE', ( #500, #2181, #1758, #1583 ) ) ;
#81 = PERSON_AND_ORGANIZATION ( #949, #2132 ) ;
#82 = ADVANCED_FACE ( 'NONE', ( #883 ), #479, .F. ) ;
#83 = CC_DESIGN_SECURITY_CLASSIFICATION ( #815, ( #1174 ) ) ;
#84 = ORIENTED_EDGE ( 'NONE', *, *, #2040, .T. ) ;
#85 = CIRCLE ( 'NONE', #1710, 2.000000000000001776 ) ;
#86 = FACE_OUTER_BOUND ( 'NONE', #444, .T. ) ;
#87 = CIRCLE ( 'NONE', #1564, 1.999999999999998224 ) ;
#88 = LINE ( 'NONE', #424, #293 ) ;
#89 = VERTEX_POINT ( 'NONE', #855 ) ;
#90 = FACE_BOUND ( 'NONE', #1449, .T. ) ;
#91 = CARTESIAN_POINT ( 'NONE',  ( -48.50000000000000711, 3.000000000000000000, -36.50000000000001421 ) ) ;
#92 = CIRCLE ( 'NONE', #822, 2.000000000000005329 ) ;
#93 = VERTEX_POINT ( 'NONE', #669 ) ;
#94 = AXIS2_PLACEMENT_3D ( 'NONE', #131, #813, #116 ) ;
#95 = AXIS2_PLACEMENT_3D ( 'NONE', #2264, #589, #2277 ) ;
#96 = AXIS2_PLACEMENT_3D ( 'NONE', #112, #2195, #1594 ) ;
#97 = EDGE_LOOP ( 'NONE', ( #1731, #1044 ) ) ;
#98 = DIRECTION ( 'NONE',  ( 0.000000000000000000, -1.000000000000000000, 0.000000000000000000 ) ) ;
#99 = ADVANCED_FACE ( 'NONE', ( #1977 ), #1627, .F. ) ;
#100 = LINE ( 'NONE', #1572, #367 ) ;
#101 = ORIENTED_EDGE ( 'NONE', *, *, #182, .F. ) ;
#102 = CARTESIAN_POINT ( 'NONE',  ( -54.50000000000000711, 3.000000000000000000, 42.50000000000000711 ) ) ;
#103 = EDGE_CURVE ( 'NONE', #2337, #2396, #363, .T. ) ;
#104 = FACE_OUTER_BOUND ( 'NONE', #176, .T. ) ;
#105 = ORIENTED_EDGE ( 'NONE', *, *, #2057, .F. ) ;
#106 = CARTESIAN_POINT ( 'NONE',  ( 51.29289321881344677, -9.000000000000000000, 42.00000000000000711 ) ) ;
#107 = COORDINATED_UNIVERSAL_TIME_OFFSET ( 0, 0, .AHEAD. ) ;
#108 = FACE_OUTER_BOUND ( 'NONE', #292, .T. ) ;
#109 = ORIENTED_EDGE ( 'NONE', *, *, #2283, .T. ) ;
#110 = EDGE_LOOP ( 'NONE', ( #1914, #1523 ) ) ;
#111 = PLANE ( 'NONE',  #1295 ) ;
#112 = CARTESIAN_POINT ( 'NONE',  ( 23.40000000000000213, 0.000000000000000000, -17.59999999999998010 ) ) ;
#113 = EDGE_LOOP ( 'NONE', ( #455, #284, #1969, #602 ) ) ;
#114 = ADVANCED_FACE ( 'NONE', ( #562 ), #345, .F. ) ;
#115 = EDGE_LOOP ( 'NONE', ( #2286, #2296, #474, #2359 ) ) ;
#116 = DIRECTION ( 'NONE',  ( 0.000000000000000000, 0.000000000000000000, 1.000000000000000000 ) ) ;
#117 = CYLINDRICAL_SURFACE ( 'NONE', #2177, 1.999999999999998224 ) ;
#118 = DIRECTION ( 'NONE',  ( 0.7071067811865459074, 0.000000000000000000, 0.7071067811865491270 ) ) ;
#119 = EDGE_CURVE ( 'NONE', #2198, #439, #92, .T. ) ;
#120 = DIRECTION ( 'NONE',  ( -0.000000000000000000, 1.000000000000000000, -0.000000000000000000 ) ) ;
#121 = APPROVAL_STATUS ( 'not_yet_approved' ) ;
#122 = CARTESIAN_POINT ( 'NONE',  ( -51.49999999999997868, 3.000000000000000000, 42.50000000000000711 ) ) ;
#123 = ADVANCED_FACE ( 'NONE', ( #183, #194 ), #2201, .F. ) ;
#124 = ORIENTED_EDGE ( 'NONE', *, *, #704, .T. ) ;
#125 = ORIENTED_EDGE ( 'NONE', *, *, #1123, .F. ) ;
#126 = AXIS2_PLACEMENT_3D ( 'NONE', #1590, #290, #1258 ) ;
#127 = CARTESIAN_POINT ( 'NONE',  ( -35.40000000000000568, -7.000000000000000000, -21.50000000000000000 ) ) ;
#128 = LINE ( 'NONE', #1072, #253 ) ;
#129 = AXIS2_PLACEMENT_3D ( 'NONE', #146, #882, #1626 ) ;
#130 = EDGE_LOOP ( 'NONE', ( #124, #737 ) ) ;
#131 = CARTESIAN_POINT ( 'NONE',  ( 23.40000000000000213, -9.000000000000000000, -17.59999999999998010 ) ) ;
#132 = AXIS2_PLACEMENT_3D ( 'NONE', #2093, #1916, #2103 ) ;
#133 = DIRECTION ( 'NONE',  ( -0.000000000000000000, 1.000000000000000000, -0.000000000000000000 ) ) ;
#134 = EDGE_CURVE ( 'NONE', #1238, #1000, #948, .T. ) ;
#135 = CARTESIAN_POINT ( 'NONE',  ( 35.40000000000000568, -7.000000000000000000, -23.50000000000001421 ) ) ;
#136 = FACE_OUTER_BOUND ( 'NONE', #659, .T. ) ;
#137 = AXIS2_PLACEMENT_3D ( 'NONE', #730, #745, #1685 ) ;
#138 = ORIENTED_EDGE ( 'NONE', *, *, #1474, .F. ) ;
#139 = VECTOR ( 'NONE', #934, 1000.000000000000000 ) ;
#140 = ORIENTED_EDGE ( 'NONE', *, *, #645, .T. ) ;
#141 = AXIS2_PLACEMENT_3D ( 'NONE', #322, #1823, #866 ) ;
#142 = DIRECTION ( 'NONE',  ( 0.000000000000000000, 0.000000000000000000, -1.000000000000000000 ) ) ;
#143 = EDGE_CURVE ( 'NONE', #1000, #891, #1185, .T. ) ;
#144 = ORIENTED_EDGE ( 'NONE', *, *, #901, .F. ) ;
#145 = CARTESIAN_POINT ( 'NONE',  ( -11.40000000000000213, 0.000000000000000000, 23.50000000000001066 ) ) ;
#146 = CARTESIAN_POINT ( 'NONE',  ( -11.40000000000000213, -7.000000000000000000, 23.50000000000001066 ) ) ;
#147 = ORIENTED_EDGE ( 'NONE', *, *, #72, .F. ) ;
#148 = DIRECTION ( 'NONE',  ( -0.4999999999999965028, -0.7071067811865540120, 0.4999999999999942268 ) ) ;
#149 = ADVANCED_FACE ( 'NONE', ( #156 ), #168, .F. ) ;
#150 = EDGE_LOOP ( 'NONE', ( #1103, #1788, #1084, #715 ) ) ;
#151 = CARTESIAN_POINT ( 'NONE',  ( -35.40000000000000568, -7.000000000000000000, -23.50000000000000000 ) ) ;
#152 = ORIENTED_EDGE ( 'NONE', *, *, #2021, .F. ) ;
#153 = CARTESIAN_POINT ( 'NONE',  ( -48.50000000000000711, 3.000000000000000000, -39.75000000000000711 ) ) ;
#154 = DIRECTION ( 'NONE',  ( 1.000000000000000000, 0.000000000000000000, -1.077467997501122450E-16 ) ) ;
#155 = EDGE_CURVE ( 'NONE', #1605, #2248, #2047, .T. ) ;
#156 = FACE_OUTER_BOUND ( 'NONE', #1249, .T. ) ;
#157 = DIRECTION ( 'NONE',  ( 0.000000000000000000, 0.000000000000000000, 1.000000000000000000 ) ) ;
#158 = DIRECTION ( 'NONE',  ( -1.000000000000000000, 0.000000000000000000, 0.000000000000000000 ) ) ;
#159 = DIRECTION ( 'NONE',  ( 0.000000000000000000, 0.000000000000000000, 1.000000000000000000 ) ) ;
#160 = VERTEX_POINT ( 'NONE', #358 ) ;
#161 = CC_DESIGN_APPROVAL ( #2246, ( #1394 ) ) ;
#162 = ORIENTED_EDGE ( 'NONE', *, *, #294, .T. ) ;
#163 = EDGE_LOOP ( 'NONE', ( #2386, #714 ) ) ;
#164 = DIRECTION ( 'NONE',  ( 0.000000000000000000, 0.000000000000000000, 1.000000000000000000 ) ) ;
#165 = CARTESIAN_POINT ( 'NONE',  ( 35.40000000000000568, 0.000000000000000000, -23.50000000000001421 ) ) ;
#166 = AXIS2_PLACEMENT_3D ( 'NONE', #832, #621, #305 ) ;
#167 = AXIS2_PLACEMENT_3D ( 'NONE', #2045, #1703, #580 ) ;
#168 = CYLINDRICAL_SURFACE ( 'NONE', #137, 1.999999999999998224 ) ;
#169 = CARTESIAN_POINT ( 'NONE',  ( 35.40000000000002700, 0.000000000000000000, 21.50000000000000355 ) ) ;
#170 = AXIS2_PLACEMENT_3D ( 'NONE', #2391, #346, #394 ) ;
#171 = CARTESIAN_POINT ( 'NONE',  ( -51.49999999999997868, -9.000000000000000000, 42.00000000000000711 ) ) ;
#172 = VECTOR ( 'NONE', #1951, 1000.000000000000000 ) ;
#173 = ORIENTED_EDGE ( 'NONE', *, *, #990, .T. ) ;
#174 = CIRCLE ( 'NONE', #521, 1.999999999999998224 ) ;
#175 = CARTESIAN_POINT ( 'NONE',  ( 48.49999999999999289, -9.000000000000001776, 36.50000000000001421 ) ) ;
#176 = EDGE_LOOP ( 'NONE', ( #496, #1891, #2305, #1985 ) ) ;
#177 = AXIS2_PLACEMENT_3D ( 'NONE', #62, #994, #1186 ) ;
#178 = ORIENTED_EDGE ( 'NONE', *, *, #240, .T. ) ;
#179 = CARTESIAN_POINT ( 'NONE',  ( 23.40000000000000213, -9.000000000000000000, -17.59999999999998010 ) ) ;
#180 = DIRECTION ( 'NONE',  ( 0.000000000000000000, 0.000000000000000000, 1.000000000000000000 ) ) ;
#181 = CC_DESIGN_PERSON_AND_ORGANIZATION_ASSIGNMENT ( #2106, #633, ( #1174 ) ) ;
#182 = EDGE_CURVE ( 'NONE', #1399, #1824, #2067, .T. ) ;
#183 = FACE_BOUND ( 'NONE', #1707, .T. ) ;
#184 = EDGE_LOOP ( 'NONE', ( #1641, #1539, #1102, #847 ) ) ;
#185 = CARTESIAN_POINT ( 'NONE',  ( -7.300000000000007816, 3.000000000000000000, 27.60000000000000142 ) ) ;
#186 = ORIENTED_EDGE ( 'NONE', *, *, #2090, .F. ) ;
#187 = CYLINDRICAL_SURFACE ( 'NONE', #2107, 1.700000000000000178 ) ;
#188 = ORIENTED_EDGE ( 'NONE', *, *, #2148, .T. ) ;
#189 = DIRECTION ( 'NONE',  ( 0.000000000000000000, 0.000000000000000000, 1.000000000000000000 ) ) ;
#190 = EDGE_LOOP ( 'NONE', ( #512, #178, #1057, #1846 ) ) ;
#191 = CARTESIAN_POINT ( 'NONE',  ( 48.49999999999999289, 3.000000000000000000, -36.50000000000001421 ) ) ;
#192 = CARTESIAN_POINT ( 'NONE',  ( 48.49999999999999289, 3.000000000000000000, 33.25000000000001421 ) ) ;
#193 = EDGE_CURVE ( 'NONE', #567, #2385, #1495, .T. ) ;
#194 = FACE_OUTER_BOUND ( 'NONE', #616, .T. ) ;
#195 = DIRECTION ( 'NONE',  ( -0.000000000000000000, 1.000000000000000000, -0.000000000000000000 ) ) ;
#196 = DIRECTION ( 'NONE',  ( -0.000000000000000000, 1.000000000000000000, -0.000000000000000000 ) ) ;
#197 = DIRECTION ( 'NONE',  ( 0.000000000000000000, 0.000000000000000000, 1.000000000000000000 ) ) ;
#198 = ORIENTED_EDGE ( 'NONE', *, *, #193, .F. ) ;
#199 = CARTESIAN_POINT ( 'NONE',  ( -11.40000000000000746, -7.000000000000000000, -25.50000000000000355 ) ) ;
#200 = DIRECTION ( 'NONE',  ( -0.000000000000000000, 1.000000000000000000, -0.000000000000000000 ) ) ;
#201 = ORIENTED_EDGE ( 'NONE', *, *, #256, .T. ) ;
#202 = DIRECTION ( 'NONE',  ( 0.000000000000000000, 0.000000000000000000, 1.000000000000000000 ) ) ;
#203 = CIRCLE ( 'NONE', #2365, 3.249999999999996003 ) ;
#204 = DIRECTION ( 'NONE',  ( 0.000000000000000000, 0.000000000000000000, -1.000000000000000000 ) ) ;
#205 = EDGE_CURVE ( 'NONE', #1954, #1813, #438, .T. ) ;
#206 = VECTOR ( 'NONE', #1172, 1000.000000000000000 ) ;
#207 = PLANE ( 'NONE',  #441 ) ;
#208 = DIRECTION ( 'NONE',  ( 0.000000000000000000, 1.000000000000000000, 0.000000000000000000 ) ) ;
#209 = CIRCLE ( 'NONE', #986, 3.249999999999996003 ) ;
#210 = CARTESIAN_POINT ( 'NONE',  ( 39.49999999999999289, 0.000000000000000000, 27.59999999999999787 ) ) ;
#211 = AXIS2_PLACEMENT_3D ( 'NONE', #1845, #910, #2002 ) ;
#212 = ORIENTED_EDGE ( 'NONE', *, *, #1822, .F. ) ;
#213 = FACE_BOUND ( 'NONE', #1512, .T. ) ;
#214 = ORIENTED_EDGE ( 'NONE', *, *, #901, .T. ) ;
#215 = CIRCLE ( 'NONE', #2227, 2.000000000000005329 ) ;
#216 = DIRECTION ( 'NONE',  ( 0.000000000000000000, -1.000000000000000000, 0.000000000000000000 ) ) ;
#217 = AXIS2_PLACEMENT_3D ( 'NONE', #366, #542, #2016 ) ;
#218 = CARTESIAN_POINT ( 'NONE',  ( -7.300000000000007816, 3.000000000000000000, -27.59999999999999787 ) ) ;
#219 = EDGE_LOOP ( 'NONE', ( #2350, #2136 ) ) ;
#220 = EDGE_CURVE ( 'NONE', #448, #1605, #1270, .T. ) ;
#221 = CARTESIAN_POINT ( 'NONE',  ( -11.40000000000000213, -7.000000000000000000, 25.50000000000000711 ) ) ;
#222 = ORIENTED_EDGE ( 'NONE', *, *, #26, .T. ) ;
#223 = CARTESIAN_POINT ( 'NONE',  ( 11.40000000000002345, -7.000000000000000000, 23.50000000000001066 ) ) ;
#224 = ORIENTED_EDGE ( 'NONE', *, *, #1665, .F. ) ;
#225 = EDGE_LOOP ( 'NONE', ( #1591, #632, #2362, #798 ) ) ;
#226 = FACE_BOUND ( 'NONE', #1724, .T. ) ;
#227 = CARTESIAN_POINT ( 'NONE',  ( 23.40000000000000213, -9.000000000000000000, -18.59999999999998010 ) ) ;
#228 = ADVANCED_FACE ( 'NONE', ( #936 ), #1107, .T. ) ;
#229 = VERTEX_POINT ( 'NONE', #372 ) ;
#230 =( NAMED_UNIT ( * ) PLANE_ANGLE_UNIT ( ) SI_UNIT ( $, .RADIAN. ) );
#231 = DIRECTION ( 'NONE',  ( 0.7071067811865491270, 0.000000000000000000, -0.7071067811865459074 ) ) ;
#232 = ORIENTED_EDGE ( 'NONE', *, *, #1900, .F. ) ;
#233 = DIRECTION ( 'NONE',  ( 0.000000000000000000, 0.000000000000000000, 1.000000000000000000 ) ) ;
#234 = CARTESIAN_POINT ( 'NONE',  ( 51.49999999999999289, 3.000000000000000000, -42.50000000000000711 ) ) ;
#235 = ORIENTED_EDGE ( 'NONE', *, *, #2120, .F. ) ;
#236 = DIRECTION ( 'NONE',  ( -0.000000000000000000, 1.000000000000000000, -0.000000000000000000 ) ) ;
#237 = LINE ( 'NONE', #618, #2218 ) ;
#238 = VERTEX_POINT ( 'NONE', #1829 ) ;
#239 = FACE_OUTER_BOUND ( 'NONE', #2374, .T. ) ;
#240 = EDGE_CURVE ( 'NONE', #648, #891, #549, .T. ) ;
#241 = EDGE_CURVE ( 'NONE', #93, #1049, #1460, .T. ) ;
#242 = CIRCLE ( 'NONE', #2323, 2.000000000000005329 ) ;
#243 = CIRCLE ( 'NONE', #1413, 1.700000000000000178 ) ;
#244 = CARTESIAN_POINT ( 'NONE',  ( -48.50000000000001421, -0.4000000000000001887, 34.80000000000001137 ) ) ;
#245 = AXIS2_PLACEMENT_3D ( 'NONE', #301, #1053, #1779 ) ;
#246 = DIRECTION ( 'NONE',  ( 0.000000000000000000, -1.000000000000000000, 0.000000000000000000 ) ) ;
#247 = CARTESIAN_POINT ( 'NONE',  ( -54.50000000000000711, -8.500000000000000000, -39.50000000000000711 ) ) ;
#248 = ORIENTED_EDGE ( 'NONE', *, *, #1347, .T. ) ;
#249 = DIRECTION ( 'NONE',  ( 0.2810846377148343844, -0.6785983445458428909, -0.6785983445458453334 ) ) ;
#250 = CC_DESIGN_DATE_AND_TIME_ASSIGNMENT ( #277, #642, ( #815 ) ) ;
#251 = AXIS2_PLACEMENT_3D ( 'NONE', #362, #2240, #1485 ) ;
#252 = CARTESIAN_POINT ( 'NONE',  ( 47.24031489186679522, -18.78378955949363061, -32.21621044050634453 ) ) ;
#253 = VECTOR ( 'NONE', #142, 1000.000000000000000 ) ;
#254 = VERTEX_POINT ( 'NONE', #1300 ) ;
#255 = PRODUCT_RELATED_PRODUCT_CATEGORY ( 'detail', '', ( #1818 ) ) ;
#256 = EDGE_CURVE ( 'NONE', #1009, #254, #2022, .T. ) ;
#257 = CARTESIAN_POINT ( 'NONE',  ( 51.49999999999997868, 3.000000000000000000, 42.50000000000000711 ) ) ;
#258 = ORIENTED_EDGE ( 'NONE', *, *, #2084, .F. ) ;
#259 = DIRECTION ( 'NONE',  ( -0.7071067811865462405, -0.7071067811865489050, 0.000000000000000000 ) ) ;
#260 = CARTESIAN_POINT ( 'NONE',  ( -54.50000000000000711, 3.000000000000000000, -39.50000000000000711 ) ) ;
#261 = CARTESIAN_POINT ( 'NONE',  ( -11.40000000000000213, -7.000000000000000000, 23.50000000000001066 ) ) ;
#262 = ORIENTED_EDGE ( 'NONE', *, *, #1193, .F. ) ;
#263 = CYLINDRICAL_SURFACE ( 'NONE', #1567, 1.700000000000000178 ) ;
#264 = CYLINDRICAL_SURFACE ( 'NONE', #132, 2.000000000000005329 ) ;
#265 = EDGE_CURVE ( 'NONE', #309, #2248, #1095, .T. ) ;
#266 = VERTEX_POINT ( 'NONE', #1672 ) ;
#267 = APPROVAL_ROLE ( '' ) ;
#268 = ORIENTED_EDGE ( 'NONE', *, *, #2159, .F. ) ;
#269 = ORIENTED_EDGE ( 'NONE', *, *, #1592, .F. ) ;
#270 = DIRECTION ( 'NONE',  ( 0.000000000000000000, 0.000000000000000000, -1.000000000000000000 ) ) ;
#271 = DIRECTION ( 'NONE',  ( 0.000000000000000000, 0.000000000000000000, 1.000000000000000000 ) ) ;
#272 = VERTEX_POINT ( 'NONE', #6 ) ;
#273 = ORIENTED_EDGE ( 'NONE', *, *, #1077, .T. ) ;
#274 = DIRECTION ( 'NONE',  ( -1.000000000000000000, 0.000000000000000000, 0.000000000000000000 ) ) ;
#275 = FACE_OUTER_BOUND ( 'NONE', #58, .T. ) ;
#276 = PLANE ( 'NONE',  #330 ) ;
#277 = DATE_AND_TIME ( #2118, #942 ) ;
#278 = ADVANCED_FACE ( 'NONE', ( #2092 ), #263, .F. ) ;
#279 = VERTEX_POINT ( 'NONE', #1192 ) ;
#280 = CIRCLE ( 'NONE', #1371, 1.000000000000000888 ) ;
#281 = CARTESIAN_POINT ( 'NONE',  ( 54.49999999999999289, 3.000000000000000000, 39.50000000000000711 ) ) ;
#282 = CIRCLE ( 'NONE', #1101, 1.999999999999998224 ) ;
#283 = DIRECTION ( 'NONE',  ( -0.000000000000000000, 1.000000000000000000, -0.000000000000000000 ) ) ;
#284 = ORIENTED_EDGE ( 'NONE', *, *, #1016, .F. ) ;
#285 = DIRECTION ( 'NONE',  ( 0.000000000000000000, 0.000000000000000000, 1.000000000000000000 ) ) ;
#286 = DIRECTION ( 'NONE',  ( 0.000000000000000000, 0.000000000000000000, 1.000000000000000000 ) ) ;
#287 = VECTOR ( 'NONE', #1494, 1000.000000000000000 ) ;
#288 = LINE ( 'NONE', #1769, #2334 ) ;
#289 = CALENDAR_DATE ( 2025, 5, 12 ) ;
#290 = DIRECTION ( 'NONE',  ( 0.000000000000000000, -1.000000000000000000, 0.000000000000000000 ) ) ;
#291 = AXIS2_PLACEMENT_3D ( 'NONE', #568, #956, #532 ) ;
#292 = EDGE_LOOP ( 'NONE', ( #894, #268, #2129, #2390 ) ) ;
#293 = VECTOR ( 'NONE', #2309, 1000.000000000000000 ) ;
#294 = EDGE_CURVE ( 'NONE', #572, #1399, #1359, .T. ) ;
#295 = DIRECTION ( 'NONE',  ( 0.000000000000000000, 1.000000000000000000, -0.000000000000000000 ) ) ;
#296 = EDGE_CURVE ( 'NONE', #1621, #229, #1531, .T. ) ;
#297 = CARTESIAN_POINT ( 'NONE',  ( 54.49999999999999289, -8.500000000000003553, 39.50000000000000711 ) ) ;
#298 = ORIENTED_EDGE ( 'NONE', *, *, #1340, .F. ) ;
#299 = CARTESIAN_POINT ( 'NONE',  ( -48.50000000000001421, -0.4000000000000001887, 33.25000000000001421 ) ) ;
#300 = CARTESIAN_POINT ( 'NONE',  ( 11.40000000000002345, -7.000000000000000000, 23.50000000000001066 ) ) ;
#301 = CARTESIAN_POINT ( 'NONE',  ( -48.50000000000001421, 3.000000000000000000, 36.50000000000001421 ) ) ;
#302 = ORIENTED_EDGE ( 'NONE', *, *, #63, .F. ) ;
#303 = EDGE_CURVE ( 'NONE', #254, #863, #478, .T. ) ;
#304 = DIRECTION ( 'NONE',  ( 0.000000000000000000, 0.000000000000000000, 1.000000000000000000 ) ) ;
#305 = DIRECTION ( 'NONE',  ( 1.000000000000000000, 0.000000000000000000, 0.000000000000000000 ) ) ;
#306 = DIRECTION ( 'NONE',  ( 0.000000000000000000, 1.000000000000000000, 0.000000000000000000 ) ) ;
#307 = ORIENTED_EDGE ( 'NONE', *, *, #1910, .F. ) ;
#308 = VERTEX_POINT ( 'NONE', #427 ) ;
#309 = VERTEX_POINT ( 'NONE', #78 ) ;
#310 = DIRECTION ( 'NONE',  ( 0.000000000000000000, 0.000000000000000000, 1.000000000000000000 ) ) ;
#311 = EDGE_CURVE ( 'NONE', #657, #1621, #1551, .T. ) ;
#312 = LINE ( 'NONE', #2361, #631 ) ;
#313 = ORIENTED_EDGE ( 'NONE', *, *, #1535, .F. ) ;
#314 = FACE_BOUND ( 'NONE', #467, .T. ) ;
#315 = DIRECTION ( 'NONE',  ( 0.000000000000000000, 0.000000000000000000, -1.000000000000000000 ) ) ;
#316 = EDGE_LOOP ( 'NONE', ( #816, #1573 ) ) ;
#317 = CARTESIAN_POINT ( 'NONE',  ( -35.39999999999999858, -7.000000000000000000, 25.50000000000001421 ) ) ;
#318 = ORIENTED_EDGE ( 'NONE', *, *, #472, .F. ) ;
#319 = EDGE_CURVE ( 'NONE', #769, #308, #1540, .T. ) ;
#320 = ORIENTED_EDGE ( 'NONE', *, *, #2314, .T. ) ;
#321 = VECTOR ( 'NONE', #1500, 1000.000000000000000 ) ;
#322 = CARTESIAN_POINT ( 'NONE',  ( -48.50000000000000711, 3.000000000000000000, -36.50000000000001421 ) ) ;
#323 = ORIENTED_EDGE ( 'NONE', *, *, #1784, .F. ) ;
#324 = PLANE ( 'NONE',  #1459 ) ;
#325 = AXIS2_PLACEMENT_3D ( 'NONE', #1372, #1002, #416 ) ;
#326 = CYLINDRICAL_SURFACE ( 'NONE', #1989, 3.249999999999996003 ) ;
#327 = ADVANCED_FACE ( 'NONE', ( #573, #1010, #1176, #1892, #55, #1370, #226, #1705, #2058 ), #2245, .T. ) ;
#328 = DIRECTION ( 'NONE',  ( -0.000000000000000000, -0.000000000000000000, 1.000000000000000000 ) ) ;
#329 = CARTESIAN_POINT ( 'NONE',  ( -48.50000000000001421, 3.000000000000000000, 36.50000000000001421 ) ) ;
#330 = AXIS2_PLACEMENT_3D ( 'NONE', #1796, #2141, #1066 ) ;
#331 = ADVANCED_FACE ( 'NONE', ( #1507, #792 ), #983, .F. ) ;
#332 = AXIS2_PLACEMENT_3D ( 'NONE', #2137, #475, #666 ) ;
#333 = VERTEX_POINT ( 'NONE', #1323 ) ;
#334 = CIRCLE ( 'NONE', #1887, 1.700000000000000178 ) ;
#335 = DIRECTION ( 'NONE',  ( 0.000000000000000000, 0.000000000000000000, 1.000000000000000000 ) ) ;
#336 = EDGE_LOOP ( 'NONE', ( #887, #1683, #898, #1296 ) ) ;
#337 = DIRECTION ( 'NONE',  ( -0.000000000000000000, 1.000000000000000000, -0.000000000000000000 ) ) ;
#338 = DIRECTION ( 'NONE',  ( 1.000000000000000000, -0.000000000000000000, 0.000000000000000000 ) ) ;
#339 = DIRECTION ( 'NONE',  ( -0.000000000000000000, 1.000000000000000000, -0.000000000000000000 ) ) ;
#340 = DIRECTION ( 'NONE',  ( -0.000000000000000000, 1.000000000000000000, -0.000000000000000000 ) ) ;
#341 = DIRECTION ( 'NONE',  ( 0.000000000000000000, 1.000000000000000000, 0.000000000000000000 ) ) ;
#342 = ORIENTED_EDGE ( 'NONE', *, *, #492, .T. ) ;
#343 = DIRECTION ( 'NONE',  ( -0.000000000000000000, 1.000000000000000000, -0.000000000000000000 ) ) ;
#344 = LINE ( 'NONE', #1256, #2366 ) ;
#345 = CYLINDRICAL_SURFACE ( 'NONE', #211, 1.000000000000000888 ) ;
#346 = DIRECTION ( 'NONE',  ( -0.000000000000000000, 1.000000000000000000, -0.000000000000000000 ) ) ;
#347 = ORIENTED_EDGE ( 'NONE', *, *, #1720, .F. ) ;
#348 = DIRECTION ( 'NONE',  ( -0.000000000000000000, 1.000000000000000000, -0.000000000000000000 ) ) ;
#349 = ORIENTED_EDGE ( 'NONE', *, *, #858, .T. ) ;
#350 = EDGE_CURVE ( 'NONE', #1876, #454, #595, .T. ) ;
#351 = ADVANCED_FACE ( 'NONE', ( #1334 ), #777, .F. ) ;
#352 = CARTESIAN_POINT ( 'NONE',  ( -7.300000000000007816, 3.000000000000000000, -27.59999999999999787 ) ) ;
#353 = ORIENTED_EDGE ( 'NONE', *, *, #1772, .T. ) ;
#354 = VECTOR ( 'NONE', #386, 1000.000000000000000 ) ;
#355 = ORIENTED_EDGE ( 'NONE', *, *, #1159, .T. ) ;
#356 = CYLINDRICAL_SURFACE ( 'NONE', #56, 1.700000000000000178 ) ;
#357 = CARTESIAN_POINT ( 'NONE',  ( 35.40000000000000568, -7.000000000000000000, -25.50000000000001421 ) ) ;
#358 = CARTESIAN_POINT ( 'NONE',  ( 23.40000000000000213, -9.000000000000000000, 18.60000000000001918 ) ) ;
#359 = PLANE ( 'NONE',  #744 ) ;
#360 = ORIENTED_EDGE ( 'NONE', *, *, #2274, .F. ) ;
#361 = VECTOR ( 'NONE', #2139, 1000.000000000000000 ) ;
#362 = CARTESIAN_POINT ( 'NONE',  ( -48.50000000000000711, 3.000000000000000000, -36.50000000000001421 ) ) ;
#363 = CIRCLE ( 'NONE', #2180, 1.999999999999998224 ) ;
#364 = AXIS2_PLACEMENT_3D ( 'NONE', #1305, #710, #1869 ) ;
#365 = EDGE_CURVE ( 'NONE', #867, #402, #2270, .T. ) ;
#366 = CARTESIAN_POINT ( 'NONE',  ( 48.49999999999999289, 3.000000000000000000, 36.50000000000001421 ) ) ;
#367 = VECTOR ( 'NONE', #1549, 1000.000000000000000 ) ;
#368 = ORIENTED_EDGE ( 'NONE', *, *, #969, .F. ) ;
#369 = DIRECTION ( 'NONE',  ( -0.000000000000000000, 1.000000000000000000, -0.000000000000000000 ) ) ;
#370 = EDGE_CURVE ( 'NONE', #753, #925, #1915, .T. ) ;
#371 = LINE ( 'NONE', #2033, #698 ) ;
#372 = CARTESIAN_POINT ( 'NONE',  ( 11.40000000000001457, 0.000000000000000000, -25.50000000000000355 ) ) ;
#373 = CARTESIAN_POINT ( 'NONE',  ( -46.64644660940660970, -9.000000000000000000, -46.64644660940682286 ) ) ;
#374 = EDGE_CURVE ( 'NONE', #238, #1862, #1349, .T. ) ;
#375 = CARTESIAN_POINT ( 'NONE',  ( 54.49999999999999289, 3.000000000000000000, -39.49999999999999289 ) ) ;
#376 = VERTEX_POINT ( 'NONE', #1742 ) ;
#377 = CARTESIAN_POINT ( 'NONE',  ( 48.49999999999999289, -9.000000000000001776, -34.80000000000001137 ) ) ;
#378 = EDGE_LOOP ( 'NONE', ( #835, #1737, #1319, #269 ) ) ;
#379 = PLANE ( 'NONE',  #955 ) ;
#380 = EDGE_CURVE ( 'NONE', #1760, #1876, #415, .T. ) ;
#381 = FACE_BOUND ( 'NONE', #2087, .T. ) ;
#382 = EDGE_LOOP ( 'NONE', ( #1820, #1042 ) ) ;
#383 = DIRECTION ( 'NONE',  ( 0.000000000000000000, 0.000000000000000000, -1.000000000000000000 ) ) ;
#384 = CARTESIAN_POINT ( 'NONE',  ( -11.40000000000000213, -7.000000000000000000, 23.50000000000001066 ) ) ;
#385 = CARTESIAN_POINT ( 'NONE',  ( -54.00000000000000711, -9.000000000000000000, 39.29289321881340413 ) ) ;
#386 = DIRECTION ( 'NONE',  ( -0.000000000000000000, 1.000000000000000000, -0.000000000000000000 ) ) ;
#387 = ORIENTED_EDGE ( 'NONE', *, *, #1320, .F. ) ;
#388 = DIRECTION ( 'NONE',  ( -0.000000000000000000, 1.000000000000000000, -0.000000000000000000 ) ) ;
#389 = VERTEX_POINT ( 'NONE', #1947 ) ;
#390 = DIRECTION ( 'NONE',  ( 0.000000000000000000, 0.000000000000000000, 1.000000000000000000 ) ) ;
#391 = ORIENTED_EDGE ( 'NONE', *, *, #1123, .T. ) ;
#392 = CARTESIAN_POINT ( 'NONE',  ( 0.000000000000000000, -9.000000000000000000, 0.000000000000000000 ) ) ;
#393 = VECTOR ( 'NONE', #1782, 1000.000000000000114 ) ;
#394 = DIRECTION ( 'NONE',  ( 0.000000000000000000, 0.000000000000000000, 1.000000000000000000 ) ) ;
#395 = EDGE_CURVE ( 'NONE', #1504, #2071, #649, .T. ) ;
#396 = AXIS2_PLACEMENT_3D ( 'NONE', #1437, #2364, #502 ) ;
#397 = PLANE ( 'NONE',  #2229 ) ;
#398 = AXIS2_PLACEMENT_3D ( 'NONE', #2059, #1109, #1673 ) ;
#399 = VERTEX_POINT ( 'NONE', #827 ) ;
#400 = FACE_BOUND ( 'NONE', #458, .T. ) ;
#401 = AXIS2_PLACEMENT_3D ( 'NONE', #892, #2378, #1267 ) ;
#402 = VERTEX_POINT ( 'NONE', #1792 ) ;
#403 = FACE_OUTER_BOUND ( 'NONE', #225, .T. ) ;
#404 = ADVANCED_FACE ( 'NONE', ( #1767 ), #1211, .F. ) ;
#405 = AXIS2_PLACEMENT_3D ( 'NONE', #1678, #1282, #2384 ) ;
#406 = ORIENTED_EDGE ( 'NONE', *, *, #182, .T. ) ;
#407 = CARTESIAN_POINT ( 'NONE',  ( 11.40000000000001457, -7.000000000000000000, -21.50000000000000711 ) ) ;
#408 = VECTOR ( 'NONE', #1944, 1000.000000000000000 ) ;
#409 = LINE ( 'NONE', #1529, #658 ) ;
#410 = ORIENTED_EDGE ( 'NONE', *, *, #1822, .T. ) ;
#411 = DIRECTION ( 'NONE',  ( 0.000000000000000000, 0.000000000000000000, 1.000000000000000000 ) ) ;
#412 = ORIENTED_EDGE ( 'NONE', *, *, #1245, .T. ) ;
#413 = CARTESIAN_POINT ( 'NONE',  ( 54.49999999999999289, -8.500000000000003553, 39.50000000000000711 ) ) ;
#414 = EDGE_LOOP ( 'NONE', ( #493, #1920, #921, #644 ) ) ;
#415 = LINE ( 'NONE', #1166, #2105 ) ;
#416 = DIRECTION ( 'NONE',  ( 0.000000000000000000, 0.000000000000000000, 1.000000000000000000 ) ) ;
#417 = ORIENTED_EDGE ( 'NONE', *, *, #571, .F. ) ;
#418 = CARTESIAN_POINT ( 'NONE',  ( 11.40000000000002345, 0.000000000000000000, 23.50000000000001066 ) ) ;
#419 = CARTESIAN_POINT ( 'NONE',  ( 48.49999999999999289, 3.000000000000000000, -38.20000000000000995 ) ) ;
#420 = EDGE_CURVE ( 'NONE', #421, #731, #1996, .T. ) ;
#421 = VERTEX_POINT ( 'NONE', #1596 ) ;
#422 = LINE ( 'NONE', #1925, #206 ) ;
#423 = EDGE_CURVE ( 'NONE', #1265, #1231, #1844, .T. ) ;
#424 = CARTESIAN_POINT ( 'NONE',  ( -39.50000000000000711, 3.000000000000000000, 27.60000000000000853 ) ) ;
#425 = ADVANCED_FACE ( 'NONE', ( #851 ), #2153, .T. ) ;
#426 = ORIENTED_EDGE ( 'NONE', *, *, #2196, .T. ) ;
#427 = CARTESIAN_POINT ( 'NONE',  ( 51.49999999999999289, 3.000000000000000000, -42.50000000000000711 ) ) ;
#428 = CARTESIAN_POINT ( 'NONE',  ( 23.40000000000000213, 0.000000000000000000, -16.59999999999998010 ) ) ;
#429 = VECTOR ( 'NONE', #2249, 1000.000000000000000 ) ;
#430 = VERTEX_POINT ( 'NONE', #299 ) ;
#431 = CARTESIAN_POINT ( 'NONE',  ( 46.64644660940683707, -9.000000000000000000, -46.64644660940663101 ) ) ;
#432 = AXIS2_PLACEMENT_3D ( 'NONE', #1493, #2226, #180 ) ;
#433 = VERTEX_POINT ( 'NONE', #2114 ) ;
#434 = LINE ( 'NONE', #419, #1957 ) ;
#435 = EDGE_CURVE ( 'NONE', #1664, #73, #2034, .T. ) ;
#436 = DIRECTION ( 'NONE',  ( 0.000000000000000000, 1.000000000000000000, 0.000000000000000000 ) ) ;
#437 = CARTESIAN_POINT ( 'NONE',  ( -48.50000000000001421, -0.4000000000000001887, 39.75000000000000711 ) ) ;
#438 = CIRCLE ( 'NONE', #1030, 1.700000000000000178 ) ;
#439 = VERTEX_POINT ( 'NONE', #1202 ) ;
#440 = DIRECTION ( 'NONE',  ( -0.6785983445458521057, -0.6785983445458496632, -0.2810846377148016884 ) ) ;
#441 = AXIS2_PLACEMENT_3D ( 'NONE', #540, #1637, #2012 ) ;
#442 = FACE_OUTER_BOUND ( 'NONE', #2013, .T. ) ;
#443 = AXIS2_PLACEMENT_3D ( 'NONE', #1465, #1630, #1241 ) ;
#444 = EDGE_LOOP ( 'NONE', ( #391, #943 ) ) ;
#445 = CALENDAR_DATE ( 2025, 5, 12 ) ;
#446 = FACE_BOUND ( 'NONE', #1361, .T. ) ;
#447 = DIRECTION ( 'NONE',  ( 0.000000000000000000, 0.000000000000000000, -1.000000000000000000 ) ) ;
#448 = VERTEX_POINT ( 'NONE', #2125 ) ;
#449 = DIRECTION ( 'NONE',  ( 0.000000000000000000, 0.000000000000000000, 1.000000000000000000 ) ) ;
#450 = DIRECTION ( 'NONE',  ( -0.000000000000000000, 1.000000000000000000, -0.000000000000000000 ) ) ;
#451 = ADVANCED_FACE ( 'NONE', ( #1050 ), #2165, .T. ) ;
#452 = LINE ( 'NONE', #1990, #172 ) ;
#453 = VERTEX_POINT ( 'NONE', #2294 ) ;
#454 = VERTEX_POINT ( 'NONE', #1613 ) ;
#455 = ORIENTED_EDGE ( 'NONE', *, *, #240, .F. ) ;
#456 = CARTESIAN_POINT ( 'NONE',  ( 23.40000000000000213, -9.000000000000000000, -16.59999999999998010 ) ) ;
#457 = CARTESIAN_POINT ( 'NONE',  ( 54.49999999999999289, 3.000000000000000000, 42.50000000000000711 ) ) ;
#458 = EDGE_LOOP ( 'NONE', ( #2119, #933 ) ) ;
#459 = DIRECTION ( 'NONE',  ( -0.000000000000000000, 1.000000000000000000, -0.000000000000000000 ) ) ;
#460 = DIRECTION ( 'NONE',  ( -0.000000000000000000, 1.000000000000000000, -0.000000000000000000 ) ) ;
#461 = DIRECTION ( 'NONE',  ( 0.000000000000000000, 0.000000000000000000, -1.000000000000000000 ) ) ;
#462 = ADVANCED_FACE ( 'NONE', ( #2325 ), #324, .F. ) ;
#463 = CARTESIAN_POINT ( 'NONE',  ( -51.81206391339019035, -7.746611067966147068, -43.25338893203386448 ) ) ;
#464 = AXIS2_PLACEMENT_3D ( 'NONE', #1428, #1817, #896 ) ;
#465 = ORIENTED_EDGE ( 'NONE', *, *, #1184, .T. ) ;
#466 = VECTOR ( 'NONE', #75, 999.9999999999998863 ) ;
#467 = EDGE_LOOP ( 'NONE', ( #1400, #1606 ) ) ;
#468 = ORIENTED_EDGE ( 'NONE', *, *, #1252, .F. ) ;
#469 = VECTOR ( 'NONE', #1728, 1000.000000000000000 ) ;
#470 = DIRECTION ( 'NONE',  ( 0.000000000000000000, 0.000000000000000000, -1.000000000000000000 ) ) ;
#471 = CIRCLE ( 'NONE', #325, 2.000000000000001776 ) ;
#472 = EDGE_CURVE ( 'NONE', #2280, #433, #215, .T. ) ;
#473 = DIRECTION ( 'NONE',  ( 0.000000000000000000, 0.000000000000000000, 1.000000000000000000 ) ) ;
#474 = ORIENTED_EDGE ( 'NONE', *, *, #565, .T. ) ;
#475 = DIRECTION ( 'NONE',  ( -0.000000000000000000, 1.000000000000000000, -0.000000000000000000 ) ) ;
#476 = ADVANCED_FACE ( 'NONE', ( #1805 ), #1035, .F. ) ;
#477 = DIRECTION ( 'NONE',  ( -0.000000000000000000, 1.000000000000000000, -0.000000000000000000 ) ) ;
#478 = CIRCLE ( 'NONE', #520, 1.700000000000000178 ) ;
#479 = CYLINDRICAL_SURFACE ( 'NONE', #1222, 2.000000000000005329 ) ;
#480 = AXIS2_PLACEMENT_3D ( 'NONE', #1833, #1688, #723 ) ;
#481 = CARTESIAN_POINT ( 'NONE',  ( -35.39999999999999858, 0.000000000000000000, 21.50000000000000355 ) ) ;
#482 = VECTOR ( 'NONE', #772, 1000.000000000000000 ) ;
#483 = ORIENTED_EDGE ( 'NONE', *, *, #545, .T. ) ;
#484 = EDGE_LOOP ( 'NONE', ( #1804, #2025, #349, #1624 ) ) ;
#485 = ORIENTED_EDGE ( 'NONE', *, *, #2090, .T. ) ;
#486 = CARTESIAN_POINT ( 'NONE',  ( 11.40000000000001457, 0.000000000000000000, -23.50000000000000711 ) ) ;
#487 = FACE_OUTER_BOUND ( 'NONE', #1210, .T. ) ;
#488 = ORIENTED_EDGE ( 'NONE', *, *, #1674, .F. ) ;
#489 = DIRECTION ( 'NONE',  ( 0.000000000000000000, 0.000000000000000000, -1.000000000000000000 ) ) ;
#490 = CARTESIAN_POINT ( 'NONE',  ( -35.40000000000000568, 0.000000000000000000, -25.50000000000000355 ) ) ;
#491 = ADVANCED_FACE ( 'NONE', ( #1423 ), #1936, .T. ) ;
#492 = EDGE_CURVE ( 'NONE', #1471, #1942, #1974, .T. ) ;
#493 = ORIENTED_EDGE ( 'NONE', *, *, #900, .F. ) ;
#494 = APPROVAL_STATUS ( 'not_yet_approved' ) ;
#495 = DIRECTION ( 'NONE',  ( 0.000000000000000000, 0.000000000000000000, 1.000000000000000000 ) ) ;
#496 = ORIENTED_EDGE ( 'NONE', *, *, #678, .F. ) ;
#497 = CARTESIAN_POINT ( 'NONE',  ( -35.39999999999999858, -7.000000000000000000, 21.50000000000000355 ) ) ;
#498 = ADVANCED_FACE ( 'NONE', ( #90, #314, #638, #1074, #1777, #2344, #559 ), #379, .F. ) ;
#499 = CARTESIAN_POINT ( 'NONE',  ( -23.40000000000001279, -9.000000000000000000, 16.60000000000001208 ) ) ;
#500 = ORIENTED_EDGE ( 'NONE', *, *, #350, .F. ) ;
#501 = DIRECTION ( 'NONE',  ( -1.000000000000000000, 0.000000000000000000, -0.000000000000000000 ) ) ;
#502 = DIRECTION ( 'NONE',  ( 0.000000000000000000, 0.000000000000000000, 1.000000000000000000 ) ) ;
#503 = EDGE_CURVE ( 'NONE', #238, #1043, #2174, .T. ) ;
#504 = LINE ( 'NONE', #831, #1608 ) ;
#505 = FACE_OUTER_BOUND ( 'NONE', #15, .T. ) ;
#506 = ORIENTED_EDGE ( 'NONE', *, *, #61, .F. ) ;
#507 = ORIENTED_EDGE ( 'NONE', *, *, #423, .F. ) ;
#508 = PLANE ( 'NONE',  #2376 ) ;
#509 = AXIS2_PLACEMENT_3D ( 'NONE', #1354, #2099, #233 ) ;
#510 = ORIENTED_EDGE ( 'NONE', *, *, #854, .T. ) ;
#511 = EDGE_CURVE ( 'NONE', #2396, #2337, #174, .T. ) ;
#512 = ORIENTED_EDGE ( 'NONE', *, *, #1245, .F. ) ;
#513 = CARTESIAN_POINT ( 'NONE',  ( 0.000000000000000000, 0.000000000000000000, 0.000000000000000000 ) ) ;
#514 = VECTOR ( 'NONE', #1743, 1000.000000000000000 ) ;
#515 = CARTESIAN_POINT ( 'NONE',  ( -48.50000000000000711, -9.000000000000001776, -36.50000000000001421 ) ) ;
#516 = ORIENTED_EDGE ( 'NONE', *, *, #1622, .T. ) ;
#517 = DIRECTION ( 'NONE',  ( 0.000000000000000000, 0.000000000000000000, 1.000000000000000000 ) ) ;
#518 = AXIS2_PLACEMENT_3D ( 'NONE', #651, #1410, #1780 ) ;
#519 = DIRECTION ( 'NONE',  ( 0.000000000000000000, 0.000000000000000000, 1.000000000000000000 ) ) ;
#520 = AXIS2_PLACEMENT_3D ( 'NONE', #1155, #1717, #804 ) ;
#521 = AXIS2_PLACEMENT_3D ( 'NONE', #145, #1854, #728 ) ;
#522 = VECTOR ( 'NONE', #2221, 1000.000000000000000 ) ;
#523 = FACE_OUTER_BOUND ( 'NONE', #414, .T. ) ;
#524 = ORIENTED_EDGE ( 'NONE', *, *, #1397, .F. ) ;
#525 = CYLINDRICAL_SURFACE ( 'NONE', #401, 3.249999999999996003 ) ;
#526 = CYLINDRICAL_SURFACE ( 'NONE', #1177, 1.700000000000000178 ) ;
#527 = CARTESIAN_POINT ( 'NONE',  ( 7.299999999999991829, 3.000000000000000000, -27.59999999999999432 ) ) ;
#528 = DIRECTION ( 'NONE',  ( 0.000000000000000000, -1.000000000000000000, 0.000000000000000000 ) ) ;
#529 = EDGE_CURVE ( 'NONE', #776, #1034, #1827, .T. ) ;
#530 = CARTESIAN_POINT ( 'NONE',  ( 48.49999999999999289, -9.000000000000001776, 34.80000000000001137 ) ) ;
#531 = ADVANCED_FACE ( 'NONE', ( #1092 ), #525, .F. ) ;
#532 = DIRECTION ( 'NONE',  ( 0.000000000000000000, 0.000000000000000000, 1.000000000000000000 ) ) ;
#533 = ORIENTED_EDGE ( 'NONE', *, *, #296, .F. ) ;
#534 = ORIENTED_EDGE ( 'NONE', *, *, #722, .T. ) ;
#535 = FACE_OUTER_BOUND ( 'NONE', #1180, .T. ) ;
#536 = CARTESIAN_POINT ( 'NONE',  ( -48.50000000000000711, 3.000000000000000000, -36.50000000000001421 ) ) ;
#537 = CARTESIAN_POINT ( 'NONE',  ( -48.50000000000000711, -9.000000000000001776, -36.50000000000001421 ) ) ;
#538 = LINE ( 'NONE', #218, #702 ) ;
#539 = EDGE_CURVE ( 'NONE', #376, #1601, #3, .T. ) ;
#540 = CARTESIAN_POINT ( 'NONE',  ( -54.50000000000000711, 3.000000000000000000, 42.50000000000000711 ) ) ;
#541 = ADVANCED_FACE ( 'NONE', ( #2354 ), #356, .F. ) ;
#542 = DIRECTION ( 'NONE',  ( -0.000000000000000000, 1.000000000000000000, -0.000000000000000000 ) ) ;
#543 = VERTEX_POINT ( 'NONE', #2363 ) ;
#544 = DIRECTION ( 'NONE',  ( 0.000000000000000000, 0.000000000000000000, 1.000000000000000000 ) ) ;
#545 = EDGE_CURVE ( 'NONE', #1116, #976, #1921, .T. ) ;
#546 = CARTESIAN_POINT ( 'NONE',  ( -11.40000000000000746, -7.000000000000000000, -21.50000000000000000 ) ) ;
#547 = AXIS2_PLACEMENT_3D ( 'NONE', #2008, #1975, #315 ) ;
#548 = VECTOR ( 'NONE', #2010, 1000.000000000000000 ) ;
#549 = LINE ( 'NONE', #705, #2143 ) ;
#550 = EDGE_LOOP ( 'NONE', ( #2164, #2319, #2065, #876 ) ) ;
#551 = DIRECTION ( 'NONE',  ( 0.000000000000000000, 0.000000000000000000, 1.000000000000000000 ) ) ;
#552 = DIRECTION ( 'NONE',  ( -0.000000000000000000, 1.000000000000000000, -0.000000000000000000 ) ) ;
#553 = VECTOR ( 'NONE', #2009, 1000.000000000000000 ) ;
#554 = ADVANCED_FACE ( 'NONE', ( #1277 ), #1644, .F. ) ;
#555 = CIRCLE ( 'NONE', #1079, 1.699999999999993072 ) ;
#556 = CARTESIAN_POINT ( 'NONE',  ( 48.49999999999999289, -0.4000000000000001887, -36.50000000000001421 ) ) ;
#557 = AXIS2_PLACEMENT_3D ( 'NONE', #878, #2342, #1775 ) ;
#558 = ORIENTED_EDGE ( 'NONE', *, *, #9, .T. ) ;
#559 = FACE_OUTER_BOUND ( 'NONE', #150, .T. ) ;
#560 = FACE_OUTER_BOUND ( 'NONE', #1058, .T. ) ;
#561 = ORIENTED_EDGE ( 'NONE', *, *, #969, .T. ) ;
#562 = FACE_OUTER_BOUND ( 'NONE', #1322, .T. ) ;
#563 = FACE_OUTER_BOUND ( 'NONE', #2330, .T. ) ;
#564 = LINE ( 'NONE', #939, #1615 ) ;
#565 = EDGE_CURVE ( 'NONE', #1239, #976, #906, .T. ) ;
#566 = CARTESIAN_POINT ( 'NONE',  ( -54.50000000000000711, 3.000000000000000000, -42.50000000000000711 ) ) ;
#567 = VERTEX_POINT ( 'NONE', #153 ) ;
#568 = CARTESIAN_POINT ( 'NONE',  ( -35.39999999999999858, -7.000000000000000000, 23.50000000000001066 ) ) ;
#569 = ORIENTED_EDGE ( 'NONE', *, *, #2318, .T. ) ;
#570 = DIRECTION ( 'NONE',  ( -0.000000000000000000, 1.000000000000000000, -0.000000000000000000 ) ) ;
#571 = EDGE_CURVE ( 'NONE', #787, #1049, #1271, .T. ) ;
#572 = VERTEX_POINT ( 'NONE', #1085 ) ;
#573 = FACE_BOUND ( 'NONE', #110, .T. ) ;
#574 = CARTESIAN_POINT ( 'NONE',  ( -23.40000000000001279, -9.000000000000000000, 17.60000000000001208 ) ) ;
#575 = CARTESIAN_POINT ( 'NONE',  ( -7.300000000000007816, 3.000000000000000000, 27.60000000000000142 ) ) ;
#576 = DIRECTION ( 'NONE',  ( 0.000000000000000000, 0.000000000000000000, 1.000000000000000000 ) ) ;
#577 = ADVANCED_FACE ( 'NONE', ( #1104 ), #691, .F. ) ;
#578 = FACE_BOUND ( 'NONE', #1456, .T. ) ;
#579 = VERTEX_POINT ( 'NONE', #2186 ) ;
#580 = DIRECTION ( 'NONE',  ( -1.000000000000000000, 0.000000000000000000, 1.077467997501122450E-16 ) ) ;
#581 = DIRECTION ( 'NONE',  ( 0.000000000000000000, -0.000000000000000000, -1.000000000000000000 ) ) ;
#582 = AXIS2_PLACEMENT_3D ( 'NONE', #874, #148, #844 ) ;
#583 = DIRECTION ( 'NONE',  ( -0.000000000000000000, 1.000000000000000000, -0.000000000000000000 ) ) ;
#584 = VECTOR ( 'NONE', #836, 1000.000000000000000 ) ;
#585 = ORIENTED_EDGE ( 'NONE', *, *, #2108, .F. ) ;
#586 = CARTESIAN_POINT ( 'NONE',  ( -39.50000000000000711, 3.000000000000000000, -27.59999999999999432 ) ) ;
#587 = VECTOR ( 'NONE', #823, 1000.000000000000000 ) ;
#588 = CIRCLE ( 'NONE', #1994, 1.700000000000000178 ) ;
#589 = DIRECTION ( 'NONE',  ( 0.000000000000000000, -1.000000000000000000, 0.000000000000000000 ) ) ;
#590 = AXIS2_PLACEMENT_3D ( 'NONE', #1658, #2387, #1479 ) ;
#591 = ORIENTED_EDGE ( 'NONE', *, *, #2395, .T. ) ;
#592 = DIRECTION ( 'NONE',  ( 0.000000000000000000, -1.000000000000000000, 0.000000000000000000 ) ) ;
#593 = AXIS2_PLACEMENT_3D ( 'NONE', #613, #259, #411 ) ;
#594 = ORIENTED_EDGE ( 'NONE', *, *, #1269, .F. ) ;
#595 = LINE ( 'NONE', #1732, #749 ) ;
#596 = VECTOR ( 'NONE', #1008, 1000.000000000000000 ) ;
#597 = DIRECTION ( 'NONE',  ( -0.000000000000000000, 1.000000000000000000, -0.000000000000000000 ) ) ;
#598 = VERTEX_POINT ( 'NONE', #716 ) ;
#599 = EDGE_CURVE ( 'NONE', #309, #1312, #1467, .T. ) ;
#600 = ADVANCED_FACE ( 'NONE', ( #535 ), #922, .T. ) ;
#601 = FACE_OUTER_BOUND ( 'NONE', #1998, .T. ) ;
#602 = ORIENTED_EDGE ( 'NONE', *, *, #143, .T. ) ;
#603 = PLANE ( 'NONE',  #1909 ) ;
#604 = FACE_OUTER_BOUND ( 'NONE', #812, .T. ) ;
#605 = EDGE_LOOP ( 'NONE', ( #2017, #1145, #569, #1935 ) ) ;
#606 = CARTESIAN_POINT ( 'NONE',  ( 52.01636321135582364, -10.98363678864415860, 38.47124395813491304 ) ) ;
#607 = DIRECTION ( 'NONE',  ( -0.000000000000000000, 1.000000000000000000, -0.000000000000000000 ) ) ;
#608 = ORIENTED_EDGE ( 'NONE', *, *, #929, .T. ) ;
#609 = CARTESIAN_POINT ( 'NONE',  ( -11.40000000000000213, 0.000000000000000000, 25.50000000000000711 ) ) ;
#610 = ORIENTED_EDGE ( 'NONE', *, *, #888, .T. ) ;
#611 = EDGE_CURVE ( 'NONE', #2192, #93, #995, .T. ) ;
#612 = VERTEX_POINT ( 'NONE', #1297 ) ;
#613 = CARTESIAN_POINT ( 'NONE',  ( -54.00000000000000711, -9.000000000000000000, 0.000000000000000000 ) ) ;
#614 = DIRECTION ( 'NONE',  ( 0.000000000000000000, -0.000000000000000000, -1.000000000000000000 ) ) ;
#615 = DIRECTION ( 'NONE',  ( 0.000000000000000000, 0.000000000000000000, 1.000000000000000000 ) ) ;
#616 = EDGE_LOOP ( 'NONE', ( #2272, #967 ) ) ;
#617 = DIRECTION ( 'NONE',  ( -0.000000000000000000, 1.000000000000000000, -0.000000000000000000 ) ) ;
#618 = CARTESIAN_POINT ( 'NONE',  ( 54.49999999999999289, 3.000000000000000000, 39.50000000000000711 ) ) ;
#619 = CC_DESIGN_APPROVAL ( #2046, ( #1174 ) ) ;
#620 = EDGE_LOOP ( 'NONE', ( #186, #558, #1475, #2056 ) ) ;
#621 = DIRECTION ( 'NONE',  ( 0.000000000000000000, 0.000000000000000000, 1.000000000000000000 ) ) ;
#622 = AXIS2_PLACEMENT_3D ( 'NONE', #223, #200, #1671 ) ;
#623 = ORIENTED_EDGE ( 'NONE', *, *, #1089, .F. ) ;
#624 = ADVANCED_FACE ( 'NONE', ( #1117 ), #755, .F. ) ;
#625 = LINE ( 'NONE', #2267, #946 ) ;
#626 = CARTESIAN_POINT ( 'NONE',  ( -23.40000000000000924, 0.000000000000000000, -17.59999999999998721 ) ) ;
#627 = AXIS2_PLACEMENT_3D ( 'NONE', #767, #1929, #1881 ) ;
#628 = VERTEX_POINT ( 'NONE', #199 ) ;
#629 = CARTESIAN_POINT ( 'NONE',  ( -46.64644660940660970, -9.000000000000000000, -46.64644660940682286 ) ) ;
#630 = CARTESIAN_POINT ( 'NONE',  ( 35.40000000000000568, 0.000000000000000000, -25.50000000000001421 ) ) ;
#631 = VECTOR ( 'NONE', #2151, 1000.000000000000000 ) ;
#632 = ORIENTED_EDGE ( 'NONE', *, *, #1667, .T. ) ;
#633 = PERSON_AND_ORGANIZATION_ROLE ( 'design_supplier' ) ;
#634 = EDGE_LOOP ( 'NONE', ( #488, #2262, #355, #1691 ) ) ;
#635 = CYLINDRICAL_SURFACE ( 'NONE', #509, 2.000000000000001776 ) ;
#636 = CARTESIAN_POINT ( 'NONE',  ( 48.49999999999999289, 3.000000000000000000, -39.75000000000000711 ) ) ;
#637 = ORIENTED_EDGE ( 'NONE', *, *, #2335, .F. ) ;
#638 = FACE_BOUND ( 'NONE', #2079, .T. ) ;
#639 = ADVANCED_FACE ( 'NONE', ( #1681 ), #207, .F. ) ;
#640 = CARTESIAN_POINT ( 'NONE',  ( 23.40000000000000213, -9.000000000000000000, -17.59999999999998010 ) ) ;
#641 = DIRECTION ( 'NONE',  ( -0.000000000000000000, 1.000000000000000000, -0.000000000000000000 ) ) ;
#642 = DATE_TIME_ROLE ( 'classification_date' ) ;
#643 = ORIENTED_EDGE ( 'NONE', *, *, #1868, .T. ) ;
#644 = ORIENTED_EDGE ( 'NONE', *, *, #319, .F. ) ;
#645 = EDGE_CURVE ( 'NONE', #1435, #612, #1675, .T. ) ;
#646 = DIRECTION ( 'NONE',  ( 0.000000000000000000, 0.000000000000000000, 1.000000000000000000 ) ) ;
#647 = CARTESIAN_POINT ( 'NONE',  ( 23.40000000000000213, 0.000000000000000000, 18.60000000000001918 ) ) ;
#648 = VERTEX_POINT ( 'NONE', #530 ) ;
#649 = LINE ( 'NONE', #629, #1076 ) ;
#650 = LINE ( 'NONE', #2303, #1414 ) ;
#651 = CARTESIAN_POINT ( 'NONE',  ( -23.40000000000001279, 0.000000000000000000, 17.60000000000001208 ) ) ;
#652 = DATE_AND_TIME ( #445, #2176 ) ;
#653 = CARTESIAN_POINT ( 'NONE',  ( -39.50000000000000711, 3.000000000000000000, 27.60000000000000853 ) ) ;
#654 = AXIS2_PLACEMENT_3D ( 'NONE', #431, #1181, #964 ) ;
#655 = AXIS2_PLACEMENT_3D ( 'NONE', #515, #893, #1228 ) ;
#656 = EDGE_LOOP ( 'NONE', ( #637, #387, #766, #1853 ) ) ;
#657 = VERTEX_POINT ( 'NONE', #10 ) ;
#658 = VECTOR ( 'NONE', #1541, 1000.000000000000000 ) ;
#659 = EDGE_LOOP ( 'NONE', ( #258, #1201, #1517, #410 ) ) ;
#660 = CARTESIAN_POINT ( 'NONE',  ( -23.40000000000000924, 0.000000000000000000, -17.59999999999998721 ) ) ;
#661 = EDGE_CURVE ( 'NONE', #27, #1862, #1473, .T. ) ;
#662 = AXIS2_PLACEMENT_3D ( 'NONE', #1964, #2328, #829 ) ;
#663 = EDGE_CURVE ( 'NONE', #2307, #1941, #1281, .T. ) ;
#664 = CARTESIAN_POINT ( 'NONE',  ( 48.49999999999999289, -0.4000000000000001887, 34.80000000000001137 ) ) ;
#665 = ORIENTED_EDGE ( 'NONE', *, *, #1976, .F. ) ;
#666 = DIRECTION ( 'NONE',  ( 0.000000000000000000, 0.000000000000000000, 1.000000000000000000 ) ) ;
#667 = FACE_OUTER_BOUND ( 'NONE', #1506, .T. ) ;
#668 = DIRECTION ( 'NONE',  ( -1.000000000000000000, -0.000000000000000000, 1.077467997501122450E-16 ) ) ;
#669 = CARTESIAN_POINT ( 'NONE',  ( -48.50000000000001421, -9.000000000000001776, 34.80000000000001847 ) ) ;
#670 = VECTOR ( 'NONE', #196, 1000.000000000000000 ) ;
#671 = APPLICATION_PROTOCOL_DEFINITION ( 'international standard', 'config_control_design', 1994, #1618 ) ;
#672 = CARTESIAN_POINT ( 'NONE',  ( -54.50000000000000711, -8.500000000000000000, 39.49999999999996447 ) ) ;
#673 = AXIS2_PLACEMENT_3D ( 'NONE', #1901, #76, #1714 ) ;
#674 = VERTEX_POINT ( 'NONE', #2383 ) ;
#675 = EDGE_CURVE ( 'NONE', #795, #2307, #1421, .T. ) ;
#676 = ORIENTED_EDGE ( 'NONE', *, *, #435, .F. ) ;
#677 = VERTEX_POINT ( 'NONE', #385 ) ;
#678 = EDGE_CURVE ( 'NONE', #598, #453, #1955, .T. ) ;
#679 = DIRECTION ( 'NONE',  ( 0.000000000000000000, 0.000000000000000000, -1.000000000000000000 ) ) ;
#680 = CARTESIAN_POINT ( 'NONE',  ( 35.40000000000000568, -7.000000000000000000, -23.50000000000001421 ) ) ;
#681 = ORIENTED_EDGE ( 'NONE', *, *, #938, .T. ) ;
#682 = DIRECTION ( 'NONE',  ( 0.000000000000000000, 1.000000000000000000, 0.000000000000000000 ) ) ;
#683 = CYLINDRICAL_SURFACE ( 'NONE', #396, 1.999999999999998224 ) ;
#684 = DIRECTION ( 'NONE',  ( 0.000000000000000000, -1.000000000000000000, 0.000000000000000000 ) ) ;
#685 = DIRECTION ( 'NONE',  ( 0.000000000000000000, 0.000000000000000000, 1.000000000000000000 ) ) ;
#686 = VERTEX_POINT ( 'NONE', #2204 ) ;
#687 = ADVANCED_FACE ( 'NONE', ( #915 ), #1464, .F. ) ;
#688 = ORIENTED_EDGE ( 'NONE', *, *, #2224, .F. ) ;
#689 = CARTESIAN_POINT ( 'NONE',  ( -11.40000000000000746, 0.000000000000000000, -23.50000000000000000 ) ) ;
#690 = ORIENTED_EDGE ( 'NONE', *, *, #778, .F. ) ;
#691 = CYLINDRICAL_SURFACE ( 'NONE', #1033, 1.000000000000000888 ) ;
#692 = FACE_OUTER_BOUND ( 'NONE', #634, .T. ) ;
#693 = DIRECTION ( 'NONE',  ( 0.000000000000000000, 1.000000000000000000, 0.000000000000000000 ) ) ;
#694 = LINE ( 'NONE', #1603, #1830 ) ;
#695 = ORIENTED_EDGE ( 'NONE', *, *, #2159, .T. ) ;
#696 = CIRCLE ( 'NONE', #1520, 1.999999999999998224 ) ;
#697 = DIRECTION ( 'NONE',  ( 0.000000000000000000, -0.000000000000000000, -1.000000000000000000 ) ) ;
#698 = VECTOR ( 'NONE', #1285, 1000.000000000000000 ) ;
#699 = EDGE_LOOP ( 'NONE', ( #13, #1441, #201, #1838 ) ) ;
#700 = ORIENTED_EDGE ( 'NONE', *, *, #2075, .F. ) ;
#701 = DIRECTION ( 'NONE',  ( 0.000000000000000000, -0.000000000000000000, -1.000000000000000000 ) ) ;
#702 = VECTOR ( 'NONE', #1287, 1000.000000000000000 ) ;
#703 = FACE_OUTER_BOUND ( 'NONE', #67, .T. ) ;
#704 = EDGE_CURVE ( 'NONE', #572, #1747, #1225, .T. ) ;
#705 = CARTESIAN_POINT ( 'NONE',  ( 48.49999999999999289, 3.000000000000000000, 34.80000000000001137 ) ) ;
#706 = AXIS2_PLACEMENT_3D ( 'NONE', #1078, #684, #1438 ) ;
#707 = DIRECTION ( 'NONE',  ( 0.000000000000000000, -1.000000000000000000, 0.000000000000000000 ) ) ;
#708 = ORIENTED_EDGE ( 'NONE', *, *, #2318, .F. ) ;
#709 = AXIS2_PLACEMENT_3D ( 'NONE', #1243, #1584, #868 ) ;
#710 = DIRECTION ( 'NONE',  ( 0.000000000000000000, -1.000000000000000000, 0.000000000000000000 ) ) ;
#711 = AXIS2_PLACEMENT_3D ( 'NONE', #1363, #1727, #2252 ) ;
#712 = VECTOR ( 'NONE', #1403, 1000.000000000000000 ) ;
#713 = CARTESIAN_POINT ( 'NONE',  ( 48.49999999999999289, -0.4000000000000001887, -38.20000000000000995 ) ) ;
#714 = ORIENTED_EDGE ( 'NONE', *, *, #1927, .F. ) ;
#715 = ORIENTED_EDGE ( 'NONE', *, *, #380, .T. ) ;
#716 = CARTESIAN_POINT ( 'NONE',  ( -48.50000000000000711, -0.4000000000000001887, -39.75000000000000711 ) ) ;
#717 = CARTESIAN_POINT ( 'NONE',  ( -48.50000000000001421, 3.000000000000000000, 36.50000000000001421 ) ) ;
#718 = EDGE_CURVE ( 'NONE', #1005, #272, #1654, .T. ) ;
#719 = DIRECTION ( 'NONE',  ( -0.000000000000000000, 1.000000000000000000, -0.000000000000000000 ) ) ;
#720 = CARTESIAN_POINT ( 'NONE',  ( -11.40000000000000746, -7.000000000000000000, -23.50000000000000000 ) ) ;
#721 = ORIENTED_EDGE ( 'NONE', *, *, #1193, .T. ) ;
#722 = EDGE_CURVE ( 'NONE', #266, #73, #747, .T. ) ;
#723 = DIRECTION ( 'NONE',  ( 0.000000000000000000, 0.000000000000000000, -1.000000000000000000 ) ) ;
#724 = EDGE_CURVE ( 'NONE', #2385, #567, #2338, .T. ) ;
#725 = CARTESIAN_POINT ( 'NONE',  ( -51.49999999999997868, 3.000000000000000000, 42.50000000000000711 ) ) ;
#726 = ORIENTED_EDGE ( 'NONE', *, *, #395, .T. ) ;
#727 = ORIENTED_EDGE ( 'NONE', *, *, #1913, .F. ) ;
#728 = DIRECTION ( 'NONE',  ( 0.000000000000000000, 0.000000000000000000, 1.000000000000000000 ) ) ;
#729 = DIRECTION ( 'NONE',  ( 0.000000000000000000, 0.000000000000000000, 1.000000000000000000 ) ) ;
#730 = CARTESIAN_POINT ( 'NONE',  ( 11.40000000000001457, -7.000000000000000000, -23.50000000000000711 ) ) ;
#731 = VERTEX_POINT ( 'NONE', #1499 ) ;
#732 = PLANE ( 'NONE',  #1453 ) ;
#733 = DIRECTION ( 'NONE',  ( 0.000000000000000000, 0.000000000000000000, 1.000000000000000000 ) ) ;
#734 = EDGE_LOOP ( 'NONE', ( #2235, #66 ) ) ;
#735 = CARTESIAN_POINT ( 'NONE',  ( 48.49999999999999289, -9.000000000000001776, -36.50000000000001421 ) ) ;
#736 = CIRCLE ( 'NONE', #1367, 2.000000000000001776 ) ;
#737 = ORIENTED_EDGE ( 'NONE', *, *, #72, .T. ) ;
#738 = DIRECTION ( 'NONE',  ( 0.000000000000000000, 0.000000000000000000, 1.000000000000000000 ) ) ;
#739 = APPLICATION_CONTEXT ( 'configuration controlled 3d designs of mechanical parts and assemblies' ) ;
#740 = CARTESIAN_POINT ( 'NONE',  ( 54.49999999999999289, 3.000000000000000000, 42.50000000000000711 ) ) ;
#741 = ORIENTED_EDGE ( 'NONE', *, *, #545, .F. ) ;
#742 = CIRCLE ( 'NONE', #547, 2.000000000000001776 ) ;
#743 = ADVANCED_FACE ( 'NONE', ( #1850 ), #187, .F. ) ;
#744 = AXIS2_PLACEMENT_3D ( 'NONE', #373, #1314, #1508 ) ;
#745 = DIRECTION ( 'NONE',  ( -0.000000000000000000, 1.000000000000000000, -0.000000000000000000 ) ) ;
#746 = LINE ( 'NONE', #185, #548 ) ;
#747 = LINE ( 'NONE', #2026, #670 ) ;
#748 = DIRECTION ( 'NONE',  ( 0.000000000000000000, 0.000000000000000000, -1.000000000000000000 ) ) ;
#749 = VECTOR ( 'NONE', #1143, 1000.000000000000000 ) ;
#750 = VECTOR ( 'NONE', #1289, 1000.000000000000000 ) ;
#751 = DIRECTION ( 'NONE',  ( 1.000000000000000000, 0.000000000000000000, 0.000000000000000000 ) ) ;
#752 = VECTOR ( 'NONE', #1433, 1000.000000000000000 ) ;
#753 = VERTEX_POINT ( 'NONE', #575 ) ;
#754 = EDGE_CURVE ( 'NONE', #93, #2192, #555, .T. ) ;
#755 = CYLINDRICAL_SURFACE ( 'NONE', #1647, 3.249999999999996003 ) ;
#756 = FACE_OUTER_BOUND ( 'NONE', #2094, .T. ) ;
#757 = ORIENTED_EDGE ( 'NONE', *, *, #1910, .T. ) ;
#758 = DIRECTION ( 'NONE',  ( -0.000000000000000000, 1.000000000000000000, -0.000000000000000000 ) ) ;
#759 = FACE_OUTER_BOUND ( 'NONE', #1631, .T. ) ;
#760 = DIRECTION ( 'NONE',  ( 0.000000000000000000, 0.000000000000000000, 1.000000000000000000 ) ) ;
#761 = CARTESIAN_POINT ( 'NONE',  ( 23.40000000000000213, 0.000000000000000000, 17.60000000000001918 ) ) ;
#762 = EDGE_CURVE ( 'NONE', #1024, #1993, #19, .T. ) ;
#763 = CARTESIAN_POINT ( 'NONE',  ( 23.40000000000000213, 0.000000000000000000, -18.59999999999998010 ) ) ;
#764 = ORIENTED_EDGE ( 'NONE', *, *, #472, .T. ) ;
#765 = DIRECTION ( 'NONE',  ( -0.000000000000000000, 1.000000000000000000, -0.000000000000000000 ) ) ;
#766 = ORIENTED_EDGE ( 'NONE', *, *, #1452, .T. ) ;
#767 = CARTESIAN_POINT ( 'NONE',  ( 11.40000000000001457, 0.000000000000000000, -23.50000000000000711 ) ) ;
#768 = CARTESIAN_POINT ( 'NONE',  ( -46.50513327847309597, -16.49486672152688271, -36.18841777457826936 ) ) ;
#769 = VERTEX_POINT ( 'NONE', #375 ) ;
#770 = FACE_OUTER_BOUND ( 'NONE', #1408, .T. ) ;
#771 = AXIS2_PLACEMENT_3D ( 'NONE', #261, #1740, #1934 ) ;
#772 = DIRECTION ( 'NONE',  ( 0.000000000000000000, -1.000000000000000000, 0.000000000000000000 ) ) ;
#773 = VERTEX_POINT ( 'NONE', #1124 ) ;
#774 = CARTESIAN_POINT ( 'NONE',  ( 23.40000000000000213, -9.000000000000000000, 17.60000000000001918 ) ) ;
#775 = AXIS2_PLACEMENT_3D ( 'NONE', #857, #306, #495 ) ;
#776 = VERTEX_POINT ( 'NONE', #1859 ) ;
#777 = CYLINDRICAL_SURFACE ( 'NONE', #993, 2.000000000000001776 ) ;
#778 = EDGE_CURVE ( 'NONE', #272, #826, #564, .T. ) ;
#779 = VECTOR ( 'NONE', #154, 1000.000000000000000 ) ;
#780 = CARTESIAN_POINT ( 'NONE',  ( 23.40000000000000213, -9.000000000000000000, 17.60000000000001918 ) ) ;
#781 = ADVANCED_FACE ( 'NONE', ( #1315 ), #397, .F. ) ;
#782 = CIRCLE ( 'NONE', #170, 3.249999999999996003 ) ;
#783 = ORIENTED_EDGE ( 'NONE', *, *, #1919, .F. ) ;
#784 = AXIS2_PLACEMENT_3D ( 'NONE', #780, #583, #1167 ) ;
#785 = CIRCLE ( 'NONE', #518, 1.000000000000000888 ) ;
#786 = PLANE ( 'NONE',  #95 ) ;
#787 = VERTEX_POINT ( 'NONE', #1995 ) ;
#788 = PLANE ( 'NONE',  #1874 ) ;
#789 = CIRCLE ( 'NONE', #1690, 2.000000000000001776 ) ;
#790 = CYLINDRICAL_SURFACE ( 'NONE', #1653, 1.000000000000000888 ) ;
#791 = ORIENTED_EDGE ( 'NONE', *, *, #1897, .F. ) ;
#792 = FACE_OUTER_BOUND ( 'NONE', #734, .T. ) ;
#793 = CARTESIAN_POINT ( 'NONE',  ( 48.49999999999999289, 3.000000000000000000, 36.50000000000001421 ) ) ;
#794 = ADVANCED_FACE ( 'NONE', ( #1802 ), #902, .F. ) ;
#795 = VERTEX_POINT ( 'NONE', #499 ) ;
#796 = DIRECTION ( 'NONE',  ( 0.000000000000000000, 0.000000000000000000, -1.000000000000000000 ) ) ;
#797 = ORIENTED_EDGE ( 'NONE', *, *, #1182, .F. ) ;
#798 = ORIENTED_EDGE ( 'NONE', *, *, #1761, .F. ) ;
#799 = FACE_OUTER_BOUND ( 'NONE', #2382, .T. ) ;
#800 = ADVANCED_FACE ( 'NONE', ( #523 ), #1224, .F. ) ;
#801 = FACE_OUTER_BOUND ( 'NONE', #484, .T. ) ;
#802 = CARTESIAN_POINT ( 'NONE',  ( -35.39999999999999858, -7.000000000000000000, 23.50000000000001066 ) ) ;
#803 = ORIENTED_EDGE ( 'NONE', *, *, #675, .F. ) ;
#804 = DIRECTION ( 'NONE',  ( 0.000000000000000000, 0.000000000000000000, 1.000000000000000000 ) ) ;
#805 = DIRECTION ( 'NONE',  ( 0.000000000000000000, 0.000000000000000000, 1.000000000000000000 ) ) ;
#806 = ORIENTED_EDGE ( 'NONE', *, *, #2397, .F. ) ;
#807 = PERSON_AND_ORGANIZATION ( #949, #2132 ) ;
#808 = EDGE_CURVE ( 'NONE', #1490, #1358, #1253, .T. ) ;
#809 = ORIENTED_EDGE ( 'NONE', *, *, #1217, .T. ) ;
#810 = CARTESIAN_POINT ( 'NONE',  ( 11.40000000000002345, 0.000000000000000000, 21.50000000000001066 ) ) ;
#811 = CARTESIAN_POINT ( 'NONE',  ( -35.40000000000000568, 0.000000000000000000, -23.50000000000000000 ) ) ;
#812 = EDGE_LOOP ( 'NONE', ( #1716, #973, #806, #1878 ) ) ;
#813 = DIRECTION ( 'NONE',  ( 0.000000000000000000, -1.000000000000000000, 0.000000000000000000 ) ) ;
#814 = CARTESIAN_POINT ( 'NONE',  ( 35.40000000000000568, -7.000000000000000000, -23.50000000000001421 ) ) ;
#815 = SECURITY_CLASSIFICATION ( '', '', #1939 ) ;
#816 = ORIENTED_EDGE ( 'NONE', *, *, #2360, .F. ) ;
#817 = SHAPE_DEFINITION_REPRESENTATION ( #1497, #2122 ) ;
#818 = VECTOR ( 'NONE', #2175, 1000.000000000000000 ) ;
#819 = AXIS2_PLACEMENT_3D ( 'NONE', #814, #477, #1753 ) ;
#820 = ORIENTED_EDGE ( 'NONE', *, *, #1586, .F. ) ;
#821 = EDGE_CURVE ( 'NONE', #2145, #389, #1081, .T. ) ;
#822 = AXIS2_PLACEMENT_3D ( 'NONE', #2212, #1313, #1087 ) ;
#823 = DIRECTION ( 'NONE',  ( -0.000000000000000000, 1.000000000000000000, -0.000000000000000000 ) ) ;
#824 = CARTESIAN_POINT ( 'NONE',  ( -39.50000000000000711, 3.000000000000000000, 27.60000000000000853 ) ) ;
#825 = AXIS2_PLACEMENT_3D ( 'NONE', #2208, #369, #544 ) ;
#826 = VERTEX_POINT ( 'NONE', #849 ) ;
#827 = CARTESIAN_POINT ( 'NONE',  ( -35.40000000000000568, 0.000000000000000000, -21.50000000000000000 ) ) ;
#828 = AXIS2_PLACEMENT_3D ( 'NONE', #1436, #1064, #489 ) ;
#829 = DIRECTION ( 'NONE',  ( 0.000000000000000000, 0.000000000000000000, 1.000000000000000000 ) ) ;
#830 = AXIS2_PLACEMENT_3D ( 'NONE', #1125, #1861, #751 ) ;
#831 = CARTESIAN_POINT ( 'NONE',  ( -11.40000000000000213, -7.000000000000000000, 21.50000000000001066 ) ) ;
#832 = CARTESIAN_POINT ( 'NONE',  ( 0.000000000000000000, 0.000000000000000000, 0.000000000000000000 ) ) ;
#833 = ADVANCED_FACE ( 'NONE', ( #1274, #487 ), #1640, .F. ) ;
#834 = ORIENTED_EDGE ( 'NONE', *, *, #1094, .T. ) ;
#835 = ORIENTED_EDGE ( 'NONE', *, *, #2115, .T. ) ;
#836 = DIRECTION ( 'NONE',  ( -0.000000000000000000, 1.000000000000000000, -0.000000000000000000 ) ) ;
#837 = LINE ( 'NONE', #247, #1726 ) ;
#838 = VERTEX_POINT ( 'NONE', #2005 ) ;
#839 = DIRECTION ( 'NONE',  ( 0.7071067811865491270, 0.000000000000000000, -0.7071067811865459074 ) ) ;
#840 = DIRECTION ( 'NONE',  ( -0.000000000000000000, 1.000000000000000000, -0.000000000000000000 ) ) ;
#841 = ORIENTED_EDGE ( 'NONE', *, *, #2372, .T. ) ;
#842 = ORIENTED_EDGE ( 'NONE', *, *, #503, .F. ) ;
#843 = CALENDAR_DATE ( 2025, 5, 12 ) ;
#844 = DIRECTION ( 'NONE',  ( 0.7071067811865459074, 0.000000000000000000, 0.7071067811865491270 ) ) ;
#845 = ORIENTED_EDGE ( 'NONE', *, *, #661, .F. ) ;
#846 = ORIENTED_EDGE ( 'NONE', *, *, #365, .F. ) ;
#847 = ORIENTED_EDGE ( 'NONE', *, *, #37, .F. ) ;
#848 = CARTESIAN_POINT ( 'NONE',  ( 11.40000000000002345, -7.000000000000000000, 23.50000000000001066 ) ) ;
#849 = CARTESIAN_POINT ( 'NONE',  ( -51.49999999999999289, 3.000000000000000000, -42.50000000000000711 ) ) ;
#850 = ORIENTED_EDGE ( 'NONE', *, *, #1984, .F. ) ;
#851 = FACE_OUTER_BOUND ( 'NONE', #1353, .T. ) ;
#852 = CARTESIAN_POINT ( 'NONE',  ( 48.49999999999999289, -9.000000000000001776, -38.20000000000000995 ) ) ;
#853 = DIRECTION ( 'NONE',  ( 0.000000000000000000, 0.000000000000000000, 1.000000000000000000 ) ) ;
#854 = EDGE_CURVE ( 'NONE', #1490, #1744, #1570, .T. ) ;
#855 = CARTESIAN_POINT ( 'NONE',  ( 23.40000000000000213, -9.000000000000000000, 16.60000000000001918 ) ) ;
#856 = COORDINATED_UNIVERSAL_TIME_OFFSET ( 0, 0, .AHEAD. ) ;
#857 = CARTESIAN_POINT ( 'NONE',  ( -35.40000000000000568, -7.000000000000000000, -23.50000000000000000 ) ) ;
#858 = EDGE_CURVE ( 'NONE', #1422, #612, #1189, .T. ) ;
#859 = LOCAL_TIME ( 11, 55, 41.00000000000000000, #856 ) ;
#860 = ORIENTED_EDGE ( 'NONE', *, *, #951, .T. ) ;
#861 = AXIS2_PLACEMENT_3D ( 'NONE', #1199, #1933, #270 ) ;
#862 = ORIENTED_EDGE ( 'NONE', *, *, #395, .F. ) ;
#863 = VERTEX_POINT ( 'NONE', #713 ) ;
#864 = AXIS2_PLACEMENT_3D ( 'NONE', #962, #195, #937 ) ;
#865 = DIRECTION ( 'NONE',  ( 0.000000000000000000, 0.000000000000000000, -1.000000000000000000 ) ) ;
#866 = DIRECTION ( 'NONE',  ( 0.000000000000000000, 0.000000000000000000, 1.000000000000000000 ) ) ;
#867 = VERTEX_POINT ( 'NONE', #297 ) ;
#868 = DIRECTION ( 'NONE',  ( 0.000000000000000000, 0.000000000000000000, 1.000000000000000000 ) ) ;
#869 = DIRECTION ( 'NONE',  ( 0.000000000000000000, 0.000000000000000000, 1.000000000000000000 ) ) ;
#870 = VECTOR ( 'NONE', #249, 1000.000000000000000 ) ;
#871 = DIRECTION ( 'NONE',  ( -0.000000000000000000, 1.000000000000000000, -0.000000000000000000 ) ) ;
#872 = AXIS2_PLACEMENT_3D ( 'NONE', #1392, #682, #1384 ) ;
#873 = ADVANCED_FACE ( 'NONE', ( #889 ), #1960, .T. ) ;
#874 = CARTESIAN_POINT ( 'NONE',  ( -46.64644660940682996, -9.000000000000000000, 46.64644660940661680 ) ) ;
#875 = VECTOR ( 'NONE', #1454, 1000.000000000000000 ) ;
#876 = ORIENTED_EDGE ( 'NONE', *, *, #2148, .F. ) ;
#877 = ORIENTED_EDGE ( 'NONE', *, *, #611, .F. ) ;
#878 = CARTESIAN_POINT ( 'NONE',  ( 50.19999999999999574, -0.4000000000000001887, -36.50000000000001421 ) ) ;
#879 = ORIENTED_EDGE ( 'NONE', *, *, #35, .T. ) ;
#880 = ORIENTED_EDGE ( 'NONE', *, *, #435, .T. ) ;
#881 = DIRECTION ( 'NONE',  ( 1.000000000000000000, 0.000000000000000000, 0.000000000000000000 ) ) ;
#882 = DIRECTION ( 'NONE',  ( 0.000000000000000000, 1.000000000000000000, 0.000000000000000000 ) ) ;
#883 = FACE_OUTER_BOUND ( 'NONE', #1207, .T. ) ;
#884 = DESIGN_CONTEXT ( 'detailed design', #1618, 'design' ) ;
#885 = FACE_OUTER_BOUND ( 'NONE', #1973, .T. ) ;
#886 = EDGE_CURVE ( 'NONE', #1993, #1024, #1807, .T. ) ;
#887 = ORIENTED_EDGE ( 'NONE', *, *, #1660, .T. ) ;
#888 = EDGE_CURVE ( 'NONE', #2161, #1471, #789, .T. ) ;
#889 = FACE_OUTER_BOUND ( 'NONE', #1669, .T. ) ;
#890 = ORIENTED_EDGE ( 'NONE', *, *, #1610, .T. ) ;
#891 = VERTEX_POINT ( 'NONE', #664 ) ;
#892 = CARTESIAN_POINT ( 'NONE',  ( -48.50000000000001421, 3.000000000000000000, 36.50000000000001421 ) ) ;
#893 = DIRECTION ( 'NONE',  ( -0.000000000000000000, 1.000000000000000000, -0.000000000000000000 ) ) ;
#894 = ORIENTED_EDGE ( 'NONE', *, *, #1582, .T. ) ;
#895 = DIRECTION ( 'NONE',  ( 0.000000000000000000, -0.000000000000000000, -1.000000000000000000 ) ) ;
#896 = DIRECTION ( 'NONE',  ( -1.000000000000000000, 0.000000000000000000, 2.154935995002244899E-16 ) ) ;
#897 = DIRECTION ( 'NONE',  ( 0.000000000000000000, 0.000000000000000000, 1.000000000000000000 ) ) ;
#898 = ORIENTED_EDGE ( 'NONE', *, *, #365, .T. ) ;
#899 = AXIS2_PLACEMENT_3D ( 'NONE', #1870, #1327, #1895 ) ;
#900 = EDGE_CURVE ( 'NONE', #1783, #769, #1420, .T. ) ;
#901 = EDGE_CURVE ( 'NONE', #448, #309, #312, .T. ) ;
#902 = CYLINDRICAL_SURFACE ( 'NONE', #141, 1.700000000000000178 ) ;
#903 = AXIS2_PLACEMENT_3D ( 'NONE', #2055, #1695, #28 ) ;
#904 = ORIENTED_EDGE ( 'NONE', *, *, #2265, .F. ) ;
#905 = VERTEX_POINT ( 'NONE', #1061 ) ;
#906 = LINE ( 'NONE', #1284, #1187 ) ;
#907 = ADVANCED_FACE ( 'NONE', ( #1790 ), #508, .F. ) ;
#908 = CIRCLE ( 'NONE', #1679, 1.999999999999998224 ) ;
#909 = CARTESIAN_POINT ( 'NONE',  ( 7.299999999999991829, 0.000000000000000000, 27.60000000000000142 ) ) ;
#910 = DIRECTION ( 'NONE',  ( -0.000000000000000000, 1.000000000000000000, -0.000000000000000000 ) ) ;
#911 = VECTOR ( 'NONE', #1279, 1000.000000000000000 ) ;
#912 = CARTESIAN_POINT ( 'NONE',  ( 35.40000000000002700, -7.000000000000000000, 23.50000000000001066 ) ) ;
#913 = EDGE_CURVE ( 'NONE', #1536, #1760, #128, .T. ) ;
#914 = AXIS2_PLACEMENT_3D ( 'NONE', #952, #552, #897 ) ;
#915 = FACE_OUTER_BOUND ( 'NONE', #1607, .T. ) ;
#916 = ADVANCED_FACE ( 'NONE', ( #1623 ), #2352, .F. ) ;
#917 = AXIS2_PLACEMENT_3D ( 'NONE', #151, #341, #2375 ) ;
#918 = EDGE_LOOP ( 'NONE', ( #610, #1655 ) ) ;
#919 = DIRECTION ( 'NONE',  ( 0.000000000000000000, 0.000000000000000000, 1.000000000000000000 ) ) ;
#920 = ORIENTED_EDGE ( 'NONE', *, *, #940, .T. ) ;
#921 = ORIENTED_EDGE ( 'NONE', *, *, #1130, .F. ) ;
#922 = PLANE ( 'NONE',  #590 ) ;
#923 = FACE_OUTER_BOUND ( 'NONE', #550, .T. ) ;
#924 = DIRECTION ( 'NONE',  ( -0.000000000000000000, 1.000000000000000000, -0.000000000000000000 ) ) ;
#925 = VERTEX_POINT ( 'NONE', #352 ) ;
#926 = DIRECTION ( 'NONE',  ( -0.000000000000000000, 1.000000000000000000, -0.000000000000000000 ) ) ;
#927 = ORIENTED_EDGE ( 'NONE', *, *, #61, .T. ) ;
#928 = CARTESIAN_POINT ( 'NONE',  ( 48.49999999999999289, 3.000000000000000000, -36.50000000000001421 ) ) ;
#929 = EDGE_CURVE ( 'NONE', #674, #1040, #932, .T. ) ;
#930 = EDGE_CURVE ( 'NONE', #2197, #454, #965, .T. ) ;
#931 = MANIFOLD_SOLID_BREP ( 'CBORE for M3 Hex Socket Head Cap Screw1', #2256 ) ;
#932 = LINE ( 'NONE', #210, #1425 ) ;
#933 = ORIENTED_EDGE ( 'NONE', *, *, #2039, .F. ) ;
#934 = DIRECTION ( 'NONE',  ( 1.000000000000000000, 0.000000000000000000, -1.077467997501122450E-16 ) ) ;
#935 = CYLINDRICAL_SURFACE ( 'NONE', #622, 1.999999999999998224 ) ;
#936 = FACE_OUTER_BOUND ( 'NONE', #1162, .T. ) ;
#937 = DIRECTION ( 'NONE',  ( 0.000000000000000000, 0.000000000000000000, 1.000000000000000000 ) ) ;
#938 = EDGE_CURVE ( 'NONE', #905, #2396, #1318, .T. ) ;
#939 = CARTESIAN_POINT ( 'NONE',  ( -51.49999999999999289, 3.000000000000000000, -42.50000000000000711 ) ) ;
#940 = EDGE_CURVE ( 'NONE', #1545, #1786, #1273, .T. ) ;
#941 = DIRECTION ( 'NONE',  ( -0.000000000000000000, 1.000000000000000000, -0.000000000000000000 ) ) ;
#942 = LOCAL_TIME ( 11, 55, 41.00000000000000000, #1602 ) ;
#943 = ORIENTED_EDGE ( 'NONE', *, *, #821, .T. ) ;
#944 = DIRECTION ( 'NONE',  ( -0.000000000000000000, 1.000000000000000000, -0.000000000000000000 ) ) ;
#945 = FACE_BOUND ( 'NONE', #954, .T. ) ;
#946 = VECTOR ( 'NONE', #436, 1000.000000000000000 ) ;
#947 = VECTOR ( 'NONE', #1194, 1000.000000000000000 ) ;
#948 = LINE ( 'NONE', #1131, #1455 ) ;
#949 = PERSON ( 'UNSPECIFIED', 'UNSPECIFIED', 'UNSPECIFIED', ('UNSPECIFIED'), ('UNSPECIFIED'), ('UNSPECIFIED') ) ;
#950 = DIRECTION ( 'NONE',  ( 0.000000000000000000, -1.000000000000000000, 0.000000000000000000 ) ) ;
#951 = EDGE_CURVE ( 'NONE', #1040, #1605, #1656, .T. ) ;
#952 = CARTESIAN_POINT ( 'NONE',  ( -48.50000000000000711, -0.4000000000000001887, -36.50000000000001421 ) ) ;
#953 = AXIS2_PLACEMENT_3D ( 'NONE', #2178, #2035, #2389 ) ;
#954 = EDGE_LOOP ( 'NONE', ( #524, #1931 ) ) ;
#955 = AXIS2_PLACEMENT_3D ( 'NONE', #513, #1670, #701 ) ;
#956 = DIRECTION ( 'NONE',  ( -0.000000000000000000, 1.000000000000000000, -0.000000000000000000 ) ) ;
#957 = VECTOR ( 'NONE', #1852, 1000.000000000000000 ) ;
#958 = ORIENTED_EDGE ( 'NONE', *, *, #1622, .F. ) ;
#959 = FACE_OUTER_BOUND ( 'NONE', #1398, .T. ) ;
#960 = ORIENTED_EDGE ( 'NONE', *, *, #220, .F. ) ;
#961 = DIRECTION ( 'NONE',  ( -0.000000000000000000, 1.000000000000000000, -0.000000000000000000 ) ) ;
#962 = CARTESIAN_POINT ( 'NONE',  ( 48.49999999999999289, -9.000000000000001776, -36.50000000000001421 ) ) ;
#963 = ORIENTED_EDGE ( 'NONE', *, *, #1089, .T. ) ;
#964 = DIRECTION ( 'NONE',  ( -0.7071067811865459074, 0.000000000000000000, -0.7071067811865491270 ) ) ;
#965 = LINE ( 'NONE', #14, #2001 ) ;
#966 = CC_DESIGN_PERSON_AND_ORGANIZATION_ASSIGNMENT ( #1781, #2316, ( #1174 ) ) ;
#967 = ORIENTED_EDGE ( 'NONE', *, *, #1111, .T. ) ;
#968 = CARTESIAN_POINT ( 'NONE',  ( -54.00000000000000711, -9.000000000000000000, -39.29289321881346098 ) ) ;
#969 = EDGE_CURVE ( 'NONE', #1435, #628, #2297, .T. ) ;
#970 = ORIENTED_EDGE ( 'NONE', *, *, #981, .F. ) ;
#971 = DIRECTION ( 'NONE',  ( 0.000000000000000000, -1.000000000000000000, 0.000000000000000000 ) ) ;
#972 = LINE ( 'NONE', #1719, #2290 ) ;
#973 = ORIENTED_EDGE ( 'NONE', *, *, #1340, .T. ) ;
#974 = CARTESIAN_POINT ( 'NONE',  ( -48.50000000000000711, 3.000000000000000000, -33.25000000000001421 ) ) ;
#975 = PLANE ( 'NONE',  #593 ) ;
#976 = VERTEX_POINT ( 'NONE', #1115 ) ;
#977 = EDGE_CURVE ( 'NONE', #1872, #838, #2109, .T. ) ;
#978 = DIRECTION ( 'NONE',  ( 0.000000000000000000, 0.000000000000000000, -1.000000000000000000 ) ) ;
#979 = FACE_OUTER_BOUND ( 'NONE', #336, .T. ) ;
#980 = VECTOR ( 'NONE', #1967, 1000.000000000000000 ) ;
#981 = EDGE_CURVE ( 'NONE', #891, #1000, #21, .T. ) ;
#982 = ORIENTED_EDGE ( 'NONE', *, *, #1692, .T. ) ;
#983 = PLANE ( 'NONE',  #1722 ) ;
#984 = VECTOR ( 'NONE', #765, 1000.000000000000000 ) ;
#985 = LINE ( 'NONE', #227, #1713 ) ;
#986 = AXIS2_PLACEMENT_3D ( 'NONE', #793, #607, #1360 ) ;
#987 = ORIENTED_EDGE ( 'NONE', *, *, #1842, .F. ) ;
#988 = DIRECTION ( 'NONE',  ( 1.077467997501122450E-16, -0.000000000000000000, 1.000000000000000000 ) ) ;
#989 = CIRCLE ( 'NONE', #245, 3.249999999999996003 ) ;
#990 = EDGE_CURVE ( 'NONE', #867, #1783, #1668, .T. ) ;
#991 = ORIENTED_EDGE ( 'NONE', *, *, #754, .F. ) ;
#992 = EDGE_LOOP ( 'NONE', ( #147, #34, #1288, #1961 ) ) ;
#993 = AXIS2_PLACEMENT_3D ( 'NONE', #1528, #961, #2102 ) ;
#994 = DIRECTION ( 'NONE',  ( -0.000000000000000000, 1.000000000000000000, -0.000000000000000000 ) ) ;
#995 = CIRCLE ( 'NONE', #825, 1.699999999999993072 ) ;
#996 = CARTESIAN_POINT ( 'NONE',  ( -23.40000000000000924, 0.000000000000000000, -16.59999999999998721 ) ) ;
#997 = VECTOR ( 'NONE', #283, 1000.000000000000000 ) ;
#998 = LINE ( 'NONE', #2123, #596 ) ;
#999 = ADVANCED_FACE ( 'NONE', ( #2234 ), #1294, .F. ) ;
#1000 = VERTEX_POINT ( 'NONE', #1488 ) ;
#1001 = CARTESIAN_POINT ( 'NONE',  ( 35.40000000000002700, -7.000000000000000000, 25.50000000000001421 ) ) ;
#1002 = DIRECTION ( 'NONE',  ( 0.000000000000000000, 1.000000000000000000, 0.000000000000000000 ) ) ;
#1003 = EDGE_LOOP ( 'NONE', ( #1643, #757, #2160, #1905, #320, #721, #2147, #2324 ) ) ;
#1004 = COORDINATED_UNIVERSAL_TIME_OFFSET ( 0, 0, .AHEAD. ) ;
#1005 = VERTEX_POINT ( 'NONE', #2029 ) ;
#1006 = EDGE_CURVE ( 'NONE', #1009, #1337, #334, .T. ) ;
#1007 = LINE ( 'NONE', #2078, #466 ) ;
#1008 = DIRECTION ( 'NONE',  ( 0.000000000000000000, 0.000000000000000000, -1.000000000000000000 ) ) ;
#1009 = VERTEX_POINT ( 'NONE', #377 ) ;
#1010 = FACE_BOUND ( 'NONE', #219, .T. ) ;
#1011 = CARTESIAN_POINT ( 'NONE',  ( -23.40000000000000924, -9.000000000000000000, -17.59999999999998721 ) ) ;
#1012 = ORIENTED_EDGE ( 'NONE', *, *, #1006, .T. ) ;
#1013 = PERSON_AND_ORGANIZATION_ROLE ( 'classification_officer' ) ;
#1014 = ADVANCED_FACE ( 'NONE', ( #1136 ), #1837, .T. ) ;
#1015 = ORIENTED_EDGE ( 'NONE', *, *, #724, .F. ) ;
#1016 = EDGE_CURVE ( 'NONE', #1238, #648, #2188, .T. ) ;
#1017 = LINE ( 'NONE', #1748, #587 ) ;
#1018 = PLANE ( 'NONE',  #2216 ) ;
#1019 = ORIENTED_EDGE ( 'NONE', *, *, #26, .F. ) ;
#1020 = CARTESIAN_POINT ( 'NONE',  ( 48.49999999999999289, 3.000000000000000000, -36.50000000000001421 ) ) ;
#1021 = EDGE_CURVE ( 'NONE', #2369, #238, #1875, .T. ) ;
#1022 = LINE ( 'NONE', #768, #1333 ) ;
#1023 = CIRCLE ( 'NONE', #2023, 1.000000000000000888 ) ;
#1024 = VERTEX_POINT ( 'NONE', #763 ) ;
#1025 = PERSON_AND_ORGANIZATION_ROLE ( 'creator' ) ;
#1026 = AXIS2_PLACEMENT_3D ( 'NONE', #740, #1106, #729 ) ;
#1027 = VECTOR ( 'NONE', #1848, 1000.000000000000000 ) ;
#1028 = EDGE_LOOP ( 'NONE', ( #2091, #222, #302, #1825 ) ) ;
#1029 = EDGE_LOOP ( 'NONE', ( #1019, #2349, #2173, #987 ) ) ;
#1030 = AXIS2_PLACEMENT_3D ( 'NONE', #537, #758, #517 ) ;
#1031 = CARTESIAN_POINT ( 'NONE',  ( -23.40000000000001279, -9.000000000000000000, 17.60000000000001208 ) ) ;
#1032 = PLANE ( 'NONE',  #673 ) ;
#1033 = AXIS2_PLACEMENT_3D ( 'NONE', #179, #2044, #1446 ) ;
#1034 = VERTEX_POINT ( 'NONE', #1693 ) ;
#1035 = CYLINDRICAL_SURFACE ( 'NONE', #332, 3.249999999999996003 ) ;
#1036 = AXIS2_PLACEMENT_3D ( 'NONE', #689, #1090, #159 ) ;
#1037 = CARTESIAN_POINT ( 'NONE',  ( -48.50000000000000711, 3.000000000000000000, -33.25000000000001421 ) ) ;
#1038 = AXIS2_PLACEMENT_3D ( 'NONE', #811, #2089, #615 ) ;
#1039 = ORIENTED_EDGE ( 'NONE', *, *, #2292, .T. ) ;
#1040 = VERTEX_POINT ( 'NONE', #25 ) ;
#1041 = CARTESIAN_POINT ( 'NONE',  ( 51.49999999999999289, -8.500000000000000000, -42.50000000000000711 ) ) ;
#1042 = ORIENTED_EDGE ( 'NONE', *, *, #1761, .T. ) ;
#1043 = VERTEX_POINT ( 'NONE', #1511 ) ;
#1044 = ORIENTED_EDGE ( 'NONE', *, *, #420, .F. ) ;
#1045 = EDGE_LOOP ( 'NONE', ( #2127, #465, #483, #1383 ) ) ;
#1046 = LINE ( 'NONE', #1060, #1950 ) ;
#1047 = ADVANCED_FACE ( 'NONE', ( #1476, #578, #1328, #400, #1888, #1521, #48 ), #786, .F. ) ;
#1048 = DIRECTION ( 'NONE',  ( 1.000000000000000000, 0.000000000000000000, -0.000000000000000000 ) ) ;
#1049 = VERTEX_POINT ( 'NONE', #244 ) ;
#1050 = FACE_OUTER_BOUND ( 'NONE', #1056, .T. ) ;
#1051 = ADVANCED_FACE ( 'NONE', ( #799 ), #1534, .F. ) ;
#1052 = CARTESIAN_POINT ( 'NONE',  ( -23.40000000000000924, 0.000000000000000000, -18.59999999999998721 ) ) ;
#1053 = DIRECTION ( 'NONE',  ( -0.000000000000000000, 1.000000000000000000, -0.000000000000000000 ) ) ;
#1054 = CARTESIAN_POINT ( 'NONE',  ( 11.40000000000002345, 0.000000000000000000, 25.50000000000000711 ) ) ;
#1055 = LINE ( 'NONE', #2317, #1486 ) ;
#1056 = EDGE_LOOP ( 'NONE', ( #1140, #212, #1680, #643 ) ) ;
#1057 = ORIENTED_EDGE ( 'NONE', *, *, #981, .T. ) ;
#1058 = EDGE_LOOP ( 'NONE', ( #1946, #1415, #1135, #1699 ) ) ;
#1059 = ORIENTED_EDGE ( 'NONE', *, *, #1619, .F. ) ;
#1060 = CARTESIAN_POINT ( 'NONE',  ( -51.49999999999997868, -8.500000000000000000, 42.50000000000000711 ) ) ;
#1061 = CARTESIAN_POINT ( 'NONE',  ( -11.40000000000000213, -7.000000000000000000, 25.50000000000000711 ) ) ;
#1062 = ADVANCED_FACE ( 'NONE', ( #601 ), #975, .T. ) ;
#1063 = EDGE_LOOP ( 'NONE', ( #1012, #1542 ) ) ;
#1064 = DIRECTION ( 'NONE',  ( 0.000000000000000000, 1.000000000000000000, -0.000000000000000000 ) ) ;
#1065 = DIRECTION ( 'NONE',  ( 0.000000000000000000, 0.000000000000000000, -1.000000000000000000 ) ) ;
#1066 = DIRECTION ( 'NONE',  ( 0.000000000000000000, 0.000000000000000000, 1.000000000000000000 ) ) ;
#1067 = CYLINDRICAL_SURFACE ( 'NONE', #1907, 3.249999999999996003 ) ;
#1068 = AXIS2_PLACEMENT_3D ( 'NONE', #536, #2236, #36 ) ;
#1069 = VERTEX_POINT ( 'NONE', #2086 ) ;
#1070 = ORIENTED_EDGE ( 'NONE', *, *, #1484, .F. ) ;
#1071 = CIRCLE ( 'NONE', #1526, 1.000000000000000888 ) ;
#1072 = CARTESIAN_POINT ( 'NONE',  ( -7.300000000000007816, 0.000000000000000000, 27.60000000000000142 ) ) ;
#1073 = EDGE_LOOP ( 'NONE', ( #1527, #2223 ) ) ;
#1074 = FACE_BOUND ( 'NONE', #1226, .T. ) ;
#1075 = FACE_OUTER_BOUND ( 'NONE', #1235, .T. ) ;
#1076 = VECTOR ( 'NONE', #839, 1000.000000000000000 ) ;
#1077 = EDGE_CURVE ( 'NONE', #1942, #579, #1762, .T. ) ;
#1078 = CARTESIAN_POINT ( 'NONE',  ( 23.40000000000000213, -9.000000000000000000, 17.60000000000001918 ) ) ;
#1079 = AXIS2_PLACEMENT_3D ( 'NONE', #2231, #2394, #733 ) ;
#1080 = PLANE ( 'NONE',  #464 ) ;
#1081 = CIRCLE ( 'NONE', #2070, 3.249999999999996003 ) ;
#1082 = EDGE_LOOP ( 'NONE', ( #1652, #741 ) ) ;
#1083 = CARTESIAN_POINT ( 'NONE',  ( 51.49999999999999289, 3.000000000000000000, -42.50000000000000711 ) ) ;
#1084 = ORIENTED_EDGE ( 'NONE', *, *, #913, .T. ) ;
#1085 = CARTESIAN_POINT ( 'NONE',  ( 35.40000000000002700, -7.000000000000000000, 25.50000000000001421 ) ) ;
#1086 = DIRECTION ( 'NONE',  ( 0.000000000000000000, 0.000000000000000000, -1.000000000000000000 ) ) ;
#1087 = DIRECTION ( 'NONE',  ( 0.000000000000000000, 0.000000000000000000, 1.000000000000000000 ) ) ;
#1088 = LINE ( 'NONE', #1797, #1559 ) ;
#1089 = EDGE_CURVE ( 'NONE', #389, #1872, #1547, .T. ) ;
#1090 = DIRECTION ( 'NONE',  ( 0.000000000000000000, 1.000000000000000000, 0.000000000000000000 ) ) ;
#1091 = ORIENTED_EDGE ( 'NONE', *, *, #1984, .T. ) ;
#1092 = FACE_OUTER_BOUND ( 'NONE', #1045, .T. ) ;
#1093 = FACE_OUTER_BOUND ( 'NONE', #1126, .T. ) ;
#1094 = EDGE_CURVE ( 'NONE', #1337, #863, #434, .T. ) ;
#1095 = LINE ( 'NONE', #1120, #1642 ) ;
#1096 = DIRECTION ( 'NONE',  ( -0.000000000000000000, 1.000000000000000000, -0.000000000000000000 ) ) ;
#1097 = DIRECTION ( 'NONE',  ( 0.000000000000000000, 0.000000000000000000, 1.000000000000000000 ) ) ;
#1098 = CIRCLE ( 'NONE', #1871, 1.700000000000000178 ) ;
#1099 = AXIS2_PLACEMENT_3D ( 'NONE', #626, #1382, #447 ) ;
#1100 = CARTESIAN_POINT ( 'NONE',  ( 7.299999999999991829, 0.000000000000000000, -27.59999999999999432 ) ) ;
#1101 = AXIS2_PLACEMENT_3D ( 'NONE', #486, #1580, #470 ) ;
#1102 = ORIENTED_EDGE ( 'NONE', *, *, #1586, .T. ) ;
#1103 = ORIENTED_EDGE ( 'NONE', *, *, #350, .T. ) ;
#1104 = FACE_OUTER_BOUND ( 'NONE', #378, .T. ) ;
#1105 = CIRCLE ( 'NONE', #1298, 1.000000000000000888 ) ;
#1106 = DIRECTION ( 'NONE',  ( -1.000000000000000000, 0.000000000000000000, 0.000000000000000000 ) ) ;
#1107 = PLANE ( 'NONE',  #1686 ) ;
#1108 = VECTOR ( 'NONE', #617, 1000.000000000000000 ) ;
#1109 = DIRECTION ( 'NONE',  ( 0.000000000000000000, 1.000000000000000000, 0.000000000000000000 ) ) ;
#1110 = ORIENTED_EDGE ( 'NONE', *, *, #1734, .T. ) ;
#1111 = EDGE_CURVE ( 'NONE', #430, #1239, #2149, .T. ) ;
#1112 = VECTOR ( 'NONE', #1752, 1000.000000000000000 ) ;
#1113 = DIRECTION ( 'NONE',  ( -0.000000000000000000, 1.000000000000000000, -0.000000000000000000 ) ) ;
#1114 = ORIENTED_EDGE ( 'NONE', *, *, #1336, .T. ) ;
#1115 = CARTESIAN_POINT ( 'NONE',  ( -48.50000000000001421, 3.000000000000000000, 39.75000000000000711 ) ) ;
#1116 = VERTEX_POINT ( 'NONE', #1908 ) ;
#1117 = FACE_OUTER_BOUND ( 'NONE', #1369, .T. ) ;
#1118 = CARTESIAN_POINT ( 'NONE',  ( 48.49999999999999289, 3.000000000000000000, 36.50000000000001421 ) ) ;
#1119 = CC_DESIGN_PERSON_AND_ORGANIZATION_ASSIGNMENT ( #1554, #1013, ( #815 ) ) ;
#1120 = CARTESIAN_POINT ( 'NONE',  ( 7.299999999999991829, 3.000000000000000000, 27.60000000000000142 ) ) ;
#1121 = ORIENTED_EDGE ( 'NONE', *, *, #380, .F. ) ;
#1122 = DIRECTION ( 'NONE',  ( 0.000000000000000000, -0.000000000000000000, -1.000000000000000000 ) ) ;
#1123 = EDGE_CURVE ( 'NONE', #389, #2145, #1229, .T. ) ;
#1124 = CARTESIAN_POINT ( 'NONE',  ( -23.40000000000000924, -9.000000000000000000, -18.59999999999998721 ) ) ;
#1125 = CARTESIAN_POINT ( 'NONE',  ( 0.000000000000000000, -9.000000000000000000, 42.00000000000000711 ) ) ;
#1126 = EDGE_LOOP ( 'NONE', ( #958, #347, #534, #841 ) ) ;
#1127 = CARTESIAN_POINT ( 'NONE',  ( -54.50000000000000711, 3.000000000000000000, -39.50000000000000711 ) ) ;
#1128 = DIRECTION ( 'NONE',  ( 0.000000000000000000, 0.000000000000000000, 1.000000000000000000 ) ) ;
#1129 = ORIENTED_EDGE ( 'NONE', *, *, #423, .T. ) ;
#1130 = EDGE_CURVE ( 'NONE', #308, #1005, #1924, .T. ) ;
#1131 = CARTESIAN_POINT ( 'NONE',  ( 48.49999999999999289, 3.000000000000000000, 38.20000000000000995 ) ) ;
#1132 = CARTESIAN_POINT ( 'NONE',  ( -23.40000000000001279, 0.000000000000000000, 17.60000000000001208 ) ) ;
#1133 = CARTESIAN_POINT ( 'NONE',  ( -11.40000000000000746, -7.000000000000000000, -21.50000000000000000 ) ) ;
#1134 = DIRECTION ( 'NONE',  ( 0.000000000000000000, -1.000000000000000000, 0.000000000000000000 ) ) ;
#1135 = ORIENTED_EDGE ( 'NONE', *, *, #599, .T. ) ;
#1136 = FACE_OUTER_BOUND ( 'NONE', #2006, .T. ) ;
#1137 = CC_DESIGN_APPROVAL ( #2220, ( #815 ) ) ;
#1138 = ORIENTED_EDGE ( 'NONE', *, *, #1720, .T. ) ;
#1139 = DIRECTION ( 'NONE',  ( -0.000000000000000000, 1.000000000000000000, -0.000000000000000000 ) ) ;
#1140 = ORIENTED_EDGE ( 'NONE', *, *, #913, .F. ) ;
#1141 = AXIS2_PLACEMENT_3D ( 'NONE', #2345, #133, #869 ) ;
#1142 = VECTOR ( 'NONE', #2340, 1000.000000000000000 ) ;
#1143 = DIRECTION ( 'NONE',  ( -0.000000000000000000, -0.000000000000000000, 1.000000000000000000 ) ) ;
#1144 = CYLINDRICAL_SURFACE ( 'NONE', #1834, 1.999999999999998224 ) ;
#1145 = ORIENTED_EDGE ( 'NONE', *, *, #503, .T. ) ;
#1146 = AXIS2_PLACEMENT_3D ( 'NONE', #1395, #2167, #461 ) ;
#1147 = CARTESIAN_POINT ( 'NONE',  ( -48.50000000000000711, 3.000000000000000000, -38.20000000000000995 ) ) ;
#1148 = CC_DESIGN_PERSON_AND_ORGANIZATION_ASSIGNMENT ( #1375, #1025, ( #1394 ) ) ;
#1149 = AXIS2_PLACEMENT_3D ( 'NONE', #1574, #1405, #449 ) ;
#1150 = AXIS2_PLACEMENT_3D ( 'NONE', #175, #1503, #919 ) ;
#1151 = DIRECTION ( 'NONE',  ( -0.000000000000000000, 1.000000000000000000, -0.000000000000000000 ) ) ;
#1152 = EDGE_LOOP ( 'NONE', ( #1138, #1110 ) ) ;
#1153 = CARTESIAN_POINT ( 'NONE',  ( -35.40000000000000568, -7.000000000000000000, -25.50000000000000355 ) ) ;
#1154 = EDGE_LOOP ( 'NONE', ( #2054, #412 ) ) ;
#1155 = CARTESIAN_POINT ( 'NONE',  ( 48.49999999999999289, -0.4000000000000001887, -36.50000000000001421 ) ) ;
#1156 = CYLINDRICAL_SURFACE ( 'NONE', #1992, 1.000000000000000888 ) ;
#1157 = EDGE_LOOP ( 'NONE', ( #1560, #2052 ) ) ;
#1158 =( LENGTH_UNIT ( ) NAMED_UNIT ( * ) SI_UNIT ( .MILLI., .METRE. ) );
#1159 = EDGE_CURVE ( 'NONE', #1545, #1231, #100, .T. ) ;
#1160 = EDGE_CURVE ( 'NONE', #272, #1034, #837, .T. ) ;
#1161 = DIRECTION ( 'NONE',  ( -0.000000000000000000, 1.000000000000000000, -0.000000000000000000 ) ) ;
#1162 = EDGE_LOOP ( 'NONE', ( #1657, #960, #214, #2185 ) ) ;
#1163 = FACE_OUTER_BOUND ( 'NONE', #1266, .T. ) ;
#1164 = ADVANCED_FACE ( 'NONE', ( #979 ), #1032, .T. ) ;
#1165 = ORIENTED_EDGE ( 'NONE', *, *, #1785, .T. ) ;
#1166 = CARTESIAN_POINT ( 'NONE',  ( -39.50000000000000711, 0.000000000000000000, -27.59999999999999432 ) ) ;
#1167 = DIRECTION ( 'NONE',  ( 0.000000000000000000, 0.000000000000000000, 1.000000000000000000 ) ) ;
#1168 = ORIENTED_EDGE ( 'NONE', *, *, #205, .F. ) ;
#1169 = LINE ( 'NONE', #1147, #354 ) ;
#1170 = DIRECTION ( 'NONE',  ( 0.000000000000000000, 0.000000000000000000, 1.000000000000000000 ) ) ;
#1171 = ORIENTED_EDGE ( 'NONE', *, *, #1674, .T. ) ;
#1172 = DIRECTION ( 'NONE',  ( -0.000000000000000000, 1.000000000000000000, -0.000000000000000000 ) ) ;
#1173 = DIRECTION ( 'NONE',  ( -0.000000000000000000, 1.000000000000000000, -0.000000000000000000 ) ) ;
#1174 = PRODUCT_DEFINITION_FORMATION_WITH_SPECIFIED_SOURCE ( 'ANY', '', #1818, .NOT_KNOWN. ) ;
#1175 = ORIENTED_EDGE ( 'NONE', *, *, #1718, .F. ) ;
#1176 = FACE_BOUND ( 'NONE', #1063, .T. ) ;
#1177 = AXIS2_PLACEMENT_3D ( 'NONE', #717, #1793, #2154 ) ;
#1178 = DIRECTION ( 'NONE',  ( 0.000000000000000000, 1.000000000000000000, 0.000000000000000000 ) ) ;
#1179 = AXIS2_PLACEMENT_3D ( 'NONE', #2282, #1563, #30 ) ;
#1180 = EDGE_LOOP ( 'NONE', ( #1091, #904, #846, #1620 ) ) ;
#1181 = DIRECTION ( 'NONE',  ( 0.4999999999999992228, -0.7071067811865503483, -0.4999999999999969469 ) ) ;
#1182 = EDGE_CURVE ( 'NONE', #2198, #433, #1912, .T. ) ;
#1183 = ORIENTED_EDGE ( 'NONE', *, *, #1873, .F. ) ;
#1184 = EDGE_CURVE ( 'NONE', #430, #1116, #1558, .T. ) ;
#1185 = CIRCLE ( 'NONE', #1377, 1.700000000000000178 ) ;
#1186 = DIRECTION ( 'NONE',  ( 0.000000000000000000, 0.000000000000000000, 1.000000000000000000 ) ) ;
#1187 = VECTOR ( 'NONE', #1491, 1000.000000000000000 ) ;
#1188 = CARTESIAN_POINT ( 'NONE',  ( 11.40000000000001457, 0.000000000000000000, -21.50000000000000711 ) ) ;
#1189 = CIRCLE ( 'NONE', #1036, 2.000000000000001776 ) ;
#1190 = DIRECTION ( 'NONE',  ( 0.000000000000000000, 1.000000000000000000, 0.000000000000000000 ) ) ;
#1191 = ORIENTED_EDGE ( 'NONE', *, *, #858, .F. ) ;
#1192 = CARTESIAN_POINT ( 'NONE',  ( 23.40000000000000213, 0.000000000000000000, 16.60000000000001918 ) ) ;
#1193 = EDGE_CURVE ( 'NONE', #826, #776, #2300, .T. ) ;
#1194 = DIRECTION ( 'NONE',  ( -0.000000000000000000, -1.000000000000000000, -0.000000000000000000 ) ) ;
#1195 = ORIENTED_EDGE ( 'NONE', *, *, #311, .T. ) ;
#1196 = ADVANCED_FACE ( 'NONE', ( #604 ), #790, .F. ) ;
#1197 = DATE_AND_TIME ( #1978, #1677 ) ;
#1198 = ORIENTED_EDGE ( 'NONE', *, *, #220, .T. ) ;
#1199 = CARTESIAN_POINT ( 'NONE',  ( -23.40000000000000924, -9.000000000000000000, -17.59999999999998721 ) ) ;
#1200 = FACE_OUTER_BOUND ( 'NONE', #1387, .T. ) ;
#1201 = ORIENTED_EDGE ( 'NONE', *, *, #930, .F. ) ;
#1202 = CARTESIAN_POINT ( 'NONE',  ( -35.39999999999999858, -7.000000000000000000, 21.50000000000000355 ) ) ;
#1203 = LINE ( 'NONE', #79, #1489 ) ;
#1204 = EDGE_CURVE ( 'NONE', #1358, #399, #1463, .T. ) ;
#1205 = CARTESIAN_POINT ( 'NONE',  ( -48.50000000000001421, -0.4000000000000001887, 36.50000000000001421 ) ) ;
#1206 = COORDINATED_UNIVERSAL_TIME_OFFSET ( 0, 0, .AHEAD. ) ;
#1207 = EDGE_LOOP ( 'NONE', ( #1254, #2124, #1923, #1880 ) ) ;
#1208 = LINE ( 'NONE', #1911, #1525 ) ;
#1209 = DIRECTION ( 'NONE',  ( -0.7071067811865491270, -0.000000000000000000, 0.7071067811865459074 ) ) ;
#1210 = EDGE_LOOP ( 'NONE', ( #920, #1165 ) ) ;
#1211 = CYLINDRICAL_SURFACE ( 'NONE', #1149, 1.000000000000000888 ) ;
#1212 = CARTESIAN_POINT ( 'NONE',  ( -48.50000000000000711, -0.4000000000000001887, -36.50000000000001421 ) ) ;
#1213 = ORIENTED_EDGE ( 'NONE', *, *, #1629, .T. ) ;
#1214 = PLANE ( 'NONE',  #126 ) ;
#1215 = AXIS2_PLACEMENT_3D ( 'NONE', #1480, #2211, #1299 ) ;
#1216 = VECTOR ( 'NONE', #1096, 1000.000000000000000 ) ;
#1217 = EDGE_CURVE ( 'NONE', #677, #1504, #998, .T. ) ;
#1218 = ORIENTED_EDGE ( 'NONE', *, *, #1971, .F. ) ;
#1219 = ORIENTED_EDGE ( 'NONE', *, *, #1269, .T. ) ;
#1220 = EDGE_CURVE ( 'NONE', #2343, #769, #2112, .T. ) ;
#1221 = ORIENTED_EDGE ( 'NONE', *, *, #1900, .T. ) ;
#1222 = AXIS2_PLACEMENT_3D ( 'NONE', #1232, #1965, #304 ) ;
#1223 = CARTESIAN_POINT ( 'NONE',  ( 51.49999999999997868, 3.000000000000000000, 42.50000000000000711 ) ) ;
#1224 = PLANE ( 'NONE',  #1847 ) ;
#1225 = CIRCLE ( 'NONE', #480, 2.000000000000005329 ) ;
#1226 = EDGE_LOOP ( 'NONE', ( #783, #1721 ) ) ;
#1227 = CARTESIAN_POINT ( 'NONE',  ( 0.000000000000000000, -9.000000000000000000, -42.00000000000000711 ) ) ;
#1228 = DIRECTION ( 'NONE',  ( 0.000000000000000000, 0.000000000000000000, 1.000000000000000000 ) ) ;
#1229 = CIRCLE ( 'NONE', #177, 3.249999999999996003 ) ;
#1230 = DIRECTION ( 'NONE',  ( -0.000000000000000000, 1.000000000000000000, -0.000000000000000000 ) ) ;
#1231 = VERTEX_POINT ( 'NONE', #1355 ) ;
#1232 = CARTESIAN_POINT ( 'NONE',  ( -35.39999999999999858, -7.000000000000000000, 23.50000000000001066 ) ) ;
#1233 = APPROVAL_STATUS ( 'not_yet_approved' ) ;
#1234 = DIRECTION ( 'NONE',  ( 0.000000000000000000, 0.000000000000000000, -1.000000000000000000 ) ) ;
#1235 = EDGE_LOOP ( 'NONE', ( #1587, #485 ) ) ;
#1236 = EDGE_LOOP ( 'NONE', ( #791, #2205, #144, #50 ) ) ;
#1237 = EDGE_CURVE ( 'NONE', #2197, #753, #88, .T. ) ;
#1238 = VERTEX_POINT ( 'NONE', #1729 ) ;
#1239 = VERTEX_POINT ( 'NONE', #437 ) ;
#1240 = CARTESIAN_POINT ( 'NONE',  ( 53.99999999999999289, -9.000000000000000000, 39.50000000000000711 ) ) ;
#1241 = DIRECTION ( 'NONE',  ( 1.000000000000000000, 0.000000000000000000, -1.077467997501122450E-16 ) ) ;
#1242 = ORIENTED_EDGE ( 'NONE', *, *, #1684, .T. ) ;
#1243 = CARTESIAN_POINT ( 'NONE',  ( -7.300000000000007816, 3.000000000000000000, 27.60000000000000142 ) ) ;
#1244 = CARTESIAN_POINT ( 'NONE',  ( -39.50000000000000711, 3.000000000000000000, 27.60000000000000853 ) ) ;
#1245 = EDGE_CURVE ( 'NONE', #648, #1238, #1764, .T. ) ;
#1246 = ORIENTED_EDGE ( 'NONE', *, *, #1913, .T. ) ;
#1247 = MECHANICAL_CONTEXT ( 'NONE', #739, 'mechanical' ) ;
#1248 = CARTESIAN_POINT ( 'NONE',  ( 35.40000000000000568, -7.000000000000000000, -21.50000000000001066 ) ) ;
#1249 = EDGE_LOOP ( 'NONE', ( #2313, #1530, #1195, #2031 ) ) ;
#1250 = VERTEX_POINT ( 'NONE', #647 ) ;
#1251 = CARTESIAN_POINT ( 'NONE',  ( 35.40000000000002700, -7.000000000000000000, 21.50000000000000355 ) ) ;
#1252 = EDGE_CURVE ( 'NONE', #1968, #2197, #65, .T. ) ;
#1253 = LINE ( 'NONE', #1812, #875 ) ;
#1254 = ORIENTED_EDGE ( 'NONE', *, *, #1684, .F. ) ;
#1255 = DIRECTION ( 'NONE',  ( 0.000000000000000000, 1.000000000000000000, 0.000000000000000000 ) ) ;
#1256 = CARTESIAN_POINT ( 'NONE',  ( 23.40000000000000213, -9.000000000000000000, 16.60000000000001918 ) ) ;
#1257 = ORIENTED_EDGE ( 'NONE', *, *, #1698, .T. ) ;
#1258 = DIRECTION ( 'NONE',  ( 0.000000000000000000, -0.000000000000000000, -1.000000000000000000 ) ) ;
#1259 = APPROVAL_PERSON_ORGANIZATION ( #81, #2220, #2285 ) ;
#1260 = AXIS2_PLACEMENT_3D ( 'NONE', #1031, #1943, #978 ) ;
#1261 = ORIENTED_EDGE ( 'NONE', *, *, #1217, .F. ) ;
#1262 = ORIENTED_EDGE ( 'NONE', *, *, #2372, .F. ) ;
#1263 = AXIS2_PLACEMENT_3D ( 'NONE', #2081, #1178, #1930 ) ;
#1264 = DIRECTION ( 'NONE',  ( 0.000000000000000000, -1.000000000000000000, 0.000000000000000000 ) ) ;
#1265 = VERTEX_POINT ( 'NONE', #636 ) ;
#1266 = EDGE_LOOP ( 'NONE', ( #708, #1213, #1578, #307 ) ) ;
#1267 = DIRECTION ( 'NONE',  ( 0.000000000000000000, 0.000000000000000000, 1.000000000000000000 ) ) ;
#1268 = DIRECTION ( 'NONE',  ( 0.000000000000000000, 0.000000000000000000, 1.000000000000000000 ) ) ;
#1269 = EDGE_CURVE ( 'NONE', #439, #2198, #1344, .T. ) ;
#1270 = LINE ( 'NONE', #527, #287 ) ;
#1271 = CIRCLE ( 'NONE', #1532, 1.700000000000000178 ) ;
#1272 = CARTESIAN_POINT ( 'NONE',  ( 48.49999999999999289, -0.4000000000000001887, 33.25000000000001421 ) ) ;
#1273 = CIRCLE ( 'NONE', #1922, 3.249999999999996003 ) ;
#1274 = FACE_BOUND ( 'NONE', #163, .T. ) ;
#1275 = ADVANCED_FACE ( 'NONE', ( #2134 ), #1926, .F. ) ;
#1276 = VERTEX_POINT ( 'NONE', #1390 ) ;
#1277 = FACE_OUTER_BOUND ( 'NONE', #1430, .T. ) ;
#1278 = FACE_OUTER_BOUND ( 'NONE', #80, .T. ) ;
#1279 = DIRECTION ( 'NONE',  ( -0.000000000000000000, 1.000000000000000000, -0.000000000000000000 ) ) ;
#1280 = DIRECTION ( 'NONE',  ( 0.000000000000000000, 0.000000000000000000, 1.000000000000000000 ) ) ;
#1281 = LINE ( 'NONE', #2193, #1341 ) ;
#1282 = DIRECTION ( 'NONE',  ( 0.000000000000000000, 1.000000000000000000, 0.000000000000000000 ) ) ;
#1283 = ORIENTED_EDGE ( 'NONE', *, *, #2196, .F. ) ;
#1284 = CARTESIAN_POINT ( 'NONE',  ( -48.50000000000001421, 3.000000000000000000, 39.75000000000000711 ) ) ;
#1285 = DIRECTION ( 'NONE',  ( -0.000000000000000000, -1.000000000000000000, -0.000000000000000000 ) ) ;
#1286 = DIRECTION ( 'NONE',  ( 0.000000000000000000, 1.000000000000000000, -0.000000000000000000 ) ) ;
#1287 = DIRECTION ( 'NONE',  ( -0.000000000000000000, -1.000000000000000000, -0.000000000000000000 ) ) ;
#1288 = ORIENTED_EDGE ( 'NONE', *, *, #1665, .T. ) ;
#1289 = DIRECTION ( 'NONE',  ( -1.000000000000000000, 0.000000000000000000, 0.000000000000000000 ) ) ;
#1290 = AXIS2_PLACEMENT_3D ( 'NONE', #418, #32, #796 ) ;
#1291 = EDGE_CURVE ( 'NONE', #1601, #1317, #1826, .T. ) ;
#1292 = CIRCLE ( 'NONE', #655, 1.700000000000000178 ) ;
#1293 = ADVANCED_FACE ( 'NONE', ( #1200 ), #1018, .T. ) ;
#1294 = CYLINDRICAL_SURFACE ( 'NONE', #291, 2.000000000000005329 ) ;
#1295 = AXIS2_PLACEMENT_3D ( 'NONE', #848, #2308, #1593 ) ;
#1296 = ORIENTED_EDGE ( 'NONE', *, *, #1772, .F. ) ;
#1297 = CARTESIAN_POINT ( 'NONE',  ( -11.40000000000000746, 0.000000000000000000, -21.50000000000000000 ) ) ;
#1298 = AXIS2_PLACEMENT_3D ( 'NONE', #640, #2126, #853 ) ;
#1299 = DIRECTION ( 'NONE',  ( 0.000000000000000000, 0.000000000000000000, 1.000000000000000000 ) ) ;
#1300 = CARTESIAN_POINT ( 'NONE',  ( 48.49999999999999289, -0.4000000000000001887, -34.80000000000001137 ) ) ;
#1301 = ORIENTED_EDGE ( 'NONE', *, *, #1474, .T. ) ;
#1302 = VECTOR ( 'NONE', #29, 1000.000000000000000 ) ;
#1303 = CARTESIAN_POINT ( 'NONE',  ( 48.49999999999999289, 3.000000000000000000, 39.75000000000000711 ) ) ;
#1304 = AXIS2_PLACEMENT_3D ( 'NONE', #1227, #1962, #274 ) ;
#1305 = CARTESIAN_POINT ( 'NONE',  ( -23.40000000000001279, -9.000000000000000000, 17.60000000000001208 ) ) ;
#1306 = ADVANCED_FACE ( 'NONE', ( #1278 ), #1815, .T. ) ;
#1307 = CARTESIAN_POINT ( 'NONE',  ( 48.49999999999999289, -0.4000000000000001887, 36.50000000000001421 ) ) ;
#1308 = ORIENTED_EDGE ( 'NONE', *, *, #529, .F. ) ;
#1309 = CARTESIAN_POINT ( 'NONE',  ( -48.50000000000001421, 3.000000000000000000, 36.50000000000001421 ) ) ;
#1310 = PLANE ( 'NONE',  #167 ) ;
#1311 = EDGE_LOOP ( 'NONE', ( #890, #173, #1997, #1386 ) ) ;
#1312 = VERTEX_POINT ( 'NONE', #1645 ) ;
#1313 = DIRECTION ( 'NONE',  ( 0.000000000000000000, 1.000000000000000000, 0.000000000000000000 ) ) ;
#1314 = DIRECTION ( 'NONE',  ( -0.4999999999999987788, -0.7071067811865475727, -0.5000000000000011102 ) ) ;
#1315 = FACE_OUTER_BOUND ( 'NONE', #2276, .T. ) ;
#1316 = LINE ( 'NONE', #1700, #321 ) ;
#1317 = VERTEX_POINT ( 'NONE', #1052 ) ;
#1318 = LINE ( 'NONE', #221, #522 ) ;
#1319 = ORIENTED_EDGE ( 'NONE', *, *, #886, .F. ) ;
#1320 = EDGE_CURVE ( 'NONE', #1813, #1954, #1292, .T. ) ;
#1321 = FACE_BOUND ( 'NONE', #1662, .T. ) ;
#1322 = EDGE_LOOP ( 'NONE', ( #665, #1889, #1808, #1956 ) ) ;
#1323 = CARTESIAN_POINT ( 'NONE',  ( -48.50000000000000711, -0.4000000000000001887, -34.80000000000001137 ) ) ;
#1324 = ADVANCED_FACE ( 'NONE', ( #1093 ), #117, .F. ) ;
#1325 = FACE_OUTER_BOUND ( 'NONE', #130, .T. ) ;
#1326 = DIRECTION ( 'NONE',  ( 0.000000000000000000, 1.000000000000000000, 0.000000000000000000 ) ) ;
#1327 = DIRECTION ( 'NONE',  ( -0.000000000000000000, 1.000000000000000000, -0.000000000000000000 ) ) ;
#1328 = FACE_BOUND ( 'NONE', #1565, .T. ) ;
#1329 = CIRCLE ( 'NONE', #1290, 1.999999999999998224 ) ;
#1330 = ORIENTED_EDGE ( 'NONE', *, *, #2171, .T. ) ;
#1331 = PLANE ( 'NONE',  #1026 ) ;
#1332 = CIRCLE ( 'NONE', #1141, 3.249999999999996003 ) ;
#1333 = VECTOR ( 'NONE', #2295, 1000.000000000000114 ) ;
#1334 = FACE_OUTER_BOUND ( 'NONE', #1595, .T. ) ;
#1335 = CARTESIAN_POINT ( 'NONE',  ( -39.50000000000000711, 3.000000000000000000, -27.59999999999999432 ) ) ;
#1336 = EDGE_CURVE ( 'NONE', #657, #2036, #1451, .T. ) ;
#1337 = VERTEX_POINT ( 'NONE', #852 ) ;
#1338 = AXIS2_PLACEMENT_3D ( 'NONE', #20, #1286, #383 ) ;
#1339 = CARTESIAN_POINT ( 'NONE',  ( -23.40000000000000924, -9.000000000000000000, -17.59999999999998721 ) ) ;
#1340 = EDGE_CURVE ( 'NONE', #89, #279, #344, .T. ) ;
#1341 = VECTOR ( 'NONE', #1113, 1000.000000000000000 ) ;
#1342 = AXIS2_PLACEMENT_3D ( 'NONE', #1307, #941, #2053 ) ;
#1343 = DIRECTION ( 'NONE',  ( -0.000000000000000000, 1.000000000000000000, -0.000000000000000000 ) ) ;
#1344 = CIRCLE ( 'NONE', #2073, 2.000000000000005329 ) ;
#1345 = ORIENTED_EDGE ( 'NONE', *, *, #2274, .T. ) ;
#1346 = FACE_OUTER_BOUND ( 'NONE', #1579, .T. ) ;
#1347 = EDGE_CURVE ( 'NONE', #2248, #674, #1987, .T. ) ;
#1348 = ORIENTED_EDGE ( 'NONE', *, *, #1535, .T. ) ;
#1349 = LINE ( 'NONE', #2080, #870 ) ;
#1350 = DIRECTION ( 'NONE',  ( 1.000000000000000000, 0.000000000000000000, -0.000000000000000000 ) ) ;
#1351 = EDGE_LOOP ( 'NONE', ( #2130, #879, #1404, #2306 ) ) ;
#1352 = CARTESIAN_POINT ( 'NONE',  ( -48.50000000000001421, -0.4000000000000001887, 36.50000000000001421 ) ) ;
#1353 = EDGE_LOOP ( 'NONE', ( #1445, #1219 ) ) ;
#1354 = CARTESIAN_POINT ( 'NONE',  ( -11.40000000000000746, -7.000000000000000000, -23.50000000000000000 ) ) ;
#1355 = CARTESIAN_POINT ( 'NONE',  ( 48.49999999999999289, 3.000000000000000000, -33.25000000000001421 ) ) ;
#1356 = EDGE_CURVE ( 'NONE', #2369, #1738, #1424, .T. ) ;
#1357 = ADVANCED_FACE ( 'NONE', ( #692 ), #326, .F. ) ;
#1358 = VERTEX_POINT ( 'NONE', #490 ) ;
#1359 = LINE ( 'NONE', #1001, #1839 ) ;
#1360 = DIRECTION ( 'NONE',  ( 0.000000000000000000, 0.000000000000000000, 1.000000000000000000 ) ) ;
#1361 = EDGE_LOOP ( 'NONE', ( #2219, #970 ) ) ;
#1362 = DIRECTION ( 'NONE',  ( 0.000000000000000000, -1.000000000000000000, 0.000000000000000000 ) ) ;
#1363 = CARTESIAN_POINT ( 'NONE',  ( 35.40000000000000568, 0.000000000000000000, -23.50000000000001421 ) ) ;
#1364 = ADVANCED_FACE ( 'NONE', ( #667 ), #526, .F. ) ;
#1365 = CARTESIAN_POINT ( 'NONE',  ( 50.19999999999999574, -0.4000000000000001887, 36.50000000000001421 ) ) ;
#1366 = CARTESIAN_POINT ( 'NONE',  ( 23.40000000000000213, -9.000000000000000000, 17.60000000000001918 ) ) ;
#1367 = AXIS2_PLACEMENT_3D ( 'NONE', #2061, #208, #24 ) ;
#1368 = EDGE_CURVE ( 'NONE', #1471, #2161, #742, .T. ) ;
#1369 = EDGE_LOOP ( 'NONE', ( #1711, #1171, #1129, #2257 ) ) ;
#1370 = FACE_BOUND ( 'NONE', #97, .T. ) ;
#1371 = AXIS2_PLACEMENT_3D ( 'NONE', #774, #2066, #1524 ) ;
#1372 = CARTESIAN_POINT ( 'NONE',  ( -35.40000000000000568, 0.000000000000000000, -23.50000000000000000 ) ) ;
#1373 = CIRCLE ( 'NONE', #864, 1.700000000000000178 ) ;
#1374 = ORIENTED_EDGE ( 'NONE', *, *, #1971, .T. ) ;
#1375 = PERSON_AND_ORGANIZATION ( #949, #2132 ) ;
#1376 = ORIENTED_EDGE ( 'NONE', *, *, #2085, .T. ) ;
#1377 = AXIS2_PLACEMENT_3D ( 'NONE', #2380, #339, #1866 ) ;
#1378 = AXIS2_PLACEMENT_3D ( 'NONE', #1509, #2060, #2041 ) ;
#1379 = EDGE_CURVE ( 'NONE', #1239, #430, #1332, .T. ) ;
#1380 = DIRECTION ( 'NONE',  ( 0.000000000000000000, 0.000000000000000000, -1.000000000000000000 ) ) ;
#1381 = VECTOR ( 'NONE', #2242, 1000.000000000000000 ) ;
#1382 = DIRECTION ( 'NONE',  ( 0.000000000000000000, -1.000000000000000000, 0.000000000000000000 ) ) ;
#1383 = ORIENTED_EDGE ( 'NONE', *, *, #565, .F. ) ;
#1384 = DIRECTION ( 'NONE',  ( 0.000000000000000000, -0.000000000000000000, 1.000000000000000000 ) ) ;
#1385 = DIRECTION ( 'NONE',  ( -0.2810846377147999120, -0.6785983445458499963, -0.6785983445458525498 ) ) ;
#1386 = ORIENTED_EDGE ( 'NONE', *, *, #1220, .F. ) ;
#1387 = EDGE_LOOP ( 'NONE', ( #561, #591 ) ) ;
#1388 = ORIENTED_EDGE ( 'NONE', *, *, #2019, .T. ) ;
#1389 = CARTESIAN_POINT ( 'NONE',  ( 48.49999999999999289, -0.4000000000000001887, -33.25000000000001421 ) ) ;
#1390 = CARTESIAN_POINT ( 'NONE',  ( -48.50000000000000711, -0.4000000000000001887, -38.20000000000000995 ) ) ;
#1391 = ORIENTED_EDGE ( 'NONE', *, *, #929, .F. ) ;
#1392 = CARTESIAN_POINT ( 'NONE',  ( -35.39999999999999858, -7.000000000000000000, 23.50000000000001066 ) ) ;
#1393 = LINE ( 'NONE', #1575, #2329 ) ;
#1394 = PRODUCT_DEFINITION ( 'UNKNOWN', '', #1174, #884 ) ;
#1395 = CARTESIAN_POINT ( 'NONE',  ( 35.40000000000002700, -7.000000000000000000, 23.50000000000001066 ) ) ;
#1396 = LINE ( 'NONE', #1041, #1636 ) ;
#1397 = EDGE_CURVE ( 'NONE', #579, #1942, #85, .T. ) ;
#1398 = EDGE_LOOP ( 'NONE', ( #1168, #1898, #109, #2351 ) ) ;
#1399 = VERTEX_POINT ( 'NONE', #1633 ) ;
#1400 = ORIENTED_EDGE ( 'NONE', *, *, #511, .F. ) ;
#1401 = ORIENTED_EDGE ( 'NONE', *, *, #2331, .T. ) ;
#1402 = CARTESIAN_POINT ( 'NONE',  ( 11.40000000000002345, -7.000000000000000000, 23.50000000000001066 ) ) ;
#1403 = DIRECTION ( 'NONE',  ( -0.000000000000000000, -0.000000000000000000, 1.000000000000000000 ) ) ;
#1404 = ORIENTED_EDGE ( 'NONE', *, *, #1291, .F. ) ;
#1405 = DIRECTION ( 'NONE',  ( -0.000000000000000000, 1.000000000000000000, -0.000000000000000000 ) ) ;
#1406 = LINE ( 'NONE', #1037, #361 ) ;
#1407 = VECTOR ( 'NONE', #2083, 1000.000000000000000 ) ;
#1408 = EDGE_LOOP ( 'NONE', ( #138, #125, #963, #1902 ) ) ;
#1409 = CIRCLE ( 'NONE', #432, 2.000000000000001776 ) ;
#1410 = DIRECTION ( 'NONE',  ( 0.000000000000000000, -1.000000000000000000, 0.000000000000000000 ) ) ;
#1411 = ADVANCED_FACE ( 'NONE', ( #1614 ), #683, .F. ) ;
#1412 = DIRECTION ( 'NONE',  ( -0.000000000000000000, 1.000000000000000000, -0.000000000000000000 ) ) ;
#1413 = AXIS2_PLACEMENT_3D ( 'NONE', #1958, #2133, #646 ) ;
#1414 = VECTOR ( 'NONE', #2155, 1000.000000000000000 ) ;
#1415 = ORIENTED_EDGE ( 'NONE', *, *, #265, .F. ) ;
#1416 = ORIENTED_EDGE ( 'NONE', *, *, #1734, .F. ) ;
#1417 = CIRCLE ( 'NONE', #1146, 2.000000000000005329 ) ;
#1418 = DIRECTION ( 'NONE',  ( 0.000000000000000000, -1.000000000000000000, 0.000000000000000000 ) ) ;
#1419 = ADVANCED_FACE ( 'NONE', ( #1075 ), #1806, .T. ) ;
#1420 = LINE ( 'NONE', #2172, #752 ) ;
#1421 = CIRCLE ( 'NONE', #364, 1.000000000000000888 ) ;
#1422 = VERTEX_POINT ( 'NONE', #1447 ) ;
#1423 = FACE_OUTER_BOUND ( 'NONE', #2275, .T. ) ;
#1424 = LINE ( 'NONE', #1963, #818 ) ;
#1425 = VECTOR ( 'NONE', #2206, 1000.000000000000000 ) ;
#1426 = DIRECTION ( 'NONE',  ( 0.000000000000000000, 0.000000000000000000, 1.000000000000000000 ) ) ;
#1427 = ORIENTED_EDGE ( 'NONE', *, *, #1368, .F. ) ;
#1428 = CARTESIAN_POINT ( 'NONE',  ( -39.50000000000000711, 3.000000000000000000, 27.60000000000000853 ) ) ;
#1429 = ADVANCED_FACE ( 'NONE', ( #703 ), #935, .F. ) ;
#1430 = EDGE_LOOP ( 'NONE', ( #2269, #1980, #162, #406 ) ) ;
#1431 = EDGE_LOOP ( 'NONE', ( #1345, #510 ) ) ;
#1432 = FACE_OUTER_BOUND ( 'NONE', #1152, .T. ) ;
#1433 = DIRECTION ( 'NONE',  ( 0.000000000000000000, 1.000000000000000000, 0.000000000000000000 ) ) ;
#1434 = ORIENTED_EDGE ( 'NONE', *, *, #9, .F. ) ;
#1435 = VERTEX_POINT ( 'NONE', #546 ) ;
#1436 = CARTESIAN_POINT ( 'NONE',  ( 11.40000000000002345, 0.000000000000000000, 23.50000000000001066 ) ) ;
#1437 = CARTESIAN_POINT ( 'NONE',  ( 11.40000000000001457, -7.000000000000000000, -23.50000000000000711 ) ) ;
#1438 = DIRECTION ( 'NONE',  ( 0.000000000000000000, 0.000000000000000000, 1.000000000000000000 ) ) ;
#1439 = ADVANCED_FACE ( 'NONE', ( #403 ), #1843, .F. ) ;
#1440 = DIRECTION ( 'NONE',  ( 0.000000000000000000, 1.000000000000000000, -0.000000000000000000 ) ) ;
#1441 = ORIENTED_EDGE ( 'NONE', *, *, #1006, .F. ) ;
#1442 = EDGE_LOOP ( 'NONE', ( #594, #1242, #764, #797 ) ) ;
#1443 = EDGE_CURVE ( 'NONE', #1840, #1040, #371, .T. ) ;
#1444 = DIRECTION ( 'NONE',  ( -0.7071067811865491270, 0.000000000000000000, 0.7071067811865459074 ) ) ;
#1445 = ORIENTED_EDGE ( 'NONE', *, *, #119, .T. ) ;
#1446 = DIRECTION ( 'NONE',  ( 0.000000000000000000, 0.000000000000000000, 1.000000000000000000 ) ) ;
#1447 = CARTESIAN_POINT ( 'NONE',  ( -11.40000000000000746, 0.000000000000000000, -25.50000000000000355 ) ) ;
#1448 = ADVANCED_FACE ( 'NONE', ( #2020 ), #1877, .F. ) ;
#1449 = EDGE_LOOP ( 'NONE', ( #152, #318 ) ) ;
#1450 = FACE_OUTER_BOUND ( 'NONE', #115, .T. ) ;
#1451 = CIRCLE ( 'NONE', #45, 1.999999999999998224 ) ;
#1452 = EDGE_CURVE ( 'NONE', #1813, #333, #2244, .T. ) ;
#1453 = AXIS2_PLACEMENT_3D ( 'NONE', #912, #950, #1122 ) ;
#1454 = DIRECTION ( 'NONE',  ( -0.000000000000000000, 1.000000000000000000, -0.000000000000000000 ) ) ;
#1455 = VECTOR ( 'NONE', #924, 1000.000000000000000 ) ;
#1456 = EDGE_LOOP ( 'NONE', ( #1015, #198 ) ) ;
#1457 = DIRECTION ( 'NONE',  ( -0.000000000000000000, 1.000000000000000000, -0.000000000000000000 ) ) ;
#1458 = DIRECTION ( 'NONE',  ( 0.000000000000000000, 1.000000000000000000, -0.000000000000000000 ) ) ;
#1459 = AXIS2_PLACEMENT_3D ( 'NONE', #102, #2302, #501 ) ;
#1460 = LINE ( 'NONE', #2190, #911 ) ;
#1461 = AXIS2_PLACEMENT_3D ( 'NONE', #1896, #231, #2076 ) ;
#1462 = PLANE ( 'NONE',  #398 ) ;
#1463 = CIRCLE ( 'NONE', #1038, 2.000000000000001776 ) ;
#1464 = CYLINDRICAL_SURFACE ( 'NONE', #1725, 3.249999999999996003 ) ;
#1465 = CARTESIAN_POINT ( 'NONE',  ( 7.299999999999991829, 3.000000000000000000, -27.59999999999999432 ) ) ;
#1466 = ORIENTED_EDGE ( 'NONE', *, *, #718, .F. ) ;
#1467 = LINE ( 'NONE', #2199, #139 ) ;
#1468 = DIRECTION ( 'NONE',  ( 0.000000000000000000, 1.000000000000000000, 0.000000000000000000 ) ) ;
#1469 = CARTESIAN_POINT ( 'NONE',  ( 7.299999999999991829, 0.000000000000000000, 27.60000000000000142 ) ) ;
#1470 = DIRECTION ( 'NONE',  ( -0.000000000000000000, 1.000000000000000000, -0.000000000000000000 ) ) ;
#1471 = VERTEX_POINT ( 'NONE', #357 ) ;
#1472 = ADVANCED_FACE ( 'NONE', ( #4 ), #1331, .F. ) ;
#1473 = LINE ( 'NONE', #171, #1803 ) ;
#1474 = EDGE_CURVE ( 'NONE', #2145, #838, #1659, .T. ) ;
#1475 = ORIENTED_EDGE ( 'NONE', *, *, #103, .T. ) ;
#1476 = FACE_BOUND ( 'NONE', #1082, .T. ) ;
#1477 = ORIENTED_EDGE ( 'NONE', *, *, #2397, .T. ) ;
#1478 = ORIENTED_EDGE ( 'NONE', *, *, #2314, .F. ) ;
#1479 = DIRECTION ( 'NONE',  ( 0.7071067811865491270, 0.000000000000000000, -0.7071067811865459074 ) ) ;
#1480 = CARTESIAN_POINT ( 'NONE',  ( -23.40000000000000924, -9.000000000000000000, -17.59999999999998721 ) ) ;
#1481 = DIRECTION ( 'NONE',  ( -0.000000000000000000, -0.000000000000000000, 1.000000000000000000 ) ) ;
#1482 = ORIENTED_EDGE ( 'NONE', *, *, #2260, .F. ) ;
#1483 = LINE ( 'NONE', #2038, #1216 ) ;
#1484 = EDGE_CURVE ( 'NONE', #612, #1422, #1409, .T. ) ;
#1485 = DIRECTION ( 'NONE',  ( 0.000000000000000000, 0.000000000000000000, 1.000000000000000000 ) ) ;
#1486 = VECTOR ( 'NONE', #2142, 1000.000000000000000 ) ;
#1487 = AXIS2_PLACEMENT_3D ( 'NONE', #1118, #1890, #390 ) ;
#1488 = CARTESIAN_POINT ( 'NONE',  ( 48.49999999999999289, -0.4000000000000001887, 38.20000000000000995 ) ) ;
#1489 = VECTOR ( 'NONE', #1385, 999.9999999999998863 ) ;
#1490 = VERTEX_POINT ( 'NONE', #1153 ) ;
#1491 = DIRECTION ( 'NONE',  ( -0.000000000000000000, 1.000000000000000000, -0.000000000000000000 ) ) ;
#1492 = ADVANCED_FACE ( 'NONE', ( #923 ), #2388, .F. ) ;
#1493 = CARTESIAN_POINT ( 'NONE',  ( -11.40000000000000746, 0.000000000000000000, -23.50000000000000000 ) ) ;
#1494 = DIRECTION ( 'NONE',  ( -0.000000000000000000, -1.000000000000000000, -0.000000000000000000 ) ) ;
#1495 = CIRCLE ( 'NONE', #953, 3.249999999999996003 ) ;
#1496 = LINE ( 'NONE', #2230, #2370 ) ;
#1497 = PRODUCT_DEFINITION_SHAPE ( 'NONE', 'NONE',  #1394 ) ;
#1498 = VECTOR ( 'NONE', #2371, 1000.000000000000000 ) ;
#1499 = CARTESIAN_POINT ( 'NONE',  ( 23.40000000000000213, -9.000000000000000000, -16.59999999999998010 ) ) ;
#1500 = DIRECTION ( 'NONE',  ( -1.000000000000000000, -0.000000000000000000, 1.077467997501122450E-16 ) ) ;
#1501 = AXIS2_PLACEMENT_3D ( 'NONE', #2042, #1151, #189 ) ;
#1502 = ADVANCED_FACE ( 'NONE', ( #560 ), #1310, .T. ) ;
#1503 = DIRECTION ( 'NONE',  ( -0.000000000000000000, 1.000000000000000000, -0.000000000000000000 ) ) ;
#1504 = VERTEX_POINT ( 'NONE', #968 ) ;
#1505 = PLANE ( 'NONE',  #903 ) ;
#1506 = EDGE_LOOP ( 'NONE', ( #2284, #877, #70, #77 ) ) ;
#1507 = FACE_BOUND ( 'NONE', #2377, .T. ) ;
#1508 = DIRECTION ( 'NONE',  ( -0.7071067811865491270, 0.000000000000000000, 0.7071067811865459074 ) ) ;
#1509 = CARTESIAN_POINT ( 'NONE',  ( 23.40000000000000213, 0.000000000000000000, -17.59999999999998010 ) ) ;
#1510 = DIRECTION ( 'NONE',  ( -1.000000000000000000, -0.000000000000000000, -0.000000000000000000 ) ) ;
#1511 = CARTESIAN_POINT ( 'NONE',  ( 51.49999999999997868, -8.500000000000003553, 42.50000000000000711 ) ) ;
#1512 = EDGE_LOOP ( 'NONE', ( #1262, #676 ) ) ;
#1513 = CYLINDRICAL_SURFACE ( 'NONE', #1068, 1.700000000000000178 ) ;
#1514 = ADVANCED_FACE ( 'NONE', ( #959 ), #1513, .F. ) ;
#1515 = DIRECTION ( 'NONE',  ( 0.000000000000000000, 0.000000000000000000, 1.000000000000000000 ) ) ;
#1516 = FACE_OUTER_BOUND ( 'NONE', #992, .T. ) ;
#1517 = ORIENTED_EDGE ( 'NONE', *, *, #1237, .T. ) ;
#1518 = LINE ( 'NONE', #2241, #429 ) ;
#1519 = ADVANCED_FACE ( 'NONE', ( #381, #213, #1864, #945, #1321, #17, #756 ), #1505, .F. ) ;
#1520 = AXIS2_PLACEMENT_3D ( 'NONE', #2333, #2168, #157 ) ;
#1521 = FACE_OUTER_BOUND ( 'NONE', #1003, .T. ) ;
#1522 = VECTOR ( 'NONE', #1139, 1000.000000000000000 ) ;
#1523 = ORIENTED_EDGE ( 'NONE', *, *, #754, .T. ) ;
#1524 = DIRECTION ( 'NONE',  ( 0.000000000000000000, 0.000000000000000000, 1.000000000000000000 ) ) ;
#1525 = VECTOR ( 'NONE', #592, 1000.000000000000000 ) ;
#1526 = AXIS2_PLACEMENT_3D ( 'NONE', #1132, #528, #1687 ) ;
#1527 = ORIENTED_EDGE ( 'NONE', *, *, #63, .T. ) ;
#1528 = CARTESIAN_POINT ( 'NONE',  ( -35.40000000000000568, -7.000000000000000000, -23.50000000000000000 ) ) ;
#1529 = CARTESIAN_POINT ( 'NONE',  ( -48.50000000000001421, 3.000000000000000000, 38.20000000000000995 ) ) ;
#1530 = ORIENTED_EDGE ( 'NONE', *, *, #1336, .F. ) ;
#1531 = CIRCLE ( 'NONE', #627, 1.999999999999998224 ) ;
#1532 = AXIS2_PLACEMENT_3D ( 'NONE', #2225, #1457, #2018 ) ;
#1533 = VECTOR ( 'NONE', #2268, 1000.000000000000000 ) ;
#1534 = PLANE ( 'NONE',  #1461 ) ;
#1535 = EDGE_CURVE ( 'NONE', #89, #160, #280, .T. ) ;
#1536 = VERTEX_POINT ( 'NONE', #2299 ) ;
#1537 = CARTESIAN_POINT ( 'NONE',  ( -52.01636321135611496, -10.98363678864388504, 38.47124395813485620 ) ) ;
#1538 = DIRECTION ( 'NONE',  ( -0.000000000000000000, 1.000000000000000000, -0.000000000000000000 ) ) ;
#1539 = ORIENTED_EDGE ( 'NONE', *, *, #2144, .T. ) ;
#1540 = LINE ( 'NONE', #2068, #53 ) ;
#1541 = DIRECTION ( 'NONE',  ( -0.000000000000000000, 1.000000000000000000, -0.000000000000000000 ) ) ;
#1542 = ORIENTED_EDGE ( 'NONE', *, *, #1873, .T. ) ;
#1543 = CARTESIAN_POINT ( 'NONE',  ( -11.40000000000000213, -7.000000000000000000, 21.50000000000001066 ) ) ;
#1544 = CC_DESIGN_PERSON_AND_ORGANIZATION_ASSIGNMENT ( #1756, #1589, ( #1818 ) ) ;
#1545 = VERTEX_POINT ( 'NONE', #1389 ) ;
#1546 = ADVANCED_FACE ( 'NONE', ( #446, #86 ), #2278, .F. ) ;
#1547 = LINE ( 'NONE', #2097, #1650 ) ;
#1548 = DIRECTION ( 'NONE',  ( -0.000000000000000000, -1.000000000000000000, 0.000000000000000000 ) ) ;
#1549 = DIRECTION ( 'NONE',  ( -0.000000000000000000, 1.000000000000000000, -0.000000000000000000 ) ) ;
#1550 = EDGE_LOOP ( 'NONE', ( #54, #1766, #468, #105 ) ) ;
#1551 = LINE ( 'NONE', #407, #1108 ) ;
#1552 = CYLINDRICAL_SURFACE ( 'NONE', #819, 2.000000000000001776 ) ;
#1553 = ORIENTED_EDGE ( 'NONE', *, *, #1646, .F. ) ;
#1554 = PERSON_AND_ORGANIZATION ( #949, #2132 ) ;
#1555 = ADVANCED_FACE ( 'NONE', ( #1163 ), #603, .F. ) ;
#1556 = ORIENTED_EDGE ( 'NONE', *, *, #2014, .T. ) ;
#1557 = CARTESIAN_POINT ( 'NONE',  ( 35.40000000000002700, 0.000000000000000000, 23.50000000000001066 ) ) ;
#1558 = LINE ( 'NONE', #2279, #997 ) ;
#1559 = VECTOR ( 'NONE', #519, 1000.000000000000000 ) ;
#1560 = ORIENTED_EDGE ( 'NONE', *, *, #886, .T. ) ;
#1561 = DIRECTION ( 'NONE',  ( 0.000000000000000000, 0.000000000000000000, 1.000000000000000000 ) ) ;
#1562 = VECTOR ( 'NONE', #1763, 1000.000000000000000 ) ;
#1563 = DIRECTION ( 'NONE',  ( -0.000000000000000000, 1.000000000000000000, -0.000000000000000000 ) ) ;
#1564 = AXIS2_PLACEMENT_3D ( 'NONE', #1970, #295, #679 ) ;
#1565 = EDGE_LOOP ( 'NONE', ( #700, #507 ) ) ;
#1566 = ORIENTED_EDGE ( 'NONE', *, *, #1021, .F. ) ;
#1567 = AXIS2_PLACEMENT_3D ( 'NONE', #2258, #236, #1515 ) ;
#1568 = VECTOR ( 'NONE', #881, 1000.000000000000000 ) ;
#1569 = LINE ( 'NONE', #497, #1142 ) ;
#1570 = CIRCLE ( 'NONE', #917, 2.000000000000001776 ) ;
#1571 = ADVANCED_FACE ( 'NONE', ( #801 ), #635, .F. ) ;
#1572 = CARTESIAN_POINT ( 'NONE',  ( 48.49999999999999289, 3.000000000000000000, -33.25000000000001421 ) ) ;
#1573 = ORIENTED_EDGE ( 'NONE', *, *, #1667, .F. ) ;
#1574 = CARTESIAN_POINT ( 'NONE',  ( -23.40000000000001279, -9.000000000000000000, 17.60000000000001208 ) ) ;
#1575 = CARTESIAN_POINT ( 'NONE',  ( 46.64644660940683707, -9.000000000000000000, -46.64644660940663101 ) ) ;
#1576 = DIRECTION ( 'NONE',  ( -0.000000000000000000, 1.000000000000000000, -0.000000000000000000 ) ) ;
#1577 = PERSON_AND_ORGANIZATION ( #949, #2132 ) ;
#1578 = ORIENTED_EDGE ( 'NONE', *, *, #1610, .F. ) ;
#1579 = EDGE_LOOP ( 'NONE', ( #690, #1894, #1308, #262 ) ) ;
#1580 = DIRECTION ( 'NONE',  ( 0.000000000000000000, 1.000000000000000000, -0.000000000000000000 ) ) ;
#1581 = CARTESIAN_POINT ( 'NONE',  ( -54.50000000000000711, 3.000000000000000000, -39.50000000000000711 ) ) ;
#1582 = EDGE_CURVE ( 'NONE', #2152, #677, #2121, .T. ) ;
#1583 = ORIENTED_EDGE ( 'NONE', *, *, #930, .T. ) ;
#1584 = DIRECTION ( 'NONE',  ( -1.000000000000000000, 0.000000000000000000, 0.000000000000000000 ) ) ;
#1585 = CARTESIAN_POINT ( 'NONE',  ( 48.49999999999999289, 3.000000000000000000, -36.50000000000001421 ) ) ;
#1586 = EDGE_CURVE ( 'NONE', #2152, #1069, #625, .T. ) ;
#1587 = ORIENTED_EDGE ( 'NONE', *, *, #2189, .T. ) ;
#1588 = LINE ( 'NONE', #2356, #2373 ) ;
#1589 = PERSON_AND_ORGANIZATION_ROLE ( 'design_owner' ) ;
#1590 = CARTESIAN_POINT ( 'NONE',  ( 11.40000000000001457, -7.000000000000000000, -23.50000000000000711 ) ) ;
#1591 = ORIENTED_EDGE ( 'NONE', *, *, #35, .F. ) ;
#1592 = EDGE_CURVE ( 'NONE', #731, #1993, #1712, .T. ) ;
#1593 = DIRECTION ( 'NONE',  ( 0.000000000000000000, -0.000000000000000000, -1.000000000000000000 ) ) ;
#1594 = DIRECTION ( 'NONE',  ( 0.000000000000000000, 0.000000000000000000, 1.000000000000000000 ) ) ;
#1595 = EDGE_LOOP ( 'NONE', ( #2298, #360, #188, #1917 ) ) ;
#1596 = CARTESIAN_POINT ( 'NONE',  ( 23.40000000000000213, -9.000000000000000000, -18.59999999999998010 ) ) ;
#1597 = DIRECTION ( 'NONE',  ( -0.000000000000000000, 1.000000000000000000, -0.000000000000000000 ) ) ;
#1598 = CYLINDRICAL_SURFACE ( 'NONE', #2028, 3.249999999999996003 ) ;
#1599 = LOCAL_TIME ( 11, 55, 41.00000000000000000, #1004 ) ;
#1600 = CIRCLE ( 'NONE', #861, 1.000000000000000888 ) ;
#1601 = VERTEX_POINT ( 'NONE', #996 ) ;
#1602 = COORDINATED_UNIVERSAL_TIME_OFFSET ( 0, 0, .AHEAD. ) ;
#1603 = CARTESIAN_POINT ( 'NONE',  ( -35.40000000000000568, -7.000000000000000000, -21.50000000000000000 ) ) ;
#1604 = VECTOR ( 'NONE', #310, 1000.000000000000000 ) ;
#1605 = VERTEX_POINT ( 'NONE', #2088 ) ;
#1606 = ORIENTED_EDGE ( 'NONE', *, *, #103, .F. ) ;
#1607 = EDGE_LOOP ( 'NONE', ( #1776, #1301, #2, #623 ) ) ;
#1608 = VECTOR ( 'NONE', #1576, 1000.000000000000000 ) ;
#1609 = CARTESIAN_POINT ( 'NONE',  ( -7.300000000000007816, 0.000000000000000000, -27.59999999999999787 ) ) ;
#1610 = EDGE_CURVE ( 'NONE', #2343, #867, #1208, .T. ) ;
#1611 = DIRECTION ( 'NONE',  ( 0.000000000000000000, 0.000000000000000000, -1.000000000000000000 ) ) ;
#1612 = ORIENTED_EDGE ( 'NONE', *, *, #492, .F. ) ;
#1613 = CARTESIAN_POINT ( 'NONE',  ( -39.50000000000000711, 0.000000000000000000, 27.60000000000000853 ) ) ;
#1614 = FACE_OUTER_BOUND ( 'NONE', #2293, .T. ) ;
#1615 = VECTOR ( 'NONE', #1326, 1000.000000000000000 ) ;
#1616 = DIRECTION ( 'NONE',  ( 0.000000000000000000, 0.000000000000000000, 1.000000000000000000 ) ) ;
#1617 = CARTESIAN_POINT ( 'NONE',  ( -48.50000000000000711, -0.4000000000000001887, -36.50000000000001421 ) ) ;
#1618 = APPLICATION_CONTEXT ( 'configuration controlled 3d designs of mechanical parts and assemblies' ) ;
#1619 = EDGE_CURVE ( 'NONE', #2307, #795, #2288, .T. ) ;
#1620 = ORIENTED_EDGE ( 'NONE', *, *, #1629, .F. ) ;
#1621 = VERTEX_POINT ( 'NONE', #1188 ) ;
#1622 = EDGE_CURVE ( 'NONE', #1751, #1664, #422, .T. ) ;
#1623 = FACE_OUTER_BOUND ( 'NONE', #2310, .T. ) ;
#1624 = ORIENTED_EDGE ( 'NONE', *, *, #645, .F. ) ;
#1625 = DIRECTION ( 'NONE',  ( -0.000000000000000000, 1.000000000000000000, -0.000000000000000000 ) ) ;
#1626 = DIRECTION ( 'NONE',  ( 0.000000000000000000, -0.000000000000000000, 1.000000000000000000 ) ) ;
#1627 = CYLINDRICAL_SURFACE ( 'NONE', #1879, 2.000000000000001776 ) ;
#1628 = DIRECTION ( 'NONE',  ( 0.000000000000000000, 0.000000000000000000, 1.000000000000000000 ) ) ;
#1629 = EDGE_CURVE ( 'NONE', #1043, #867, #2111, .T. ) ;
#1630 = DIRECTION ( 'NONE',  ( 1.077467997501122450E-16, -0.000000000000000000, 1.000000000000000000 ) ) ;
#1631 = EDGE_LOOP ( 'NONE', ( #1434, #2254, #681, #1799 ) ) ;
#1632 = DIRECTION ( 'NONE',  ( 0.000000000000000000, -1.000000000000000000, 0.000000000000000000 ) ) ;
#1633 = CARTESIAN_POINT ( 'NONE',  ( 35.40000000000002700, 0.000000000000000000, 25.50000000000001421 ) ) ;
#1634 = CARTESIAN_POINT ( 'NONE',  ( 7.299999999999991829, 3.000000000000000000, 27.60000000000000142 ) ) ;
#1635 = LINE ( 'NONE', #122, #980 ) ;
#1636 = VECTOR ( 'NONE', #1771, 1000.000000000000000 ) ;
#1637 = DIRECTION ( 'NONE',  ( 1.000000000000000000, -0.000000000000000000, 0.000000000000000000 ) ) ;
#1638 = AXIS2_PLACEMENT_3D ( 'NONE', #1365, #98, #614 ) ;
#1639 = CIRCLE ( 'NONE', #1179, 1.700000000000000178 ) ;
#1640 = PLANE ( 'NONE',  #557 ) ;
#1641 = ORIENTED_EDGE ( 'NONE', *, *, #529, .T. ) ;
#1642 = VECTOR ( 'NONE', #1857, 1000.000000000000000 ) ;
#1643 = ORIENTED_EDGE ( 'NONE', *, *, #1356, .T. ) ;
#1644 = CYLINDRICAL_SURFACE ( 'NONE', #2182, 2.000000000000005329 ) ;
#1645 = CARTESIAN_POINT ( 'NONE',  ( 39.49999999999999289, 3.000000000000000000, 27.59999999999999787 ) ) ;
#1646 = EDGE_CURVE ( 'NONE', #1312, #674, #51, .T. ) ;
#1647 = AXIS2_PLACEMENT_3D ( 'NONE', #16, #944, #1863 ) ;
#1648 = ADVANCED_FACE ( 'NONE', ( #1346 ), #788, .F. ) ;
#1649 = DIRECTION ( 'NONE',  ( 1.000000000000000000, -0.000000000000000000, 0.000000000000000000 ) ) ;
#1650 = VECTOR ( 'NONE', #1161, 1000.000000000000000 ) ;
#1651 = FACE_OUTER_BOUND ( 'NONE', #60, .T. ) ;
#1652 = ORIENTED_EDGE ( 'NONE', *, *, #2096, .F. ) ;
#1653 = AXIS2_PLACEMENT_3D ( 'NONE', #1366, #1538, #271 ) ;
#1654 = LINE ( 'NONE', #23, #750 ) ;
#1655 = ORIENTED_EDGE ( 'NONE', *, *, #1368, .T. ) ;
#1656 = LINE ( 'NONE', #1100, #957 ) ;
#1657 = ORIENTED_EDGE ( 'NONE', *, *, #155, .F. ) ;
#1658 = CARTESIAN_POINT ( 'NONE',  ( 46.64644660940660970, -9.000000000000000000, 46.64644660940682286 ) ) ;
#1659 = LINE ( 'NONE', #192, #1522 ) ;
#1660 = EDGE_CURVE ( 'NONE', #543, #1783, #1007, .T. ) ;
#1661 = CARTESIAN_POINT ( 'NONE',  ( 48.49999999999999289, 3.000000000000000000, -34.80000000000001137 ) ) ;
#1662 = EDGE_LOOP ( 'NONE', ( #1477, #1221 ) ) ;
#1663 = FACE_OUTER_BOUND ( 'NONE', #1029, .T. ) ;
#1664 = VERTEX_POINT ( 'NONE', #810 ) ;
#1665 = EDGE_CURVE ( 'NONE', #1824, #1399, #242, .T. ) ;
#1666 = DIRECTION ( 'NONE',  ( -0.000000000000000000, 1.000000000000000000, -0.000000000000000000 ) ) ;
#1667 = EDGE_CURVE ( 'NONE', #773, #376, #1600, .T. ) ;
#1668 = LINE ( 'NONE', #1701, #1381 ) ;
#1669 = EDGE_LOOP ( 'NONE', ( #1702, #38, #1401, #1198 ) ) ;
#1670 = DIRECTION ( 'NONE',  ( 0.000000000000000000, -1.000000000000000000, 0.000000000000000000 ) ) ;
#1671 = DIRECTION ( 'NONE',  ( 0.000000000000000000, 0.000000000000000000, 1.000000000000000000 ) ) ;
#1672 = CARTESIAN_POINT ( 'NONE',  ( 11.40000000000002345, -7.000000000000000000, 25.50000000000000711 ) ) ;
#1673 = DIRECTION ( 'NONE',  ( 0.000000000000000000, -0.000000000000000000, 1.000000000000000000 ) ) ;
#1674 = EDGE_CURVE ( 'NONE', #1786, #1265, #1017, .T. ) ;
#1675 = LINE ( 'NONE', #1133, #1498 ) ;
#1676 = DIRECTION ( 'NONE',  ( 1.000000000000000000, 0.000000000000000000, -1.077467997501122450E-16 ) ) ;
#1677 = LOCAL_TIME ( 11, 55, 41.00000000000000000, #1206 ) ;
#1678 = CARTESIAN_POINT ( 'NONE',  ( -11.40000000000000746, -7.000000000000000000, -23.50000000000000000 ) ) ;
#1679 = AXIS2_PLACEMENT_3D ( 'NONE', #1402, #1774, #865 ) ;
#1680 = ORIENTED_EDGE ( 'NONE', *, *, #370, .T. ) ;
#1681 = FACE_OUTER_BOUND ( 'NONE', #184, .T. ) ;
#1682 = CARTESIAN_POINT ( 'NONE',  ( -35.40000000000000568, -7.000000000000000000, -23.50000000000000000 ) ) ;
#1683 = ORIENTED_EDGE ( 'NONE', *, *, #990, .F. ) ;
#1684 = EDGE_CURVE ( 'NONE', #439, #2280, #1569, .T. ) ;
#1685 = DIRECTION ( 'NONE',  ( 0.000000000000000000, 0.000000000000000000, 1.000000000000000000 ) ) ;
#1686 = AXIS2_PLACEMENT_3D ( 'NONE', #1634, #1649, #2367 ) ;
#1687 = DIRECTION ( 'NONE',  ( 0.000000000000000000, 0.000000000000000000, -1.000000000000000000 ) ) ;
#1688 = DIRECTION ( 'NONE',  ( 0.000000000000000000, 1.000000000000000000, -0.000000000000000000 ) ) ;
#1689 = LINE ( 'NONE', #1723, #2320 ) ;
#1690 = AXIS2_PLACEMENT_3D ( 'NONE', #680, #2322, #1611 ) ;
#1691 = ORIENTED_EDGE ( 'NONE', *, *, #2075, .T. ) ;
#1692 = EDGE_CURVE ( 'NONE', #2152, #238, #1046, .T. ) ;
#1693 = CARTESIAN_POINT ( 'NONE',  ( -54.50000000000000711, -8.500000000000000000, -39.50000000000000711 ) ) ;
#1694 = EDGE_LOOP ( 'NONE', ( #1183, #834, #5, #2237 ) ) ;
#1695 = DIRECTION ( 'NONE',  ( 0.000000000000000000, -1.000000000000000000, 0.000000000000000000 ) ) ;
#1696 = DIRECTION ( 'NONE',  ( -0.000000000000000000, 1.000000000000000000, -0.000000000000000000 ) ) ;
#1697 = CARTESIAN_POINT ( 'NONE',  ( 39.49999999999999289, 3.000000000000000000, -27.59999999999999787 ) ) ;
#1698 = EDGE_CURVE ( 'NONE', #229, #1621, #282, .T. ) ;
#1699 = ORIENTED_EDGE ( 'NONE', *, *, #1646, .T. ) ;
#1700 = CARTESIAN_POINT ( 'NONE',  ( 7.299999999999991829, 3.000000000000000000, -27.59999999999999432 ) ) ;
#1701 = CARTESIAN_POINT ( 'NONE',  ( 54.49999999999999289, -8.500000000000000000, -39.49999999999999289 ) ) ;
#1702 = ORIENTED_EDGE ( 'NONE', *, *, #951, .F. ) ;
#1703 = DIRECTION ( 'NONE',  ( -1.077467997501122450E-16, 0.000000000000000000, -1.000000000000000000 ) ) ;
#1704 = ORIENTED_EDGE ( 'NONE', *, *, #2057, .T. ) ;
#1705 = FACE_BOUND ( 'NONE', #316, .T. ) ;
#1706 = CYLINDRICAL_SURFACE ( 'NONE', #784, 1.000000000000000888 ) ;
#1707 = EDGE_LOOP ( 'NONE', ( #417, #506 ) ) ;
#1708 = VECTOR ( 'NONE', #1510, 1000.000000000000000 ) ;
#1709 = DIRECTION ( 'NONE',  ( -0.000000000000000000, 1.000000000000000000, -0.000000000000000000 ) ) ;
#1710 = AXIS2_PLACEMENT_3D ( 'NONE', #165, #1458, #2200 ) ;
#1711 = ORIENTED_EDGE ( 'NONE', *, *, #1785, .F. ) ;
#1712 = LINE ( 'NONE', #456, #584 ) ;
#1713 = VECTOR ( 'NONE', #450, 1000.000000000000000 ) ;
#1714 = DIRECTION ( 'NONE',  ( 0.000000000000000000, 0.000000000000000000, -1.000000000000000000 ) ) ;
#1715 = AXIS2_PLACEMENT_3D ( 'NONE', #1585, #1230, #286 ) ;
#1716 = ORIENTED_EDGE ( 'NONE', *, *, #47, .T. ) ;
#1717 = DIRECTION ( 'NONE',  ( -0.000000000000000000, 1.000000000000000000, -0.000000000000000000 ) ) ;
#1718 = EDGE_CURVE ( 'NONE', #333, #1276, #243, .T. ) ;
#1719 = CARTESIAN_POINT ( 'NONE',  ( 51.49999999999999289, -9.000000000000000000, -42.00000000000000711 ) ) ;
#1720 = EDGE_CURVE ( 'NONE', #266, #1751, #87, .T. ) ;
#1721 = ORIENTED_EDGE ( 'NONE', *, *, #1204, .F. ) ;
#1722 = AXIS2_PLACEMENT_3D ( 'NONE', #2238, #216, #39 ) ;
#1723 = CARTESIAN_POINT ( 'NONE',  ( 23.40000000000000213, -9.000000000000000000, 18.60000000000001918 ) ) ;
#1724 = EDGE_LOOP ( 'NONE', ( #1059, #803 ) ) ;
#1725 = AXIS2_PLACEMENT_3D ( 'NONE', #2217, #348, #1097 ) ;
#1726 = VECTOR ( 'NONE', #1209, 1000.000000000000000 ) ;
#1727 = DIRECTION ( 'NONE',  ( 0.000000000000000000, 1.000000000000000000, -0.000000000000000000 ) ) ;
#1728 = DIRECTION ( 'NONE',  ( -0.000000000000000000, -1.000000000000000000, -0.000000000000000000 ) ) ;
#1729 = CARTESIAN_POINT ( 'NONE',  ( 48.49999999999999289, -9.000000000000001776, 38.20000000000000995 ) ) ;
#1730 = ORIENTED_EDGE ( 'NONE', *, *, #661, .T. ) ;
#1731 = ORIENTED_EDGE ( 'NONE', *, *, #2115, .F. ) ;
#1732 = CARTESIAN_POINT ( 'NONE',  ( -39.50000000000000711, 0.000000000000000000, 27.60000000000000853 ) ) ;
#1733 = CARTESIAN_POINT ( 'NONE',  ( -39.50000000000000711, 3.000000000000000000, -27.59999999999999432 ) ) ;
#1734 = EDGE_CURVE ( 'NONE', #1751, #266, #908, .T. ) ;
#1735 = ORIENTED_EDGE ( 'NONE', *, *, #2265, .T. ) ;
#1736 = DATE_AND_TIME ( #843, #859 ) ;
#1737 = ORIENTED_EDGE ( 'NONE', *, *, #1976, .T. ) ;
#1738 = VERTEX_POINT ( 'NONE', #1223 ) ;
#1739 = CARTESIAN_POINT ( 'NONE',  ( 39.49999999999999289, 3.000000000000000000, 27.59999999999999787 ) ) ;
#1740 = DIRECTION ( 'NONE',  ( -0.000000000000000000, 1.000000000000000000, -0.000000000000000000 ) ) ;
#1741 = ORIENTED_EDGE ( 'NONE', *, *, #2004, .F. ) ;
#1742 = CARTESIAN_POINT ( 'NONE',  ( -23.40000000000000924, -9.000000000000000000, -16.59999999999998721 ) ) ;
#1743 = DIRECTION ( 'NONE',  ( -0.000000000000000000, 1.000000000000000000, -0.000000000000000000 ) ) ;
#1744 = VERTEX_POINT ( 'NONE', #127 ) ;
#1745 = APPLICATION_PROTOCOL_DEFINITION ( 'international standard', 'config_control_design', 1994, #739 ) ;
#1746 = ADVANCED_FACE ( 'NONE', ( #1432 ), #111, .F. ) ;
#1747 = VERTEX_POINT ( 'NONE', #1251 ) ;
#1748 = CARTESIAN_POINT ( 'NONE',  ( 48.49999999999999289, 3.000000000000000000, -39.75000000000000711 ) ) ;
#1749 = DIRECTION ( 'NONE',  ( -0.7071067811865491270, -0.000000000000000000, 0.7071067811865459074 ) ) ;
#1750 = VECTOR ( 'NONE', #2003, 1000.000000000000000 ) ;
#1751 = VERTEX_POINT ( 'NONE', #2321 ) ;
#1752 = DIRECTION ( 'NONE',  ( -0.000000000000000000, 1.000000000000000000, -0.000000000000000000 ) ) ;
#1753 = DIRECTION ( 'NONE',  ( 0.000000000000000000, 0.000000000000000000, 1.000000000000000000 ) ) ;
#1754 = AXIS2_PLACEMENT_3D ( 'NONE', #720, #1470, #1858 ) ;
#1755 = DIRECTION ( 'NONE',  ( -0.000000000000000000, 1.000000000000000000, -0.000000000000000000 ) ) ;
#1756 = PERSON_AND_ORGANIZATION ( #949, #2132 ) ;
#1757 = VECTOR ( 'NONE', #1481, 1000.000000000000000 ) ;
#1758 = ORIENTED_EDGE ( 'NONE', *, *, #1252, .T. ) ;
#1759 = AXIS2_PLACEMENT_3D ( 'NONE', #1309, #343, #1999 ) ;
#1760 = VERTEX_POINT ( 'NONE', #1609 ) ;
#1761 = EDGE_CURVE ( 'NONE', #1317, #1601, #2253, .T. ) ;
#1762 = CIRCLE ( 'NONE', #711, 2.000000000000001776 ) ;
#1763 = DIRECTION ( 'NONE',  ( 0.7071067811865491270, -0.000000000000000000, -0.7071067811865459074 ) ) ;
#1764 = CIRCLE ( 'NONE', #1959, 1.700000000000000178 ) ;
#1765 = DIRECTION ( 'NONE',  ( -0.000000000000000000, 1.000000000000000000, -0.000000000000000000 ) ) ;
#1766 = ORIENTED_EDGE ( 'NONE', *, *, #1237, .F. ) ;
#1767 = FACE_OUTER_BOUND ( 'NONE', #1028, .T. ) ;
#1768 = LINE ( 'NONE', #2312, #2326 ) ;
#1769 = CARTESIAN_POINT ( 'NONE',  ( -23.40000000000000924, -9.000000000000000000, -18.59999999999998721 ) ) ;
#1770 = DATE_AND_TIME ( #289, #1599 ) ;
#1771 = DIRECTION ( 'NONE',  ( -0.7071067811865459074, -0.000000000000000000, -0.7071067811865491270 ) ) ;
#1772 = EDGE_CURVE ( 'NONE', #543, #402, #1982, .T. ) ;
#1773 = EDGE_LOOP ( 'NONE', ( #2077, #313 ) ) ;
#1774 = DIRECTION ( 'NONE',  ( 0.000000000000000000, 1.000000000000000000, -0.000000000000000000 ) ) ;
#1775 = DIRECTION ( 'NONE',  ( 0.000000000000000000, -0.000000000000000000, -1.000000000000000000 ) ) ;
#1776 = ORIENTED_EDGE ( 'NONE', *, *, #821, .F. ) ;
#1777 = FACE_BOUND ( 'NONE', #382, .T. ) ;
#1778 = DIRECTION ( 'NONE',  ( 0.000000000000000000, -0.000000000000000000, 1.000000000000000000 ) ) ;
#1779 = DIRECTION ( 'NONE',  ( 0.000000000000000000, 0.000000000000000000, 1.000000000000000000 ) ) ;
#1780 = DIRECTION ( 'NONE',  ( 0.000000000000000000, 0.000000000000000000, -1.000000000000000000 ) ) ;
#1781 = PERSON_AND_ORGANIZATION ( #949, #2132 ) ;
#1782 = DIRECTION ( 'NONE',  ( -0.2810846377148167319, 0.6785983445458464436, -0.6785983445458489971 ) ) ;
#1783 = VERTEX_POINT ( 'NONE', #2162 ) ;
#1784 = EDGE_CURVE ( 'NONE', #598, #567, #1483, .T. ) ;
#1785 = EDGE_CURVE ( 'NONE', #1786, #1545, #782, .T. ) ;
#1786 = VERTEX_POINT ( 'NONE', #1883 ) ;
#1787 = ORIENTED_EDGE ( 'NONE', *, *, #1897, .T. ) ;
#1788 = ORIENTED_EDGE ( 'NONE', *, *, #2084, .T. ) ;
#1789 = DIRECTION ( 'NONE',  ( 0.7071067811865459074, -0.000000000000000000, 0.7071067811865491270 ) ) ;
#1790 = FACE_OUTER_BOUND ( 'NONE', #918, .T. ) ;
#1791 = ORIENTED_EDGE ( 'NONE', *, *, #1484, .T. ) ;
#1792 = CARTESIAN_POINT ( 'NONE',  ( 53.99999999999999289, -9.000000000000000000, 39.29289321881347519 ) ) ;
#1793 = DIRECTION ( 'NONE',  ( -0.000000000000000000, 1.000000000000000000, -0.000000000000000000 ) ) ;
#1794 = AXIS2_PLACEMENT_3D ( 'NONE', #586, #988, #1676 ) ;
#1795 = ADVANCED_FACE ( 'NONE', ( #563 ), #359, .T. ) ;
#1796 = CARTESIAN_POINT ( 'NONE',  ( 39.49999999999999289, 3.000000000000000000, 27.59999999999999787 ) ) ;
#1797 = CARTESIAN_POINT ( 'NONE',  ( -54.50000000000000711, -8.500000000000000000, 39.49999999999996447 ) ) ;
#1798 = ADVANCED_FACE ( 'NONE', ( #1831 ), #1462, .T. ) ;
#1799 = ORIENTED_EDGE ( 'NONE', *, *, #511, .T. ) ;
#1800 = ORIENTED_EDGE ( 'NONE', *, *, #1582, .F. ) ;
#1801 = AXIS2_PLACEMENT_3D ( 'NONE', #392, #971, #581 ) ;
#1802 = FACE_OUTER_BOUND ( 'NONE', #656, .T. ) ;
#1803 = VECTOR ( 'NONE', #158, 1000.000000000000000 ) ;
#1804 = ORIENTED_EDGE ( 'NONE', *, *, #2395, .F. ) ;
#1805 = FACE_OUTER_BOUND ( 'NONE', #2082, .T. ) ;
#1806 = PLANE ( 'NONE',  #129 ) ;
#1807 = CIRCLE ( 'NONE', #96, 1.000000000000000888 ) ;
#1808 = ORIENTED_EDGE ( 'NONE', *, *, #1592, .T. ) ;
#1809 = EDGE_CURVE ( 'NONE', #628, #1422, #2048, .T. ) ;
#1810 = CARTESIAN_POINT ( 'NONE',  ( 7.299999999999991829, 0.000000000000000000, 27.60000000000000142 ) ) ;
#1811 = EDGE_LOOP ( 'NONE', ( #533, #2207 ) ) ;
#1812 = CARTESIAN_POINT ( 'NONE',  ( -35.40000000000000568, -7.000000000000000000, -25.50000000000000355 ) ) ;
#1813 = VERTEX_POINT ( 'NONE', #2215 ) ;
#1814 = CARTESIAN_POINT ( 'NONE',  ( -23.40000000000000924, -9.000000000000000000, -16.59999999999998721 ) ) ;
#1815 = PLANE ( 'NONE',  #2135 ) ;
#1816 = DIRECTION ( 'NONE',  ( 0.000000000000000000, -1.000000000000000000, 0.000000000000000000 ) ) ;
#1817 = DIRECTION ( 'NONE',  ( -2.154935995002244899E-16, 0.000000000000000000, -1.000000000000000000 ) ) ;
#1818 = PRODUCT ( 'support_plate_bottom', 'support_plate_bottom', '', ( #1247 ) ) ;
#1819 = CARTESIAN_POINT ( 'NONE',  ( -54.50000000000000711, 3.000000000000000000, -42.50000000000000711 ) ) ;
#1820 = ORIENTED_EDGE ( 'NONE', *, *, #1291, .T. ) ;
#1821 = CC_DESIGN_DATE_AND_TIME_ASSIGNMENT ( #1736, #71, ( #1394 ) ) ;
#1822 = EDGE_CURVE ( 'NONE', #753, #1536, #746, .T. ) ;
#1823 = DIRECTION ( 'NONE',  ( -0.000000000000000000, 1.000000000000000000, -0.000000000000000000 ) ) ;
#1824 = VERTEX_POINT ( 'NONE', #169 ) ;
#1825 = ORIENTED_EDGE ( 'NONE', *, *, #663, .F. ) ;
#1826 = CIRCLE ( 'NONE', #1099, 1.000000000000000888 ) ;
#1827 = LINE ( 'NONE', #1127, #2184 ) ;
#1828 = DIRECTION ( 'NONE',  ( -0.000000000000000000, 1.000000000000000000, -0.000000000000000000 ) ) ;
#1829 = CARTESIAN_POINT ( 'NONE',  ( -51.49999999999997868, -8.500000000000000000, 42.50000000000000711 ) ) ;
#1830 = VECTOR ( 'NONE', #1412, 1000.000000000000000 ) ;
#1831 = FACE_OUTER_BOUND ( 'NONE', #1431, .T. ) ;
#1832 = ORIENTED_EDGE ( 'NONE', *, *, #374, .T. ) ;
#1833 = CARTESIAN_POINT ( 'NONE',  ( 35.40000000000002700, -7.000000000000000000, 23.50000000000001066 ) ) ;
#1834 = AXIS2_PLACEMENT_3D ( 'NONE', #384, #926, #1280 ) ;
#1835 = AXIS2_PLACEMENT_3D ( 'NONE', #574, #1867, #551 ) ;
#1836 = ADVANCED_FACE ( 'NONE', ( #759 ), #1144, .F. ) ;
#1837 = PLANE ( 'NONE',  #830 ) ;
#1838 = ORIENTED_EDGE ( 'NONE', *, *, #303, .T. ) ;
#1839 = VECTOR ( 'NONE', #1696, 1000.000000000000000 ) ;
#1840 = VERTEX_POINT ( 'NONE', #1697 ) ;
#1841 = CARTESIAN_POINT ( 'NONE',  ( 51.49999999999997868, -8.500000000000000000, 42.50000000000000711 ) ) ;
#1842 = EDGE_CURVE ( 'NONE', #1885, #1941, #1071, .T. ) ;
#1843 = CYLINDRICAL_SURFACE ( 'NONE', #1215, 1.000000000000000888 ) ;
#1844 = CIRCLE ( 'NONE', #2146, 3.249999999999996003 ) ;
#1845 = CARTESIAN_POINT ( 'NONE',  ( 23.40000000000000213, -9.000000000000000000, -17.59999999999998010 ) ) ;
#1846 = ORIENTED_EDGE ( 'NONE', *, *, #134, .F. ) ;
#1847 = AXIS2_PLACEMENT_3D ( 'NONE', #1083, #1444, #1972 ) ;
#1848 = DIRECTION ( 'NONE',  ( -0.000000000000000000, 1.000000000000000000, -0.000000000000000000 ) ) ;
#1849 = ADVANCED_FACE ( 'NONE', ( #1325 ), #732, .F. ) ;
#1850 = FACE_OUTER_BOUND ( 'NONE', #1694, .T. ) ;
#1851 = ORIENTED_EDGE ( 'NONE', *, *, #778, .T. ) ;
#1852 = DIRECTION ( 'NONE',  ( -1.000000000000000000, -0.000000000000000000, 1.077467997501122450E-16 ) ) ;
#1853 = ORIENTED_EDGE ( 'NONE', *, *, #1718, .T. ) ;
#1854 = DIRECTION ( 'NONE',  ( 0.000000000000000000, 1.000000000000000000, 0.000000000000000000 ) ) ;
#1855 = ADVANCED_FACE ( 'NONE', ( #1651 ), #2381, .F. ) ;
#1856 = CARTESIAN_POINT ( 'NONE',  ( -48.50000000000000711, 3.000000000000000000, -34.80000000000001137 ) ) ;
#1857 = DIRECTION ( 'NONE',  ( -0.000000000000000000, -1.000000000000000000, -0.000000000000000000 ) ) ;
#1858 = DIRECTION ( 'NONE',  ( 0.000000000000000000, 0.000000000000000000, 1.000000000000000000 ) ) ;
#1859 = CARTESIAN_POINT ( 'NONE',  ( -54.50000000000000711, 3.000000000000000000, -39.50000000000000711 ) ) ;
#1860 = ADVANCED_FACE ( 'NONE', ( #1663 ), #2202, .F. ) ;
#1861 = DIRECTION ( 'NONE',  ( 0.000000000000000000, -0.7071067811865489050, 0.7071067811865462405 ) ) ;
#1862 = VERTEX_POINT ( 'NONE', #2239 ) ;
#1863 = DIRECTION ( 'NONE',  ( 0.000000000000000000, 0.000000000000000000, 1.000000000000000000 ) ) ;
#1864 = FACE_BOUND ( 'NONE', #1811, .T. ) ;
#1865 = ORIENTED_EDGE ( 'NONE', *, *, #2144, .F. ) ;
#1866 = DIRECTION ( 'NONE',  ( 0.000000000000000000, 0.000000000000000000, 1.000000000000000000 ) ) ;
#1867 = DIRECTION ( 'NONE',  ( -0.000000000000000000, 1.000000000000000000, -0.000000000000000000 ) ) ;
#1868 = EDGE_CURVE ( 'NONE', #925, #1760, #538, .T. ) ;
#1869 = DIRECTION ( 'NONE',  ( 0.000000000000000000, 0.000000000000000000, -1.000000000000000000 ) ) ;
#1870 = CARTESIAN_POINT ( 'NONE',  ( 48.49999999999999289, 3.000000000000000000, 36.50000000000001421 ) ) ;
#1871 = AXIS2_PLACEMENT_3D ( 'NONE', #1617, #2347, #685 ) ;
#1872 = VERTEX_POINT ( 'NONE', #1303 ) ;
#1873 = EDGE_CURVE ( 'NONE', #1337, #1009, #1373, .T. ) ;
#1874 = AXIS2_PLACEMENT_3D ( 'NONE', #260, #64, #1548 ) ;
#1875 = LINE ( 'NONE', #725, #482 ) ;
#1876 = VERTEX_POINT ( 'NONE', #2024 ) ;
#1877 = CYLINDRICAL_SURFACE ( 'NONE', #1487, 1.700000000000000178 ) ;
#1878 = ORIENTED_EDGE ( 'NONE', *, *, #2292, .F. ) ;
#1879 = AXIS2_PLACEMENT_3D ( 'NONE', #135, #871, #1616 ) ;
#1880 = ORIENTED_EDGE ( 'NONE', *, *, #2021, .T. ) ;
#1881 = DIRECTION ( 'NONE',  ( 0.000000000000000000, 0.000000000000000000, -1.000000000000000000 ) ) ;
#1882 = VECTOR ( 'NONE', #328, 1000.000000000000000 ) ;
#1883 = CARTESIAN_POINT ( 'NONE',  ( 48.49999999999999289, -0.4000000000000001887, -39.75000000000000711 ) ) ;
#1884 = VECTOR ( 'NONE', #1625, 1000.000000000000000 ) ;
#1885 = VERTEX_POINT ( 'NONE', #8 ) ;
#1886 =( NAMED_UNIT ( * ) SI_UNIT ( $, .STERADIAN. ) SOLID_ANGLE_UNIT ( ) );
#1887 = AXIS2_PLACEMENT_3D ( 'NONE', #735, #33, #197 ) ;
#1888 = FACE_BOUND ( 'NONE', #1236, .T. ) ;
#1889 = ORIENTED_EDGE ( 'NONE', *, *, #420, .T. ) ;
#1890 = DIRECTION ( 'NONE',  ( -0.000000000000000000, 1.000000000000000000, -0.000000000000000000 ) ) ;
#1891 = ORIENTED_EDGE ( 'NONE', *, *, #1784, .T. ) ;
#1892 = FACE_BOUND ( 'NONE', #1154, .T. ) ;
#1893 = LINE ( 'NONE', #1733, #947 ) ;
#1894 = ORIENTED_EDGE ( 'NONE', *, *, #1160, .T. ) ;
#1895 = DIRECTION ( 'NONE',  ( 0.000000000000000000, 0.000000000000000000, 1.000000000000000000 ) ) ;
#1896 = CARTESIAN_POINT ( 'NONE',  ( -51.49999999999997868, 3.000000000000000000, 42.50000000000000711 ) ) ;
#1897 = EDGE_CURVE ( 'NONE', #1312, #1840, #1496, .T. ) ;
#1898 = ORIENTED_EDGE ( 'NONE', *, *, #2335, .T. ) ;
#1899 = DIRECTION ( 'NONE',  ( -0.7071067811865459074, -0.000000000000000000, -0.7071067811865491270 ) ) ;
#1900 = EDGE_CURVE ( 'NONE', #279, #1250, #12, .T. ) ;
#1901 = CARTESIAN_POINT ( 'NONE',  ( 53.99999999999999289, -9.000000000000000000, 0.000000000000000000 ) ) ;
#1902 = ORIENTED_EDGE ( 'NONE', *, *, #977, .T. ) ;
#1903 = DIRECTION ( 'NONE',  ( -1.000000000000000000, -0.000000000000000000, 1.077467997501122450E-16 ) ) ;
#1904 = CARTESIAN_POINT ( 'NONE',  ( 11.40000000000001457, -7.000000000000000000, -25.50000000000000355 ) ) ;
#1905 = ORIENTED_EDGE ( 'NONE', *, *, #319, .T. ) ;
#1906 = CARTESIAN_POINT ( 'NONE',  ( -11.40000000000000213, 0.000000000000000000, 21.50000000000001066 ) ) ;
#1907 = AXIS2_PLACEMENT_3D ( 'NONE', #329, #340, #1628 ) ;
#1908 = CARTESIAN_POINT ( 'NONE',  ( -48.50000000000001421, 3.000000000000000000, 33.25000000000001421 ) ) ;
#1909 = AXIS2_PLACEMENT_3D ( 'NONE', #281, #1899, #246 ) ;
#1910 = EDGE_CURVE ( 'NONE', #1738, #2343, #237, .T. ) ;
#1911 = CARTESIAN_POINT ( 'NONE',  ( 54.49999999999999289, 3.000000000000000000, 39.50000000000000711 ) ) ;
#1912 = LINE ( 'NONE', #52, #2037 ) ;
#1913 = EDGE_CURVE ( 'NONE', #1504, #1034, #1022, .T. ) ;
#1914 = ORIENTED_EDGE ( 'NONE', *, *, #611, .T. ) ;
#1915 = LINE ( 'NONE', #68, #1302 ) ;
#1916 = DIRECTION ( 'NONE',  ( -0.000000000000000000, 1.000000000000000000, -0.000000000000000000 ) ) ;
#1917 = ORIENTED_EDGE ( 'NONE', *, *, #1919, .T. ) ;
#1918 = DIRECTION ( 'NONE',  ( -0.000000000000000000, 1.000000000000000000, -0.000000000000000000 ) ) ;
#1919 = EDGE_CURVE ( 'NONE', #399, #1358, #471, .T. ) ;
#1920 = ORIENTED_EDGE ( 'NONE', *, *, #2224, .T. ) ;
#1921 = CIRCLE ( 'NONE', #1759, 3.249999999999996003 ) ;
#1922 = AXIS2_PLACEMENT_3D ( 'NONE', #556, #388, #1 ) ;
#1923 = ORIENTED_EDGE ( 'NONE', *, *, #1182, .T. ) ;
#1924 = LINE ( 'NONE', #234, #1533 ) ;
#1925 = CARTESIAN_POINT ( 'NONE',  ( 11.40000000000002345, -7.000000000000000000, 21.50000000000001066 ) ) ;
#1926 = CYLINDRICAL_SURFACE ( 'NONE', #771, 1.999999999999998224 ) ;
#1927 = EDGE_CURVE ( 'NONE', #863, #254, #1639, .T. ) ;
#1928 = ORIENTED_EDGE ( 'NONE', *, *, #1443, .T. ) ;
#1929 = DIRECTION ( 'NONE',  ( 0.000000000000000000, 1.000000000000000000, -0.000000000000000000 ) ) ;
#1930 = DIRECTION ( 'NONE',  ( 0.000000000000000000, 0.000000000000000000, 1.000000000000000000 ) ) ;
#1931 = ORIENTED_EDGE ( 'NONE', *, *, #1077, .F. ) ;
#1932 = APPROVAL_DATE_TIME ( #652, #2220 ) ;
#1933 = DIRECTION ( 'NONE',  ( 0.000000000000000000, -1.000000000000000000, 0.000000000000000000 ) ) ;
#1934 = DIRECTION ( 'NONE',  ( 0.000000000000000000, 0.000000000000000000, 1.000000000000000000 ) ) ;
#1935 = ORIENTED_EDGE ( 'NONE', *, *, #1356, .F. ) ;
#1936 = PLANE ( 'NONE',  #1304 ) ;
#1937 = LINE ( 'NONE', #69, #514 ) ;
#1938 = FACE_OUTER_BOUND ( 'NONE', #2169, .T. ) ;
#1939 = SECURITY_CLASSIFICATION_LEVEL ( 'unclassified' ) ;
#1940 = ADVANCED_FACE ( 'NONE', ( #1516 ), #264, .F. ) ;
#1941 = VERTEX_POINT ( 'NONE', #57 ) ;
#1942 = VERTEX_POINT ( 'NONE', #630 ) ;
#1943 = DIRECTION ( 'NONE',  ( 0.000000000000000000, -1.000000000000000000, 0.000000000000000000 ) ) ;
#1944 = DIRECTION ( 'NONE',  ( 0.000000000000000000, 0.000000000000000000, -1.000000000000000000 ) ) ;
#1945 = AXIS2_PLACEMENT_3D ( 'NONE', #761, #1362, #576 ) ;
#1946 = ORIENTED_EDGE ( 'NONE', *, *, #1347, .F. ) ;
#1947 = CARTESIAN_POINT ( 'NONE',  ( 48.49999999999999289, -0.4000000000000001887, 39.75000000000000711 ) ) ;
#1948 = ADVANCED_FACE ( 'NONE', ( #442 ), #1706, .F. ) ;
#1949 = CARTESIAN_POINT ( 'NONE',  ( -51.29289321881344677, -9.000000000000000000, -42.00000000000000711 ) ) ;
#1950 = VECTOR ( 'NONE', #1789, 1000.000000000000000 ) ;
#1951 = DIRECTION ( 'NONE',  ( -0.000000000000000000, 1.000000000000000000, -0.000000000000000000 ) ) ;
#1952 = CARTESIAN_POINT ( 'NONE',  ( 11.40000000000001457, -7.000000000000000000, -23.50000000000000711 ) ) ;
#1953 = AXIS2_PLACEMENT_3D ( 'NONE', #2228, #1816, #895 ) ;
#1954 = VERTEX_POINT ( 'NONE', #2271 ) ;
#1955 = CIRCLE ( 'NONE', #914, 3.249999999999996003 ) ;
#1956 = ORIENTED_EDGE ( 'NONE', *, *, #762, .F. ) ;
#1957 = VECTOR ( 'NONE', #1343, 1000.000000000000000 ) ;
#1958 = CARTESIAN_POINT ( 'NONE',  ( -48.50000000000000711, -0.4000000000000001887, -36.50000000000001421 ) ) ;
#1959 = AXIS2_PLACEMENT_3D ( 'NONE', #2291, #1765, #2100 ) ;
#1960 = PLANE ( 'NONE',  #443 ) ;
#1961 = ORIENTED_EDGE ( 'NONE', *, *, #294, .F. ) ;
#1962 = DIRECTION ( 'NONE',  ( -0.000000000000000000, -0.7071067811865489050, -0.7071067811865462405 ) ) ;
#1963 = CARTESIAN_POINT ( 'NONE',  ( -54.50000000000000711, 3.000000000000000000, 42.50000000000000711 ) ) ;
#1964 = CARTESIAN_POINT ( 'NONE',  ( -11.40000000000000213, -7.000000000000000000, 23.50000000000001066 ) ) ;
#1965 = DIRECTION ( 'NONE',  ( -0.000000000000000000, 1.000000000000000000, -0.000000000000000000 ) ) ;
#1966 = APPROVAL_ROLE ( '' ) ;
#1967 = DIRECTION ( 'NONE',  ( 0.7071067811865459074, -0.000000000000000000, 0.7071067811865491270 ) ) ;
#1968 = VERTEX_POINT ( 'NONE', #1335 ) ;
#1969 = ORIENTED_EDGE ( 'NONE', *, *, #134, .T. ) ;
#1970 = CARTESIAN_POINT ( 'NONE',  ( 11.40000000000002345, -7.000000000000000000, 23.50000000000001066 ) ) ;
#1971 = EDGE_CURVE ( 'NONE', #686, #1005, #2069, .T. ) ;
#1972 = DIRECTION ( 'NONE',  ( 0.000000000000000000, -1.000000000000000000, 0.000000000000000000 ) ) ;
#1973 = EDGE_LOOP ( 'NONE', ( #1374, #688, #2353, #585 ) ) ;
#1974 = LINE ( 'NONE', #1986, #1112 ) ;
#1975 = DIRECTION ( 'NONE',  ( 0.000000000000000000, 1.000000000000000000, -0.000000000000000000 ) ) ;
#1976 = EDGE_CURVE ( 'NONE', #421, #1024, #985, .T. ) ;
#1977 = FACE_OUTER_BOUND ( 'NONE', #2131, .T. ) ;
#1978 = CALENDAR_DATE ( 2025, 5, 12 ) ;
#1979 = CARTESIAN_POINT ( 'NONE',  ( -48.50000000000001421, -9.000000000000001776, 38.20000000000000284 ) ) ;
#1980 = ORIENTED_EDGE ( 'NONE', *, *, #704, .F. ) ;
#1981 = ORIENTED_EDGE ( 'NONE', *, *, #2108, .T. ) ;
#1982 = LINE ( 'NONE', #1240, #1604 ) ;
#1983 = CARTESIAN_POINT ( 'NONE',  ( 35.40000000000000568, -7.000000000000000000, -23.50000000000001421 ) ) ;
#1984 = EDGE_CURVE ( 'NONE', #1043, #27, #1203, .T. ) ;
#1985 = ORIENTED_EDGE ( 'NONE', *, *, #2085, .F. ) ;
#1986 = CARTESIAN_POINT ( 'NONE',  ( 35.40000000000000568, -7.000000000000000000, -25.50000000000001421 ) ) ;
#1987 = LINE ( 'NONE', #909, #779 ) ;
#1988 = CIRCLE ( 'NONE', #1945, 1.000000000000000888 ) ;
#1989 = AXIS2_PLACEMENT_3D ( 'NONE', #2379, #1828, #2327 ) ;
#1990 = CARTESIAN_POINT ( 'NONE',  ( -23.40000000000001279, -9.000000000000000000, 16.60000000000001208 ) ) ;
#1991 = LINE ( 'NONE', #463, #393 ) ;
#1992 = AXIS2_PLACEMENT_3D ( 'NONE', #1011, #597, #805 ) ;
#1993 = VERTEX_POINT ( 'NONE', #428 ) ;
#1994 = AXIS2_PLACEMENT_3D ( 'NONE', #1205, #641, #2315 ) ;
#1995 = CARTESIAN_POINT ( 'NONE',  ( -48.50000000000001421, -0.4000000000000001887, 38.20000000000000995 ) ) ;
#1996 = CIRCLE ( 'NONE', #94, 1.000000000000000888 ) ;
#1997 = ORIENTED_EDGE ( 'NONE', *, *, #900, .T. ) ;
#1998 = EDGE_LOOP ( 'NONE', ( #1800, #1865, #727, #1261 ) ) ;
#1999 = DIRECTION ( 'NONE',  ( 0.000000000000000000, 0.000000000000000000, 1.000000000000000000 ) ) ;
#2000 = CARTESIAN_POINT ( 'NONE',  ( -11.40000000000000746, -7.000000000000000000, -23.50000000000000000 ) ) ;
#2001 = VECTOR ( 'NONE', #2063, 1000.000000000000000 ) ;
#2002 = DIRECTION ( 'NONE',  ( 0.000000000000000000, 0.000000000000000000, 1.000000000000000000 ) ) ;
#2003 = DIRECTION ( 'NONE',  ( -0.7071067811865459074, 0.000000000000000000, -0.7071067811865491270 ) ) ;
#2004 = EDGE_CURVE ( 'NONE', #2192, #787, #409, .T. ) ;
#2005 = CARTESIAN_POINT ( 'NONE',  ( 48.49999999999999289, 3.000000000000000000, 33.25000000000001421 ) ) ;
#2006 = EDGE_LOOP ( 'NONE', ( #1832, #845, #850, #842 ) ) ;
#2007 = CARTESIAN_POINT ( 'NONE',  ( 35.40000000000002700, -7.000000000000000000, 23.50000000000001066 ) ) ;
#2008 = CARTESIAN_POINT ( 'NONE',  ( 35.40000000000000568, -7.000000000000000000, -23.50000000000001421 ) ) ;
#2009 = DIRECTION ( 'NONE',  ( -0.000000000000000000, 1.000000000000000000, -0.000000000000000000 ) ) ;
#2010 = DIRECTION ( 'NONE',  ( -0.000000000000000000, -1.000000000000000000, -0.000000000000000000 ) ) ;
#2011 = ADVANCED_FACE ( 'NONE', ( #2259 ), #1156, .F. ) ;
#2012 = DIRECTION ( 'NONE',  ( 0.000000000000000000, 0.000000000000000000, -1.000000000000000000 ) ) ;
#2013 = EDGE_LOOP ( 'NONE', ( #298, #1348, #1039, #232 ) ) ;
#2014 = EDGE_CURVE ( 'NONE', #1968, #1876, #1893, .T. ) ;
#2015 = ORIENTED_EDGE ( 'NONE', *, *, #2348, .F. ) ;
#2016 = DIRECTION ( 'NONE',  ( 0.000000000000000000, 0.000000000000000000, 1.000000000000000000 ) ) ;
#2017 = ORIENTED_EDGE ( 'NONE', *, *, #1021, .T. ) ;
#2018 = DIRECTION ( 'NONE',  ( 0.000000000000000000, 0.000000000000000000, 1.000000000000000000 ) ) ;
#2019 = EDGE_CURVE ( 'NONE', #2071, #686, #972, .T. ) ;
#2020 = FACE_OUTER_BOUND ( 'NONE', #190, .T. ) ;
#2021 = EDGE_CURVE ( 'NONE', #433, #2280, #2027, .T. ) ;
#2022 = LINE ( 'NONE', #1661, #553 ) ;
#2023 = AXIS2_PLACEMENT_3D ( 'NONE', #1339, #1134, #748 ) ;
#2024 = CARTESIAN_POINT ( 'NONE',  ( -39.50000000000000711, 0.000000000000000000, -27.59999999999999432 ) ) ;
#2025 = ORIENTED_EDGE ( 'NONE', *, *, #1809, .T. ) ;
#2026 = CARTESIAN_POINT ( 'NONE',  ( 11.40000000000002345, -7.000000000000000000, 25.50000000000000711 ) ) ;
#2027 = CIRCLE ( 'NONE', #1263, 2.000000000000005329 ) ;
#2028 = AXIS2_PLACEMENT_3D ( 'NONE', #91, #840, #1426 ) ;
#2029 = CARTESIAN_POINT ( 'NONE',  ( 51.49999999999999289, -8.500000000000000000, -42.50000000000000711 ) ) ;
#2030 = VECTOR ( 'NONE', #440, 1000.000000000000000 ) ;
#2031 = ORIENTED_EDGE ( 'NONE', *, *, #296, .T. ) ;
#2032 = DIRECTION ( 'NONE',  ( -0.000000000000000000, 1.000000000000000000, -0.000000000000000000 ) ) ;
#2033 = CARTESIAN_POINT ( 'NONE',  ( 39.49999999999999289, 3.000000000000000000, -27.59999999999999787 ) ) ;
#2034 = CIRCLE ( 'NONE', #828, 1.999999999999998224 ) ;
#2035 = DIRECTION ( 'NONE',  ( -0.000000000000000000, 1.000000000000000000, -0.000000000000000000 ) ) ;
#2036 = VERTEX_POINT ( 'NONE', #1904 ) ;
#2037 = VECTOR ( 'NONE', #1173, 1000.000000000000000 ) ;
#2038 = CARTESIAN_POINT ( 'NONE',  ( -48.50000000000000711, 3.000000000000000000, -39.75000000000000711 ) ) ;
#2039 = EDGE_CURVE ( 'NONE', #838, #1872, #209, .T. ) ;
#2040 = EDGE_CURVE ( 'NONE', #2036, #229, #1937, .T. ) ;
#2041 = DIRECTION ( 'NONE',  ( 0.000000000000000000, 0.000000000000000000, 1.000000000000000000 ) ) ;
#2042 = CARTESIAN_POINT ( 'NONE',  ( -48.50000000000001421, 3.000000000000000000, 36.50000000000001421 ) ) ;
#2043 = ORIENTED_EDGE ( 'NONE', *, *, #724, .T. ) ;
#2044 = DIRECTION ( 'NONE',  ( -0.000000000000000000, 1.000000000000000000, -0.000000000000000000 ) ) ;
#2045 = CARTESIAN_POINT ( 'NONE',  ( 7.299999999999991829, 3.000000000000000000, 27.60000000000000142 ) ) ;
#2046 = APPROVAL ( #494, 'UNSPECIFIED' ) ;
#2047 = LINE ( 'NONE', #1469, #1757 ) ;
#2048 = LINE ( 'NONE', #2191, #1027 ) ;
#2049 = ADVANCED_FACE ( 'NONE', ( #275 ), #1552, .F. ) ;
#2050 = DIRECTION ( 'NONE',  ( 0.000000000000000000, 0.000000000000000000, 1.000000000000000000 ) ) ;
#2051 = PLANE ( 'NONE',  #1794 ) ;
#2052 = ORIENTED_EDGE ( 'NONE', *, *, #762, .T. ) ;
#2053 = DIRECTION ( 'NONE',  ( 0.000000000000000000, 0.000000000000000000, 1.000000000000000000 ) ) ;
#2054 = ORIENTED_EDGE ( 'NONE', *, *, #1016, .T. ) ;
#2055 = CARTESIAN_POINT ( 'NONE',  ( 0.000000000000000000, 0.000000000000000000, 0.000000000000000000 ) ) ;
#2056 = ORIENTED_EDGE ( 'NONE', *, *, #938, .F. ) ;
#2057 = EDGE_CURVE ( 'NONE', #925, #1968, #1768, .T. ) ;
#2058 = FACE_BOUND ( 'NONE', #1773, .T. ) ;
#2059 = CARTESIAN_POINT ( 'NONE',  ( -35.40000000000000568, -7.000000000000000000, -23.50000000000000000 ) ) ;
#2060 = DIRECTION ( 'NONE',  ( 0.000000000000000000, -1.000000000000000000, 0.000000000000000000 ) ) ;
#2061 = CARTESIAN_POINT ( 'NONE',  ( -11.40000000000000746, -7.000000000000000000, -23.50000000000000000 ) ) ;
#2062 = CIRCLE ( 'NONE', #2095, 1.999999999999998224 ) ;
#2063 = DIRECTION ( 'NONE',  ( -0.000000000000000000, -1.000000000000000000, -0.000000000000000000 ) ) ;
#2064 = AXIS2_PLACEMENT_3D ( 'NONE', #22, #707, #2247 ) ;
#2065 = ORIENTED_EDGE ( 'NONE', *, *, #1204, .T. ) ;
#2066 = DIRECTION ( 'NONE',  ( 0.000000000000000000, -1.000000000000000000, 0.000000000000000000 ) ) ;
#2067 = CIRCLE ( 'NONE', #1338, 2.000000000000005329 ) ;
#2068 = CARTESIAN_POINT ( 'NONE',  ( 51.49999999999999289, 3.000000000000000000, -42.50000000000000711 ) ) ;
#2069 = LINE ( 'NONE', #252, #2138 ) ;
#2070 = AXIS2_PLACEMENT_3D ( 'NONE', #2183, #2163, #335 ) ;
#2071 = VERTEX_POINT ( 'NONE', #1949 ) ;
#2072 = CYLINDRICAL_SURFACE ( 'NONE', #899, 3.249999999999996003 ) ;
#2073 = AXIS2_PLACEMENT_3D ( 'NONE', #802, #1190, #473 ) ;
#2074 = ADVANCED_FACE ( 'NONE', ( #104 ), #1598, .F. ) ;
#2075 = EDGE_CURVE ( 'NONE', #1231, #1265, #2140, .T. ) ;
#2076 = DIRECTION ( 'NONE',  ( 0.000000000000000000, -1.000000000000000000, 0.000000000000000000 ) ) ;
#2077 = ORIENTED_EDGE ( 'NONE', *, *, #47, .F. ) ;
#2078 = CARTESIAN_POINT ( 'NONE',  ( 52.01636321135604391, -10.98363678864394011, -38.47124395813489883 ) ) ;
#2079 = EDGE_LOOP ( 'NONE', ( #1070, #1191 ) ) ;
#2080 = CARTESIAN_POINT ( 'NONE',  ( -47.24031489186652522, -18.78378955949391838, 32.21621044050606031 ) ) ;
#2081 = CARTESIAN_POINT ( 'NONE',  ( -35.39999999999999858, 0.000000000000000000, 23.50000000000001066 ) ) ;
#2082 = EDGE_LOOP ( 'NONE', ( #323, #235, #1376, #2043 ) ) ;
#2083 = DIRECTION ( 'NONE',  ( 0.000000000000000000, 1.000000000000000000, 0.000000000000000000 ) ) ;
#2084 = EDGE_CURVE ( 'NONE', #454, #1536, #650, .T. ) ;
#2085 = EDGE_CURVE ( 'NONE', #453, #2385, #1406, .T. ) ;
#2086 = CARTESIAN_POINT ( 'NONE',  ( -54.50000000000000711, 3.000000000000000000, 39.49999999999996447 ) ) ;
#2087 = EDGE_LOOP ( 'NONE', ( #101, #224 ) ) ;
#2088 = CARTESIAN_POINT ( 'NONE',  ( 7.299999999999991829, 0.000000000000000000, -27.59999999999999432 ) ) ;
#2089 = DIRECTION ( 'NONE',  ( 0.000000000000000000, 1.000000000000000000, 0.000000000000000000 ) ) ;
#2090 = EDGE_CURVE ( 'NONE', #2301, #905, #49, .T. ) ;
#2091 = ORIENTED_EDGE ( 'NONE', *, *, #1619, .T. ) ;
#2092 = FACE_OUTER_BOUND ( 'NONE', #113, .T. ) ;
#2093 = CARTESIAN_POINT ( 'NONE',  ( 35.40000000000002700, -7.000000000000000000, 23.50000000000001066 ) ) ;
#2094 = EDGE_LOOP ( 'NONE', ( #2170, #248, #608, #860 ) ) ;
#2095 = AXIS2_PLACEMENT_3D ( 'NONE', #1952, #1440, #1234 ) ;
#2096 = EDGE_CURVE ( 'NONE', #976, #1116, #989, .T. ) ;
#2097 = CARTESIAN_POINT ( 'NONE',  ( 48.49999999999999289, 3.000000000000000000, 39.75000000000000711 ) ) ;
#2098 = AXIS2_PLACEMENT_3D ( 'NONE', #1682, #570, #1128 ) ;
#2099 = DIRECTION ( 'NONE',  ( -0.000000000000000000, 1.000000000000000000, -0.000000000000000000 ) ) ;
#2100 = DIRECTION ( 'NONE',  ( 0.000000000000000000, 0.000000000000000000, 1.000000000000000000 ) ) ;
#2101 = ORIENTED_EDGE ( 'NONE', *, *, #1809, .F. ) ;
#2102 = DIRECTION ( 'NONE',  ( 0.000000000000000000, 0.000000000000000000, 1.000000000000000000 ) ) ;
#2103 = DIRECTION ( 'NONE',  ( 0.000000000000000000, 0.000000000000000000, 1.000000000000000000 ) ) ;
#2104 = ORIENTED_EDGE ( 'NONE', *, *, #722, .F. ) ;
#2105 = VECTOR ( 'NONE', #1903, 1000.000000000000000 ) ;
#2106 = PERSON_AND_ORGANIZATION ( #949, #2132 ) ;
#2107 = AXIS2_PLACEMENT_3D ( 'NONE', #928, #1666, #760 ) ;
#2108 = EDGE_CURVE ( 'NONE', #686, #543, #1393, .T. ) ;
#2109 = CIRCLE ( 'NONE', #217, 3.249999999999996003 ) ;
#2110 = EDGE_LOOP ( 'NONE', ( #1981, #353, #1735, #1730, #695, #809, #726, #1388 ) ) ;
#2111 = LINE ( 'NONE', #413, #1562 ) ;
#2112 = LINE ( 'NONE', #457, #408 ) ;
#2113 = ORIENTED_EDGE ( 'NONE', *, *, #311, .F. ) ;
#2114 = CARTESIAN_POINT ( 'NONE',  ( -35.39999999999999858, 0.000000000000000000, 25.50000000000001421 ) ) ;
#2115 = EDGE_CURVE ( 'NONE', #731, #421, #1105, .T. ) ;
#2116 = DIRECTION ( 'NONE',  ( 0.7071067811865491270, -0.000000000000000000, -0.7071067811865459074 ) ) ;
#2117 = ORIENTED_EDGE ( 'NONE', *, *, #2348, .T. ) ;
#2118 = CALENDAR_DATE ( 2025, 5, 12 ) ;
#2119 = ORIENTED_EDGE ( 'NONE', *, *, #977, .F. ) ;
#2120 = EDGE_CURVE ( 'NONE', #453, #598, #203, .T. ) ;
#2121 = LINE ( 'NONE', #1537, #2251 ) ;
#2122 = ADVANCED_BREP_SHAPE_REPRESENTATION ( 'support_plate_bottom', ( #931, #166 ), #2250 ) ;
#2123 = CARTESIAN_POINT ( 'NONE',  ( -54.00000000000000711, -9.000000000000000000, -39.50000000000000711 ) ) ;
#2124 = ORIENTED_EDGE ( 'NONE', *, *, #119, .F. ) ;
#2125 = CARTESIAN_POINT ( 'NONE',  ( 7.299999999999991829, 3.000000000000000000, -27.59999999999999432 ) ) ;
#2126 = DIRECTION ( 'NONE',  ( 0.000000000000000000, -1.000000000000000000, 0.000000000000000000 ) ) ;
#2127 = ORIENTED_EDGE ( 'NONE', *, *, #1111, .F. ) ;
#2128 = CARTESIAN_POINT ( 'NONE',  ( -46.64644660940682286, -9.000000000000000000, 46.64644660940660970 ) ) ;
#2129 = ORIENTED_EDGE ( 'NONE', *, *, #374, .F. ) ;
#2130 = ORIENTED_EDGE ( 'NONE', *, *, #2360, .T. ) ;
#2131 = EDGE_LOOP ( 'NONE', ( #1612, #42, #2117, #2392 ) ) ;
#2132 = ORGANIZATION ( 'UNSPECIFIED', 'UNSPECIFIED', '' ) ;
#2133 = DIRECTION ( 'NONE',  ( -0.000000000000000000, 1.000000000000000000, -0.000000000000000000 ) ) ;
#2134 = FACE_OUTER_BOUND ( 'NONE', #620, .T. ) ;
#2135 = AXIS2_PLACEMENT_3D ( 'NONE', #1244, #338, #1065 ) ;
#2136 = ORIENTED_EDGE ( 'NONE', *, *, #205, .T. ) ;
#2137 = CARTESIAN_POINT ( 'NONE',  ( -48.50000000000000711, 3.000000000000000000, -36.50000000000001421 ) ) ;
#2138 = VECTOR ( 'NONE', #40, 1000.000000000000000 ) ;
#2139 = DIRECTION ( 'NONE',  ( -0.000000000000000000, 1.000000000000000000, -0.000000000000000000 ) ) ;
#2140 = CIRCLE ( 'NONE', #1715, 3.249999999999996003 ) ;
#2141 = DIRECTION ( 'NONE',  ( -1.000000000000000000, 0.000000000000000000, 0.000000000000000000 ) ) ;
#2142 = DIRECTION ( 'NONE',  ( -0.7071067811865491270, 0.000000000000000000, 0.7071067811865459074 ) ) ;
#2143 = VECTOR ( 'NONE', #719, 1000.000000000000000 ) ;
#2144 = EDGE_CURVE ( 'NONE', #1034, #2152, #1088, .T. ) ;
#2145 = VERTEX_POINT ( 'NONE', #1272 ) ;
#2146 = AXIS2_PLACEMENT_3D ( 'NONE', #1020, #459, #1561 ) ;
#2147 = ORIENTED_EDGE ( 'NONE', *, *, #37, .T. ) ;
#2148 = EDGE_CURVE ( 'NONE', #1744, #399, #694, .T. ) ;
#2149 = CIRCLE ( 'NONE', #2261, 3.249999999999996003 ) ;
#2150 = DIRECTION ( 'NONE',  ( 0.000000000000000000, 0.000000000000000000, -1.000000000000000000 ) ) ;
#2151 = DIRECTION ( 'NONE',  ( -0.000000000000000000, -0.000000000000000000, 1.000000000000000000 ) ) ;
#2152 = VERTEX_POINT ( 'NONE', #672 ) ;
#2153 = PLANE ( 'NONE',  #872 ) ;
#2154 = DIRECTION ( 'NONE',  ( 0.000000000000000000, 0.000000000000000000, 1.000000000000000000 ) ) ;
#2155 = DIRECTION ( 'NONE',  ( 1.000000000000000000, 0.000000000000000000, -2.154935995002244899E-16 ) ) ;
#2156 = LINE ( 'NONE', #2304, #1882 ) ;
#2157 = APPROVAL_DATE_TIME ( #1770, #2246 ) ;
#2158 = PLANE ( 'NONE',  #582 ) ;
#2159 = EDGE_CURVE ( 'NONE', #1862, #677, #2368, .T. ) ;
#2160 = ORIENTED_EDGE ( 'NONE', *, *, #1220, .T. ) ;
#2161 = VERTEX_POINT ( 'NONE', #1248 ) ;
#2162 = CARTESIAN_POINT ( 'NONE',  ( 54.49999999999999289, -8.500000000000000000, -39.49999999999999289 ) ) ;
#2163 = DIRECTION ( 'NONE',  ( -0.000000000000000000, 1.000000000000000000, -0.000000000000000000 ) ) ;
#2164 = ORIENTED_EDGE ( 'NONE', *, *, #854, .F. ) ;
#2165 = PLANE ( 'NONE',  #709 ) ;
#2166 = DIRECTION ( 'NONE',  ( 0.000000000000000000, 1.000000000000000000, -0.000000000000000000 ) ) ;
#2167 = DIRECTION ( 'NONE',  ( 0.000000000000000000, 1.000000000000000000, -0.000000000000000000 ) ) ;
#2168 = DIRECTION ( 'NONE',  ( 0.000000000000000000, 1.000000000000000000, 0.000000000000000000 ) ) ;
#2169 = EDGE_LOOP ( 'NONE', ( #1391, #1553, #1787, #1928 ) ) ;
#2170 = ORIENTED_EDGE ( 'NONE', *, *, #155, .T. ) ;
#2171 = EDGE_CURVE ( 'NONE', #2071, #272, #1991, .T. ) ;
#2172 = CARTESIAN_POINT ( 'NONE',  ( 54.49999999999999289, 3.000000000000000000, -39.49999999999999289 ) ) ;
#2173 = ORIENTED_EDGE ( 'NONE', *, *, #663, .T. ) ;
#2174 = LINE ( 'NONE', #1841, #1568 ) ;
#2175 = DIRECTION ( 'NONE',  ( 1.000000000000000000, 0.000000000000000000, 0.000000000000000000 ) ) ;
#2176 = LOCAL_TIME ( 11, 55, 41.00000000000000000, #107 ) ;
#2177 = AXIS2_PLACEMENT_3D ( 'NONE', #300, #2355, #1268 ) ;
#2178 = CARTESIAN_POINT ( 'NONE',  ( -48.50000000000000711, 3.000000000000000000, -36.50000000000001421 ) ) ;
#2179 = DIRECTION ( 'NONE',  ( 0.000000000000000000, 0.000000000000000000, 1.000000000000000000 ) ) ;
#2180 = AXIS2_PLACEMENT_3D ( 'NONE', #2346, #693, #202 ) ;
#2181 = ORIENTED_EDGE ( 'NONE', *, *, #2014, .F. ) ;
#2182 = AXIS2_PLACEMENT_3D ( 'NONE', #2007, #337, #738 ) ;
#2183 = CARTESIAN_POINT ( 'NONE',  ( 48.49999999999999289, -0.4000000000000001887, 36.50000000000001421 ) ) ;
#2184 = VECTOR ( 'NONE', #1632, 1000.000000000000000 ) ;
#2185 = ORIENTED_EDGE ( 'NONE', *, *, #265, .T. ) ;
#2186 = CARTESIAN_POINT ( 'NONE',  ( 35.40000000000000568, 0.000000000000000000, -21.50000000000001066 ) ) ;
#2187 = CARTESIAN_POINT ( 'NONE',  ( 11.40000000000001457, -7.000000000000000000, -23.50000000000000711 ) ) ;
#2188 = CIRCLE ( 'NONE', #1150, 1.700000000000000178 ) ;
#2189 = EDGE_CURVE ( 'NONE', #905, #2301, #696, .T. ) ;
#2190 = CARTESIAN_POINT ( 'NONE',  ( -48.50000000000001421, 3.000000000000000000, 34.80000000000001137 ) ) ;
#2191 = CARTESIAN_POINT ( 'NONE',  ( -11.40000000000000746, -7.000000000000000000, -25.50000000000000355 ) ) ;
#2192 = VERTEX_POINT ( 'NONE', #1979 ) ;
#2193 = CARTESIAN_POINT ( 'NONE',  ( -23.40000000000001279, -9.000000000000000000, 18.60000000000001208 ) ) ;
#2194 = ORIENTED_EDGE ( 'NONE', *, *, #2171, .F. ) ;
#2195 = DIRECTION ( 'NONE',  ( 0.000000000000000000, -1.000000000000000000, 0.000000000000000000 ) ) ;
#2196 = EDGE_CURVE ( 'NONE', #2036, #657, #2062, .T. ) ;
#2197 = VERTEX_POINT ( 'NONE', #653 ) ;
#2198 = VERTEX_POINT ( 'NONE', #317 ) ;
#2199 = CARTESIAN_POINT ( 'NONE',  ( 7.299999999999991829, 3.000000000000000000, 27.60000000000000142 ) ) ;
#2200 = DIRECTION ( 'NONE',  ( 0.000000000000000000, 0.000000000000000000, -1.000000000000000000 ) ) ;
#2201 = PLANE ( 'NONE',  #1953 ) ;
#2202 = CYLINDRICAL_SURFACE ( 'NONE', #1835, 1.000000000000000888 ) ;
#2203 = ORIENTED_EDGE ( 'NONE', *, *, #718, .T. ) ;
#2204 = CARTESIAN_POINT ( 'NONE',  ( 51.29289321881344677, -9.000000000000000000, -42.00000000000000711 ) ) ;
#2205 = ORIENTED_EDGE ( 'NONE', *, *, #599, .F. ) ;
#2206 = DIRECTION ( 'NONE',  ( 0.000000000000000000, 0.000000000000000000, -1.000000000000000000 ) ) ;
#2207 = ORIENTED_EDGE ( 'NONE', *, *, #1698, .F. ) ;
#2208 = CARTESIAN_POINT ( 'NONE',  ( -48.50000000000001421, -9.000000000000001776, 36.50000000000001421 ) ) ;
#2209 = ADVANCED_FACE ( 'NONE', ( #505 ), #1214, .F. ) ;
#2210 = ADVANCED_FACE ( 'NONE', ( #1450 ), #1067, .F. ) ;
#2211 = DIRECTION ( 'NONE',  ( -0.000000000000000000, 1.000000000000000000, -0.000000000000000000 ) ) ;
#2212 = CARTESIAN_POINT ( 'NONE',  ( -35.39999999999999858, -7.000000000000000000, 23.50000000000001066 ) ) ;
#2213 = ORIENTED_EDGE ( 'NONE', *, *, #241, .T. ) ;
#2214 = APPROVAL_PERSON_ORGANIZATION ( #1577, #2246, #1966 ) ;
#2215 = CARTESIAN_POINT ( 'NONE',  ( -48.50000000000000711, -9.000000000000001776, -34.80000000000001137 ) ) ;
#2216 = AXIS2_PLACEMENT_3D ( 'NONE', #2000, #1468, #1778 ) ;
#2217 = CARTESIAN_POINT ( 'NONE',  ( 48.49999999999999289, 3.000000000000000000, 36.50000000000001421 ) ) ;
#2218 = VECTOR ( 'NONE', #2116, 1000.000000000000000 ) ;
#2219 = ORIENTED_EDGE ( 'NONE', *, *, #143, .F. ) ;
#2220 = APPROVAL ( #1233, 'UNSPECIFIED' ) ;
#2221 = DIRECTION ( 'NONE',  ( -0.000000000000000000, 1.000000000000000000, -0.000000000000000000 ) ) ;
#2222 = CIRCLE ( 'NONE', #706, 1.000000000000000888 ) ;
#2223 = ORIENTED_EDGE ( 'NONE', *, *, #1842, .T. ) ;
#2224 = EDGE_CURVE ( 'NONE', #1783, #1005, #1396, .T. ) ;
#2225 = CARTESIAN_POINT ( 'NONE',  ( -48.50000000000001421, -0.4000000000000001887, 36.50000000000001421 ) ) ;
#2226 = DIRECTION ( 'NONE',  ( 0.000000000000000000, 1.000000000000000000, 0.000000000000000000 ) ) ;
#2227 = AXIS2_PLACEMENT_3D ( 'NONE', #2311, #1255, #285 ) ;
#2228 = CARTESIAN_POINT ( 'NONE',  ( -46.80000000000001847, -0.4000000000000001887, 36.50000000000001421 ) ) ;
#2229 = AXIS2_PLACEMENT_3D ( 'NONE', #1819, #2050, #1048 ) ;
#2230 = CARTESIAN_POINT ( 'NONE',  ( 39.49999999999999289, 3.000000000000000000, 27.59999999999999787 ) ) ;
#2231 = CARTESIAN_POINT ( 'NONE',  ( -48.50000000000001421, -9.000000000000001776, 36.50000000000001421 ) ) ;
#2232 = CARTESIAN_POINT ( 'NONE',  ( -23.40000000000001279, -9.000000000000000000, 18.60000000000001208 ) ) ;
#2233 = ADVANCED_FACE ( 'NONE', ( #136 ), #1080, .T. ) ;
#2234 = FACE_OUTER_BOUND ( 'NONE', #1442, .T. ) ;
#2235 = ORIENTED_EDGE ( 'NONE', *, *, #2120, .T. ) ;
#2236 = DIRECTION ( 'NONE',  ( -0.000000000000000000, 1.000000000000000000, -0.000000000000000000 ) ) ;
#2237 = ORIENTED_EDGE ( 'NONE', *, *, #256, .F. ) ;
#2238 = CARTESIAN_POINT ( 'NONE',  ( -46.80000000000001137, -0.4000000000000001887, -36.50000000000001421 ) ) ;
#2239 = CARTESIAN_POINT ( 'NONE',  ( -51.29289321881341834, -9.000000000000000000, 42.00000000000000711 ) ) ;
#2240 = DIRECTION ( 'NONE',  ( -0.000000000000000000, 1.000000000000000000, -0.000000000000000000 ) ) ;
#2241 = CARTESIAN_POINT ( 'NONE',  ( 35.40000000000000568, -7.000000000000000000, -21.50000000000001066 ) ) ;
#2242 = DIRECTION ( 'NONE',  ( 0.000000000000000000, 0.000000000000000000, -1.000000000000000000 ) ) ;
#2243 = ORIENTED_EDGE ( 'NONE', *, *, #1160, .F. ) ;
#2244 = LINE ( 'NONE', #1856, #984 ) ;
#2245 = PLANE ( 'NONE',  #1801 ) ;
#2246 = APPROVAL ( #121, 'UNSPECIFIED' ) ;
#2247 = DIRECTION ( 'NONE',  ( 0.000000000000000000, 0.000000000000000000, 1.000000000000000000 ) ) ;
#2248 = VERTEX_POINT ( 'NONE', #1810 ) ;
#2249 = DIRECTION ( 'NONE',  ( -0.000000000000000000, 1.000000000000000000, -0.000000000000000000 ) ) ;
#2250 =( GEOMETRIC_REPRESENTATION_CONTEXT ( 3 ) GLOBAL_UNCERTAINTY_ASSIGNED_CONTEXT ( ( #2357 ) ) GLOBAL_UNIT_ASSIGNED_CONTEXT ( ( #1158, #230, #1886 ) ) REPRESENTATION_CONTEXT ( 'NONE', 'WORKASPACE' ) );
#2251 = VECTOR ( 'NONE', #2255, 999.9999999999998863 ) ;
#2252 = DIRECTION ( 'NONE',  ( 0.000000000000000000, 0.000000000000000000, -1.000000000000000000 ) ) ;
#2253 = CIRCLE ( 'NONE', #46, 1.000000000000000888 ) ;
#2254 = ORIENTED_EDGE ( 'NONE', *, *, #2189, .F. ) ;
#2255 = DIRECTION ( 'NONE',  ( 0.6785983445458456664, -0.6785983445458433350, -0.2810846377148327191 ) ) ;
#2256 = CLOSED_SHELL ( 'NONE', ( #531, #916, #2074, #1514, #624, #743, #687, #1448, #1940, #1429, #1411, #2049, #999, #1275, #1571, #1492, #1196, #577, #2011, #404, #1047, #1472, #781, #639, #462, #74, #873, #228, #1502, #451, #2341, #1306, #2233, #1519, #498, #327, #1860, #1439, #114, #1948, #1555, #1051, #1648, #800, #1062, #1795, #2263, #491, #1014, #2287, #600, #1164, #351, #1798, #1855, #1293, #1836, #1419, #82, #425, #99, #907, #149, #2209, #1324, #1746, #554, #1849, #278, #1546, #2393, #541, #833, #1357, #794, #331, #476, #1364, #123, #2210 ) ) ;
#2257 = ORIENTED_EDGE ( 'NONE', *, *, #1159, .F. ) ;
#2258 = CARTESIAN_POINT ( 'NONE',  ( 48.49999999999999289, 3.000000000000000000, 36.50000000000001421 ) ) ;
#2259 = FACE_OUTER_BOUND ( 'NONE', #1351, .T. ) ;
#2260 = EDGE_CURVE ( 'NONE', #1069, #2369, #1635, .T. ) ;
#2261 = AXIS2_PLACEMENT_3D ( 'NONE', #1352, #1709, #1170 ) ;
#2262 = ORIENTED_EDGE ( 'NONE', *, *, #940, .F. ) ;
#2263 = ADVANCED_FACE ( 'NONE', ( #108 ), #2158, .T. ) ;
#2264 = CARTESIAN_POINT ( 'NONE',  ( 0.000000000000000000, 3.000000000000000000, 0.000000000000000000 ) ) ;
#2265 = EDGE_CURVE ( 'NONE', #402, #27, #1055, .T. ) ;
#2266 = ORIENTED_EDGE ( 'NONE', *, *, #1130, .T. ) ;
#2267 = CARTESIAN_POINT ( 'NONE',  ( -54.50000000000000711, 3.000000000000000000, 39.49999999999996447 ) ) ;
#2268 = DIRECTION ( 'NONE',  ( 0.000000000000000000, -1.000000000000000000, 0.000000000000000000 ) ) ;
#2269 = ORIENTED_EDGE ( 'NONE', *, *, #44, .F. ) ;
#2270 = LINE ( 'NONE', #606, #2030 ) ;
#2271 = CARTESIAN_POINT ( 'NONE',  ( -48.50000000000000711, -9.000000000000001776, -38.20000000000000995 ) ) ;
#2272 = ORIENTED_EDGE ( 'NONE', *, *, #1379, .T. ) ;
#2273 = CARTESIAN_POINT ( 'NONE',  ( 54.49999999999999289, 3.000000000000000000, 39.50000000000000711 ) ) ;
#2274 = EDGE_CURVE ( 'NONE', #1744, #1490, #41, .T. ) ;
#2275 = EDGE_LOOP ( 'NONE', ( #1330, #1466, #1218, #2336 ) ) ;
#2276 = EDGE_LOOP ( 'NONE', ( #2266, #2203, #1851, #1478 ) ) ;
#2277 = DIRECTION ( 'NONE',  ( 0.000000000000000000, -0.000000000000000000, -1.000000000000000000 ) ) ;
#2278 = PLANE ( 'NONE',  #1638 ) ;
#2279 = CARTESIAN_POINT ( 'NONE',  ( -48.50000000000001421, 3.000000000000000000, 33.25000000000001421 ) ) ;
#2280 = VERTEX_POINT ( 'NONE', #481 ) ;
#2281 = DIRECTION ( 'NONE',  ( -0.7071067811865459074, -0.000000000000000000, -0.7071067811865491270 ) ) ;
#2282 = CARTESIAN_POINT ( 'NONE',  ( 48.49999999999999289, -0.4000000000000001887, -36.50000000000001421 ) ) ;
#2283 = EDGE_CURVE ( 'NONE', #1276, #333, #1098, .T. ) ;
#2284 = ORIENTED_EDGE ( 'NONE', *, *, #241, .F. ) ;
#2285 = APPROVAL_ROLE ( '' ) ;
#2286 = ORIENTED_EDGE ( 'NONE', *, *, #1184, .F. ) ;
#2287 = ADVANCED_FACE ( 'NONE', ( #885 ), #2358, .T. ) ;
#2288 = CIRCLE ( 'NONE', #1260, 1.000000000000000888 ) ;
#2289 = DIRECTION ( 'NONE',  ( 0.000000000000000000, 1.000000000000000000, -0.000000000000000000 ) ) ;
#2290 = VECTOR ( 'NONE', #1350, 1000.000000000000000 ) ;
#2291 = CARTESIAN_POINT ( 'NONE',  ( 48.49999999999999289, -9.000000000000001776, 36.50000000000001421 ) ) ;
#2292 = EDGE_CURVE ( 'NONE', #160, #1250, #1689, .T. ) ;
#2293 = EDGE_LOOP ( 'NONE', ( #1283, #84, #1257, #2113 ) ) ;
#2294 = CARTESIAN_POINT ( 'NONE',  ( -48.50000000000000711, -0.4000000000000001887, -33.25000000000001421 ) ) ;
#2295 = DIRECTION ( 'NONE',  ( -0.6785983445458486640, 0.6785983445458461105, -0.2810846377148183972 ) ) ;
#2296 = ORIENTED_EDGE ( 'NONE', *, *, #1379, .F. ) ;
#2297 = CIRCLE ( 'NONE', #405, 2.000000000000001776 ) ;
#2298 = ORIENTED_EDGE ( 'NONE', *, *, #808, .F. ) ;
#2299 = CARTESIAN_POINT ( 'NONE',  ( -7.300000000000007816, 0.000000000000000000, 27.60000000000000142 ) ) ;
#2300 = LINE ( 'NONE', #1581, #2339 ) ;
#2301 = VERTEX_POINT ( 'NONE', #1543 ) ;
#2302 = DIRECTION ( 'NONE',  ( 0.000000000000000000, 0.000000000000000000, -1.000000000000000000 ) ) ;
#2303 = CARTESIAN_POINT ( 'NONE',  ( -39.50000000000000711, 0.000000000000000000, 27.60000000000000853 ) ) ;
#2304 = CARTESIAN_POINT ( 'NONE',  ( -54.50000000000000711, 3.000000000000000000, 42.50000000000000711 ) ) ;
#2305 = ORIENTED_EDGE ( 'NONE', *, *, #193, .T. ) ;
#2306 = ORIENTED_EDGE ( 'NONE', *, *, #539, .F. ) ;
#2307 = VERTEX_POINT ( 'NONE', #2232 ) ;
#2308 = DIRECTION ( 'NONE',  ( 0.000000000000000000, -1.000000000000000000, 0.000000000000000000 ) ) ;
#2309 = DIRECTION ( 'NONE',  ( 1.000000000000000000, 0.000000000000000000, -2.154935995002244899E-16 ) ) ;
#2310 = EDGE_LOOP ( 'NONE', ( #991, #2213, #927, #1741 ) ) ;
#2311 = CARTESIAN_POINT ( 'NONE',  ( -35.39999999999999858, 0.000000000000000000, 23.50000000000001066 ) ) ;
#2312 = CARTESIAN_POINT ( 'NONE',  ( -39.50000000000000711, 3.000000000000000000, -27.59999999999999432 ) ) ;
#2313 = ORIENTED_EDGE ( 'NONE', *, *, #2040, .F. ) ;
#2314 = EDGE_CURVE ( 'NONE', #308, #826, #43, .T. ) ;
#2315 = DIRECTION ( 'NONE',  ( 0.000000000000000000, 0.000000000000000000, 1.000000000000000000 ) ) ;
#2316 = PERSON_AND_ORGANIZATION_ROLE ( 'creator' ) ;
#2317 = CARTESIAN_POINT ( 'NONE',  ( 46.64644660940660970, -9.000000000000000000, 46.64644660940682286 ) ) ;
#2318 = EDGE_CURVE ( 'NONE', #1043, #1738, #11, .T. ) ;
#2319 = ORIENTED_EDGE ( 'NONE', *, *, #808, .T. ) ;
#2320 = VECTOR ( 'NONE', #1918, 1000.000000000000000 ) ;
#2321 = CARTESIAN_POINT ( 'NONE',  ( 11.40000000000002345, -7.000000000000000000, 21.50000000000001066 ) ) ;
#2322 = DIRECTION ( 'NONE',  ( 0.000000000000000000, 1.000000000000000000, -0.000000000000000000 ) ) ;
#2323 = AXIS2_PLACEMENT_3D ( 'NONE', #1557, #2289, #1380 ) ;
#2324 = ORIENTED_EDGE ( 'NONE', *, *, #2260, .T. ) ;
#2325 = FACE_OUTER_BOUND ( 'NONE', #605, .T. ) ;
#2326 = VECTOR ( 'NONE', #668, 1000.000000000000000 ) ;
#2327 = DIRECTION ( 'NONE',  ( 0.000000000000000000, 0.000000000000000000, 1.000000000000000000 ) ) ;
#2328 = DIRECTION ( 'NONE',  ( 0.000000000000000000, 1.000000000000000000, 0.000000000000000000 ) ) ;
#2329 = VECTOR ( 'NONE', #118, 1000.000000000000000 ) ;
#2330 = EDGE_LOOP ( 'NONE', ( #1246, #2243, #2194, #862 ) ) ;
#2331 = EDGE_CURVE ( 'NONE', #1840, #448, #1316, .T. ) ;
#2332 = APPROVAL_DATE_TIME ( #1197, #2046 ) ;
#2333 = CARTESIAN_POINT ( 'NONE',  ( -11.40000000000000213, -7.000000000000000000, 23.50000000000001066 ) ) ;
#2334 = VECTOR ( 'NONE', #120, 1000.000000000000000 ) ;
#2335 = EDGE_CURVE ( 'NONE', #1954, #1276, #1169, .T. ) ;
#2336 = ORIENTED_EDGE ( 'NONE', *, *, #2019, .F. ) ;
#2337 = VERTEX_POINT ( 'NONE', #1906 ) ;
#2338 = CIRCLE ( 'NONE', #251, 3.249999999999996003 ) ;
#2339 = VECTOR ( 'NONE', #1749, 1000.000000000000000 ) ;
#2340 = DIRECTION ( 'NONE',  ( -0.000000000000000000, 1.000000000000000000, -0.000000000000000000 ) ) ;
#2341 = ADVANCED_FACE ( 'NONE', ( #239 ), #2051, .T. ) ;
#2342 = DIRECTION ( 'NONE',  ( 0.000000000000000000, -1.000000000000000000, 0.000000000000000000 ) ) ;
#2343 = VERTEX_POINT ( 'NONE', #2273 ) ;
#2344 = FACE_BOUND ( 'NONE', #1073, .T. ) ;
#2345 = CARTESIAN_POINT ( 'NONE',  ( -48.50000000000001421, -0.4000000000000001887, 36.50000000000001421 ) ) ;
#2346 = CARTESIAN_POINT ( 'NONE',  ( -11.40000000000000213, 0.000000000000000000, 23.50000000000001066 ) ) ;
#2347 = DIRECTION ( 'NONE',  ( -0.000000000000000000, 1.000000000000000000, -0.000000000000000000 ) ) ;
#2348 = EDGE_CURVE ( 'NONE', #2161, #579, #1518, .T. ) ;
#2349 = ORIENTED_EDGE ( 'NONE', *, *, #675, .T. ) ;
#2350 = ORIENTED_EDGE ( 'NONE', *, *, #1320, .T. ) ;
#2351 = ORIENTED_EDGE ( 'NONE', *, *, #1452, .F. ) ;
#2352 = CYLINDRICAL_SURFACE ( 'NONE', #1501, 1.700000000000000178 ) ;
#2353 = ORIENTED_EDGE ( 'NONE', *, *, #1660, .F. ) ;
#2354 = FACE_OUTER_BOUND ( 'NONE', #699, .T. ) ;
#2355 = DIRECTION ( 'NONE',  ( -0.000000000000000000, 1.000000000000000000, -0.000000000000000000 ) ) ;
#2356 = CARTESIAN_POINT ( 'NONE',  ( 35.40000000000002700, -7.000000000000000000, 21.50000000000000355 ) ) ;
#2357 = UNCERTAINTY_MEASURE_WITH_UNIT (LENGTH_MEASURE( 1.000000000000000082E-05 ), #1158, 'distance_accuracy_value', 'NONE');
#2358 = PLANE ( 'NONE',  #654 ) ;
#2359 = ORIENTED_EDGE ( 'NONE', *, *, #2096, .T. ) ;
#2360 = EDGE_CURVE ( 'NONE', #376, #773, #1023, .T. ) ;
#2361 = CARTESIAN_POINT ( 'NONE',  ( 7.299999999999991829, 3.000000000000000000, 27.60000000000000142 ) ) ;
#2362 = ORIENTED_EDGE ( 'NONE', *, *, #539, .T. ) ;
#2363 = CARTESIAN_POINT ( 'NONE',  ( 53.99999999999999289, -9.000000000000000000, -39.29289321881344677 ) ) ;
#2364 = DIRECTION ( 'NONE',  ( -0.000000000000000000, 1.000000000000000000, -0.000000000000000000 ) ) ;
#2365 = AXIS2_PLACEMENT_3D ( 'NONE', #1212, #460, #2179 ) ;
#2366 = VECTOR ( 'NONE', #1597, 1000.000000000000000 ) ;
#2367 = DIRECTION ( 'NONE',  ( 0.000000000000000000, 0.000000000000000000, -1.000000000000000000 ) ) ;
#2368 = LINE ( 'NONE', #2128, #1750 ) ;
#2369 = VERTEX_POINT ( 'NONE', #59 ) ;
#2370 = VECTOR ( 'NONE', #204, 1000.000000000000000 ) ;
#2371 = DIRECTION ( 'NONE',  ( -0.000000000000000000, 1.000000000000000000, -0.000000000000000000 ) ) ;
#2372 = EDGE_CURVE ( 'NONE', #73, #1664, #1329, .T. ) ;
#2373 = VECTOR ( 'NONE', #1755, 1000.000000000000000 ) ;
#2374 = EDGE_LOOP ( 'NONE', ( #1121, #31, #1704, #1556 ) ) ;
#2375 = DIRECTION ( 'NONE',  ( 0.000000000000000000, 0.000000000000000000, 1.000000000000000000 ) ) ;
#2376 = AXIS2_PLACEMENT_3D ( 'NONE', #1983, #1264, #697 ) ;
#2377 = EDGE_LOOP ( 'NONE', ( #1175, #18 ) ) ;
#2378 = DIRECTION ( 'NONE',  ( -0.000000000000000000, 1.000000000000000000, -0.000000000000000000 ) ) ;
#2379 = CARTESIAN_POINT ( 'NONE',  ( 48.49999999999999289, 3.000000000000000000, -36.50000000000001421 ) ) ;
#2380 = CARTESIAN_POINT ( 'NONE',  ( 48.49999999999999289, -0.4000000000000001887, 36.50000000000001421 ) ) ;
#2381 = CYLINDRICAL_SURFACE ( 'NONE', #1754, 2.000000000000001776 ) ;
#2382 = EDGE_LOOP ( 'NONE', ( #820, #982, #1566, #1482 ) ) ;
#2383 = CARTESIAN_POINT ( 'NONE',  ( 39.49999999999999289, 0.000000000000000000, 27.59999999999999787 ) ) ;
#2384 = DIRECTION ( 'NONE',  ( 0.000000000000000000, 0.000000000000000000, 1.000000000000000000 ) ) ;
#2385 = VERTEX_POINT ( 'NONE', #974 ) ;
#2386 = ORIENTED_EDGE ( 'NONE', *, *, #303, .F. ) ;
#2387 = DIRECTION ( 'NONE',  ( 0.5000000000000035527, -0.7071067811865409114, 0.5000000000000058842 ) ) ;
#2388 = CYLINDRICAL_SURFACE ( 'NONE', #2098, 2.000000000000001776 ) ;
#2389 = DIRECTION ( 'NONE',  ( 0.000000000000000000, 0.000000000000000000, 1.000000000000000000 ) ) ;
#2390 = ORIENTED_EDGE ( 'NONE', *, *, #1692, .F. ) ;
#2391 = CARTESIAN_POINT ( 'NONE',  ( 48.49999999999999289, -0.4000000000000001887, -36.50000000000001421 ) ) ;
#2392 = ORIENTED_EDGE ( 'NONE', *, *, #1397, .T. ) ;
#2393 = ADVANCED_FACE ( 'NONE', ( #770 ), #2072, .F. ) ;
#2394 = DIRECTION ( 'NONE',  ( -0.000000000000000000, 1.000000000000000000, -0.000000000000000000 ) ) ;
#2395 = EDGE_CURVE ( 'NONE', #628, #1435, #736, .T. ) ;
#2396 = VERTEX_POINT ( 'NONE', #609 ) ;
#2397 = EDGE_CURVE ( 'NONE', #1250, #279, #1988, .T. ) ;
ENDSEC;
END-ISO-10303-21;
