ISO-10303-21;
HEADER;
FILE_DESCRIPTION (( 'STEP AP203' ),
    '1' );
FILE_NAME ('bolster_top.STEP',
    '2025-12-05T14:59:46',
    ( '' ),
    ( '' ),
    'SwSTEP 2.0',
    'SolidWorks 2020',
    '' );
FILE_SCHEMA (( 'CONFIG_CONTROL_DESIGN' ));
ENDSEC;

DATA;
#1 = AXIS2_PLACEMENT_3D ( 'NONE', #594, #805, #1029 ) ;
#2 = CIRCLE ( 'NONE', #1110, 12.49999999999999645 ) ;
#3 = CARTESIAN_POINT ( 'NONE',  ( -55.00000000000002132, -0.0009999999999992653654, 37.60000000000000142 ) ) ;
#4 = ADVANCED_FACE ( 'NONE', ( #413, #1086, #534 ), #969, .F. ) ;
#5 = ORIENTED_EDGE ( 'NONE', *, *, #255, .T. ) ;
#6 = DIRECTION ( 'NONE',  ( 0.000000000000000000, -1.000000000000000000, 0.000000000000000000 ) ) ;
#7 = CARTESIAN_POINT ( 'NONE',  ( 55.00000000000000711, 35.00000000000000000, -17.49999999999999645 ) ) ;
#8 = EDGE_LOOP ( 'NONE', ( #144, #1114 ) ) ;
#9 = DIRECTION ( 'NONE',  ( -0.000000000000000000, -1.000000000000000000, -0.000000000000000000 ) ) ;
#10 = ORIENTED_EDGE ( 'NONE', *, *, #133, .F. ) ;
#11 = EDGE_CURVE ( 'NONE', #953, #77, #1225, .T. ) ;
#12 = CARTESIAN_POINT ( 'NONE',  ( -20.00000000000000355, 0.000000000000000000, 1.000000000000000444 ) ) ;
#13 = CARTESIAN_POINT ( 'NONE',  ( 0.000000000000000000, 10.00000000000000000, 25.00000000000000000 ) ) ;
#14 = CARTESIAN_POINT ( 'NONE',  ( 55.00000000000000711, 33.99999999999995737, -37.59999999999999432 ) ) ;
#15 = ORIENTED_EDGE ( 'NONE', *, *, #79, .F. ) ;
#16 = AXIS2_PLACEMENT_3D ( 'NONE', #351, #791, #1232 ) ;
#17 = DIRECTION ( 'NONE',  ( 0.000000000000000000, 0.000000000000000000, 1.000000000000000000 ) ) ;
#18 = ADVANCED_FACE ( 'NONE', ( #1118 ), #35, .F. ) ;
#19 = CIRCLE ( 'NONE', #792, 7.600000000000002309 ) ;
#20 = AXIS2_PLACEMENT_3D ( 'NONE', #626, #741, #1300 ) ;
#21 = AXIS2_PLACEMENT_3D ( 'NONE', #517, #743, #957 ) ;
#22 = VECTOR ( 'NONE', #972, 1000.000000000000000 ) ;
#23 = LINE ( 'NONE', #339, #886 ) ;
#24 = CARTESIAN_POINT ( 'NONE',  ( -55.00000000000002132, 33.99999999999995737, 30.00000000000000000 ) ) ;
#25 = CYLINDRICAL_SURFACE ( 'NONE', #796, 1.300000000000002487 ) ;
#26 = APPROVAL_PERSON_ORGANIZATION ( #1212, #47, #55 ) ;
#27 = ORIENTED_EDGE ( 'NONE', *, *, #541, .T. ) ;
#28 = DIRECTION ( 'NONE',  ( 0.000000000000000000, -0.000000000000000000, -1.000000000000000000 ) ) ;
#29 = ADVANCED_FACE ( 'NONE', ( #1345, #330, #656 ), #685, .F. ) ;
#30 = EDGE_CURVE ( 'NONE', #1342, #904, #1045, .T. ) ;
#31 = CARTESIAN_POINT ( 'NONE',  ( -40.00000000000000711, 7.500000000000000000, -45.00000000000000000 ) ) ;
#32 = EDGE_LOOP ( 'NONE', ( #48, #1349, #50, #632 ) ) ;
#33 = CARTESIAN_POINT ( 'NONE',  ( 55.00000000000000711, 35.00000000000000000, -30.00000000000000000 ) ) ;
#34 = DIRECTION ( 'NONE',  ( 0.000000000000000000, 0.000000000000000000, 1.000000000000000000 ) ) ;
#35 = CYLINDRICAL_SURFACE ( 'NONE', #930, 2.550000000000000266 ) ;
#36 = EDGE_CURVE ( 'NONE', #123, #104, #749, .T. ) ;
#37 = ORIENTED_EDGE ( 'NONE', *, *, #418, .F. ) ;
#38 = DIRECTION ( 'NONE',  ( 0.000000000000000000, 0.000000000000000000, 1.000000000000000000 ) ) ;
#39 = DIRECTION ( 'NONE',  ( -0.000000000000000000, 1.000000000000000000, -0.000000000000000000 ) ) ;
#40 = CIRCLE ( 'NONE', #41, 7.599999999999996092 ) ;
#41 = AXIS2_PLACEMENT_3D ( 'NONE', #1220, #233, #1363 ) ;
#42 = CIRCLE ( 'NONE', #334, 1.300000000000002487 ) ;
#43 = CARTESIAN_POINT ( 'NONE',  ( 55.00000000000000711, 35.00000000000000000, -18.50000000000000355 ) ) ;
#44 = AXIS2_PLACEMENT_3D ( 'NONE', #1095, #195, #179 ) ;
#45 = DIRECTION ( 'NONE',  ( -0.000000000000000000, -0.000000000000000000, -1.000000000000000000 ) ) ;
#46 = CIRCLE ( 'NONE', #639, 1.300000000000002487 ) ;
#47 = APPROVAL ( #710, 'UNSPECIFIED' ) ;
#48 = ORIENTED_EDGE ( 'NONE', *, *, #629, .F. ) ;
#49 = CARTESIAN_POINT ( 'NONE',  ( 20.00000000000000355, 0.000000000000000000, 1.000000000000000444 ) ) ;
#50 = ORIENTED_EDGE ( 'NONE', *, *, #1377, .T. ) ;
#51 = ORIENTED_EDGE ( 'NONE', *, *, #227, .T. ) ;
#52 = EDGE_CURVE ( 'NONE', #951, #1215, #1140, .T. ) ;
#53 = ORIENTED_EDGE ( 'NONE', *, *, #1127, .T. ) ;
#54 = CARTESIAN_POINT ( 'NONE',  ( -55.00000000000002132, 35.00000000000000000, 41.50000000000004974 ) ) ;
#55 = APPROVAL_ROLE ( '' ) ;
#56 = DIRECTION ( 'NONE',  ( -0.000000000000000000, -0.000000000000000000, 1.000000000000000000 ) ) ;
#57 = DATE_AND_TIME ( #711, #1084 ) ;
#58 = EDGE_LOOP ( 'NONE', ( #1178, #1038, #955, #576 ) ) ;
#59 = DIRECTION ( 'NONE',  ( -0.000000000000000000, -0.000000000000000000, 1.000000000000000000 ) ) ;
#60 = FACE_OUTER_BOUND ( 'NONE', #352, .T. ) ;
#61 = ORIENTED_EDGE ( 'NONE', *, *, #681, .T. ) ;
#62 = DIRECTION ( 'NONE',  ( -0.000000000000000000, -0.000000000000000000, 1.000000000000000000 ) ) ;
#63 = VECTOR ( 'NONE', #888, 1000.000000000000000 ) ;
#64 = VERTEX_POINT ( 'NONE', #121 ) ;
#65 = DIRECTION ( 'NONE',  ( 0.000000000000000000, 0.000000000000000000, 1.000000000000000000 ) ) ;
#66 = AXIS2_PLACEMENT_3D ( 'NONE', #1022, #228, #874 ) ;
#67 = DIRECTION ( 'NONE',  ( 0.000000000000000000, 0.000000000000000000, 1.000000000000000000 ) ) ;
#68 = AXIS2_PLACEMENT_3D ( 'NONE', #260, #152, #1286 ) ;
#69 = VERTEX_POINT ( 'NONE', #766 ) ;
#70 = AXIS2_PLACEMENT_3D ( 'NONE', #661, #217, #28 ) ;
#71 = FACE_BOUND ( 'NONE', #581, .T. ) ;
#72 = CARTESIAN_POINT ( 'NONE',  ( 38.70000000000000284, 7.500000000000000000, 34.99999999999999289 ) ) ;
#73 = CARTESIAN_POINT ( 'NONE',  ( 40.00000000000000711, 7.500000000000000000, -34.99999999999999289 ) ) ;
#74 = AXIS2_PLACEMENT_3D ( 'NONE', #1308, #6, #658 ) ;
#75 = ORIENTED_EDGE ( 'NONE', *, *, #322, .T. ) ;
#76 = CONICAL_SURFACE ( 'NONE', #1083, 7.600000000000002309, 0.7853981633974526089 ) ;
#77 = VERTEX_POINT ( 'NONE', #561 ) ;
#78 = LINE ( 'NONE', #628, #1333 ) ;
#79 = EDGE_CURVE ( 'NONE', #832, #69, #124, .T. ) ;
#80 = EDGE_LOOP ( 'NONE', ( #674, #1182, #787, #513 ) ) ;
#81 = DIRECTION ( 'NONE',  ( 8.659560562354969836E-17, 0.7071067811865444641, -0.7071067811865505703 ) ) ;
#82 = CARTESIAN_POINT ( 'NONE',  ( 55.00000000000000711, 35.00000000000000000, -30.00000000000000000 ) ) ;
#83 = DIRECTION ( 'NONE',  ( 0.000000000000000000, 0.000000000000000000, 1.000000000000000000 ) ) ;
#84 = ORIENTED_EDGE ( 'NONE', *, *, #784, .F. ) ;
#85 = ORIENTED_EDGE ( 'NONE', *, *, #1312, .T. ) ;
#86 = ORIENTED_EDGE ( 'NONE', *, *, #744, .T. ) ;
#87 = EDGE_CURVE ( 'NONE', #236, #464, #23, .T. ) ;
#88 = ORIENTED_EDGE ( 'NONE', *, *, #1211, .F. ) ;
#89 = CYLINDRICAL_SURFACE ( 'NONE', #21, 7.599999999999996092 ) ;
#90 = VERTEX_POINT ( 'NONE', #239 ) ;
#91 = CARTESIAN_POINT ( 'NONE',  ( 38.70000000000000284, 7.500000000000000000, 45.00000000000000000 ) ) ;
#92 = ORIENTED_EDGE ( 'NONE', *, *, #1351, .F. ) ;
#93 = AXIS2_PLACEMENT_3D ( 'NONE', #1355, #897, #999 ) ;
#94 = DIRECTION ( 'NONE',  ( 0.000000000000000000, 1.000000000000000000, 0.000000000000000000 ) ) ;
#95 = ORIENTED_EDGE ( 'NONE', *, *, #1437, .T. ) ;
#96 = DIRECTION ( 'NONE',  ( 0.000000000000000000, 0.000000000000000000, 1.000000000000000000 ) ) ;
#97 = AXIS2_PLACEMENT_3D ( 'NONE', #478, #937, #65 ) ;
#98 = EDGE_CURVE ( 'NONE', #77, #104, #462, .T. ) ;
#99 = AXIS2_PLACEMENT_3D ( 'NONE', #952, #1417, #398 ) ;
#100 = ORIENTED_EDGE ( 'NONE', *, *, #1343, .T. ) ;
#101 = CONICAL_SURFACE ( 'NONE', #74, 11.49999999999999645, 0.7853981633974466137 ) ;
#102 = EDGE_CURVE ( 'NONE', #951, #973, #1102, .T. ) ;
#103 = CIRCLE ( 'NONE', #1231, 1.300000000000002487 ) ;
#104 = VERTEX_POINT ( 'NONE', #1130 ) ;
#105 = DIRECTION ( 'NONE',  ( -1.000000000000000000, 0.000000000000000000, 0.000000000000000000 ) ) ;
#106 = CARTESIAN_POINT ( 'NONE',  ( 0.000000000000000000, 10.00000000000000000, 25.00000000000000000 ) ) ;
#107 = DIRECTION ( 'NONE',  ( -0.000000000000000000, -1.000000000000000000, -0.000000000000000000 ) ) ;
#108 = ORIENTED_EDGE ( 'NONE', *, *, #697, .F. ) ;
#109 = DIRECTION ( 'NONE',  ( -0.000000000000000000, -1.000000000000000000, -0.000000000000000000 ) ) ;
#110 = DIRECTION ( 'NONE',  ( 1.000000000000000000, 0.000000000000000000, 0.000000000000000000 ) ) ;
#111 = ADVANCED_FACE ( 'NONE', ( #1111 ), #780, .T. ) ;
#112 = PERSON_AND_ORGANIZATION ( #559, #1155 ) ;
#113 = FACE_OUTER_BOUND ( 'NONE', #1247, .T. ) ;
#114 = ORIENTED_EDGE ( 'NONE', *, *, #895, .F. ) ;
#115 = CARTESIAN_POINT ( 'NONE',  ( 0.000000000000000000, 10.00000000000000000, -22.45000000000000284 ) ) ;
#116 = CARTESIAN_POINT ( 'NONE',  ( 20.00000000000000355, 12.00000000000000000, -1.000000000000002665 ) ) ;
#117 = VERTEX_POINT ( 'NONE', #325 ) ;
#118 = AXIS2_PLACEMENT_3D ( 'NONE', #510, #1076, #96 ) ;
#119 = LOCAL_TIME ( 14, 59, 46.00000000000000000, #575 ) ;
#120 = LINE ( 'NONE', #525, #986 ) ;
#121 = CARTESIAN_POINT ( 'NONE',  ( 55.00000000000000711, 0.000000000000000000, -22.40000000000000213 ) ) ;
#122 = EDGE_CURVE ( 'NONE', #825, #164, #40, .T. ) ;
#123 = VERTEX_POINT ( 'NONE', #1016 ) ;
#124 = LINE ( 'NONE', #785, #63 ) ;
#125 = CYLINDRICAL_SURFACE ( 'NONE', #458, 12.49999999999999645 ) ;
#126 = DIRECTION ( 'NONE',  ( 1.000000000000000000, 0.000000000000000000, 0.000000000000000000 ) ) ;
#127 = EDGE_CURVE ( 'NONE', #521, #279, #138, .T. ) ;
#128 = EDGE_LOOP ( 'NONE', ( #1186, #267, #5, #300 ) ) ;
#129 = DIRECTION ( 'NONE',  ( -0.000000000000000000, -0.000000000000000000, 1.000000000000000000 ) ) ;
#130 = CARTESIAN_POINT ( 'NONE',  ( 40.00000000000000711, 7.500000000000000000, -34.99999999999999289 ) ) ;
#131 = ORIENTED_EDGE ( 'NONE', *, *, #1137, .T. ) ;
#132 = AXIS2_PLACEMENT_3D ( 'NONE', #31, #129, #1007 ) ;
#133 = EDGE_CURVE ( 'NONE', #284, #692, #863, .T. ) ;
#134 = ADVANCED_FACE ( 'NONE', ( #1366 ), #881, .T. ) ;
#135 = AXIS2_PLACEMENT_3D ( 'NONE', #354, #599, #140 ) ;
#136 = CARTESIAN_POINT ( 'NONE',  ( -55.00000000000002132, 35.00000000000000000, 18.49999999999994671 ) ) ;
#137 = CIRCLE ( 'NONE', #1202, 2.550000000000000266 ) ;
#138 = LINE ( 'NONE', #991, #810 ) ;
#139 = VERTEX_POINT ( 'NONE', #1060 ) ;
#140 = DIRECTION ( 'NONE',  ( 0.000000000000000000, 0.000000000000000000, 1.000000000000000000 ) ) ;
#141 = EDGE_CURVE ( 'NONE', #187, #515, #333, .T. ) ;
#142 = DIRECTION ( 'NONE',  ( -0.000000000000000000, 1.000000000000000000, -0.000000000000000000 ) ) ;
#143 = DIRECTION ( 'NONE',  ( -0.000000000000000000, -1.000000000000000000, -0.000000000000000000 ) ) ;
#144 = ORIENTED_EDGE ( 'NONE', *, *, #11, .F. ) ;
#145 = DIRECTION ( 'NONE',  ( -0.000000000000000000, 1.000000000000000000, -0.000000000000000000 ) ) ;
#146 = ADVANCED_FACE ( 'NONE', ( #360 ), #400, .T. ) ;
#147 = PERSON_AND_ORGANIZATION ( #559, #1155 ) ;
#148 = DIRECTION ( 'NONE',  ( -1.000000000000000000, 0.000000000000000000, 0.000000000000000000 ) ) ;
#149 = ORIENTED_EDGE ( 'NONE', *, *, #1144, .T. ) ;
#150 = CARTESIAN_POINT ( 'NONE',  ( -55.00000000000002132, 33.99999999999995737, 37.60000000000000142 ) ) ;
#151 = AXIS2_PLACEMENT_3D ( 'NONE', #976, #1447, #427 ) ;
#152 = DIRECTION ( 'NONE',  ( 1.000000000000000000, -0.000000000000000000, 0.000000000000000000 ) ) ;
#153 = AXIS2_PLACEMENT_3D ( 'NONE', #159, #1019, #468 ) ;
#154 = CARTESIAN_POINT ( 'NONE',  ( 55.00000000000000711, 33.99999999999995737, -22.40000000000000213 ) ) ;
#155 = AXIS2_PLACEMENT_3D ( 'NONE', #823, #473, #916 ) ;
#156 = AXIS2_PLACEMENT_3D ( 'NONE', #536, #1297, #625 ) ;
#157 = ORIENTED_EDGE ( 'NONE', *, *, #87, .F. ) ;
#158 = EDGE_CURVE ( 'NONE', #904, #1342, #887, .T. ) ;
#159 = CARTESIAN_POINT ( 'NONE',  ( 0.000000000000000000, 15.00000000000000000, 0.000000000000000000 ) ) ;
#160 = DIRECTION ( 'NONE',  ( 0.000000000000000000, 0.000000000000000000, 1.000000000000000000 ) ) ;
#161 = VERTEX_POINT ( 'NONE', #921 ) ;
#162 = EDGE_CURVE ( 'NONE', #117, #973, #1026, .T. ) ;
#163 = CARTESIAN_POINT ( 'NONE',  ( -70.00000000000000000, 15.00000000000000000, -45.00000000000000000 ) ) ;
#164 = VERTEX_POINT ( 'NONE', #154 ) ;
#165 = EDGE_LOOP ( 'NONE', ( #1036, #290, #551, #1033 ) ) ;
#166 = CARTESIAN_POINT ( 'NONE',  ( 0.000000000000000000, 10.00000000000000000, -25.00000000000000000 ) ) ;
#167 = CALENDAR_DATE ( 2025, 5, 12 ) ;
#168 = CARTESIAN_POINT ( 'NONE',  ( 0.000000000000000000, 12.00000000000000000, 25.00000000000000000 ) ) ;
#169 = LINE ( 'NONE', #1170, #246 ) ;
#170 = EDGE_LOOP ( 'NONE', ( #686, #1266 ) ) ;
#171 = DIRECTION ( 'NONE',  ( 0.000000000000000000, 1.000000000000000000, 0.000000000000000000 ) ) ;
#172 = ORIENTED_EDGE ( 'NONE', *, *, #174, .T. ) ;
#173 = ORIENTED_EDGE ( 'NONE', *, *, #186, .F. ) ;
#174 = EDGE_CURVE ( 'NONE', #953, #123, #1269, .T. ) ;
#175 = CIRCLE ( 'NONE', #430, 2.550000000000000266 ) ;
#176 = CYLINDRICAL_SURFACE ( 'NONE', #503, 2.550000000000000266 ) ;
#177 = VERTEX_POINT ( 'NONE', #1404 ) ;
#178 = AXIS2_PLACEMENT_3D ( 'NONE', #73, #701, #1409 ) ;
#179 = DIRECTION ( 'NONE',  ( 0.000000000000000000, 0.000000000000000000, 1.000000000000000000 ) ) ;
#180 = CIRCLE ( 'NONE', #1176, 11.50000000000005151 ) ;
#181 = CARTESIAN_POINT ( 'NONE',  ( 0.000000000000000000, 12.00000000000000000, 0.000000000000000000 ) ) ;
#182 = ORIENTED_EDGE ( 'NONE', *, *, #1034, .T. ) ;
#183 = DIRECTION ( 'NONE',  ( 0.000000000000000000, 1.000000000000000000, 0.000000000000000000 ) ) ;
#184 = LOCAL_TIME ( 14, 59, 46.00000000000000000, #649 ) ;
#185 = VERTEX_POINT ( 'NONE', #1032 ) ;
#186 = EDGE_CURVE ( 'NONE', #1420, #256, #586, .T. ) ;
#187 = VERTEX_POINT ( 'NONE', #940 ) ;
#188 = ORIENTED_EDGE ( 'NONE', *, *, #30, .T. ) ;
#189 = LINE ( 'NONE', #868, #1229 ) ;
#190 = ORIENTED_EDGE ( 'NONE', *, *, #196, .F. ) ;
#191 = DIRECTION ( 'NONE',  ( 0.000000000000000000, 0.000000000000000000, 1.000000000000000000 ) ) ;
#192 = VERTEX_POINT ( 'NONE', #385 ) ;
#193 = APPROVAL ( #1139, 'UNSPECIFIED' ) ;
#194 = ORIENTED_EDGE ( 'NONE', *, *, #830, .T. ) ;
#195 = DIRECTION ( 'NONE',  ( -0.000000000000000000, 1.000000000000000000, -0.000000000000000000 ) ) ;
#196 = EDGE_CURVE ( 'NONE', #204, #1070, #313, .T. ) ;
#197 = ORIENTED_EDGE ( 'NONE', *, *, #879, .T. ) ;
#198 = ORIENTED_EDGE ( 'NONE', *, *, #1226, .F. ) ;
#199 = CARTESIAN_POINT ( 'NONE',  ( -70.00000000000000000, 0.000000000000000000, 45.00000000000000000 ) ) ;
#200 = LINE ( 'NONE', #968, #705 ) ;
#201 = CIRCLE ( 'NONE', #907, 7.599999999999996092 ) ;
#202 = CARTESIAN_POINT ( 'NONE',  ( 55.00000000000000711, -0.0009999999999992653654, -22.40000000000000213 ) ) ;
#203 = EDGE_CURVE ( 'NONE', #185, #1273, #1423, .T. ) ;
#204 = VERTEX_POINT ( 'NONE', #842 ) ;
#205 = CIRCLE ( 'NONE', #1250, 7.599999999999996092 ) ;
#206 = CC_DESIGN_SECURITY_CLASSIFICATION ( #1205, ( #1279 ) ) ;
#207 = DIRECTION ( 'NONE',  ( 1.000000000000000000, 0.000000000000000000, 0.000000000000000000 ) ) ;
#208 = CARTESIAN_POINT ( 'NONE',  ( 55.00000000000000711, 33.99999999999995737, -22.40000000000000213 ) ) ;
#209 = ORIENTED_EDGE ( 'NONE', *, *, #1147, .T. ) ;
#210 = LINE ( 'NONE', #631, #1131 ) ;
#211 = ORIENTED_EDGE ( 'NONE', *, *, #926, .T. ) ;
#212 = ADVANCED_FACE ( 'NONE', ( #1439, #419 ), #1318, .T. ) ;
#213 = CARTESIAN_POINT ( 'NONE',  ( -55.00000000000002132, 34.00000000000004263, 30.00000000000000000 ) ) ;
#214 = CARTESIAN_POINT ( 'NONE',  ( 55.00000000000000711, 35.00000000000000000, -38.60000000000005116 ) ) ;
#215 = DIRECTION ( 'NONE',  ( 0.000000000000000000, 0.000000000000000000, 1.000000000000000000 ) ) ;
#216 = ORIENTED_EDGE ( 'NONE', *, *, #418, .T. ) ;
#217 = DIRECTION ( 'NONE',  ( 0.000000000000000000, -1.000000000000000000, 0.000000000000000000 ) ) ;
#218 = EDGE_CURVE ( 'NONE', #515, #187, #1370, .T. ) ;
#219 = CYLINDRICAL_SURFACE ( 'NONE', #1104, 12.49999999999999645 ) ;
#220 = CLOSED_SHELL ( 'NONE', ( #18, #377, #1284, #1438, #1059, #858, #297, #959, #695, #237, #593, #1044, #967, #336, #1167, #950, #941, #640, #993, #29, #346, #4, #431, #837, #1068, #1362, #1077, #1383, #111, #1005, #1177, #264, #919, #1427, #500, #621, #566, #212, #958, #988, #275, #459, #146, #1239, #1157, #1262, #134, #757, #410 ) ) ;
#221 = ORIENTED_EDGE ( 'NONE', *, *, #1014, .T. ) ;
#222 = AXIS2_PLACEMENT_3D ( 'NONE', #801, #1264, #1257 ) ;
#223 = AXIS2_PLACEMENT_3D ( 'NONE', #257, #171, #910 ) ;
#224 = CIRCLE ( 'NONE', #682, 2.550000000000000266 ) ;
#225 = DIRECTION ( 'NONE',  ( -1.000000000000000000, 0.000000000000000000, 0.000000000000000000 ) ) ;
#226 = MANIFOLD_SOLID_BREP ( 'Cut-Extrude5', #220 ) ;
#227 = EDGE_CURVE ( 'NONE', #660, #139, #633, .T. ) ;
#228 = DIRECTION ( 'NONE',  ( 0.000000000000000000, -1.000000000000000000, 0.000000000000000000 ) ) ;
#229 = CARTESIAN_POINT ( 'NONE',  ( -55.00000000000002132, 15.00000000000000000, 42.49999999999999289 ) ) ;
#230 = CARTESIAN_POINT ( 'NONE',  ( -55.00000000000002132, 35.00000000000000000, 30.00000000000000000 ) ) ;
#231 = CARTESIAN_POINT ( 'NONE',  ( 40.00000000000000711, 7.500000000000000000, 34.99999999999999289 ) ) ;
#232 = ORIENTED_EDGE ( 'NONE', *, *, #1377, .F. ) ;
#233 = DIRECTION ( 'NONE',  ( 0.000000000000000000, 1.000000000000000000, 0.000000000000000000 ) ) ;
#234 = DIRECTION ( 'NONE',  ( 0.000000000000000000, 0.000000000000000000, 1.000000000000000000 ) ) ;
#235 = CYLINDRICAL_SURFACE ( 'NONE', #612, 7.600000000000002309 ) ;
#236 = VERTEX_POINT ( 'NONE', #1093 ) ;
#237 = ADVANCED_FACE ( 'NONE', ( #113 ), #542, .F. ) ;
#238 = FACE_BOUND ( 'NONE', #1213, .T. ) ;
#239 = CARTESIAN_POINT ( 'NONE',  ( 41.30000000000001137, 7.500000000000000000, -34.99999999999999289 ) ) ;
#240 = CARTESIAN_POINT ( 'NONE',  ( 55.00000000000000711, 33.99999999999999289, -42.49999999999999289 ) ) ;
#241 = EDGE_LOOP ( 'NONE', ( #932, #565, #1149, #15 ) ) ;
#242 = EDGE_CURVE ( 'NONE', #64, #428, #655, .T. ) ;
#243 = DIRECTION ( 'NONE',  ( 0.000000000000000000, 1.000000000000000000, 0.000000000000000000 ) ) ;
#244 = AXIS2_PLACEMENT_3D ( 'NONE', #800, #694, #1143 ) ;
#245 = AXIS2_PLACEMENT_3D ( 'NONE', #1267, #258, #369 ) ;
#246 = VECTOR ( 'NONE', #828, 1000.000000000000000 ) ;
#247 = EDGE_LOOP ( 'NONE', ( #1287, #1294 ) ) ;
#248 = DIRECTION ( 'NONE',  ( 1.000000000000000000, 0.000000000000000000, 0.000000000000000000 ) ) ;
#249 = CC_DESIGN_PERSON_AND_ORGANIZATION_ASSIGNMENT ( #112, #975, ( #1279 ) ) ;
#250 = DIRECTION ( 'NONE',  ( 0.000000000000000000, 0.000000000000000000, 1.000000000000000000 ) ) ;
#251 = DIRECTION ( 'NONE',  ( 0.000000000000000000, 0.000000000000000000, 1.000000000000000000 ) ) ;
#252 = ORIENTED_EDGE ( 'NONE', *, *, #849, .T. ) ;
#253 = CARTESIAN_POINT ( 'NONE',  ( 3.122849337825749926E-16, 10.00000000000000000, -27.55000000000000071 ) ) ;
#254 = CYLINDRICAL_SURFACE ( 'NONE', #244, 1.300000000000002487 ) ;
#255 = EDGE_CURVE ( 'NONE', #494, #1273, #567, .T. ) ;
#256 = VERTEX_POINT ( 'NONE', #460 ) ;
#257 = CARTESIAN_POINT ( 'NONE',  ( 20.00000000000000355, 12.00000000000000000, -1.115208210443206076E-15 ) ) ;
#258 = DIRECTION ( 'NONE',  ( 0.000000000000000000, 0.000000000000000000, 1.000000000000000000 ) ) ;
#259 = AXIS2_PLACEMENT_3D ( 'NONE', #168, #1046, #67 ) ;
#260 = CARTESIAN_POINT ( 'NONE',  ( -70.00000000000000000, 15.00000000000000000, 45.00000000000000000 ) ) ;
#261 = VECTOR ( 'NONE', #1290, 1000.000000000000000 ) ;
#262 = CARTESIAN_POINT ( 'NONE',  ( -41.30000000000001137, 7.500000000000000000, -34.99999999999999289 ) ) ;
#263 = AXIS2_PLACEMENT_3D ( 'NONE', #535, #544, #1422 ) ;
#264 = ADVANCED_FACE ( 'NONE', ( #1228 ), #1352, .F. ) ;
#265 = APPROVAL_DATE_TIME ( #57, #867 ) ;
#266 = CIRCLE ( 'NONE', #406, 1.300000000000002487 ) ;
#267 = ORIENTED_EDGE ( 'NONE', *, *, #1304, .F. ) ;
#268 = CARTESIAN_POINT ( 'NONE',  ( 0.000000000000000000, 12.00000000000000000, 0.000000000000000000 ) ) ;
#269 = EDGE_LOOP ( 'NONE', ( #768, #390 ) ) ;
#270 = CARTESIAN_POINT ( 'NONE',  ( -55.00000000000002132, 15.00000000000000000, 30.00000000000000000 ) ) ;
#271 = APPLICATION_PROTOCOL_DEFINITION ( 'international standard', 'config_control_design', 1994, #996 ) ;
#272 = CC_DESIGN_PERSON_AND_ORGANIZATION_ASSIGNMENT ( #579, #1021, ( #1279 ) ) ;
#273 = VERTEX_POINT ( 'NONE', #1115 ) ;
#274 = LINE ( 'NONE', #1381, #725 ) ;
#275 = ADVANCED_FACE ( 'NONE', ( #790 ), #219, .T. ) ;
#276 = ORIENTED_EDGE ( 'NONE', *, *, #1127, .F. ) ;
#277 = CARTESIAN_POINT ( 'NONE',  ( 40.00000000000000711, 7.500000000000000000, -45.00000000000000000 ) ) ;
#278 = FACE_OUTER_BOUND ( 'NONE', #623, .T. ) ;
#279 = VERTEX_POINT ( 'NONE', #574 ) ;
#280 = CARTESIAN_POINT ( 'NONE',  ( 0.000000000000000000, 12.00000000000000000, 27.55000000000000071 ) ) ;
#281 = VERTEX_POINT ( 'NONE', #115 ) ;
#282 = CYLINDRICAL_SURFACE ( 'NONE', #909, 1.000000000000001554 ) ;
#283 = EDGE_CURVE ( 'NONE', #293, #416, #984, .T. ) ;
#284 = VERTEX_POINT ( 'NONE', #438 ) ;
#285 = CIRCLE ( 'NONE', #97, 1.000000000000001554 ) ;
#286 = VECTOR ( 'NONE', #974, 1000.000000000000000 ) ;
#287 = CARTESIAN_POINT ( 'NONE',  ( -55.00000000000002132, 35.00000000000000000, 42.49999999999999289 ) ) ;
#288 = EDGE_LOOP ( 'NONE', ( #489, #194, #1443, #1089 ) ) ;
#289 = VECTOR ( 'NONE', #81, 1000.000000000000000 ) ;
#290 = ORIENTED_EDGE ( 'NONE', *, *, #707, .T. ) ;
#291 = LINE ( 'NONE', #1307, #1301 ) ;
#292 = CONICAL_SURFACE ( 'NONE', #156, 11.50000000000005151, 0.7853981633974405074 ) ;
#293 = VERTEX_POINT ( 'NONE', #1218 ) ;
#294 = DIRECTION ( 'NONE',  ( 0.000000000000000000, 0.000000000000000000, 1.000000000000000000 ) ) ;
#295 = LOCAL_TIME ( 14, 59, 46.00000000000000000, #1272 ) ;
#296 = EDGE_LOOP ( 'NONE', ( #861, #802 ) ) ;
#297 = ADVANCED_FACE ( 'NONE', ( #1106 ), #778, .T. ) ;
#298 = CARTESIAN_POINT ( 'NONE',  ( 0.000000000000000000, 12.00000000000000000, 0.000000000000000000 ) ) ;
#299 = LINE ( 'NONE', #208, #1058 ) ;
#300 = ORIENTED_EDGE ( 'NONE', *, *, #203, .F. ) ;
#301 = CARTESIAN_POINT ( 'NONE',  ( -38.70000000000000284, 7.500000000000000000, 34.99999999999999289 ) ) ;
#302 = CARTESIAN_POINT ( 'NONE',  ( 40.00000000000000711, 7.500000000000000000, 34.99999999999999289 ) ) ;
#303 = EDGE_LOOP ( 'NONE', ( #925, #829, #601, #449 ) ) ;
#304 = DIRECTION ( 'NONE',  ( -0.000000000000000000, 1.000000000000000000, -0.000000000000000000 ) ) ;
#305 = ORIENTED_EDGE ( 'NONE', *, *, #572, .T. ) ;
#306 = EDGE_CURVE ( 'NONE', #728, #416, #19, .T. ) ;
#307 = EDGE_LOOP ( 'NONE', ( #276, #546, #1003, #497 ) ) ;
#308 = CARTESIAN_POINT ( 'NONE',  ( 55.00000000000000711, 33.99999999999995737, -37.59999999999999432 ) ) ;
#309 = DIRECTION ( 'NONE',  ( -0.000000000000000000, -0.000000000000000000, 1.000000000000000000 ) ) ;
#310 = ORIENTED_EDGE ( 'NONE', *, *, #387, .F. ) ;
#311 = CARTESIAN_POINT ( 'NONE',  ( -20.00000000000000355, 0.000000000000000000, -1.115208210443206076E-15 ) ) ;
#312 = CARTESIAN_POINT ( 'NONE',  ( 55.00000000000000711, 33.99999999999995737, -30.00000000000000000 ) ) ;
#313 = CIRCLE ( 'NONE', #838, 35.04999999999999716 ) ;
#314 = CIRCLE ( 'NONE', #1028, 8.600000000000051159 ) ;
#315 = ORIENTED_EDGE ( 'NONE', *, *, #1368, .F. ) ;
#316 = CARTESIAN_POINT ( 'NONE',  ( 0.000000000000000000, 12.00000000000000000, -25.00000000000000000 ) ) ;
#317 = AXIS2_PLACEMENT_3D ( 'NONE', #411, #1419, #1183 ) ;
#318 = DATE_TIME_ROLE ( 'classification_date' ) ;
#319 = DIRECTION ( 'NONE',  ( 0.000000000000000000, 0.000000000000000000, 1.000000000000000000 ) ) ;
#320 = EDGE_LOOP ( 'NONE', ( #84, #1053 ) ) ;
#321 = PLANE ( 'NONE',  #70 ) ;
#322 = EDGE_CURVE ( 'NONE', #428, #64, #201, .T. ) ;
#323 = CARTESIAN_POINT ( 'NONE',  ( -70.00000000000000000, 15.00000000000000000, 45.00000000000000000 ) ) ;
#324 = CARTESIAN_POINT ( 'NONE',  ( 38.70000000000000284, 7.500000000000000000, -34.99999999999999289 ) ) ;
#325 = CARTESIAN_POINT ( 'NONE',  ( 55.00000000000000711, 35.00000000000000000, -18.50000000000000355 ) ) ;
#326 = DIRECTION ( 'NONE',  ( -1.000000000000000000, 0.000000000000000000, 0.000000000000000000 ) ) ;
#327 = EDGE_LOOP ( 'NONE', ( #1364, #384, #1048, #485 ) ) ;
#328 = EDGE_CURVE ( 'NONE', #1291, #1289, #285, .T. ) ;
#329 = DIRECTION ( 'NONE',  ( 1.000000000000000000, 0.000000000000000000, 0.000000000000000000 ) ) ;
#330 = FACE_BOUND ( 'NONE', #759, .T. ) ;
#331 = DIRECTION ( 'NONE',  ( -0.000000000000000000, -1.000000000000000000, -0.000000000000000000 ) ) ;
#332 = EDGE_LOOP ( 'NONE', ( #1418, #95 ) ) ;
#333 = CIRCLE ( 'NONE', #570, 1.000000000000001554 ) ;
#334 = AXIS2_PLACEMENT_3D ( 'NONE', #720, #191, #1310 ) ;
#335 = VECTOR ( 'NONE', #432, 1000.000000000000000 ) ;
#336 = ADVANCED_FACE ( 'NONE', ( #1403 ), #254, .F. ) ;
#337 = DIRECTION ( 'NONE',  ( -0.000000000000000000, -1.000000000000000000, -0.000000000000000000 ) ) ;
#338 = DIRECTION ( 'NONE',  ( -0.000000000000000000, 1.000000000000000000, -0.000000000000000000 ) ) ;
#339 = CARTESIAN_POINT ( 'NONE',  ( -70.00000000000000000, 15.00000000000000000, 45.00000000000000000 ) ) ;
#340 = CARTESIAN_POINT ( 'NONE',  ( -55.00000000000002132, 35.00000000000000000, 30.00000000000000000 ) ) ;
#341 = ORIENTED_EDGE ( 'NONE', *, *, #784, .T. ) ;
#342 = FACE_OUTER_BOUND ( 'NONE', #1056, .T. ) ;
#343 = DIRECTION ( 'NONE',  ( 1.000000000000000000, 0.000000000000000000, 0.000000000000000000 ) ) ;
#344 = CARTESIAN_POINT ( 'NONE',  ( 40.00000000000000711, 7.500000000000000000, 34.99999999999999289 ) ) ;
#345 = CARTESIAN_POINT ( 'NONE',  ( 55.00000000000000711, 35.00000000000000000, -42.49999999999999289 ) ) ;
#346 = ADVANCED_FACE ( 'NONE', ( #1156 ), #826, .F. ) ;
#347 = DIRECTION ( 'NONE',  ( -1.000000000000000000, 0.000000000000000000, 0.000000000000000000 ) ) ;
#348 = CARTESIAN_POINT ( 'NONE',  ( -55.00000000000002132, 33.99999999999995737, 30.00000000000000000 ) ) ;
#349 = EDGE_LOOP ( 'NONE', ( #1280, #1234, #537, #310 ) ) ;
#350 = APPROVAL_ROLE ( '' ) ;
#351 = CARTESIAN_POINT ( 'NONE',  ( 40.00000000000000711, 7.500000000000000000, 34.99999999999999289 ) ) ;
#352 = EDGE_LOOP ( 'NONE', ( #605, #1223, #669, #1073 ) ) ;
#353 = DIRECTION ( 'NONE',  ( 0.000000000000000000, 1.000000000000000000, 0.000000000000000000 ) ) ;
#354 = CARTESIAN_POINT ( 'NONE',  ( 0.000000000000000000, 10.00000000000000000, -25.00000000000000000 ) ) ;
#355 = CIRCLE ( 'NONE', #135, 2.550000000000000266 ) ;
#356 = DESIGN_CONTEXT ( 'detailed design', #996, 'design' ) ;
#357 = AXIS2_PLACEMENT_3D ( 'NONE', #1388, #372, #1063 ) ;
#358 = DIRECTION ( 'NONE',  ( -0.000000000000000000, 1.000000000000000000, -0.000000000000000000 ) ) ;
#359 = VECTOR ( 'NONE', #1116, 1000.000000000000000 ) ;
#360 = FACE_OUTER_BOUND ( 'NONE', #948, .T. ) ;
#361 = VERTEX_POINT ( 'NONE', #1256 ) ;
#362 = DIRECTION ( 'NONE',  ( -0.000000000000000000, 1.000000000000000000, -0.000000000000000000 ) ) ;
#363 = CARTESIAN_POINT ( 'NONE',  ( 3.122849337825749926E-16, 12.00000000000000000, -27.55000000000000071 ) ) ;
#364 = LINE ( 'NONE', #1261, #722 ) ;
#365 = EDGE_CURVE ( 'NONE', #1190, #480, #474, .T. ) ;
#366 = DIRECTION ( 'NONE',  ( 0.000000000000000000, 1.000000000000000000, 0.000000000000000000 ) ) ;
#367 = ORIENTED_EDGE ( 'NONE', *, *, #590, .F. ) ;
#368 = DIRECTION ( 'NONE',  ( -0.000000000000000000, 1.000000000000000000, -0.000000000000000000 ) ) ;
#369 = DIRECTION ( 'NONE',  ( -1.000000000000000000, 0.000000000000000000, 0.000000000000000000 ) ) ;
#370 = EDGE_CURVE ( 'NONE', #1070, #177, #1138, .T. ) ;
#371 = EDGE_LOOP ( 'NONE', ( #188, #1210 ) ) ;
#372 = DIRECTION ( 'NONE',  ( -0.000000000000000000, -1.000000000000000000, -0.000000000000000000 ) ) ;
#373 = ORIENTED_EDGE ( 'NONE', *, *, #548, .F. ) ;
#374 = ORIENTED_EDGE ( 'NONE', *, *, #395, .F. ) ;
#375 = AXIS2_PLACEMENT_3D ( 'NONE', #901, #1124, #446 ) ;
#376 = CARTESIAN_POINT ( 'NONE',  ( -55.00000000000002132, 33.99999999999995737, 37.60000000000000142 ) ) ;
#377 = ADVANCED_FACE ( 'NONE', ( #577 ), #1020, .F. ) ;
#378 = AXIS2_PLACEMENT_3D ( 'NONE', #835, #617, #963 ) ;
#379 = VECTOR ( 'NONE', #808, 1000.000000000000000 ) ;
#380 = EDGE_CURVE ( 'NONE', #1277, #859, #1296, .T. ) ;
#381 = VERTEX_POINT ( 'NONE', #1031 ) ;
#382 = FACE_OUTER_BOUND ( 'NONE', #8, .T. ) ;
#383 = ORIENTED_EDGE ( 'NONE', *, *, #443, .T. ) ;
#384 = ORIENTED_EDGE ( 'NONE', *, *, #451, .T. ) ;
#385 = CARTESIAN_POINT ( 'NONE',  ( -55.00000000000002132, 35.00000000000000000, 21.39999999999994529 ) ) ;
#386 = ORIENTED_EDGE ( 'NONE', *, *, #122, .F. ) ;
#387 = EDGE_CURVE ( 'NONE', #1291, #1358, #1378, .T. ) ;
#388 = ORIENTED_EDGE ( 'NONE', *, *, #744, .F. ) ;
#389 = CARTESIAN_POINT ( 'NONE',  ( -70.00000000000000000, 0.000000000000000000, 45.00000000000000000 ) ) ;
#390 = ORIENTED_EDGE ( 'NONE', *, *, #763, .F. ) ;
#391 = CARTESIAN_POINT ( 'NONE',  ( -55.00000000000002132, 34.00000000000004263, 30.00000000000000000 ) ) ;
#392 = ORIENTED_EDGE ( 'NONE', *, *, #572, .F. ) ;
#393 = DIRECTION ( 'NONE',  ( 0.000000000000000000, 0.000000000000000000, -1.000000000000000000 ) ) ;
#394 = DIRECTION ( 'NONE',  ( -1.000000000000000000, 0.000000000000000000, 0.000000000000000000 ) ) ;
#395 = EDGE_CURVE ( 'NONE', #1327, #1179, #920, .T. ) ;
#396 = CARTESIAN_POINT ( 'NONE',  ( -40.00000000000000711, 7.500000000000000000, -45.00000000000000000 ) ) ;
#397 = ORIENTED_EDGE ( 'NONE', *, *, #885, .F. ) ;
#398 = DIRECTION ( 'NONE',  ( 0.000000000000000000, 0.000000000000000000, 1.000000000000000000 ) ) ;
#399 = VERTEX_POINT ( 'NONE', #54 ) ;
#400 = CONICAL_SURFACE ( 'NONE', #222, 11.49999999999999645, 0.7853981633974466137 ) ;
#401 = AXIS2_PLACEMENT_3D ( 'NONE', #1174, #183, #1065 ) ;
#402 = ORIENTED_EDGE ( 'NONE', *, *, #127, .F. ) ;
#403 = AXIS2_PLACEMENT_3D ( 'NONE', #1288, #362, #1259 ) ;
#404 = ORIENTED_EDGE ( 'NONE', *, *, #1437, .F. ) ;
#405 = CARTESIAN_POINT ( 'NONE',  ( -55.00000000000002132, 0.000000000000000000, 30.00000000000000000 ) ) ;
#406 = AXIS2_PLACEMENT_3D ( 'NONE', #1315, #746, #1410 ) ;
#407 = LINE ( 'NONE', #163, #1373 ) ;
#408 = DIRECTION ( 'NONE',  ( 0.000000000000000000, -1.000000000000000000, 0.000000000000000000 ) ) ;
#409 = EDGE_LOOP ( 'NONE', ( #776, #75 ) ) ;
#410 = ADVANCED_FACE ( 'NONE', ( #491 ), #927, .T. ) ;
#411 = CARTESIAN_POINT ( 'NONE',  ( -40.00000000000000711, 7.500000000000000000, 34.99999999999999289 ) ) ;
#412 = DIRECTION ( 'NONE',  ( 0.000000000000000000, -0.000000000000000000, 1.000000000000000000 ) ) ;
#413 = FACE_BOUND ( 'NONE', #844, .T. ) ;
#414 = DIRECTION ( 'NONE',  ( -0.000000000000000000, 1.000000000000000000, -0.000000000000000000 ) ) ;
#415 = LINE ( 'NONE', #854, #816 ) ;
#416 = VERTEX_POINT ( 'NONE', #376 ) ;
#417 = LINE ( 'NONE', #1072, #261 ) ;
#418 = EDGE_CURVE ( 'NONE', #69, #1011, #794, .T. ) ;
#419 = FACE_OUTER_BOUND ( 'NONE', #934, .T. ) ;
#420 = DIRECTION ( 'NONE',  ( 0.000000000000000000, 0.000000000000000000, -1.000000000000000000 ) ) ;
#421 = DIRECTION ( 'NONE',  ( 0.000000000000000000, 0.000000000000000000, -1.000000000000000000 ) ) ;
#422 = CARTESIAN_POINT ( 'NONE',  ( -55.00000000000002132, 33.99999999999995737, 22.39999999999999503 ) ) ;
#423 = CYLINDRICAL_SURFACE ( 'NONE', #1400, 7.600000000000002309 ) ;
#424 = ORIENTED_EDGE ( 'NONE', *, *, #1324, .F. ) ;
#425 = FACE_BOUND ( 'NONE', #296, .T. ) ;
#426 = PERSON_AND_ORGANIZATION_ROLE ( 'classification_officer' ) ;
#427 = DIRECTION ( 'NONE',  ( 0.000000000000000000, 0.000000000000000000, 1.000000000000000000 ) ) ;
#428 = VERTEX_POINT ( 'NONE', #822 ) ;
#429 = DIRECTION ( 'NONE',  ( 0.000000000000000000, 1.000000000000000000, 0.000000000000000000 ) ) ;
#430 = AXIS2_PLACEMENT_3D ( 'NONE', #457, #872, #670 ) ;
#431 = ADVANCED_FACE ( 'NONE', ( #1049, #71, #769, #1224, #547 ), #321, .T. ) ;
#432 = DIRECTION ( 'NONE',  ( 0.000000000000000000, -0.7071067811865487940, -0.7071067811865463515 ) ) ;
#433 = VECTOR ( 'NONE', #687, 1000.000000000000000 ) ;
#434 = ORIENTED_EDGE ( 'NONE', *, *, #1211, .T. ) ;
#435 = CIRCLE ( 'NONE', #1372, 7.600000000000002309 ) ;
#436 = AXIS2_PLACEMENT_3D ( 'NONE', #344, #880, #329 ) ;
#437 = CARTESIAN_POINT ( 'NONE',  ( 70.00000000000000000, 15.00000000000000000, 45.00000000000000000 ) ) ;
#438 = CARTESIAN_POINT ( 'NONE',  ( 41.30000000000001137, 7.500000000000000000, 45.00000000000000000 ) ) ;
#439 = FACE_OUTER_BOUND ( 'NONE', #740, .T. ) ;
#440 = ORIENTED_EDGE ( 'NONE', *, *, #1108, .T. ) ;
#441 = CARTESIAN_POINT ( 'NONE',  ( 55.00000000000000711, 33.99999999999995737, -30.00000000000000000 ) ) ;
#442 = CARTESIAN_POINT ( 'NONE',  ( -55.00000000000002132, -0.0009999999999992653654, 30.00000000000000000 ) ) ;
#443 = EDGE_CURVE ( 'NONE', #236, #660, #1136, .T. ) ;
#444 = VERTEX_POINT ( 'NONE', #1235 ) ;
#445 = CYLINDRICAL_SURFACE ( 'NONE', #436, 1.300000000000002487 ) ;
#446 = DIRECTION ( 'NONE',  ( -1.000000000000000000, 0.000000000000000000, 0.000000000000000000 ) ) ;
#447 = DIRECTION ( 'NONE',  ( -0.000000000000000000, -0.000000000000000000, 1.000000000000000000 ) ) ;
#448 = PRODUCT_DEFINITION_SHAPE ( 'NONE', 'NONE',  #450 ) ;
#449 = ORIENTED_EDGE ( 'NONE', *, *, #133, .T. ) ;
#450 = PRODUCT_DEFINITION ( 'UNKNOWN', '', #1279, #356 ) ;
#451 = EDGE_CURVE ( 'NONE', #973, #951, #587, .T. ) ;
#452 = DIRECTION ( 'NONE',  ( -0.000000000000000000, 1.000000000000000000, -0.000000000000000000 ) ) ;
#453 = DIRECTION ( 'NONE',  ( 0.000000000000000000, 0.000000000000000000, -1.000000000000000000 ) ) ;
#454 = ORIENTED_EDGE ( 'NONE', *, *, #102, .F. ) ;
#455 = AXIS2_PLACEMENT_3D ( 'NONE', #556, #1236, #1163 ) ;
#456 = AXIS2_PLACEMENT_3D ( 'NONE', #1216, #663, #571 ) ;
#457 = CARTESIAN_POINT ( 'NONE',  ( 0.000000000000000000, 12.00000000000000000, 25.00000000000000000 ) ) ;
#458 = AXIS2_PLACEMENT_3D ( 'NONE', #340, #563, #672 ) ;
#459 = ADVANCED_FACE ( 'NONE', ( #995 ), #524, .F. ) ;
#460 = CARTESIAN_POINT ( 'NONE',  ( 3.122849337825749926E-16, 12.00000000000000000, 22.45000000000000284 ) ) ;
#461 = PRODUCT ( 'bolster_top', 'bolster_top', '', ( #1317 ) ) ;
#462 = LINE ( 'NONE', #580, #750 ) ;
#463 = FACE_BOUND ( 'NONE', #923, .T. ) ;
#464 = VERTEX_POINT ( 'NONE', #437 ) ;
#465 = CARTESIAN_POINT ( 'NONE',  ( 20.00000000000000355, 0.000000000000000000, -1.115208210443206076E-15 ) ) ;
#466 = CALENDAR_DATE ( 2025, 5, 12 ) ;
#467 = ORIENTED_EDGE ( 'NONE', *, *, #141, .T. ) ;
#468 = DIRECTION ( 'NONE',  ( 0.000000000000000000, 0.000000000000000000, 1.000000000000000000 ) ) ;
#469 = DIRECTION ( 'NONE',  ( 0.000000000000000000, 0.000000000000000000, 1.000000000000000000 ) ) ;
#470 = DIRECTION ( 'NONE',  ( 0.000000000000000000, 0.000000000000000000, -1.000000000000000000 ) ) ;
#471 = ORIENTED_EDGE ( 'NONE', *, *, #481, .F. ) ;
#472 = EDGE_CURVE ( 'NONE', #1289, #1291, #634, .T. ) ;
#473 = DIRECTION ( 'NONE',  ( 0.000000000000000000, 0.000000000000000000, -1.000000000000000000 ) ) ;
#474 = CIRCLE ( 'NONE', #1329, 2.550000000000000266 ) ;
#475 = DIRECTION ( 'NONE',  ( 0.000000000000000000, 0.000000000000000000, 1.000000000000000000 ) ) ;
#476 = CIRCLE ( 'NONE', #1298, 2.550000000000000266 ) ;
#477 = CIRCLE ( 'NONE', #635, 1.300000000000002487 ) ;
#478 = CARTESIAN_POINT ( 'NONE',  ( 20.00000000000000355, 0.000000000000000000, -1.115208210443206076E-15 ) ) ;
#479 = CIRCLE ( 'NONE', #962, 35.04999999999999716 ) ;
#480 = VERTEX_POINT ( 'NONE', #1360 ) ;
#481 = EDGE_CURVE ( 'NONE', #256, #1420, #175, .T. ) ;
#482 = CARTESIAN_POINT ( 'NONE',  ( 41.30000000000001137, 7.500000000000000000, -45.00000000000000000 ) ) ;
#483 = DIRECTION ( 'NONE',  ( -0.000000000000000000, 1.000000000000000000, -0.000000000000000000 ) ) ;
#484 = CARTESIAN_POINT ( 'NONE',  ( 0.000000000000000000, 10.00000000000000000, 25.00000000000000000 ) ) ;
#485 = ORIENTED_EDGE ( 'NONE', *, *, #1393, .T. ) ;
#486 = DIRECTION ( 'NONE',  ( 0.000000000000000000, 1.000000000000000000, 0.000000000000000000 ) ) ;
#487 = CARTESIAN_POINT ( 'NONE',  ( -41.30000000000001137, 7.500000000000000000, 45.00000000000000000 ) ) ;
#488 = FACE_OUTER_BOUND ( 'NONE', #758, .T. ) ;
#489 = ORIENTED_EDGE ( 'NONE', *, *, #322, .F. ) ;
#490 = EDGE_CURVE ( 'NONE', #273, #832, #1274, .T. ) ;
#491 = FACE_OUTER_BOUND ( 'NONE', #1141, .T. ) ;
#492 = COORDINATED_UNIVERSAL_TIME_OFFSET ( 0, 0, .AHEAD. ) ;
#493 = CALENDAR_DATE ( 2025, 5, 12 ) ;
#494 = VERTEX_POINT ( 'NONE', #783 ) ;
#495 = EDGE_LOOP ( 'NONE', ( #221, #305 ) ) ;
#496 = CYLINDRICAL_SURFACE ( 'NONE', #1350, 1.000000000000001554 ) ;
#497 = ORIENTED_EDGE ( 'NONE', *, *, #380, .T. ) ;
#498 = DIRECTION ( 'NONE',  ( 0.000000000000000000, 1.000000000000000000, 0.000000000000000000 ) ) ;
#499 = AXIS2_PLACEMENT_3D ( 'NONE', #1425, #304, #319 ) ;
#500 = ADVANCED_FACE ( 'NONE', ( #653, #1243, #238, #675, #1128 ), #1013, .T. ) ;
#501 = AXIS2_PLACEMENT_3D ( 'NONE', #441, #1221, #1346 ) ;
#502 = PERSON_AND_ORGANIZATION ( #559, #1155 ) ;
#503 = AXIS2_PLACEMENT_3D ( 'NONE', #484, #1158, #514 ) ;
#504 = VERTEX_POINT ( 'NONE', #253 ) ;
#505 = ADVANCED_BREP_SHAPE_REPRESENTATION ( 'bolster_top', ( #226, #989 ), #1430 ) ;
#506 = ORIENTED_EDGE ( 'NONE', *, *, #1343, .F. ) ;
#507 = ORIENTED_EDGE ( 'NONE', *, *, #1144, .F. ) ;
#508 = CARTESIAN_POINT ( 'NONE',  ( 55.00000000000000711, 15.00000000000000000, -30.00000000000000000 ) ) ;
#509 = ORIENTED_EDGE ( 'NONE', *, *, #788, .F. ) ;
#510 = CARTESIAN_POINT ( 'NONE',  ( -20.00000000000000355, 12.00000000000000000, -1.115208210443206076E-15 ) ) ;
#511 = ORIENTED_EDGE ( 'NONE', *, *, #79, .T. ) ;
#512 = FACE_BOUND ( 'NONE', #712, .T. ) ;
#513 = ORIENTED_EDGE ( 'NONE', *, *, #788, .T. ) ;
#514 = DIRECTION ( 'NONE',  ( 0.000000000000000000, 0.000000000000000000, 1.000000000000000000 ) ) ;
#515 = VERTEX_POINT ( 'NONE', #924 ) ;
#516 = ORIENTED_EDGE ( 'NONE', *, *, #98, .F. ) ;
#517 = CARTESIAN_POINT ( 'NONE',  ( 55.00000000000000711, -0.0009999999999992653654, -30.00000000000000000 ) ) ;
#518 = EDGE_CURVE ( 'NONE', #692, #284, #1398, .T. ) ;
#519 = ORIENTED_EDGE ( 'NONE', *, *, #1324, .T. ) ;
#520 = CYLINDRICAL_SURFACE ( 'NONE', #499, 1.000000000000001554 ) ;
#521 = VERTEX_POINT ( 'NONE', #1041 ) ;
#522 = DIRECTION ( 'NONE',  ( -0.000000000000000000, 1.000000000000000000, -0.000000000000000000 ) ) ;
#523 = AXIS2_PLACEMENT_3D ( 'NONE', #213, #650, #1067 ) ;
#524 = CONICAL_SURFACE ( 'NONE', #865, 7.599999999999996092, 0.7853981633974522758 ) ;
#525 = CARTESIAN_POINT ( 'NONE',  ( 70.00000000000000000, 15.00000000000000000, -45.00000000000000000 ) ) ;
#526 = AXIS2_PLACEMENT_3D ( 'NONE', #917, #894, #38 ) ;
#527 = VERTEX_POINT ( 'NONE', #482 ) ;
#528 = LINE ( 'NONE', #1432, #911 ) ;
#529 = CIRCLE ( 'NONE', #613, 1.300000000000002487 ) ;
#530 = EDGE_LOOP ( 'NONE', ( #198, #209, #1242, #678 ) ) ;
#531 = CARTESIAN_POINT ( 'NONE',  ( -20.00000000000000355, 0.000000000000000000, -1.000000000000002665 ) ) ;
#532 = EDGE_CURVE ( 'NONE', #416, #620, #912, .T. ) ;
#533 = CARTESIAN_POINT ( 'NONE',  ( -55.00000000000002132, 35.00000000000000000, 30.00000000000000000 ) ) ;
#534 = FACE_OUTER_BOUND ( 'NONE', #1159, .T. ) ;
#535 = CARTESIAN_POINT ( 'NONE',  ( 55.00000000000000711, 35.00000000000000000, -30.00000000000000000 ) ) ;
#536 = CARTESIAN_POINT ( 'NONE',  ( -55.00000000000002132, 35.00000000000000000, 30.00000000000000000 ) ) ;
#537 = ORIENTED_EDGE ( 'NONE', *, *, #896, .T. ) ;
#538 = LINE ( 'NONE', #531, #286 ) ;
#539 = CC_DESIGN_PERSON_AND_ORGANIZATION_ASSIGNMENT ( #1047, #1406, ( #450 ) ) ;
#540 = PERSON_AND_ORGANIZATION ( #559, #1155 ) ;
#541 = EDGE_CURVE ( 'NONE', #77, #953, #1081, .T. ) ;
#542 = CYLINDRICAL_SURFACE ( 'NONE', #151, 1.000000000000001554 ) ;
#543 = DIRECTION ( 'NONE',  ( -1.000000000000000000, 0.000000000000000000, -0.000000000000000000 ) ) ;
#544 = DIRECTION ( 'NONE',  ( 0.000000000000000000, 1.000000000000000000, 0.000000000000000000 ) ) ;
#545 = CYLINDRICAL_SURFACE ( 'NONE', #777, 1.300000000000002487 ) ;
#546 = ORIENTED_EDGE ( 'NONE', *, *, #203, .T. ) ;
#547 = FACE_OUTER_BOUND ( 'NONE', #1064, .T. ) ;
#548 = EDGE_CURVE ( 'NONE', #177, #608, #1424, .T. ) ;
#549 = VECTOR ( 'NONE', #1282, 1000.000000000000000 ) ;
#550 = DIRECTION ( 'NONE',  ( 0.000000000000000000, -1.000000000000000000, 0.000000000000000000 ) ) ;
#551 = ORIENTED_EDGE ( 'NONE', *, *, #644, .T. ) ;
#552 = AXIS2_PLACEMENT_3D ( 'NONE', #703, #798, #1369 ) ;
#553 = CIRCLE ( 'NONE', #223, 1.000000000000001554 ) ;
#554 = ORIENTED_EDGE ( 'NONE', *, *, #255, .F. ) ;
#555 = CIRCLE ( 'NONE', #1253, 12.49999999999999645 ) ;
#556 = CARTESIAN_POINT ( 'NONE',  ( 55.00000000000000711, 35.00000000000000000, -30.00000000000000000 ) ) ;
#557 = DIRECTION ( 'NONE',  ( 1.000000000000000000, 0.000000000000000000, -0.000000000000000000 ) ) ;
#558 = EDGE_LOOP ( 'NONE', ( #509, #852 ) ) ;
#559 = PERSON ( 'UNSPECIFIED', 'UNSPECIFIED', 'UNSPECIFIED', ('UNSPECIFIED'), ('UNSPECIFIED'), ('UNSPECIFIED') ) ;
#560 = CARTESIAN_POINT ( 'NONE',  ( 55.00000000000000711, 35.00000000000000000, -30.00000000000000000 ) ) ;
#561 = CARTESIAN_POINT ( 'NONE',  ( -38.70000000000000284, 7.500000000000000000, -34.99999999999999289 ) ) ;
#562 = CARTESIAN_POINT ( 'NONE',  ( 0.000000000000000000, 10.00000000000000000, -25.00000000000000000 ) ) ;
#563 = DIRECTION ( 'NONE',  ( -0.000000000000000000, -1.000000000000000000, -0.000000000000000000 ) ) ;
#564 = CARTESIAN_POINT ( 'NONE',  ( 3.122849337825749926E-16, 10.00000000000000000, 22.45000000000000284 ) ) ;
#565 = ORIENTED_EDGE ( 'NONE', *, *, #895, .T. ) ;
#566 = ADVANCED_FACE ( 'NONE', ( #488 ), #496, .F. ) ;
#567 = LINE ( 'NONE', #136, #751 ) ;
#568 = DIRECTION ( 'NONE',  ( -0.000000000000000000, -0.000000000000000000, -1.000000000000000000 ) ) ;
#569 = ORIENTED_EDGE ( 'NONE', *, *, #102, .T. ) ;
#570 = AXIS2_PLACEMENT_3D ( 'NONE', #1394, #819, #470 ) ;
#571 = DIRECTION ( 'NONE',  ( 0.000000000000000000, 0.000000000000000000, 1.000000000000000000 ) ) ;
#572 = EDGE_CURVE ( 'NONE', #192, #620, #314, .T. ) ;
#573 = AXIS2_PLACEMENT_3D ( 'NONE', #1002, #855, #980 ) ;
#574 = CARTESIAN_POINT ( 'NONE',  ( -70.00000000000000000, 0.000000000000000000, -45.00000000000000000 ) ) ;
#575 = COORDINATED_UNIVERSAL_TIME_OFFSET ( 0, 0, .AHEAD. ) ;
#576 = ORIENTED_EDGE ( 'NONE', *, *, #885, .T. ) ;
#577 = FACE_OUTER_BOUND ( 'NONE', #762, .T. ) ;
#578 = EDGE_CURVE ( 'NONE', #504, #281, #355, .T. ) ;
#579 = PERSON_AND_ORGANIZATION ( #559, #1155 ) ;
#580 = CARTESIAN_POINT ( 'NONE',  ( -38.70000000000000284, 7.500000000000000000, -34.99999999999999289 ) ) ;
#581 = EDGE_LOOP ( 'NONE', ( #467, #987 ) ) ;
#582 = DIRECTION ( 'NONE',  ( 0.000000000000000000, 0.000000000000000000, 1.000000000000000000 ) ) ;
#583 = EDGE_CURVE ( 'NONE', #859, #1277, #1052, .T. ) ;
#584 = ORIENTED_EDGE ( 'NONE', *, *, #158, .F. ) ;
#585 = PLANE ( 'NONE',  #1151 ) ;
#586 = CIRCLE ( 'NONE', #259, 2.550000000000000266 ) ;
#587 = CIRCLE ( 'NONE', #456, 12.50000000000000000 ) ;
#588 = CARTESIAN_POINT ( 'NONE',  ( 40.00000000000000711, 7.500000000000000000, 34.99999999999999289 ) ) ;
#589 = FACE_OUTER_BOUND ( 'NONE', #1069, .T. ) ;
#590 = EDGE_CURVE ( 'NONE', #1358, #1200, #889, .T. ) ;
#591 = VERTEX_POINT ( 'NONE', #693 ) ;
#592 = DIRECTION ( 'NONE',  ( 1.000000000000000000, 0.000000000000000000, 0.000000000000000000 ) ) ;
#593 = ADVANCED_FACE ( 'NONE', ( #812 ), #1153, .F. ) ;
#594 = CARTESIAN_POINT ( 'NONE',  ( 0.000000000000000000, 12.00000000000000000, 0.000000000000000000 ) ) ;
#595 = CARTESIAN_POINT ( 'NONE',  ( 38.70000000000000284, 7.500000000000000000, -34.99999999999999289 ) ) ;
#596 = COORDINATED_UNIVERSAL_TIME_OFFSET ( 0, 0, .AHEAD. ) ;
#597 = ORIENTED_EDGE ( 'NONE', *, *, #162, .F. ) ;
#598 = EDGE_LOOP ( 'NONE', ( #1168, #915 ) ) ;
#599 = DIRECTION ( 'NONE',  ( 0.000000000000000000, 1.000000000000000000, 0.000000000000000000 ) ) ;
#600 = EDGE_CURVE ( 'NONE', #1273, #1277, #364, .T. ) ;
#601 = ORIENTED_EDGE ( 'NONE', *, *, #723, .T. ) ;
#602 = DIRECTION ( 'NONE',  ( 0.000000000000000000, 1.000000000000000000, 0.000000000000000000 ) ) ;
#603 = ORIENTED_EDGE ( 'NONE', *, *, #472, .T. ) ;
#604 = CARTESIAN_POINT ( 'NONE',  ( -40.00000000000000711, 7.500000000000000000, -34.99999999999999289 ) ) ;
#605 = ORIENTED_EDGE ( 'NONE', *, *, #11, .T. ) ;
#606 = FACE_OUTER_BOUND ( 'NONE', #32, .T. ) ;
#607 = AXIS2_PLACEMENT_3D ( 'NONE', #664, #1361, #225 ) ;
#608 = VERTEX_POINT ( 'NONE', #733 ) ;
#609 = EDGE_CURVE ( 'NONE', #361, #117, #704, .T. ) ;
#610 = AXIS2_PLACEMENT_3D ( 'NONE', #1123, #982, #343 ) ;
#611 = CIRCLE ( 'NONE', #754, 7.600000000000002309 ) ;
#612 = AXIS2_PLACEMENT_3D ( 'NONE', #786, #667, #1245 ) ;
#613 = AXIS2_PLACEMENT_3D ( 'NONE', #1265, #160, #614 ) ;
#614 = DIRECTION ( 'NONE',  ( 1.000000000000000000, 0.000000000000000000, 0.000000000000000000 ) ) ;
#615 = ORIENTED_EDGE ( 'NONE', *, *, #365, .F. ) ;
#616 = DIRECTION ( 'NONE',  ( 0.000000000000000000, 0.000000000000000000, 1.000000000000000000 ) ) ;
#617 = DIRECTION ( 'NONE',  ( -0.000000000000000000, -1.000000000000000000, -0.000000000000000000 ) ) ;
#618 = FACE_OUTER_BOUND ( 'NONE', #128, .T. ) ;
#619 = ORIENTED_EDGE ( 'NONE', *, *, #763, .T. ) ;
#620 = VERTEX_POINT ( 'NONE', #1328 ) ;
#621 = ADVANCED_FACE ( 'NONE', ( #606 ), #282, .F. ) ;
#622 = ORIENTED_EDGE ( 'NONE', *, *, #648, .T. ) ;
#623 = EDGE_LOOP ( 'NONE', ( #834, #1192, #434, #1075 ) ) ;
#624 = FACE_OUTER_BOUND ( 'NONE', #1121, .T. ) ;
#625 = DIRECTION ( 'NONE',  ( 0.000000000000000000, 0.000000000000000000, -1.000000000000000000 ) ) ;
#626 = CARTESIAN_POINT ( 'NONE',  ( 55.00000000000000711, 35.00000000000000000, -30.00000000000000000 ) ) ;
#627 = ORIENTED_EDGE ( 'NONE', *, *, #1117, .T. ) ;
#628 = CARTESIAN_POINT ( 'NONE',  ( -70.00000000000000000, 0.000000000000000000, 45.00000000000000000 ) ) ;
#629 = EDGE_CURVE ( 'NONE', #515, #946, #538, .T. ) ;
#630 = ORIENTED_EDGE ( 'NONE', *, *, #1351, .T. ) ;
#631 = CARTESIAN_POINT ( 'NONE',  ( 41.30000000000001137, 7.500000000000000000, 34.99999999999999289 ) ) ;
#632 = ORIENTED_EDGE ( 'NONE', *, *, #688, .T. ) ;
#633 = LINE ( 'NONE', #199, #1080 ) ;
#634 = CIRCLE ( 'NONE', #1248, 1.000000000000001554 ) ;
#635 = AXIS2_PLACEMENT_3D ( 'NONE', #1180, #1295, #105 ) ;
#636 = VERTEX_POINT ( 'NONE', #965 ) ;
#637 = DIRECTION ( 'NONE',  ( 8.659560562354865065E-17, -0.7071067811865531239, 0.7071067811865420216 ) ) ;
#638 = PLANE ( 'NONE',  #1082 ) ;
#639 = AXIS2_PLACEMENT_3D ( 'NONE', #396, #309, #126 ) ;
#640 = ADVANCED_FACE ( 'NONE', ( #425, #512, #1444, #1436 ), #862, .F. ) ;
#641 = ORIENTED_EDGE ( 'NONE', *, *, #896, .F. ) ;
#642 = APPROVAL_PERSON_ORGANIZATION ( #147, #193, #350 ) ;
#643 = CARTESIAN_POINT ( 'NONE',  ( 0.000000000000000000, 0.000000000000000000, 0.000000000000000000 ) ) ;
#644 = EDGE_CURVE ( 'NONE', #994, #381, #476, .T. ) ;
#645 = ORIENTED_EDGE ( 'NONE', *, *, #328, .T. ) ;
#646 = CARTESIAN_POINT ( 'NONE',  ( 20.00000000000000355, 0.000000000000000000, -1.000000000000002665 ) ) ;
#647 = EDGE_LOOP ( 'NONE', ( #1066, #190, #211, #85 ) ) ;
#648 = EDGE_CURVE ( 'NONE', #591, #1215, #961, .T. ) ;
#649 = COORDINATED_UNIVERSAL_TIME_OFFSET ( 0, 0, .AHEAD. ) ;
#650 = DIRECTION ( 'NONE',  ( 0.000000000000000000, -1.000000000000000000, 0.000000000000000000 ) ) ;
#651 = ORIENTED_EDGE ( 'NONE', *, *, #162, .T. ) ;
#652 = ORIENTED_EDGE ( 'NONE', *, *, #1097, .T. ) ;
#653 = FACE_BOUND ( 'NONE', #558, .T. ) ;
#654 = AXIS2_PLACEMENT_3D ( 'NONE', #1340, #1238, #557 ) ;
#655 = CIRCLE ( 'NONE', #1148, 7.599999999999996092 ) ;
#656 = FACE_OUTER_BOUND ( 'NONE', #1299, .T. ) ;
#657 = AXIS2_PLACEMENT_3D ( 'NONE', #1411, #748, #1166 ) ;
#658 = DIRECTION ( 'NONE',  ( 0.000000000000000000, 0.000000000000000000, -1.000000000000000000 ) ) ;
#659 = LINE ( 'NONE', #646, #870 ) ;
#660 = VERTEX_POINT ( 'NONE', #389 ) ;
#661 = CARTESIAN_POINT ( 'NONE',  ( 0.000000000000000000, 0.000000000000000000, 0.000000000000000000 ) ) ;
#662 = VECTOR ( 'NONE', #691, 1000.000000000000114 ) ;
#663 = DIRECTION ( 'NONE',  ( 0.000000000000000000, -1.000000000000000000, 0.000000000000000000 ) ) ;
#664 = CARTESIAN_POINT ( 'NONE',  ( -40.00000000000000711, 7.500000000000000000, -34.99999999999999289 ) ) ;
#665 = DIRECTION ( 'NONE',  ( 1.000000000000000000, 0.000000000000000000, 0.000000000000000000 ) ) ;
#666 = EDGE_CURVE ( 'NONE', #464, #1181, #417, .T. ) ;
#667 = DIRECTION ( 'NONE',  ( -0.000000000000000000, 1.000000000000000000, -0.000000000000000000 ) ) ;
#668 = CARTESIAN_POINT ( 'NONE',  ( 55.00000000000000711, 15.00000000000000000, -42.49999999999999289 ) ) ;
#669 = ORIENTED_EDGE ( 'NONE', *, *, #36, .F. ) ;
#670 = DIRECTION ( 'NONE',  ( 0.000000000000000000, 0.000000000000000000, 1.000000000000000000 ) ) ;
#671 = DIRECTION ( 'NONE',  ( 0.000000000000000000, 0.000000000000000000, 1.000000000000000000 ) ) ;
#672 = DIRECTION ( 'NONE',  ( 0.000000000000000000, 0.000000000000000000, -1.000000000000000000 ) ) ;
#673 = EDGE_CURVE ( 'NONE', #1011, #69, #42, .T. ) ;
#674 = ORIENTED_EDGE ( 'NONE', *, *, #707, .F. ) ;
#675 = FACE_BOUND ( 'NONE', #269, .T. ) ;
#676 = DIRECTION ( 'NONE',  ( 0.000000000000000000, 0.000000000000000000, -1.000000000000000000 ) ) ;
#677 = DIRECTION ( 'NONE',  ( -0.000000000000000000, -0.000000000000000000, -1.000000000000000000 ) ) ;
#678 = ORIENTED_EDGE ( 'NONE', *, *, #902, .F. ) ;
#679 = AXIS2_PLACEMENT_3D ( 'NONE', #166, #602, #1390 ) ;
#680 = AXIS2_PLACEMENT_3D ( 'NONE', #230, #331, #453 ) ;
#681 = EDGE_CURVE ( 'NONE', #399, #494, #813, .T. ) ;
#682 = AXIS2_PLACEMENT_3D ( 'NONE', #106, #971, #1335 ) ;
#683 = CARTESIAN_POINT ( 'NONE',  ( 0.000000000000000000, 10.00000000000000000, 25.00000000000000000 ) ) ;
#684 = APPROVAL_DATE_TIME ( #1365, #193 ) ;
#685 = PLANE ( 'NONE',  #93 ) ;
#686 = ORIENTED_EDGE ( 'NONE', *, *, #1393, .F. ) ;
#687 = DIRECTION ( 'NONE',  ( 0.000000000000000000, 0.7071067811865444641, 0.7071067811865505703 ) ) ;
#688 = EDGE_CURVE ( 'NONE', #161, #946, #1150, .T. ) ;
#689 = DIRECTION ( 'NONE',  ( 0.000000000000000000, 0.000000000000000000, -1.000000000000000000 ) ) ;
#690 = DIRECTION ( 'NONE',  ( 0.000000000000000000, -0.000000000000000000, 1.000000000000000000 ) ) ;
#691 = DIRECTION ( 'NONE',  ( 8.659560562354966138E-17, 0.7071067811865446862, -0.7071067811865503483 ) ) ;
#692 = VERTEX_POINT ( 'NONE', #91 ) ;
#693 = CARTESIAN_POINT ( 'NONE',  ( 55.00000000000000711, 15.00000000000000000, -17.49999999999999645 ) ) ;
#694 = DIRECTION ( 'NONE',  ( -0.000000000000000000, -0.000000000000000000, 1.000000000000000000 ) ) ;
#695 = ADVANCED_FACE ( 'NONE', ( #857 ), #520, .F. ) ;
#696 = DIRECTION ( 'NONE',  ( 8.659560562354918067E-17, -0.7071067811865487940, 0.7071067811865463515 ) ) ;
#697 = EDGE_CURVE ( 'NONE', #636, #1285, #1008, .T. ) ;
#698 = LINE ( 'NONE', #1379, #1154 ) ;
#699 = ORIENTED_EDGE ( 'NONE', *, *, #666, .T. ) ;
#700 = CARTESIAN_POINT ( 'NONE',  ( -40.00000000000000711, 7.500000000000000000, 45.00000000000000000 ) ) ;
#701 = DIRECTION ( 'NONE',  ( -0.000000000000000000, -0.000000000000000000, -1.000000000000000000 ) ) ;
#702 = EDGE_LOOP ( 'NONE', ( #1453, #1449, #807, #1316 ) ) ;
#703 = CARTESIAN_POINT ( 'NONE',  ( -55.00000000000002132, 15.00000000000000000, 30.00000000000000000 ) ) ;
#704 = CIRCLE ( 'NONE', #20, 11.49999999999999645 ) ;
#705 = VECTOR ( 'NONE', #420, 1000.000000000000000 ) ;
#706 = ORIENTED_EDGE ( 'NONE', *, *, #328, .F. ) ;
#707 = EDGE_CURVE ( 'NONE', #504, #994, #1062, .T. ) ;
#708 = CARTESIAN_POINT ( 'NONE',  ( -41.30000000000001137, 7.500000000000000000, 34.99999999999999289 ) ) ;
#709 = ORIENTED_EDGE ( 'NONE', *, *, #1217, .T. ) ;
#710 = APPROVAL_STATUS ( 'not_yet_approved' ) ;
#711 = CALENDAR_DATE ( 2025, 5, 12 ) ;
#712 = EDGE_LOOP ( 'NONE', ( #1309, #373 ) ) ;
#713 = DIRECTION ( 'NONE',  ( -1.000000000000000000, 0.000000000000000000, 0.000000000000000000 ) ) ;
#714 = DIRECTION ( 'NONE',  ( -0.000000000000000000, -1.000000000000000000, -0.000000000000000000 ) ) ;
#715 = ORIENTED_EDGE ( 'NONE', *, *, #1195, .T. ) ;
#716 = ORIENTED_EDGE ( 'NONE', *, *, #87, .T. ) ;
#717 = DIRECTION ( 'NONE',  ( 0.000000000000000000, 0.000000000000000000, 1.000000000000000000 ) ) ;
#718 = FACE_OUTER_BOUND ( 'NONE', #647, .T. ) ;
#719 = ORIENTED_EDGE ( 'NONE', *, *, #1014, .F. ) ;
#720 = CARTESIAN_POINT ( 'NONE',  ( -40.00000000000000711, 7.500000000000000000, 45.00000000000000000 ) ) ;
#721 = ORIENTED_EDGE ( 'NONE', *, *, #370, .T. ) ;
#722 = VECTOR ( 'NONE', #109, 1000.000000000000000 ) ;
#723 = EDGE_CURVE ( 'NONE', #1342, #284, #210, .T. ) ;
#724 = CYLINDRICAL_SURFACE ( 'NONE', #317, 1.300000000000002487 ) ;
#725 = VECTOR ( 'NONE', #368, 1000.000000000000000 ) ;
#726 = DIRECTION ( 'NONE',  ( 0.000000000000000000, 0.000000000000000000, 1.000000000000000000 ) ) ;
#727 = CC_DESIGN_APPROVAL ( #47, ( #1205 ) ) ;
#728 = VERTEX_POINT ( 'NONE', #978 ) ;
#729 = EDGE_LOOP ( 'NONE', ( #386, #709, #108, #424 ) ) ;
#730 = DIRECTION ( 'NONE',  ( -0.000000000000000000, -0.000000000000000000, 1.000000000000000000 ) ) ;
#731 = FACE_OUTER_BOUND ( 'NONE', #1389, .T. ) ;
#732 = ORIENTED_EDGE ( 'NONE', *, *, #518, .T. ) ;
#733 = CARTESIAN_POINT ( 'NONE',  ( 0.000000000000000000, 15.00000000000000000, 35.04999999999999716 ) ) ;
#734 = EDGE_LOOP ( 'NONE', ( #1126, #53, #1252, #1171 ) ) ;
#735 = EDGE_CURVE ( 'NONE', #728, #192, #755, .T. ) ;
#736 = DIRECTION ( 'NONE',  ( -0.000000000000000000, -1.000000000000000000, -0.000000000000000000 ) ) ;
#737 = ORIENTED_EDGE ( 'NONE', *, *, #532, .F. ) ;
#738 = DIRECTION ( 'NONE',  ( 0.000000000000000000, 0.000000000000000000, 1.000000000000000000 ) ) ;
#739 = DIRECTION ( 'NONE',  ( -0.000000000000000000, 0.000000000000000000, -1.000000000000000000 ) ) ;
#740 = EDGE_LOOP ( 'NONE', ( #1043, #1407, #1040, #554 ) ) ;
#741 = DIRECTION ( 'NONE',  ( 0.000000000000000000, 1.000000000000000000, 0.000000000000000000 ) ) ;
#742 = EDGE_LOOP ( 'NONE', ( #114, #936, #511, #216 ) ) ;
#743 = DIRECTION ( 'NONE',  ( -0.000000000000000000, 1.000000000000000000, -0.000000000000000000 ) ) ;
#744 = EDGE_CURVE ( 'NONE', #164, #825, #205, .T. ) ;
#745 = DIRECTION ( 'NONE',  ( -0.000000000000000000, 1.000000000000000000, -0.000000000000000000 ) ) ;
#746 = DIRECTION ( 'NONE',  ( -0.000000000000000000, -0.000000000000000000, 1.000000000000000000 ) ) ;
#747 = ORIENTED_EDGE ( 'NONE', *, *, #1448, .T. ) ;
#748 = DIRECTION ( 'NONE',  ( -0.000000000000000000, 1.000000000000000000, -0.000000000000000000 ) ) ;
#749 = CIRCLE ( 'NONE', #132, 1.300000000000002487 ) ;
#750 = VECTOR ( 'NONE', #677, 1000.000000000000000 ) ;
#751 = VECTOR ( 'NONE', #765, 1000.000000000000000 ) ;
#752 = AXIS2_PLACEMENT_3D ( 'NONE', #268, #39, #475 ) ;
#753 = CARTESIAN_POINT ( 'NONE',  ( -55.00000000000002132, 34.00000000000004263, 17.50000000000000000 ) ) ;
#754 = AXIS2_PLACEMENT_3D ( 'NONE', #24, #486, #717 ) ;
#755 = LINE ( 'NONE', #422, #289 ) ;
#756 = VECTOR ( 'NONE', #954, 1000.000000000000000 ) ;
#757 = ADVANCED_FACE ( 'NONE', ( #1087 ), #970, .F. ) ;
#758 = EDGE_LOOP ( 'NONE', ( #1380, #706, #804, #1133 ) ) ;
#759 = EDGE_LOOP ( 'NONE', ( #131, #1162 ) ) ;
#760 = DIRECTION ( 'NONE',  ( -0.000000000000000000, -0.000000000000000000, 1.000000000000000000 ) ) ;
#761 = DIRECTION ( 'NONE',  ( 0.000000000000000000, 1.000000000000000000, 0.000000000000000000 ) ) ;
#762 = EDGE_LOOP ( 'NONE', ( #615, #956, #1338, #88 ) ) ;
#763 = EDGE_CURVE ( 'NONE', #946, #161, #1426, .T. ) ;
#764 = DIRECTION ( 'NONE',  ( 0.000000000000000000, 1.000000000000000000, 0.000000000000000000 ) ) ;
#765 = DIRECTION ( 'NONE',  ( 0.000000000000000000, -0.7071067811865531239, -0.7071067811865420216 ) ) ;
#766 = CARTESIAN_POINT ( 'NONE',  ( -38.70000000000000284, 7.500000000000000000, 45.00000000000000000 ) ) ;
#767 = LINE ( 'NONE', #1222, #1278 ) ;
#768 = ORIENTED_EDGE ( 'NONE', *, *, #688, .F. ) ;
#769 = FACE_BOUND ( 'NONE', #981, .T. ) ;
#770 = EDGE_CURVE ( 'NONE', #1190, #256, #528, .T. ) ;
#771 = AXIS2_PLACEMENT_3D ( 'NONE', #1184, #1332, #412 ) ;
#772 = LINE ( 'NONE', #1230, #359 ) ;
#773 = CARTESIAN_POINT ( 'NONE',  ( 0.000000000000000000, 10.00000000000000000, -25.00000000000000000 ) ) ;
#774 = VECTOR ( 'NONE', #1037, 1000.000000000000000 ) ;
#775 = VECTOR ( 'NONE', #637, 1000.000000000000000 ) ;
#776 = ORIENTED_EDGE ( 'NONE', *, *, #242, .T. ) ;
#777 = AXIS2_PLACEMENT_3D ( 'NONE', #231, #447, #979 ) ;
#778 = CYLINDRICAL_SURFACE ( 'NONE', #455, 12.49999999999999645 ) ;
#779 = EDGE_CURVE ( 'NONE', #444, #293, #1107, .T. ) ;
#780 = PLANE ( 'NONE',  #654 ) ;
#781 = CARTESIAN_POINT ( 'NONE',  ( 70.00000000000000000, 0.000000000000000000, -45.00000000000000000 ) ) ;
#782 = EDGE_LOOP ( 'NONE', ( #341, #1302, #908, #374 ) ) ;
#783 = CARTESIAN_POINT ( 'NONE',  ( -55.00000000000002132, 35.00000000000000000, 18.49999999999994671 ) ) ;
#784 = EDGE_CURVE ( 'NONE', #1327, #90, #477, .T. ) ;
#785 = CARTESIAN_POINT ( 'NONE',  ( -38.70000000000000284, 7.500000000000000000, 34.99999999999999289 ) ) ;
#786 = CARTESIAN_POINT ( 'NONE',  ( -55.00000000000002132, -0.0009999999999992653654, 30.00000000000000000 ) ) ;
#787 = ORIENTED_EDGE ( 'NONE', *, *, #1255, .T. ) ;
#788 = EDGE_CURVE ( 'NONE', #381, #994, #1010, .T. ) ;
#789 = DIRECTION ( 'NONE',  ( 0.000000000000000000, 0.000000000000000000, 1.000000000000000000 ) ) ;
#790 = FACE_OUTER_BOUND ( 'NONE', #327, .T. ) ;
#791 = DIRECTION ( 'NONE',  ( 0.000000000000000000, 0.000000000000000000, 1.000000000000000000 ) ) ;
#792 = AXIS2_PLACEMENT_3D ( 'NONE', #1385, #498, #1268 ) ;
#793 = ORIENTED_EDGE ( 'NONE', *, *, #1415, .T. ) ;
#794 = CIRCLE ( 'NONE', #935, 1.300000000000002487 ) ;
#795 = DIRECTION ( 'NONE',  ( 0.000000000000000000, -0.000000000000000000, 1.000000000000000000 ) ) ;
#796 = AXIS2_PLACEMENT_3D ( 'NONE', #130, #568, #347 ) ;
#797 = EDGE_CURVE ( 'NONE', #904, #692, #291, .T. ) ;
#798 = DIRECTION ( 'NONE',  ( -0.000000000000000000, 1.000000000000000000, -0.000000000000000000 ) ) ;
#799 = VECTOR ( 'NONE', #827, 1000.000000000000000 ) ;
#800 = CARTESIAN_POINT ( 'NONE',  ( -40.00000000000000711, 7.500000000000000000, 34.99999999999999289 ) ) ;
#801 = CARTESIAN_POINT ( 'NONE',  ( 55.00000000000000711, 35.00000000000000000, -30.00000000000000000 ) ) ;
#802 = ORIENTED_EDGE ( 'NONE', *, *, #583, .F. ) ;
#803 = CC_DESIGN_DATE_AND_TIME_ASSIGNMENT ( #1331, #318, ( #1205 ) ) ;
#804 = ORIENTED_EDGE ( 'NONE', *, *, #387, .T. ) ;
#805 = DIRECTION ( 'NONE',  ( 0.000000000000000000, 1.000000000000000000, 0.000000000000000000 ) ) ;
#806 = APPROVAL_STATUS ( 'not_yet_approved' ) ;
#807 = ORIENTED_EDGE ( 'NONE', *, *, #1337, .F. ) ;
#808 = DIRECTION ( 'NONE',  ( -0.000000000000000000, -0.000000000000000000, 1.000000000000000000 ) ) ;
#809 = DIRECTION ( 'NONE',  ( 0.000000000000000000, 0.000000000000000000, 1.000000000000000000 ) ) ;
#810 = VECTOR ( 'NONE', #9, 1000.000000000000000 ) ;
#811 = ORIENTED_EDGE ( 'NONE', *, *, #1097, .F. ) ;
#812 = FACE_OUTER_BOUND ( 'NONE', #1096, .T. ) ;
#813 = CIRCLE ( 'NONE', #401, 11.50000000000005151 ) ;
#814 = ORIENTED_EDGE ( 'NONE', *, *, #1304, .T. ) ;
#815 = CIRCLE ( 'NONE', #866, 1.300000000000002487 ) ;
#816 = VECTOR ( 'NONE', #745, 1000.000000000000000 ) ;
#817 = SHAPE_DEFINITION_REPRESENTATION ( #448, #505 ) ;
#818 = CC_DESIGN_APPROVAL ( #867, ( #450 ) ) ;
#819 = DIRECTION ( 'NONE',  ( 0.000000000000000000, 1.000000000000000000, -0.000000000000000000 ) ) ;
#820 = EDGE_CURVE ( 'NONE', #399, #185, #1314, .T. ) ;
#821 = ORIENTED_EDGE ( 'NONE', *, *, #52, .F. ) ;
#822 = CARTESIAN_POINT ( 'NONE',  ( 55.00000000000000711, 0.000000000000000000, -37.59999999999999432 ) ) ;
#823 = CARTESIAN_POINT ( 'NONE',  ( -40.00000000000000711, 7.500000000000000000, -34.99999999999999289 ) ) ;
#824 = DIRECTION ( 'NONE',  ( 0.000000000000000000, 0.000000000000000000, 1.000000000000000000 ) ) ;
#825 = VERTEX_POINT ( 'NONE', #308 ) ;
#826 = PLANE ( 'NONE',  #68 ) ;
#827 = DIRECTION ( 'NONE',  ( -0.000000000000000000, -1.000000000000000000, -0.000000000000000000 ) ) ;
#828 = DIRECTION ( 'NONE',  ( -0.000000000000000000, 1.000000000000000000, -0.000000000000000000 ) ) ;
#829 = ORIENTED_EDGE ( 'NONE', *, *, #30, .F. ) ;
#830 = EDGE_CURVE ( 'NONE', #428, #825, #189, .T. ) ;
#831 = ORIENTED_EDGE ( 'NONE', *, *, #242, .F. ) ;
#832 = VERTEX_POINT ( 'NONE', #301 ) ;
#833 = LINE ( 'NONE', #287, #799 ) ;
#834 = ORIENTED_EDGE ( 'NONE', *, *, #770, .F. ) ;
#835 = CARTESIAN_POINT ( 'NONE',  ( 55.00000000000000711, 35.00000000000000000, -30.00000000000000000 ) ) ;
#836 = EDGE_LOOP ( 'NONE', ( #1428, #388, #519, #922 ) ) ;
#837 = ADVANCED_FACE ( 'NONE', ( #624 ), #89, .F. ) ;
#838 = AXIS2_PLACEMENT_3D ( 'NONE', #298, #1293, #726 ) ;
#839 = ORIENTED_EDGE ( 'NONE', *, *, #451, .F. ) ;
#840 = AXIS2_PLACEMENT_3D ( 'NONE', #1146, #1024, #469 ) ;
#841 = CIRCLE ( 'NONE', #263, 11.49999999999999645 ) ;
#842 = CARTESIAN_POINT ( 'NONE',  ( 0.000000000000000000, 12.00000000000000000, 35.04999999999999716 ) ) ;
#843 = DIRECTION ( 'NONE',  ( 0.000000000000000000, 0.000000000000000000, -1.000000000000000000 ) ) ;
#844 = EDGE_LOOP ( 'NONE', ( #37, #878 ) ) ;
#845 = DIRECTION ( 'NONE',  ( -0.000000000000000000, 1.000000000000000000, -0.000000000000000000 ) ) ;
#846 = ORIENTED_EDGE ( 'NONE', *, *, #1368, .T. ) ;
#847 = ORIENTED_EDGE ( 'NONE', *, *, #227, .F. ) ;
#848 = EDGE_CURVE ( 'NONE', #117, #361, #841, .T. ) ;
#849 = EDGE_CURVE ( 'NONE', #293, #444, #435, .T. ) ;
#850 = DIRECTION ( 'NONE',  ( 0.000000000000000000, 1.000000000000000000, -0.000000000000000000 ) ) ;
#851 = DIRECTION ( 'NONE',  ( 0.000000000000000000, 1.000000000000000000, 0.000000000000000000 ) ) ;
#852 = ORIENTED_EDGE ( 'NONE', *, *, #644, .F. ) ;
#853 = DIRECTION ( 'NONE',  ( 0.000000000000000000, 0.000000000000000000, 1.000000000000000000 ) ) ;
#854 = CARTESIAN_POINT ( 'NONE',  ( -55.00000000000002132, -0.0009999999999992653654, 22.39999999999999503 ) ) ;
#855 = DIRECTION ( 'NONE',  ( 0.000000000000000000, 1.000000000000000000, 0.000000000000000000 ) ) ;
#856 = EDGE_LOOP ( 'NONE', ( #569, #715, #622, #821 ) ) ;
#857 = FACE_OUTER_BOUND ( 'NONE', #349, .T. ) ;
#858 = ADVANCED_FACE ( 'NONE', ( #1323 ), #1251, .F. ) ;
#859 = VERTEX_POINT ( 'NONE', #229 ) ;
#860 = DIRECTION ( 'NONE',  ( 0.000000000000000000, 0.000000000000000000, -1.000000000000000000 ) ) ;
#861 = ORIENTED_EDGE ( 'NONE', *, *, #380, .F. ) ;
#862 = PLANE ( 'NONE',  #1105 ) ;
#863 = CIRCLE ( 'NONE', #375, 1.300000000000002487 ) ;
#864 = VECTOR ( 'NONE', #696, 1000.000000000000000 ) ;
#865 = AXIS2_PLACEMENT_3D ( 'NONE', #884, #764, #789 ) ;
#866 = AXIS2_PLACEMENT_3D ( 'NONE', #1039, #59, #1399 ) ;
#867 = APPROVAL ( #806, 'UNSPECIFIED' ) ;
#868 = CARTESIAN_POINT ( 'NONE',  ( 55.00000000000000711, -0.0009999999999992653654, -37.59999999999999432 ) ) ;
#869 = PLANE ( 'NONE',  #1429 ) ;
#870 = VECTOR ( 'NONE', #1120, 1000.000000000000000 ) ;
#871 = ORIENTED_EDGE ( 'NONE', *, *, #532, .T. ) ;
#872 = DIRECTION ( 'NONE',  ( 0.000000000000000000, 1.000000000000000000, 0.000000000000000000 ) ) ;
#873 = CARTESIAN_POINT ( 'NONE',  ( 0.000000000000000000, 15.00000000000000000, 0.000000000000000000 ) ) ;
#874 = DIRECTION ( 'NONE',  ( 0.000000000000000000, 0.000000000000000000, 1.000000000000000000 ) ) ;
#875 = DIRECTION ( 'NONE',  ( -1.000000000000000000, 0.000000000000000000, 0.000000000000000000 ) ) ;
#876 = APPLICATION_CONTEXT ( 'configuration controlled 3d designs of mechanical parts and assemblies' ) ;
#877 = CARTESIAN_POINT ( 'NONE',  ( 40.00000000000000711, 7.500000000000000000, -34.99999999999999289 ) ) ;
#878 = ORIENTED_EDGE ( 'NONE', *, *, #673, .F. ) ;
#879 = EDGE_CURVE ( 'NONE', #281, #504, #137, .T. ) ;
#880 = DIRECTION ( 'NONE',  ( -0.000000000000000000, -0.000000000000000000, 1.000000000000000000 ) ) ;
#881 = PLANE ( 'NONE',  #1050 ) ;
#882 = FACE_OUTER_BOUND ( 'NONE', #1175, .T. ) ;
#883 = ORIENTED_EDGE ( 'NONE', *, *, #848, .T. ) ;
#884 = CARTESIAN_POINT ( 'NONE',  ( 55.00000000000000711, 33.99999999999995737, -30.00000000000000000 ) ) ;
#885 = EDGE_CURVE ( 'NONE', #416, #728, #611, .T. ) ;
#886 = VECTOR ( 'NONE', #1244, 1000.000000000000000 ) ;
#887 = CIRCLE ( 'NONE', #1270, 1.300000000000002487 ) ;
#888 = DIRECTION ( 'NONE',  ( -0.000000000000000000, -0.000000000000000000, 1.000000000000000000 ) ) ;
#889 = CIRCLE ( 'NONE', #1371, 1.000000000000001554 ) ;
#890 = CARTESIAN_POINT ( 'NONE',  ( 38.70000000000000284, 7.500000000000000000, -45.00000000000000000 ) ) ;
#891 = AXIS2_PLACEMENT_3D ( 'NONE', #82, #1165, #809 ) ;
#892 = EDGE_LOOP ( 'NONE', ( #645, #603 ) ) ;
#893 = VECTOR ( 'NONE', #338, 1000.000000000000000 ) ;
#894 = DIRECTION ( 'NONE',  ( -1.000000000000000000, 0.000000000000000000, 0.000000000000000000 ) ) ;
#895 = EDGE_CURVE ( 'NONE', #273, #1011, #1387, .T. ) ;
#896 = EDGE_CURVE ( 'NONE', #1200, #1358, #553, .T. ) ;
#897 = DIRECTION ( 'NONE',  ( 0.000000000000000000, 0.000000000000000000, 1.000000000000000000 ) ) ;
#898 = FACE_OUTER_BOUND ( 'NONE', #1258, .T. ) ;
#899 = ORIENTED_EDGE ( 'NONE', *, *, #578, .T. ) ;
#900 = DIRECTION ( 'NONE',  ( -0.000000000000000000, 1.000000000000000000, -0.000000000000000000 ) ) ;
#901 = CARTESIAN_POINT ( 'NONE',  ( 40.00000000000000711, 7.500000000000000000, 45.00000000000000000 ) ) ;
#902 = EDGE_CURVE ( 'NONE', #527, #1179, #815, .T. ) ;
#903 = FACE_OUTER_BOUND ( 'NONE', #742, .T. ) ;
#904 = VERTEX_POINT ( 'NONE', #72 ) ;
#905 = DIRECTION ( 'NONE',  ( -0.000000000000000000, 1.000000000000000000, -0.000000000000000000 ) ) ;
#906 = UNCERTAINTY_MEASURE_WITH_UNIT (LENGTH_MEASURE( 1.000000000000000082E-05 ), #1214, 'distance_accuracy_value', 'NONE');
#907 = AXIS2_PLACEMENT_3D ( 'NONE', #1281, #145, #1263 ) ;
#908 = ORIENTED_EDGE ( 'NONE', *, *, #1137, .F. ) ;
#909 = AXIS2_PLACEMENT_3D ( 'NONE', #311, #1191, #1079 ) ;
#910 = DIRECTION ( 'NONE',  ( 0.000000000000000000, 0.000000000000000000, 1.000000000000000000 ) ) ;
#911 = VECTOR ( 'NONE', #414, 1000.000000000000000 ) ;
#912 = LINE ( 'NONE', #150, #433 ) ;
#913 = AXIS2_PLACEMENT_3D ( 'NONE', #181, #1189, #83 ) ;
#914 = CARTESIAN_POINT ( 'NONE',  ( 4.292387031011472780E-15, 12.00000000000000000, -35.04999999999999716 ) ) ;
#915 = ORIENTED_EDGE ( 'NONE', *, *, #490, .T. ) ;
#916 = DIRECTION ( 'NONE',  ( 1.000000000000000000, 0.000000000000000000, 0.000000000000000000 ) ) ;
#917 = CARTESIAN_POINT ( 'NONE',  ( 70.00000000000000000, 15.00000000000000000, 45.00000000000000000 ) ) ;
#918 = CARTESIAN_POINT ( 'NONE',  ( -55.00000000000002132, 35.00000000000000000, 30.00000000000000000 ) ) ;
#919 = ADVANCED_FACE ( 'NONE', ( #382 ), #945, .T. ) ;
#920 = LINE ( 'NONE', #595, #774 ) ;
#921 = CARTESIAN_POINT ( 'NONE',  ( -20.00000000000000355, 12.00000000000000000, 1.000000000000000444 ) ) ;
#922 = ORIENTED_EDGE ( 'NONE', *, *, #1034, .F. ) ;
#923 = EDGE_LOOP ( 'NONE', ( #1027, #182 ) ) ;
#924 = CARTESIAN_POINT ( 'NONE',  ( -20.00000000000000355, 0.000000000000000000, -1.000000000000002665 ) ) ;
#925 = ORIENTED_EDGE ( 'NONE', *, *, #797, .F. ) ;
#926 = EDGE_CURVE ( 'NONE', #204, #608, #274, .T. ) ;
#927 = PLANE ( 'NONE',  #679 ) ;
#928 = APPROVAL_DATE_TIME ( #1391, #47 ) ;
#929 = DIRECTION ( 'NONE',  ( 0.000000000000000000, 1.000000000000000000, 0.000000000000000000 ) ) ;
#930 = AXIS2_PLACEMENT_3D ( 'NONE', #773, #452, #671 ) ;
#931 = DATE_AND_TIME ( #493, #295 ) ;
#932 = ORIENTED_EDGE ( 'NONE', *, *, #490, .F. ) ;
#933 = DIRECTION ( 'NONE',  ( -1.000000000000000000, -0.000000000000000000, -0.000000000000000000 ) ) ;
#934 = EDGE_LOOP ( 'NONE', ( #814, #61 ) ) ;
#935 = AXIS2_PLACEMENT_3D ( 'NONE', #700, #616, #592 ) ;
#936 = ORIENTED_EDGE ( 'NONE', *, *, #1271, .F. ) ;
#937 = DIRECTION ( 'NONE',  ( 0.000000000000000000, 1.000000000000000000, 0.000000000000000000 ) ) ;
#938 = PRODUCT_RELATED_PRODUCT_CATEGORY ( 'detail', '', ( #461 ) ) ;
#939 = CC_DESIGN_APPROVAL ( #193, ( #1279 ) ) ;
#940 = CARTESIAN_POINT ( 'NONE',  ( -20.00000000000000355, 0.000000000000000000, 1.000000000000000444 ) ) ;
#941 = ADVANCED_FACE ( 'NONE', ( #1375 ), #1408, .F. ) ;
#942 = DIRECTION ( 'NONE',  ( 0.000000000000000000, -1.000000000000000000, 0.000000000000000000 ) ) ;
#943 = APPROVAL_ROLE ( '' ) ;
#944 = ORIENTED_EDGE ( 'NONE', *, *, #1384, .F. ) ;
#945 = PLANE ( 'NONE',  #155 ) ;
#946 = VERTEX_POINT ( 'NONE', #1125 ) ;
#947 = DIRECTION ( 'NONE',  ( 0.000000000000000000, 1.000000000000000000, 0.000000000000000000 ) ) ;
#948 = EDGE_LOOP ( 'NONE', ( #597, #1421, #652, #839 ) ) ;
#949 = ORIENTED_EDGE ( 'NONE', *, *, #1185, .F. ) ;
#950 = ADVANCED_FACE ( 'NONE', ( #882 ), #235, .F. ) ;
#951 = VERTEX_POINT ( 'NONE', #240 ) ;
#952 = CARTESIAN_POINT ( 'NONE',  ( -20.00000000000000355, 12.00000000000000000, -1.115208210443206076E-15 ) ) ;
#953 = VERTEX_POINT ( 'NONE', #1347 ) ;
#954 = DIRECTION ( 'NONE',  ( -0.000000000000000000, -0.000000000000000000, 1.000000000000000000 ) ) ;
#955 = ORIENTED_EDGE ( 'NONE', *, *, #283, .T. ) ;
#956 = ORIENTED_EDGE ( 'NONE', *, *, #770, .T. ) ;
#957 = DIRECTION ( 'NONE',  ( 0.000000000000000000, 0.000000000000000000, 1.000000000000000000 ) ) ;
#958 = ADVANCED_FACE ( 'NONE', ( #1356 ), #1233, .T. ) ;
#959 = ADVANCED_FACE ( 'NONE', ( #1119 ), #125, .T. ) ;
#960 = ORIENTED_EDGE ( 'NONE', *, *, #830, .F. ) ;
#961 = CIRCLE ( 'NONE', #657, 12.49999999999999645 ) ;
#962 = AXIS2_PLACEMENT_3D ( 'NONE', #1348, #761, #215 ) ;
#963 = DIRECTION ( 'NONE',  ( 0.000000000000000000, 0.000000000000000000, 1.000000000000000000 ) ) ;
#964 = VERTEX_POINT ( 'NONE', #781 ) ;
#965 = CARTESIAN_POINT ( 'NONE',  ( 55.00000000000000711, 35.00000000000000000, -21.39999999999994529 ) ) ;
#966 = APPLICATION_PROTOCOL_DEFINITION ( 'international standard', 'config_control_design', 1994, #876 ) ;
#967 = ADVANCED_FACE ( 'NONE', ( #1240 ), #25, .F. ) ;
#968 = CARTESIAN_POINT ( 'NONE',  ( 70.00000000000000000, 0.000000000000000000, 45.00000000000000000 ) ) ;
#969 = PLANE ( 'NONE',  #1025 ) ;
#970 = CYLINDRICAL_SURFACE ( 'NONE', #44, 2.550000000000000266 ) ;
#971 = DIRECTION ( 'NONE',  ( 0.000000000000000000, 1.000000000000000000, 0.000000000000000000 ) ) ;
#972 = DIRECTION ( 'NONE',  ( -0.000000000000000000, 1.000000000000000000, -0.000000000000000000 ) ) ;
#973 = VERTEX_POINT ( 'NONE', #1009 ) ;
#974 = DIRECTION ( 'NONE',  ( -0.000000000000000000, 1.000000000000000000, -0.000000000000000000 ) ) ;
#975 = PERSON_AND_ORGANIZATION_ROLE ( 'design_supplier' ) ;
#976 = CARTESIAN_POINT ( 'NONE',  ( -20.00000000000000355, 0.000000000000000000, -1.115208210443206076E-15 ) ) ;
#977 = CARTESIAN_POINT ( 'NONE',  ( -40.00000000000000711, 7.500000000000000000, -34.99999999999999289 ) ) ;
#978 = CARTESIAN_POINT ( 'NONE',  ( -55.00000000000002132, 33.99999999999995737, 22.39999999999999503 ) ) ;
#979 = DIRECTION ( 'NONE',  ( 1.000000000000000000, 0.000000000000000000, 0.000000000000000000 ) ) ;
#980 = DIRECTION ( 'NONE',  ( 0.000000000000000000, 0.000000000000000000, 1.000000000000000000 ) ) ;
#981 = EDGE_LOOP ( 'NONE', ( #252, #1367 ) ) ;
#982 = DIRECTION ( 'NONE',  ( 0.000000000000000000, 0.000000000000000000, 1.000000000000000000 ) ) ;
#983 = AXIS2_PLACEMENT_3D ( 'NONE', #1382, #62, #248 ) ;
#984 = LINE ( 'NONE', #3, #1129 ) ;
#985 = CIRCLE ( 'NONE', #357, 8.600000000000051159 ) ;
#986 = VECTOR ( 'NONE', #736, 1000.000000000000000 ) ;
#987 = ORIENTED_EDGE ( 'NONE', *, *, #218, .T. ) ;
#988 = ADVANCED_FACE ( 'NONE', ( #463, #898 ), #585, .T. ) ;
#989 = AXIS2_PLACEMENT_3D ( 'NONE', #643, #1091, #110 ) ;
#990 = ORIENTED_EDGE ( 'NONE', *, *, #365, .T. ) ;
#991 = CARTESIAN_POINT ( 'NONE',  ( -70.00000000000000000, 15.00000000000000000, -45.00000000000000000 ) ) ;
#992 = DIRECTION ( 'NONE',  ( -0.000000000000000000, 1.000000000000000000, -0.000000000000000000 ) ) ;
#993 = ADVANCED_FACE ( 'NONE', ( #342 ), #1004, .F. ) ;
#994 = VERTEX_POINT ( 'NONE', #363 ) ;
#995 = FACE_OUTER_BOUND ( 'NONE', #836, .T. ) ;
#996 = APPLICATION_CONTEXT ( 'configuration controlled 3d designs of mechanical parts and assemblies' ) ;
#997 = DIRECTION ( 'NONE',  ( -0.000000000000000000, 1.000000000000000000, -0.000000000000000000 ) ) ;
#998 = LINE ( 'NONE', #12, #893 ) ;
#999 = DIRECTION ( 'NONE',  ( 1.000000000000000000, 0.000000000000000000, -0.000000000000000000 ) ) ;
#1000 = DIRECTION ( 'NONE',  ( 0.000000000000000000, 1.000000000000000000, 0.000000000000000000 ) ) ;
#1001 = LINE ( 'NONE', #14, #662 ) ;
#1002 = CARTESIAN_POINT ( 'NONE',  ( -55.00000000000002132, 33.99999999999995737, 30.00000000000000000 ) ) ;
#1003 = ORIENTED_EDGE ( 'NONE', *, *, #600, .T. ) ;
#1004 = PLANE ( 'NONE',  #526 ) ;
#1005 = ADVANCED_FACE ( 'NONE', ( #1260 ), #1359, .F. ) ;
#1006 = VECTOR ( 'NONE', #142, 1000.000000000000000 ) ;
#1007 = DIRECTION ( 'NONE',  ( 1.000000000000000000, 0.000000000000000000, 0.000000000000000000 ) ) ;
#1008 = CIRCLE ( 'NONE', #378, 8.600000000000051159 ) ;
#1009 = CARTESIAN_POINT ( 'NONE',  ( 55.00000000000000711, 33.99999999999999289, -17.49999999999999645 ) ) ;
#1010 = CIRCLE ( 'NONE', #1057, 2.550000000000000266 ) ;
#1011 = VERTEX_POINT ( 'NONE', #487 ) ;
#1012 = VECTOR ( 'NONE', #1100, 1000.000000000000000 ) ;
#1013 = PLANE ( 'NONE',  #1 ) ;
#1014 = EDGE_CURVE ( 'NONE', #620, #192, #985, .T. ) ;
#1015 = DATE_TIME_ROLE ( 'creation_date' ) ;
#1016 = CARTESIAN_POINT ( 'NONE',  ( -41.30000000000001137, 7.500000000000000000, -45.00000000000000000 ) ) ;
#1017 = DIRECTION ( 'NONE',  ( 0.000000000000000000, 0.000000000000000000, 1.000000000000000000 ) ) ;
#1018 = ORIENTED_EDGE ( 'NONE', *, *, #518, .F. ) ;
#1019 = DIRECTION ( 'NONE',  ( 0.000000000000000000, 1.000000000000000000, 0.000000000000000000 ) ) ;
#1020 = CYLINDRICAL_SURFACE ( 'NONE', #840, 2.550000000000000266 ) ;
#1021 = PERSON_AND_ORGANIZATION_ROLE ( 'creator' ) ;
#1022 = CARTESIAN_POINT ( 'NONE',  ( 55.00000000000000711, 33.99999999999999289, -30.00000000000000000 ) ) ;
#1023 = ORIENTED_EDGE ( 'NONE', *, *, #926, .F. ) ;
#1024 = DIRECTION ( 'NONE',  ( -0.000000000000000000, 1.000000000000000000, -0.000000000000000000 ) ) ;
#1025 = AXIS2_PLACEMENT_3D ( 'NONE', #1441, #421, #543 ) ;
#1026 = LINE ( 'NONE', #43, #864 ) ;
#1027 = ORIENTED_EDGE ( 'NONE', *, *, #697, .T. ) ;
#1028 = AXIS2_PLACEMENT_3D ( 'NONE', #918, #714, #34 ) ;
#1029 = DIRECTION ( 'NONE',  ( 0.000000000000000000, -0.000000000000000000, 1.000000000000000000 ) ) ;
#1030 = VECTOR ( 'NONE', #107, 1000.000000000000000 ) ;
#1031 = CARTESIAN_POINT ( 'NONE',  ( 0.000000000000000000, 12.00000000000000000, -22.45000000000000284 ) ) ;
#1032 = CARTESIAN_POINT ( 'NONE',  ( -55.00000000000002132, 34.00000000000004263, 42.49999999999999289 ) ) ;
#1033 = ORIENTED_EDGE ( 'NONE', *, *, #1255, .F. ) ;
#1034 = EDGE_CURVE ( 'NONE', #1285, #636, #1353, .T. ) ;
#1035 = CARTESIAN_POINT ( 'NONE',  ( 20.00000000000000355, 0.000000000000000000, -1.115208210443206076E-15 ) ) ;
#1036 = ORIENTED_EDGE ( 'NONE', *, *, #578, .F. ) ;
#1037 = DIRECTION ( 'NONE',  ( -0.000000000000000000, -0.000000000000000000, -1.000000000000000000 ) ) ;
#1038 = ORIENTED_EDGE ( 'NONE', *, *, #849, .F. ) ;
#1039 = CARTESIAN_POINT ( 'NONE',  ( 40.00000000000000711, 7.500000000000000000, -45.00000000000000000 ) ) ;
#1040 = ORIENTED_EDGE ( 'NONE', *, *, #1122, .F. ) ;
#1041 = CARTESIAN_POINT ( 'NONE',  ( -70.00000000000000000, 15.00000000000000000, -45.00000000000000000 ) ) ;
#1042 = CC_DESIGN_DATE_AND_TIME_ASSIGNMENT ( #931, #1015, ( #450 ) ) ;
#1043 = ORIENTED_EDGE ( 'NONE', *, *, #681, .F. ) ;
#1044 = ADVANCED_FACE ( 'NONE', ( #60 ), #1275, .F. ) ;
#1045 = CIRCLE ( 'NONE', #16, 1.300000000000002487 ) ;
#1046 = DIRECTION ( 'NONE',  ( 0.000000000000000000, 1.000000000000000000, 0.000000000000000000 ) ) ;
#1047 = PERSON_AND_ORGANIZATION ( #559, #1155 ) ;
#1048 = ORIENTED_EDGE ( 'NONE', *, *, #52, .T. ) ;
#1049 = FACE_BOUND ( 'NONE', #892, .T. ) ;
#1050 = AXIS2_PLACEMENT_3D ( 'NONE', #13, #929, #690 ) ;
#1051 = DIRECTION ( 'NONE',  ( -0.000000000000000000, -0.000000000000000000, -1.000000000000000000 ) ) ;
#1052 = CIRCLE ( 'NONE', #552, 12.49999999999999645 ) ;
#1053 = ORIENTED_EDGE ( 'NONE', *, *, #1147, .F. ) ;
#1054 = DIRECTION ( 'NONE',  ( 0.000000000000000000, -0.000000000000000000, -1.000000000000000000 ) ) ;
#1055 = VECTOR ( 'NONE', #483, 1000.000000000000000 ) ;
#1056 = EDGE_LOOP ( 'NONE', ( #630, #506, #1283, #149 ) ) ;
#1057 = AXIS2_PLACEMENT_3D ( 'NONE', #1197, #429, #853 ) ;
#1058 = VECTOR ( 'NONE', #1074, 1000.000000000000114 ) ;
#1059 = ADVANCED_FACE ( 'NONE', ( #731 ), #101, .T. ) ;
#1060 = CARTESIAN_POINT ( 'NONE',  ( 70.00000000000000000, 0.000000000000000000, 45.00000000000000000 ) ) ;
#1061 = EDGE_LOOP ( 'NONE', ( #627, #990 ) ) ;
#1062 = LINE ( 'NONE', #1187, #1201 ) ;
#1063 = DIRECTION ( 'NONE',  ( 0.000000000000000000, 0.000000000000000000, 1.000000000000000000 ) ) ;
#1064 = EDGE_LOOP ( 'NONE', ( #92, #847, #944, #315 ) ) ;
#1065 = DIRECTION ( 'NONE',  ( 0.000000000000000000, 0.000000000000000000, 1.000000000000000000 ) ) ;
#1066 = ORIENTED_EDGE ( 'NONE', *, *, #370, .F. ) ;
#1067 = DIRECTION ( 'NONE',  ( 0.000000000000000000, 0.000000000000000000, 1.000000000000000000 ) ) ;
#1068 = ADVANCED_FACE ( 'NONE', ( #1099 ), #423, .F. ) ;
#1069 = EDGE_LOOP ( 'NONE', ( #1306, #397, #871, #392 ) ) ;
#1070 = VERTEX_POINT ( 'NONE', #1088 ) ;
#1071 = DIRECTION ( 'NONE',  ( 0.000000000000000000, 1.000000000000000000, 0.000000000000000000 ) ) ;
#1072 = CARTESIAN_POINT ( 'NONE',  ( 70.00000000000000000, 15.00000000000000000, 45.00000000000000000 ) ) ;
#1073 = ORIENTED_EDGE ( 'NONE', *, *, #174, .F. ) ;
#1074 = DIRECTION ( 'NONE',  ( 0.000000000000000000, 0.7071067811865446862, 0.7071067811865503483 ) ) ;
#1075 = ORIENTED_EDGE ( 'NONE', *, *, #186, .T. ) ;
#1076 = DIRECTION ( 'NONE',  ( 0.000000000000000000, 1.000000000000000000, 0.000000000000000000 ) ) ;
#1077 = ADVANCED_FACE ( 'NONE', ( #1198 ), #638, .F. ) ;
#1078 = EDGE_LOOP ( 'NONE', ( #584, #1386, #732, #1413 ) ) ;
#1079 = DIRECTION ( 'NONE',  ( 0.000000000000000000, 0.000000000000000000, 1.000000000000000000 ) ) ;
#1080 = VECTOR ( 'NONE', #207, 1000.000000000000000 ) ;
#1081 = CIRCLE ( 'NONE', #983, 1.300000000000002487 ) ;
#1082 = AXIS2_PLACEMENT_3D ( 'NONE', #302, #739, #875 ) ;
#1083 = AXIS2_PLACEMENT_3D ( 'NONE', #348, #1246, #1017 ) ;
#1084 = LOCAL_TIME ( 14, 59, 46.00000000000000000, #596 ) ;
#1085 = CARTESIAN_POINT ( 'NONE',  ( -55.00000000000002132, 35.00000000000000000, 30.00000000000000000 ) ) ;
#1086 = FACE_BOUND ( 'NONE', #1313, .T. ) ;
#1087 = FACE_OUTER_BOUND ( 'NONE', #80, .T. ) ;
#1088 = CARTESIAN_POINT ( 'NONE',  ( 4.292387031011472780E-15, 12.00000000000000000, -35.04999999999999716 ) ) ;
#1089 = ORIENTED_EDGE ( 'NONE', *, *, #1448, .F. ) ;
#1090 = CARTESIAN_POINT ( 'NONE',  ( 0.000000000000000000, 15.00000000000000000, 0.000000000000000000 ) ) ;
#1091 = DIRECTION ( 'NONE',  ( 0.000000000000000000, 0.000000000000000000, 1.000000000000000000 ) ) ;
#1092 = SECURITY_CLASSIFICATION_LEVEL ( 'unclassified' ) ;
#1093 = CARTESIAN_POINT ( 'NONE',  ( -70.00000000000000000, 15.00000000000000000, 45.00000000000000000 ) ) ;
#1094 = LINE ( 'NONE', #1219, #756 ) ;
#1095 = CARTESIAN_POINT ( 'NONE',  ( 0.000000000000000000, 10.00000000000000000, -25.00000000000000000 ) ) ;
#1096 = EDGE_LOOP ( 'NONE', ( #949, #721, #1412, #1023 ) ) ;
#1097 = EDGE_CURVE ( 'NONE', #361, #951, #1341, .T. ) ;
#1098 = DIRECTION ( 'NONE',  ( 0.000000000000000000, 0.000000000000000000, 1.000000000000000000 ) ) ;
#1099 = FACE_OUTER_BOUND ( 'NONE', #58, .T. ) ;
#1100 = DIRECTION ( 'NONE',  ( -0.000000000000000000, -1.000000000000000000, -0.000000000000000000 ) ) ;
#1101 = EDGE_LOOP ( 'NONE', ( #1374, #1435, #719, #737 ) ) ;
#1102 = CIRCLE ( 'NONE', #66, 12.50000000000000000 ) ;
#1103 = DIRECTION ( 'NONE',  ( -0.000000000000000000, -1.000000000000000000, -0.000000000000000000 ) ) ;
#1104 = AXIS2_PLACEMENT_3D ( 'NONE', #560, #337, #676 ) ;
#1105 = AXIS2_PLACEMENT_3D ( 'NONE', #1090, #408, #1054 ) ;
#1106 = FACE_OUTER_BOUND ( 'NONE', #856, .T. ) ;
#1107 = CIRCLE ( 'NONE', #1276, 7.600000000000002309 ) ;
#1108 = EDGE_CURVE ( 'NONE', #444, #728, #415, .T. ) ;
#1109 = DIRECTION ( 'NONE',  ( 0.000000000000000000, 0.000000000000000000, 1.000000000000000000 ) ) ;
#1110 = AXIS2_PLACEMENT_3D ( 'NONE', #391, #942, #1405 ) ;
#1111 = FACE_OUTER_BOUND ( 'NONE', #598, .T. ) ;
#1112 = DIRECTION ( 'NONE',  ( 0.000000000000000000, 0.000000000000000000, 1.000000000000000000 ) ) ;
#1113 = FACE_OUTER_BOUND ( 'NONE', #1078, .T. ) ;
#1114 = ORIENTED_EDGE ( 'NONE', *, *, #541, .F. ) ;
#1115 = CARTESIAN_POINT ( 'NONE',  ( -41.30000000000001137, 7.500000000000000000, 34.99999999999999289 ) ) ;
#1116 = DIRECTION ( 'NONE',  ( -1.000000000000000000, -0.000000000000000000, -0.000000000000000000 ) ) ;
#1117 = EDGE_CURVE ( 'NONE', #480, #1190, #224, .T. ) ;
#1118 = FACE_OUTER_BOUND ( 'NONE', #165, .T. ) ;
#1119 = FACE_OUTER_BOUND ( 'NONE', #734, .T. ) ;
#1120 = DIRECTION ( 'NONE',  ( -0.000000000000000000, 1.000000000000000000, -0.000000000000000000 ) ) ;
#1121 = EDGE_LOOP ( 'NONE', ( #960, #831, #747, #86 ) ) ;
#1122 = EDGE_CURVE ( 'NONE', #1273, #185, #2, .T. ) ;
#1123 = CARTESIAN_POINT ( 'NONE',  ( -40.00000000000000711, 7.500000000000000000, 34.99999999999999289 ) ) ;
#1124 = DIRECTION ( 'NONE',  ( 0.000000000000000000, 0.000000000000000000, 1.000000000000000000 ) ) ;
#1125 = CARTESIAN_POINT ( 'NONE',  ( -20.00000000000000355, 12.00000000000000000, -1.000000000000002665 ) ) ;
#1126 = ORIENTED_EDGE ( 'NONE', *, *, #1122, .T. ) ;
#1127 = EDGE_CURVE ( 'NONE', #185, #859, #833, .T. ) ;
#1128 = FACE_OUTER_BOUND ( 'NONE', #247, .T. ) ;
#1129 = VECTOR ( 'NONE', #997, 1000.000000000000000 ) ;
#1130 = CARTESIAN_POINT ( 'NONE',  ( -38.70000000000000284, 7.500000000000000000, -45.00000000000000000 ) ) ;
#1131 = VECTOR ( 'NONE', #760, 1000.000000000000000 ) ;
#1132 = AXIS2_PLACEMENT_3D ( 'NONE', #604, #1051, #394 ) ;
#1133 = ORIENTED_EDGE ( 'NONE', *, *, #590, .T. ) ;
#1134 = AXIS2_PLACEMENT_3D ( 'NONE', #1085, #550, #843 ) ;
#1135 = APPROVAL_PERSON_ORGANIZATION ( #502, #867, #943 ) ;
#1136 = LINE ( 'NONE', #323, #1227 ) ;
#1137 = EDGE_CURVE ( 'NONE', #1179, #527, #103, .T. ) ;
#1138 = LINE ( 'NONE', #914, #1006 ) ;
#1139 = APPROVAL_STATUS ( 'not_yet_approved' ) ;
#1140 = LINE ( 'NONE', #345, #1320 ) ;
#1141 = EDGE_LOOP ( 'NONE', ( #197, #899 ) ) ;
#1142 = DIRECTION ( 'NONE',  ( 0.000000000000000000, 1.000000000000000000, 0.000000000000000000 ) ) ;
#1143 = DIRECTION ( 'NONE',  ( 1.000000000000000000, 0.000000000000000000, 0.000000000000000000 ) ) ;
#1144 = EDGE_CURVE ( 'NONE', #464, #139, #1199, .T. ) ;
#1145 = ORIENTED_EDGE ( 'NONE', *, *, #779, .F. ) ;
#1146 = CARTESIAN_POINT ( 'NONE',  ( 0.000000000000000000, 10.00000000000000000, 25.00000000000000000 ) ) ;
#1147 = EDGE_CURVE ( 'NONE', #90, #1327, #266, .T. ) ;
#1148 = AXIS2_PLACEMENT_3D ( 'NONE', #1339, #900, #1344 ) ;
#1149 = ORIENTED_EDGE ( 'NONE', *, *, #673, .T. ) ;
#1150 = CIRCLE ( 'NONE', #99, 1.000000000000001554 ) ;
#1151 = AXIS2_PLACEMENT_3D ( 'NONE', #33, #353, #795 ) ;
#1152 = ORIENTED_EDGE ( 'NONE', *, *, #306, .T. ) ;
#1153 = CYLINDRICAL_SURFACE ( 'NONE', #752, 35.04999999999999716 ) ;
#1154 = VECTOR ( 'NONE', #45, 1000.000000000000000 ) ;
#1155 = ORGANIZATION ( 'UNSPECIFIED', 'UNSPECIFIED', '' ) ;
#1156 = FACE_OUTER_BOUND ( 'NONE', #702, .T. ) ;
#1157 = ADVANCED_FACE ( 'NONE', ( #618 ), #292, .T. ) ;
#1158 = DIRECTION ( 'NONE',  ( -0.000000000000000000, 1.000000000000000000, -0.000000000000000000 ) ) ;
#1159 = EDGE_LOOP ( 'NONE', ( #51, #507, #157, #383 ) ) ;
#1160 = EDGE_CURVE ( 'NONE', #1289, #1200, #659, .T. ) ;
#1161 = EDGE_LOOP ( 'NONE', ( #699, #793, #1431, #716 ) ) ;
#1162 = ORIENTED_EDGE ( 'NONE', *, *, #902, .T. ) ;
#1163 = DIRECTION ( 'NONE',  ( 0.000000000000000000, 0.000000000000000000, -1.000000000000000000 ) ) ;
#1164 = ORIENTED_EDGE ( 'NONE', *, *, #629, .T. ) ;
#1165 = DIRECTION ( 'NONE',  ( -0.000000000000000000, -1.000000000000000000, -0.000000000000000000 ) ) ;
#1166 = DIRECTION ( 'NONE',  ( 0.000000000000000000, 0.000000000000000000, -1.000000000000000000 ) ) ;
#1167 = ADVANCED_FACE ( 'NONE', ( #1113 ), #545, .F. ) ;
#1168 = ORIENTED_EDGE ( 'NONE', *, *, #1271, .T. ) ;
#1169 =( NAMED_UNIT ( * ) PLANE_ANGLE_UNIT ( ) SI_UNIT ( $, .RADIAN. ) );
#1170 = CARTESIAN_POINT ( 'NONE',  ( 0.000000000000000000, 10.00000000000000000, -22.45000000000000284 ) ) ;
#1171 = ORIENTED_EDGE ( 'NONE', *, *, #600, .F. ) ;
#1172 = CYLINDRICAL_SURFACE ( 'NONE', #913, 35.04999999999999716 ) ;
#1173 = ORIENTED_EDGE ( 'NONE', *, *, #609, .T. ) ;
#1174 = CARTESIAN_POINT ( 'NONE',  ( -55.00000000000002132, 35.00000000000000000, 30.00000000000000000 ) ) ;
#1175 = EDGE_LOOP ( 'NONE', ( #1145, #440, #1152, #1397 ) ) ;
#1176 = AXIS2_PLACEMENT_3D ( 'NONE', #533, #94, #1098 ) ;
#1177 = ADVANCED_FACE ( 'NONE', ( #1451 ), #869, .F. ) ;
#1178 = ORIENTED_EDGE ( 'NONE', *, *, #1108, .F. ) ;
#1179 = VERTEX_POINT ( 'NONE', #890 ) ;
#1180 = CARTESIAN_POINT ( 'NONE',  ( 40.00000000000000711, 7.500000000000000000, -34.99999999999999289 ) ) ;
#1181 = VERTEX_POINT ( 'NONE', #1357 ) ;
#1182 = ORIENTED_EDGE ( 'NONE', *, *, #879, .F. ) ;
#1183 = DIRECTION ( 'NONE',  ( 1.000000000000000000, 0.000000000000000000, 0.000000000000000000 ) ) ;
#1184 = CARTESIAN_POINT ( 'NONE',  ( -55.00000000000002132, 35.00000000000000000, 30.00000000000000000 ) ) ;
#1185 = EDGE_CURVE ( 'NONE', #1070, #204, #479, .T. ) ;
#1186 = ORIENTED_EDGE ( 'NONE', *, *, #820, .F. ) ;
#1187 = CARTESIAN_POINT ( 'NONE',  ( 3.122849337825750419E-16, 10.00000000000000000, -27.55000000000000071 ) ) ;
#1188 = CARTESIAN_POINT ( 'NONE',  ( 70.00000000000000000, 15.00000000000000000, 45.00000000000000000 ) ) ;
#1189 = DIRECTION ( 'NONE',  ( -0.000000000000000000, 1.000000000000000000, -0.000000000000000000 ) ) ;
#1190 = VERTEX_POINT ( 'NONE', #564 ) ;
#1191 = DIRECTION ( 'NONE',  ( -0.000000000000000000, 1.000000000000000000, -0.000000000000000000 ) ) ;
#1192 = ORIENTED_EDGE ( 'NONE', *, *, #1117, .F. ) ;
#1193 = DIRECTION ( 'NONE',  ( 0.000000000000000000, 0.000000000000000000, -1.000000000000000000 ) ) ;
#1194 = CARTESIAN_POINT ( 'NONE',  ( 20.00000000000000355, 0.000000000000000000, 1.000000000000000444 ) ) ;
#1195 = EDGE_CURVE ( 'NONE', #973, #591, #1241, .T. ) ;
#1196 = ORIENTED_EDGE ( 'NONE', *, *, #848, .F. ) ;
#1197 = CARTESIAN_POINT ( 'NONE',  ( 0.000000000000000000, 12.00000000000000000, -25.00000000000000000 ) ) ;
#1198 = FACE_OUTER_BOUND ( 'NONE', #371, .T. ) ;
#1199 = LINE ( 'NONE', #1188, #1030 ) ;
#1200 = VERTEX_POINT ( 'NONE', #116 ) ;
#1201 = VECTOR ( 'NONE', #1207, 1000.000000000000000 ) ;
#1202 = AXIS2_PLACEMENT_3D ( 'NONE', #562, #1000, #234 ) ;
#1203 = CARTESIAN_POINT ( 'NONE',  ( -20.00000000000000355, 0.000000000000000000, -1.115208210443206076E-15 ) ) ;
#1204 = CONICAL_SURFACE ( 'NONE', #573, 7.600000000000002309, 0.7853981633974526089 ) ;
#1205 = SECURITY_CLASSIFICATION ( '', '', #1092 ) ;
#1206 = CARTESIAN_POINT ( 'NONE',  ( -55.00000000000002132, 15.00000000000000000, 17.50000000000000000 ) ) ;
#1207 = DIRECTION ( 'NONE',  ( -0.000000000000000000, 1.000000000000000000, -0.000000000000000000 ) ) ;
#1208 = CC_DESIGN_PERSON_AND_ORGANIZATION_ASSIGNMENT ( #540, #426, ( #1205 ) ) ;
#1209 = FACE_OUTER_BOUND ( 'NONE', #1101, .T. ) ;
#1210 = ORIENTED_EDGE ( 'NONE', *, *, #158, .T. ) ;
#1211 = EDGE_CURVE ( 'NONE', #480, #1420, #767, .T. ) ;
#1212 = PERSON_AND_ORGANIZATION ( #559, #1155 ) ;
#1213 = EDGE_LOOP ( 'NONE', ( #367, #641 ) ) ;
#1214 =( LENGTH_UNIT ( ) NAMED_UNIT ( * ) SI_UNIT ( .MILLI., .METRE. ) );
#1215 = VERTEX_POINT ( 'NONE', #668 ) ;
#1216 = CARTESIAN_POINT ( 'NONE',  ( 55.00000000000000711, 33.99999999999999289, -30.00000000000000000 ) ) ;
#1217 = EDGE_CURVE ( 'NONE', #825, #1285, #1001, .T. ) ;
#1218 = CARTESIAN_POINT ( 'NONE',  ( -55.00000000000002132, 0.000000000000000000, 37.60000000000000142 ) ) ;
#1219 = CARTESIAN_POINT ( 'NONE',  ( -70.00000000000000000, 15.00000000000000000, 45.00000000000000000 ) ) ;
#1220 = CARTESIAN_POINT ( 'NONE',  ( 55.00000000000000711, 33.99999999999995737, -30.00000000000000000 ) ) ;
#1221 = DIRECTION ( 'NONE',  ( 0.000000000000000000, 1.000000000000000000, 0.000000000000000000 ) ) ;
#1222 = CARTESIAN_POINT ( 'NONE',  ( 0.000000000000000000, 10.00000000000000000, 27.55000000000000071 ) ) ;
#1223 = ORIENTED_EDGE ( 'NONE', *, *, #98, .T. ) ;
#1224 = FACE_BOUND ( 'NONE', #409, .T. ) ;
#1225 = CIRCLE ( 'NONE', #1325, 1.300000000000002487 ) ;
#1226 = EDGE_CURVE ( 'NONE', #90, #527, #698, .T. ) ;
#1227 = VECTOR ( 'NONE', #1103, 1000.000000000000000 ) ;
#1228 = FACE_OUTER_BOUND ( 'NONE', #1322, .T. ) ;
#1229 = VECTOR ( 'NONE', #845, 1000.000000000000000 ) ;
#1230 = CARTESIAN_POINT ( 'NONE',  ( -70.00000000000000000, 0.000000000000000000, -45.00000000000000000 ) ) ;
#1231 = AXIS2_PLACEMENT_3D ( 'NONE', #277, #56, #713 ) ;
#1232 = DIRECTION ( 'NONE',  ( -1.000000000000000000, 0.000000000000000000, 0.000000000000000000 ) ) ;
#1233 = CYLINDRICAL_SURFACE ( 'NONE', #680, 12.49999999999999645 ) ;
#1234 = ORIENTED_EDGE ( 'NONE', *, *, #1160, .T. ) ;
#1235 = CARTESIAN_POINT ( 'NONE',  ( -55.00000000000002132, 0.000000000000000000, 22.39999999999999503 ) ) ;
#1236 = DIRECTION ( 'NONE',  ( -0.000000000000000000, -1.000000000000000000, -0.000000000000000000 ) ) ;
#1237 = FACE_OUTER_BOUND ( 'NONE', #303, .T. ) ;
#1238 = DIRECTION ( 'NONE',  ( 0.000000000000000000, 0.000000000000000000, 1.000000000000000000 ) ) ;
#1239 = ADVANCED_FACE ( 'NONE', ( #589 ), #76, .F. ) ;
#1240 = FACE_OUTER_BOUND ( 'NONE', #782, .T. ) ;
#1241 = LINE ( 'NONE', #7, #1012 ) ;
#1242 = ORIENTED_EDGE ( 'NONE', *, *, #395, .T. ) ;
#1243 = FACE_BOUND ( 'NONE', #1416, .T. ) ;
#1244 = DIRECTION ( 'NONE',  ( 1.000000000000000000, 0.000000000000000000, 0.000000000000000000 ) ) ;
#1245 = DIRECTION ( 'NONE',  ( 0.000000000000000000, 0.000000000000000000, 1.000000000000000000 ) ) ;
#1246 = DIRECTION ( 'NONE',  ( 0.000000000000000000, 1.000000000000000000, 0.000000000000000000 ) ) ;
#1247 = EDGE_LOOP ( 'NONE', ( #1311, #1164, #619, #232 ) ) ;
#1248 = AXIS2_PLACEMENT_3D ( 'NONE', #465, #243, #17 ) ;
#1249 = DIRECTION ( 'NONE',  ( -0.000000000000000000, -0.000000000000000000, 1.000000000000000000 ) ) ;
#1250 = AXIS2_PLACEMENT_3D ( 'NONE', #312, #1071, #738 ) ;
#1251 = CONICAL_SURFACE ( 'NONE', #501, 7.599999999999996092, 0.7853981633974522758 ) ;
#1252 = ORIENTED_EDGE ( 'NONE', *, *, #583, .T. ) ;
#1253 = AXIS2_PLACEMENT_3D ( 'NONE', #508, #522, #1434 ) ;
#1254 = CARTESIAN_POINT ( 'NONE',  ( 20.00000000000000355, 12.00000000000000000, -1.115208210443206076E-15 ) ) ;
#1255 = EDGE_CURVE ( 'NONE', #281, #381, #169, .T. ) ;
#1256 = CARTESIAN_POINT ( 'NONE',  ( 55.00000000000000711, 35.00000000000000000, -41.49999999999999289 ) ) ;
#1257 = DIRECTION ( 'NONE',  ( 0.000000000000000000, 0.000000000000000000, -1.000000000000000000 ) ) ;
#1258 = EDGE_LOOP ( 'NONE', ( #1173, #883 ) ) ;
#1259 = DIRECTION ( 'NONE',  ( 0.000000000000000000, 0.000000000000000000, 1.000000000000000000 ) ) ;
#1260 = FACE_OUTER_BOUND ( 'NONE', #530, .T. ) ;
#1261 = CARTESIAN_POINT ( 'NONE',  ( -55.00000000000002132, 35.00000000000000000, 17.50000000000000000 ) ) ;
#1262 = ADVANCED_FACE ( 'NONE', ( #278 ), #176, .F. ) ;
#1263 = DIRECTION ( 'NONE',  ( 0.000000000000000000, 0.000000000000000000, -1.000000000000000000 ) ) ;
#1264 = DIRECTION ( 'NONE',  ( 0.000000000000000000, -1.000000000000000000, 0.000000000000000000 ) ) ;
#1265 = CARTESIAN_POINT ( 'NONE',  ( -40.00000000000000711, 7.500000000000000000, 34.99999999999999289 ) ) ;
#1266 = ORIENTED_EDGE ( 'NONE', *, *, #648, .F. ) ;
#1267 = CARTESIAN_POINT ( 'NONE',  ( 40.00000000000000711, 7.500000000000000000, 45.00000000000000000 ) ) ;
#1268 = DIRECTION ( 'NONE',  ( 0.000000000000000000, 0.000000000000000000, 1.000000000000000000 ) ) ;
#1269 = LINE ( 'NONE', #262, #549 ) ;
#1270 = AXIS2_PLACEMENT_3D ( 'NONE', #588, #251, #148 ) ;
#1271 = EDGE_CURVE ( 'NONE', #832, #273, #529, .T. ) ;
#1272 = COORDINATED_UNIVERSAL_TIME_OFFSET ( 0, 0, .AHEAD. ) ;
#1273 = VERTEX_POINT ( 'NONE', #753 ) ;
#1274 = CIRCLE ( 'NONE', #610, 1.300000000000002487 ) ;
#1275 = CYLINDRICAL_SURFACE ( 'NONE', #1132, 1.300000000000002487 ) ;
#1276 = AXIS2_PLACEMENT_3D ( 'NONE', #1414, #1334, #393 ) ;
#1277 = VERTEX_POINT ( 'NONE', #1206 ) ;
#1278 = VECTOR ( 'NONE', #992, 1000.000000000000000 ) ;
#1279 = PRODUCT_DEFINITION_FORMATION_WITH_SPECIFIED_SOURCE ( 'ANY', '', #461, .NOT_KNOWN. ) ;
#1280 = ORIENTED_EDGE ( 'NONE', *, *, #472, .F. ) ;
#1281 = CARTESIAN_POINT ( 'NONE',  ( 55.00000000000000711, 0.000000000000000000, -30.00000000000000000 ) ) ;
#1282 = DIRECTION ( 'NONE',  ( -0.000000000000000000, -0.000000000000000000, -1.000000000000000000 ) ) ;
#1283 = ORIENTED_EDGE ( 'NONE', *, *, #666, .F. ) ;
#1284 = ADVANCED_FACE ( 'NONE', ( #439 ), #1401, .T. ) ;
#1285 = VERTEX_POINT ( 'NONE', #214 ) ;
#1286 = DIRECTION ( 'NONE',  ( 0.000000000000000000, 0.000000000000000000, -1.000000000000000000 ) ) ;
#1287 = ORIENTED_EDGE ( 'NONE', *, *, #196, .T. ) ;
#1288 = CARTESIAN_POINT ( 'NONE',  ( 55.00000000000000711, -0.0009999999999992653654, -30.00000000000000000 ) ) ;
#1289 = VERTEX_POINT ( 'NONE', #1305 ) ;
#1290 = DIRECTION ( 'NONE',  ( 0.000000000000000000, 0.000000000000000000, -1.000000000000000000 ) ) ;
#1291 = VERTEX_POINT ( 'NONE', #1194 ) ;
#1292 = DIRECTION ( 'NONE',  ( -0.000000000000000000, -0.000000000000000000, 1.000000000000000000 ) ) ;
#1293 = DIRECTION ( 'NONE',  ( 0.000000000000000000, 1.000000000000000000, 0.000000000000000000 ) ) ;
#1294 = ORIENTED_EDGE ( 'NONE', *, *, #1185, .T. ) ;
#1295 = DIRECTION ( 'NONE',  ( -0.000000000000000000, -0.000000000000000000, 1.000000000000000000 ) ) ;
#1296 = CIRCLE ( 'NONE', #1330, 12.49999999999999645 ) ;
#1297 = DIRECTION ( 'NONE',  ( 0.000000000000000000, -1.000000000000000000, 0.000000000000000000 ) ) ;
#1298 = AXIS2_PLACEMENT_3D ( 'NONE', #316, #947, #294 ) ;
#1299 = EDGE_LOOP ( 'NONE', ( #846, #402, #1402, #100 ) ) ;
#1300 = DIRECTION ( 'NONE',  ( 0.000000000000000000, 0.000000000000000000, 1.000000000000000000 ) ) ;
#1301 = VECTOR ( 'NONE', #730, 1000.000000000000000 ) ;
#1302 = ORIENTED_EDGE ( 'NONE', *, *, #1226, .T. ) ;
#1303 = CIRCLE ( 'NONE', #1354, 35.04999999999999716 ) ;
#1304 = EDGE_CURVE ( 'NONE', #494, #399, #180, .T. ) ;
#1305 = CARTESIAN_POINT ( 'NONE',  ( 20.00000000000000355, 0.000000000000000000, -1.000000000000002665 ) ) ;
#1306 = ORIENTED_EDGE ( 'NONE', *, *, #735, .F. ) ;
#1307 = CARTESIAN_POINT ( 'NONE',  ( 38.70000000000000284, 7.500000000000000000, 34.99999999999999289 ) ) ;
#1308 = CARTESIAN_POINT ( 'NONE',  ( 55.00000000000000711, 35.00000000000000000, -30.00000000000000000 ) ) ;
#1309 = ORIENTED_EDGE ( 'NONE', *, *, #1312, .F. ) ;
#1310 = DIRECTION ( 'NONE',  ( 1.000000000000000000, 0.000000000000000000, 0.000000000000000000 ) ) ;
#1311 = ORIENTED_EDGE ( 'NONE', *, *, #218, .F. ) ;
#1312 = EDGE_CURVE ( 'NONE', #608, #177, #1303, .T. ) ;
#1313 = EDGE_LOOP ( 'NONE', ( #10, #1018 ) ) ;
#1314 = LINE ( 'NONE', #1450, #775 ) ;
#1315 = CARTESIAN_POINT ( 'NONE',  ( 40.00000000000000711, 7.500000000000000000, -34.99999999999999289 ) ) ;
#1316 = ORIENTED_EDGE ( 'NONE', *, *, #127, .T. ) ;
#1317 = MECHANICAL_CONTEXT ( 'NONE', #876, 'mechanical' ) ;
#1318 = PLANE ( 'NONE',  #771 ) ;
#1319 = CC_DESIGN_PERSON_AND_ORGANIZATION_ASSIGNMENT ( #1445, #1396, ( #461 ) ) ;
#1320 = VECTOR ( 'NONE', #143, 1000.000000000000000 ) ;
#1321 = CARTESIAN_POINT ( 'NONE',  ( 20.00000000000000355, 12.00000000000000000, 1.000000000000000444 ) ) ;
#1322 = EDGE_LOOP ( 'NONE', ( #516, #27, #172, #404 ) ) ;
#1323 = FACE_OUTER_BOUND ( 'NONE', #729, .T. ) ;
#1324 = EDGE_CURVE ( 'NONE', #164, #636, #299, .T. ) ;
#1325 = AXIS2_PLACEMENT_3D ( 'NONE', #977, #1249, #665 ) ;
#1326 = CARTESIAN_POINT ( 'NONE',  ( 55.00000000000000711, 35.00000000000000000, -41.49999999999999289 ) ) ;
#1327 = VERTEX_POINT ( 'NONE', #324 ) ;
#1328 = CARTESIAN_POINT ( 'NONE',  ( -55.00000000000002132, 35.00000000000000000, 38.60000000000005116 ) ) ;
#1329 = AXIS2_PLACEMENT_3D ( 'NONE', #683, #366, #250 ) ;
#1330 = AXIS2_PLACEMENT_3D ( 'NONE', #270, #358, #689 ) ;
#1331 = DATE_AND_TIME ( #1446, #184 ) ;
#1332 = DIRECTION ( 'NONE',  ( 0.000000000000000000, 1.000000000000000000, 0.000000000000000000 ) ) ;
#1333 = VECTOR ( 'NONE', #1292, 1000.000000000000000 ) ;
#1334 = DIRECTION ( 'NONE',  ( -0.000000000000000000, 1.000000000000000000, -0.000000000000000000 ) ) ;
#1335 = DIRECTION ( 'NONE',  ( 0.000000000000000000, 0.000000000000000000, 1.000000000000000000 ) ) ;
#1336 = DIRECTION ( 'NONE',  ( 0.000000000000000000, -0.000000000000000000, 1.000000000000000000 ) ) ;
#1337 = EDGE_CURVE ( 'NONE', #521, #236, #1094, .T. ) ;
#1338 = ORIENTED_EDGE ( 'NONE', *, *, #481, .T. ) ;
#1339 = CARTESIAN_POINT ( 'NONE',  ( 55.00000000000000711, 0.000000000000000000, -30.00000000000000000 ) ) ;
#1340 = CARTESIAN_POINT ( 'NONE',  ( -40.00000000000000711, 7.500000000000000000, 34.99999999999999289 ) ) ;
#1341 = LINE ( 'NONE', #1326, #335 ) ;
#1342 = VERTEX_POINT ( 'NONE', #1440 ) ;
#1343 = EDGE_CURVE ( 'NONE', #1181, #964, #120, .T. ) ;
#1344 = DIRECTION ( 'NONE',  ( 0.000000000000000000, 0.000000000000000000, -1.000000000000000000 ) ) ;
#1345 = FACE_BOUND ( 'NONE', #332, .T. ) ;
#1346 = DIRECTION ( 'NONE',  ( 0.000000000000000000, 0.000000000000000000, 1.000000000000000000 ) ) ;
#1347 = CARTESIAN_POINT ( 'NONE',  ( -41.30000000000001137, 7.500000000000000000, -34.99999999999999289 ) ) ;
#1348 = CARTESIAN_POINT ( 'NONE',  ( 0.000000000000000000, 12.00000000000000000, 0.000000000000000000 ) ) ;
#1349 = ORIENTED_EDGE ( 'NONE', *, *, #141, .F. ) ;
#1350 = AXIS2_PLACEMENT_3D ( 'NONE', #1035, #905, #824 ) ;
#1351 = EDGE_CURVE ( 'NONE', #139, #964, #200, .T. ) ;
#1352 = CYLINDRICAL_SURFACE ( 'NONE', #607, 1.300000000000002487 ) ;
#1353 = CIRCLE ( 'NONE', #891, 8.600000000000051159 ) ;
#1354 = AXIS2_PLACEMENT_3D ( 'NONE', #873, #851, #1109 ) ;
#1355 = CARTESIAN_POINT ( 'NONE',  ( -70.00000000000000000, 15.00000000000000000, -45.00000000000000000 ) ) ;
#1356 = FACE_OUTER_BOUND ( 'NONE', #307, .T. ) ;
#1357 = CARTESIAN_POINT ( 'NONE',  ( 70.00000000000000000, 15.00000000000000000, -45.00000000000000000 ) ) ;
#1358 = VERTEX_POINT ( 'NONE', #1321 ) ;
#1359 = CYLINDRICAL_SURFACE ( 'NONE', #178, 1.300000000000002487 ) ;
#1360 = CARTESIAN_POINT ( 'NONE',  ( 0.000000000000000000, 10.00000000000000000, 27.55000000000000071 ) ) ;
#1361 = DIRECTION ( 'NONE',  ( -0.000000000000000000, -0.000000000000000000, -1.000000000000000000 ) ) ;
#1362 = ADVANCED_FACE ( 'NONE', ( #1237 ), #445, .F. ) ;
#1363 = DIRECTION ( 'NONE',  ( 0.000000000000000000, 0.000000000000000000, 1.000000000000000000 ) ) ;
#1364 = ORIENTED_EDGE ( 'NONE', *, *, #1195, .F. ) ;
#1365 = DATE_AND_TIME ( #466, #119 ) ;
#1366 = FACE_OUTER_BOUND ( 'NONE', #1061, .T. ) ;
#1367 = ORIENTED_EDGE ( 'NONE', *, *, #779, .T. ) ;
#1368 = EDGE_CURVE ( 'NONE', #964, #279, #772, .T. ) ;
#1369 = DIRECTION ( 'NONE',  ( 0.000000000000000000, 0.000000000000000000, -1.000000000000000000 ) ) ;
#1370 = CIRCLE ( 'NONE', #1395, 1.000000000000001554 ) ;
#1371 = AXIS2_PLACEMENT_3D ( 'NONE', #1254, #1142, #582 ) ;
#1372 = AXIS2_PLACEMENT_3D ( 'NONE', #405, #1442, #860 ) ;
#1373 = VECTOR ( 'NONE', #933, 1000.000000000000000 ) ;
#1374 = ORIENTED_EDGE ( 'NONE', *, *, #306, .F. ) ;
#1375 = FACE_OUTER_BOUND ( 'NONE', #288, .T. ) ;
#1376 = LOCAL_TIME ( 14, 59, 46.00000000000000000, #492 ) ;
#1377 = EDGE_CURVE ( 'NONE', #187, #161, #998, .T. ) ;
#1378 = LINE ( 'NONE', #49, #1055 ) ;
#1379 = CARTESIAN_POINT ( 'NONE',  ( 41.30000000000001137, 7.500000000000000000, -34.99999999999999289 ) ) ;
#1380 = ORIENTED_EDGE ( 'NONE', *, *, #1160, .F. ) ;
#1381 = CARTESIAN_POINT ( 'NONE',  ( 0.000000000000000000, 12.00000000000000000, 35.04999999999999716 ) ) ;
#1382 = CARTESIAN_POINT ( 'NONE',  ( -40.00000000000000711, 7.500000000000000000, -34.99999999999999289 ) ) ;
#1383 = ADVANCED_FACE ( 'NONE', ( #903 ), #724, .F. ) ;
#1384 = EDGE_CURVE ( 'NONE', #279, #660, #78, .T. ) ;
#1385 = CARTESIAN_POINT ( 'NONE',  ( -55.00000000000002132, 33.99999999999995737, 30.00000000000000000 ) ) ;
#1386 = ORIENTED_EDGE ( 'NONE', *, *, #797, .T. ) ;
#1387 = LINE ( 'NONE', #708, #379 ) ;
#1388 = CARTESIAN_POINT ( 'NONE',  ( -55.00000000000002132, 35.00000000000000000, 30.00000000000000000 ) ) ;
#1389 = EDGE_LOOP ( 'NONE', ( #1196, #651, #454, #811 ) ) ;
#1390 = DIRECTION ( 'NONE',  ( 0.000000000000000000, -0.000000000000000000, 1.000000000000000000 ) ) ;
#1391 = DATE_AND_TIME ( #167, #1376 ) ;
#1392 =( NAMED_UNIT ( * ) SI_UNIT ( $, .STERADIAN. ) SOLID_ANGLE_UNIT ( ) );
#1393 = EDGE_CURVE ( 'NONE', #1215, #591, #555, .T. ) ;
#1394 = CARTESIAN_POINT ( 'NONE',  ( -20.00000000000000355, 0.000000000000000000, -1.115208210443206076E-15 ) ) ;
#1395 = AXIS2_PLACEMENT_3D ( 'NONE', #1203, #850, #1193 ) ;
#1396 = PERSON_AND_ORGANIZATION_ROLE ( 'design_owner' ) ;
#1397 = ORIENTED_EDGE ( 'NONE', *, *, #283, .F. ) ;
#1398 = CIRCLE ( 'NONE', #245, 1.300000000000002487 ) ;
#1399 = DIRECTION ( 'NONE',  ( -1.000000000000000000, 0.000000000000000000, 0.000000000000000000 ) ) ;
#1400 = AXIS2_PLACEMENT_3D ( 'NONE', #442, #1433, #1112 ) ;
#1401 = CONICAL_SURFACE ( 'NONE', #1134, 11.50000000000005151, 0.7853981633974405074 ) ;
#1402 = ORIENTED_EDGE ( 'NONE', *, *, #1415, .F. ) ;
#1403 = FACE_OUTER_BOUND ( 'NONE', #241, .T. ) ;
#1404 = CARTESIAN_POINT ( 'NONE',  ( 4.292387031011472780E-15, 15.00000000000000000, -35.04999999999999716 ) ) ;
#1405 = DIRECTION ( 'NONE',  ( 0.000000000000000000, 0.000000000000000000, 1.000000000000000000 ) ) ;
#1406 = PERSON_AND_ORGANIZATION_ROLE ( 'creator' ) ;
#1407 = ORIENTED_EDGE ( 'NONE', *, *, #820, .T. ) ;
#1408 = CYLINDRICAL_SURFACE ( 'NONE', #403, 7.599999999999996092 ) ;
#1409 = DIRECTION ( 'NONE',  ( -1.000000000000000000, 0.000000000000000000, 0.000000000000000000 ) ) ;
#1410 = DIRECTION ( 'NONE',  ( -1.000000000000000000, 0.000000000000000000, 0.000000000000000000 ) ) ;
#1411 = CARTESIAN_POINT ( 'NONE',  ( 55.00000000000000711, 15.00000000000000000, -30.00000000000000000 ) ) ;
#1412 = ORIENTED_EDGE ( 'NONE', *, *, #548, .T. ) ;
#1413 = ORIENTED_EDGE ( 'NONE', *, *, #723, .F. ) ;
#1414 = CARTESIAN_POINT ( 'NONE',  ( -55.00000000000002132, 0.000000000000000000, 30.00000000000000000 ) ) ;
#1415 = EDGE_CURVE ( 'NONE', #1181, #521, #407, .T. ) ;
#1416 = EDGE_LOOP ( 'NONE', ( #173, #471 ) ) ;
#1417 = DIRECTION ( 'NONE',  ( 0.000000000000000000, 1.000000000000000000, 0.000000000000000000 ) ) ;
#1418 = ORIENTED_EDGE ( 'NONE', *, *, #36, .T. ) ;
#1419 = DIRECTION ( 'NONE',  ( -0.000000000000000000, -0.000000000000000000, 1.000000000000000000 ) ) ;
#1420 = VERTEX_POINT ( 'NONE', #280 ) ;
#1421 = ORIENTED_EDGE ( 'NONE', *, *, #609, .F. ) ;
#1422 = DIRECTION ( 'NONE',  ( 0.000000000000000000, 0.000000000000000000, 1.000000000000000000 ) ) ;
#1423 = CIRCLE ( 'NONE', #523, 12.49999999999999645 ) ;
#1424 = CIRCLE ( 'NONE', #153, 35.04999999999999716 ) ;
#1425 = CARTESIAN_POINT ( 'NONE',  ( 20.00000000000000355, 0.000000000000000000, -1.115208210443206076E-15 ) ) ;
#1426 = CIRCLE ( 'NONE', #118, 1.000000000000001554 ) ;
#1427 = ADVANCED_FACE ( 'NONE', ( #718 ), #1172, .F. ) ;
#1428 = ORIENTED_EDGE ( 'NONE', *, *, #1217, .F. ) ;
#1429 = AXIS2_PLACEMENT_3D ( 'NONE', #877, #1336, #326 ) ;
#1430 =( GEOMETRIC_REPRESENTATION_CONTEXT ( 3 ) GLOBAL_UNCERTAINTY_ASSIGNED_CONTEXT ( ( #906 ) ) GLOBAL_UNIT_ASSIGNED_CONTEXT ( ( #1214, #1169, #1392 ) ) REPRESENTATION_CONTEXT ( 'NONE', 'WORKASPACE' ) );
#1431 = ORIENTED_EDGE ( 'NONE', *, *, #1337, .T. ) ;
#1432 = CARTESIAN_POINT ( 'NONE',  ( 3.122849337825750419E-16, 10.00000000000000000, 22.45000000000000284 ) ) ;
#1433 = DIRECTION ( 'NONE',  ( -0.000000000000000000, 1.000000000000000000, -0.000000000000000000 ) ) ;
#1434 = DIRECTION ( 'NONE',  ( 0.000000000000000000, 0.000000000000000000, -1.000000000000000000 ) ) ;
#1435 = ORIENTED_EDGE ( 'NONE', *, *, #735, .T. ) ;
#1436 = FACE_BOUND ( 'NONE', #170, .T. ) ;
#1437 = EDGE_CURVE ( 'NONE', #104, #123, #46, .T. ) ;
#1438 = ADVANCED_FACE ( 'NONE', ( #1209 ), #1204, .F. ) ;
#1439 = FACE_BOUND ( 'NONE', #495, .T. ) ;
#1440 = CARTESIAN_POINT ( 'NONE',  ( 41.30000000000001137, 7.500000000000000000, 34.99999999999999289 ) ) ;
#1441 = CARTESIAN_POINT ( 'NONE',  ( -70.00000000000000000, 15.00000000000000000, 45.00000000000000000 ) ) ;
#1442 = DIRECTION ( 'NONE',  ( -0.000000000000000000, 1.000000000000000000, -0.000000000000000000 ) ) ;
#1443 = ORIENTED_EDGE ( 'NONE', *, *, #122, .T. ) ;
#1444 = FACE_OUTER_BOUND ( 'NONE', #1161, .T. ) ;
#1445 = PERSON_AND_ORGANIZATION ( #559, #1155 ) ;
#1446 = CALENDAR_DATE ( 2025, 5, 12 ) ;
#1447 = DIRECTION ( 'NONE',  ( -0.000000000000000000, 1.000000000000000000, -0.000000000000000000 ) ) ;
#1448 = EDGE_CURVE ( 'NONE', #64, #164, #1452, .T. ) ;
#1449 = ORIENTED_EDGE ( 'NONE', *, *, #443, .F. ) ;
#1450 = CARTESIAN_POINT ( 'NONE',  ( -55.00000000000002132, 35.00000000000000000, 41.50000000000004974 ) ) ;
#1451 = FACE_OUTER_BOUND ( 'NONE', #320, .T. ) ;
#1452 = LINE ( 'NONE', #202, #22 ) ;
#1453 = ORIENTED_EDGE ( 'NONE', *, *, #1384, .T. ) ;
ENDSEC;
END-ISO-10303-21;
